chain,source_kind,source_path,source_row_number,artifact_scope,provenance,child_height,child_block_hash,btc_height,btc_header_hash,btc_prev_hash,btc_time,btc_bits,btc_nonce,btc_header_hex,coinbase_scriptsig_hex,coinbase_outputs,full_coinbase_hex,classification,validation_status,expected_nbits,rejection_reason,btc_stale_relevance,relevance_reason
devcoin,validated_stales,data/devcoin_validated_stales.csv,2,stale_only_publication,repo-data,25699,,161761,000000000000060f6e4816a68a5654dfa9e6ed37b214853dea9fbf0b55eaf649,00000000000009c4b8d4140b1c8cb0a2916d70653580c3c08bd8bf9abc0ba246,1326321846,1a0d69d7,3042460540,0100000046a20bbc9abfd88bc0c3803565706d91a2b08c1c0b14d4b8c409000000000000a96e4c80539e297bbf7bc3472daa135f73f69ebc94e9360e10bf97f2ec603c73b6100e4fd7690d1a7c4358b5,07456c69676975730299442cfabe6d6d7c5367132a6070f6b43a06dc4d6e03a38c68eae3a085d15c806391a23ff5e87e0800000000000000,4104537ac9f10c6e783e630e00802657a38287ad044cb4b24ba26a97bbfddd465f355d242b586d59b919d015abd60e581f0689a357ffe47bd3d3730a910a1175f9dcac;76a91478bcf62fd3995681d8d6e5a714178547850d0ddc88ac;76a914be00333c4915f72ea0b2fc6a167e980cfe660af288ac;76a914649374cde08f7ab8e306ddca97890d407e756af488ac;76a9146ad47e26a21e5c5521b76eb11a3378d5528a436988ac;76a91480d9db836764688c1317808e5c62fbbcaec662e788ac;76a914258fde04346b111f0c116b89620bf6186e72aa9088ac;76a914be0445f1cb8916e2d3d8380b5d39c0eed620e54a88ac;76a914e7353105e1dd412eb473bb981b1244aa471a304088ac;76a9143213e4e884d1dfad34a563271894ed76667abcea88ac;76a914e5673d0aaa04d7ef76cac33443c4d65f1f9d3abd88ac;76a91457476a81004cc11720974879ae084209e5121df788ac;76a914ad708c092091e9541e62f84212e16a425998538b88ac;76a91479dcd42edef81cae93ca4321537fa2a431ef0e5a88ac;76a91417217c04436a5ea3f6648aa3287bde544435ac3688ac;76a9140a1f4b80a6f6709cc8539e0af61f9b2acfd803c488ac;76a91427826db76f38ceae4b1eeabbd2efc8b222d3d80f88ac;76a914cac51e198e50f78b352b7543450d4adb19a1ecb588ac;76a914e8ff106e7bc09d6a230e6c59438d601814e1062f88ac;76a914fc31f9e640ff5aa7334fdc181bc0fb342f2fce2388ac;76a9141ba5c1c3c0916014ee18f35b2c8972d974e0c2c688ac;76a91449f283b876a0952ac8a974d4e17bd1d82893929288ac;76a914260a878df095dd1d3c7107494e9e7d577814a88888ac;76a91417ad6ac1056d12cc67661a24f4b30cf989dfff3488ac;76a9149d7ec767cea1a4f3d0de81ee223d00d91555138c88ac;76a91486d38036e66911b8a2f66d22efafd62189ed2ac988ac;76a9142f9df4e19b8473b9345755e29829e801baba01ff88ac;76a91415b7c62564484644a8af02767d41a7cb1e4dc4b888ac;76a9142de17c20ad4acd2eb0a6113b16a296e91dbed2e088ac;76a914c784d5639cba9cac3ee83b8419d0df127f814dac88ac;76a914abc5ef57aae67bb72627fbb58ecac658a066283b88ac;76a914602c4f1859b751edad211a223b9a5f3976ad008588ac;76a9146e56ee785925e6b8c70af1b4891f439986b6ec5b88ac;76a914c37af1c8acd52f69c1583777007078288729bbaa88ac;76a9142dbd943fa4480987fba00463944234550a6d94d188ac;76a9149c25ab671101eddf030fc91183ec15ae7fa48e2288ac;76a9142777969c44603d882a064e693276be0b2a552b9088ac;76a9148e49dc353c3d09ddd992925066a80486ce79a5f988ac;76a914d70b855169965501963aca763799f01b110a755388ac;76a9145c75f2bda4853b40e66d73330d716f9e29fdec5488ac;76a91441612d65fddff0f2f82af01676f033ebaee9ce1d88ac;76a91467cec2520fd4a12f815f6b69601a30ba95e4e1d888ac;76a91476ea1118754fe1c7bd7e6e5a3bbf0a58bb50793e88ac;76a9146284a45230cf59afc7014972809b33fcd697feae88ac;76a9141c0320b4b7d9f4462176b099412804a75ce1b0c288ac;76a9145dc4028d9b34d6d7ead793d9c655e91401f421e488ac;76a9147ac2b007faf68d60460f26884f41630a0c84bb1f88ac;76a91471556a3df90c4bfe9e3b0dc1d17b96bef721c15088ac;76a914e2623bc4fb3cf9d65042ac3b87078257037fa81d88ac;76a9149465fdac29b5c47b99c8d17379d0fc6d99c1e4a688ac;76a914cc48bc094901e59d9f696b4d8b5c6045006bd33188ac;76a9149eb551c3924ed46408b3616242db21b7fcc7f9a288ac;76a914959ccd483cd07cb7ab9c63ae088d36833e52a29388ac,,stale,VALID,1a0d69d7,,,valid_direct_stale
devcoin,validated_stales,data/devcoin_validated_stales.csv,3,stale_only_publication,repo-data,25930,,162012,000000000000026807a77b351e969c4c9ff1b95158c013214e05c3ac09ed623c,000000000000073770b472518765a95128f2787fbf8528e81da097fca393e11a,1326468033,1a0d69d7,3581353797,010000001ae193a3fc97a01de82885bf7f78f22851a965875172b4703707000000000000c8c6c8a64e557f53ea6505235f7cdead7af913a281035cbdc0d022c37286dfcbc14b104fd7690d1a451f77d5,07456c696769757303ce27012cfabe6d6d1aaeed9309129eeb968ca72b8d7f468bd90618b82ddb2b969f0a3bb9d81c99ca0800000000000000,41049e4a51bca8c16977c0e4da32f2506acb3433729363c186aa8ca870b7fd7153d4596e0345fa81e74c13baa78b3ddcd0321b66934eea3f024b80e8ca40c7281dbaac;76a914d785df31eaf070be3482390a3a2a0fac95768f7188ac;76a914abc5ef57aae67bb72627fbb58ecac658a066283b88ac;76a914232fb83bfc9be92121c22307bccec9465ef3a0b988ac;76a914490d0a9da361f38a45d9ef454538c2573f9cf96088ac;76a9149d12f0ec7526463e4dbbbc69ea634f88ff3092a088ac;76a9140e33032cb3632eb98fc76fc45bd515a4bcda148488ac;76a9149240668e23f89d1488e5cfd7e9608a6d71177e5f88ac;76a914f1b64d8bb1c051089692a28c7ee111ac70652cd188ac;76a9142a8c470a2382d80fb56cdf60782590ff4787becd88ac;76a9145ffb72262cfd9e5e11076246c4fe51655658946188ac;76a914be0445f1cb8916e2d3d8380b5d39c0eed620e54a88ac;76a91438eb0cfbf241ce393845eaab98b03509b1a4f4c988ac;76a914f8c81175752d157e5dc99653f19baac8296da9c088ac;76a9143a09f5a89272cf58974258d3cad7bb5bbe07daa688ac;76a914e89a07616e60e04136b363461c4e359c2792c80588ac,,stale,VALID,1a0d69d7,,,valid_direct_stale
devcoin,validated_stales,data/devcoin_validated_stales.csv,4,stale_only_publication,repo-data,26618,,162831,00000000000009a42ab9a6c0f245b30bae4d96052b95ee7be2288971fced6afc,0000000000000087dcd8050c8caa95e6ae0e86d0e1cccd2edcda76fb30836a95,1326942836,1a0d69d7,4109882757,01000000956a8330fb76dadc2ecdcce1d0860eaee695aa8c0c05d8dc8700000000000000cdd3c1d42c629a62a336a02d25b442a613c92e477bc26674ee7bf13aec6b1d8b748a174fd7690d1a85d5f7f4,07456c6967697573035b3d032cfabe6d6df514d95c592f07f90b78190557aec01914524f51336aa15ad9a400e73b791e2908000000000000000f4e4f503253483b703273682f434856,410466d39b66a00bb289c6c943d38b01603b93f47012072d1b9004948006408b5675409fa300cc480fa72345a991790118ba88aca463d17ab96fca1437ef599d46aaac;76a914d4fa97df413d36a61dcb39df168a6953e60969d388ac;76a914232fb83bfc9be92121c22307bccec9465ef3a0b988ac;76a914832dccd804514d150dbf4913442b94366ec3686c88ac;76a914fc1811cedcf47da031d21d9078cf9754ed13f0f288ac;76a914d4b0aee8489dc4117c9c8cdb96343a96e17a751f88ac;76a9146692cce99ba078578ca8b50e5f8291212ba2998988ac;76a91469ccc192c7eebf7a22f3e7b33ac544b2ed8962a688ac;76a914d9700af0f5a2a717fa73d0e2a79f6991a240101988ac;76a9148fd9cd1b618d5b9873069544576bb9030fbf78a988ac;76a91407c72230d9e5f8c49e1fc8f6cb07951def37ee9888ac;76a914a7e922e491de613577d169b22edffbbacbd7538088ac;76a9149d12f0ec7526463e4dbbbc69ea634f88ff3092a088ac;76a914e8ff106e7bc09d6a230e6c59438d601814e1062f88ac;76a9140f29dc293e54b06b55a3938a40c46487d524056788ac;76a914cb3ecc087f55de91945a4136e8e0a7903dc5475688ac;76a914ba133d57275c45340df72defa1e829723dd9798788ac;76a914260a878df095dd1d3c7107494e9e7d577814a88888ac;76a914b3a90d8323696dadf9331193410db125431f3e9588ac;76a9142de17c20ad4acd2eb0a6113b16a296e91dbed2e088ac;76a914b5c68ada320b75de227925e426037659841eac0788ac;76a914d15f121295a634b9768c9afd46e9823f772b758788ac;76a9140a9fd9ab69f5d737531ebc2edb0665061779f7a588ac;76a914490d0a9da361f38a45d9ef454538c2573f9cf96088ac;76a9147d77644135406aed397d143720fc5703332a3b2f88ac;76a91453300c21c3d379f771d62639b55ded1aa2787e4788ac;76a914dce985f850dfedb5ea857cf3cb952ac094ec8c0588ac;76a914fd20d11de4663fa3bdb89098f745336dada33e6788ac;76a91417217c04436a5ea3f6648aa3287bde544435ac3688ac;76a914a73de5c60cca9a16c905ccd3c06a4a7973247e8188ac;76a91401eac7c25111e83f9eb226fe6bf8322538100bc888ac;76a9142dbd943fa4480987fba00463944234550a6d94d188ac;76a914634a731a7cac60d4009e02de89adeba55b9e7c6988ac;76a914ec2b24ac3b6025fca946b79a16b317c575266e2588ac;76a9142777969c44603d882a064e693276be0b2a552b9088ac;76a9148e49dc353c3d09ddd992925066a80486ce79a5f988ac;76a914d70b855169965501963aca763799f01b110a755388ac;76a914476e2f81fe2a2cf473bd357ad326e5ca7539cf2188ac;76a91427f4762929a384c51b16acb06e7d40e4f9199d8c88ac;76a914b13b686b91b2d728821d231944ecc303972dc11c88ac;76a914432c607e716ce918f4025ecd34e22149a52d66ac88ac;76a9149ec62d360faab0381affa6841098a286270b603d88ac;76a9140a35976d3e01376ab328163a9e18143b65f8878188ac;76a91476ea1118754fe1c7bd7e6e5a3bbf0a58bb50793e88ac;76a9142cb49a50debfbd2a567c5aa34392a57f7d8f0ab588ac;76a914db2f9af40204e79f9c2316c043df0abc2121879388ac;76a914cc48bc094901e59d9f696b4d8b5c6045006bd33188ac;76a914cac51e198e50f78b352b7543450d4adb19a1ecb588ac,,stale,VALID,1a0d69d7,,,valid_direct_stale
devcoin,validated_stales,data/devcoin_validated_stales.csv,5,stale_only_publication,repo-data,26839,,163060,0000000000000b0d3300b680fe724150cc49071a71110f9b6eb94631a8d3445e,0000000000000220d0f2074e3ddc424732ff2fac8c30f1ce09974893dc55cdef,1327080810,1a0d69d7,257188178,01000000efcd55dc93489709cef1308cac2fff324742dc3d4e07f2d02002000000000000eff84a3a5362bd055df79c8eab533e8c54c6d8fb46d2438c71b7b532dfced88b6aa5194fd7690d1a5261540f,07456c696769757303414b012cfabe6d6dd626c412764660d928a60557c4b2c7d45b37b232a4a792bbc844e34e3926f62d08000000000000000f4e4f5032534800703273682f434856,41048dfbeafb11632741650b870309a09e9c9e6e822ffe8f055937fe2e84feed6785399b8c0f43191557f6f3a7b8c9399187b35f0cacaef2b4315486e923ea681963ac;76a914272de82ed35f0b263a9c440c03b2a9cfec82ef7c88ac;76a914e89a07616e60e04136b363461c4e359c2792c80588ac;76a914232fb83bfc9be92121c22307bccec9465ef3a0b988ac;76a9140d0608df1844e1ada0ef543d41b9a5f65f8fe4c088ac;76a9147e6b2a07e51a54d8fe1f4bc6287d904e2d1cb3f088ac;76a91412dfd33ce868b93b9a2c1a3d79b9951fc2ce431588ac;76a9140e33032cb3632eb98fc76fc45bd515a4bcda148488ac;76a91405241226489c95256617a80c19bbbddbf7cef26288ac;76a914be0445f1cb8916e2d3d8380b5d39c0eed620e54a88ac;76a914b8c835af5f431a5b29f02f27f34617fab43f869d88ac;76a914462e1fc7307691769701d89ce49325ff48e0c96888ac;76a91421882a0d4375bcc0cbf90cfe3dd0c197311901f988ac;76a914ec2b24ac3b6025fca946b79a16b317c575266e2588ac;76a91457476a81004cc11720974879ae084209e5121df788ac;76a91417217c04436a5ea3f6648aa3287bde544435ac3688ac;76a914e8ff106e7bc09d6a230e6c59438d601814e1062f88ac;76a914d9700af0f5a2a717fa73d0e2a79f6991a240101988ac;76a914b7b2c010c219cf5300fc3c33d5e4e52a7a90283588ac;76a914ba133d57275c45340df72defa1e829723dd9798788ac;76a914db2f9af40204e79f9c2316c043df0abc2121879388ac;76a91415b7c62564484644a8af02767d41a7cb1e4dc4b888ac;76a9149bc7fd00183f8007edb836e54aaa43fa7093564b88ac;76a914490d0a9da361f38a45d9ef454538c2573f9cf96088ac;76a914867bc0d72ef2405a457a4077c45b14200d3d975a88ac;76a914dce985f850dfedb5ea857cf3cb952ac094ec8c0588ac;76a914fc1811cedcf47da031d21d9078cf9754ed13f0f288ac;76a9145ffb72262cfd9e5e11076246c4fe51655658946188ac;76a91465d2028ef9a711679dd0475ee8c063e03f283b9988ac;76a9146b03e21715968d76642510142bda968d5c1374d988ac;76a914832dccd804514d150dbf4913442b94366ec3686c88ac;76a9148f73f5c8bd9956e223866b4e8cfc6e7a17cadbb788ac;76a91470d54ff105025d9b22c7a96b7d325d17631fd99788ac;76a9148d6d29020f2e84e0159ebafc3106f78c12c9c1ef88ac;76a914b2606ae3ce0782268e916dc9e08eb13ba285e3b188ac;76a914432c607e716ce918f4025ecd34e22149a52d66ac88ac;76a9140a35976d3e01376ab328163a9e18143b65f8878188ac;76a9141c0320b4b7d9f4462176b099412804a75ce1b0c288ac;76a9144ff8472b4bf4482dd19dd530e8f6bae3c337241b88ac;76a9141fdb74054e824f0de4dc5c364880fc682fc8dcc188ac;76a9141f055a6a3c9dbf8857c366a6cd43a34c1f46ab7e88ac;76a9145e141e1a4346cfdcf9059a8d53e12fe73d9fc96188ac;76a914a954a14818bcfd39358dc48999cf6a973fbed1a988ac;76a9149465fdac29b5c47b99c8d17379d0fc6d99c1e4a688ac;76a914e04293dbe8a159c932d9fa3422193bd4a55501ba88ac;76a914eb51e40b5f2177d8780472f3d6754e166b96480e88ac,,stale,VALID,1a0d69d7,,,valid_direct_stale
devcoin,validated_stales,data/devcoin_validated_stales.csv,6,stale_only_publication,repo-data,26937,,163226,000000000000004bea0f213d7a35de50c18a865088c48d1b48fb61c5c02ec4fa,00000000000006ce4d139f5019593729287c90f7f609df80dcd1c4c13d659c2b,1327161211,1a0d69d7,3471661631,010000002b9c653dc1c4d1dc80df09f6f7907c2829375919509f134dce06000000000000f4d9e6ad46d7ef391b0a4b90f4cc491040060d29043a9c8d5c8a198add5cbed17bdf1a4fd7690d1a3f5aedce,07456c6967697573025f272cfabe6d6d2bda981425630396c2844863efca47fc5643db1e94e760813356ec18bd8b827308000000000000000f4e4f5032534800703273682f434856,4104b564da62393ecc445dadce9fe49686e7180db43ef0172a15e6ecc1cf8936cc9f17982db674f7c8497d1dcfe34647783a647360407d091e8c9d61325c053ed0abac;76a914a3124b940eaef5647ec4cedff4f355f1044680ad88ac;76a914be00333c4915f72ea0b2fc6a167e980cfe660af288ac;76a9147b57cfe0a1e0ad8af7858ec66625e8b6abb18b2888ac;76a91449f283b876a0952ac8a974d4e17bd1d82893929288ac;76a914f7a41345a67089da2f15840b04cdcbf03e6de93a88ac;76a914d15f121295a634b9768c9afd46e9823f772b758788ac;76a9146ad47e26a21e5c5521b76eb11a3378d5528a436988ac;76a914cedd74a429273018a836fcc9fd74d1c92563262e88ac;76a914f89644e8a778cd74c77d79060c3d2eecba75ddb588ac;76a9147f05ce804cc6bf3db216edc2986d4e6730c1933688ac;76a914a9e01ae5f2e882d018ca6c9c0b62805f419f678488ac;76a914fa12f5fb7d320bfd5c61f55db12cc2758d02a82588ac;76a9146c24516d3f3c68e4993ce348ab503a3255e34eb488ac;76a914cb33057b4c93851a5fbeb3c8e4db30576219793788ac;76a914232fb83bfc9be92121c22307bccec9465ef3a0b988ac;76a91407c72230d9e5f8c49e1fc8f6cb07951def37ee9888ac;76a9149d12f0ec7526463e4dbbbc69ea634f88ff3092a088ac;76a91421882a0d4375bcc0cbf90cfe3dd0c197311901f988ac;76a9146a483671974e73e6fde58ec88e08a2e3bbb79cad88ac;76a91475bd605cc2ee3974d54578b8af803d0a9351df4088ac;76a914d54804da3e32dffe6ca6be97291f3c76e62040a588ac;76a9141b498a462cafb9ffd0e420634f35c47cf509b87c88ac;76a914559d6989c909b59b20bf10935d052fcd63daf86e88ac;76a9142f9df4e19b8473b9345755e29829e801baba01ff88ac;76a91476149be8c761ab96b633c5e7a68bffec940de11688ac;76a914405b2acc3c986d49b57c92a7965c6174ee13eaec88ac;76a914d4fa97df413d36a61dcb39df168a6953e60969d388ac;76a914abc5ef57aae67bb72627fbb58ecac658a066283b88ac;76a914fd411f1b093ee9464a07155dc40f6fecfcb7a65688ac;76a914f8159668b1e026c4390e39567c6805b3669643cf88ac;76a914e7093805e2b766448dabe64d639b6e0118611aae88ac;76a914c8e9eac50f100e2782ed0ca2315c061acd229e1888ac;76a914f1b64d8bb1c051089692a28c7ee111ac70652cd188ac;76a914c37af1c8acd52f69c1583777007078288729bbaa88ac;76a9144b91bf67e11a5d9b8d0c7f30f0cd1c39994c803d88ac;76a9140d37f0f7edeae22e7ab7524db57b3885c0a1844f88ac;76a9142777969c44603d882a064e693276be0b2a552b9088ac;76a9148e49dc353c3d09ddd992925066a80486ce79a5f988ac;76a914d70b855169965501963aca763799f01b110a755388ac;76a914b2a932169f84f59bc0f8430ff3fe512a0c5556d488ac;76a914012eebc0d3353bbd8b7982fded3d9790f2f42bd688ac;76a91476ea1118754fe1c7bd7e6e5a3bbf0a58bb50793e88ac;76a914a0824ac2c44bb2291357f37fc2a3fc5fc3d047a088ac;76a9144ff8472b4bf4482dd19dd530e8f6bae3c337241b88ac;76a9147ac2b007faf68d60460f26884f41630a0c84bb1f88ac;76a9145acc17baa7814a453b8de815585958085ceeea5f88ac;76a914e6e55e2991742ece883b5dc084efc46552e9378588ac;76a91485f62c1b8e6632e0febc9f80bcc5e04e5bfa026988ac;76a914cc48bc094901e59d9f696b4d8b5c6045006bd33188ac,,stale,VALID,1a0d69d7,,,valid_direct_stale
devcoin,validated_stales,data/devcoin_validated_stales.csv,7,stale_only_publication,repo-data,27178,,163462,00000000000002c39239b7c3b107f4e9142f568bb9d237391c7744b53c2f8525,00000000000002a4759a7e4a3cdfd281f2724b04dd77da25d039889f349ab763,1327298440,1a0cd43f,1010723659,0100000063b79a349f8839d025da77dd044b72f281d2df3c4a7e9a75a4020000000000002bc230167d5ec9f25ef51dc1cb5154b30c5215323b6b3ca9bbfe6a85dcaf400388f71c4f3fd40c1a4b6b3e3c,07456c696769757302880d2cfabe6d6d2b076b953834bb747d1caf3b821790d9bf2dfcc94994dac6d0c26603ec6976b008000000000000000f4e4f5032534800703273682f434856,41044ec28af7bf4e66c170f7b799b6bdaf426f1aa5f8a857ff7be31a844f617c210a35c1a812664cfae3c7c2b99a2b3ce027afbe50da5278cd462e9c6c068533bcb1ac,,stale,VALID,1a0cd43f,,,valid_direct_stale
devcoin,validated_stales,data/devcoin_validated_stales.csv,8,stale_only_publication,repo-data,27661,,164032,000000000000031b86a32d857b1cfa41cfe6e18ede8fc667739a48a33edd9bba,00000000000003681f58b2c595c682e891470897eb0f394f133569792454d66f,1327638446,1a0cd43f,3596647940,010000006fd65424796935134f390feb97084791e882c695c5b2581f6803000000000000c01b0ed154840fdfd6b38e571cf764be6b5dcfcdbde2bb3e368530f894d1f2cfae27224f3fd40c1a047e60d6,00456c6967697573004f2227ad0a85fabe6d6da02b7212b0ad2c51979653489c335cbed4e8b99da06860f54b4a037085f919540800000000000000004e4f5032534800703273682f43485600,76a9144cca3bb1f64401d292fe2f90e6d568780b3e17fe88ac;76a914fa12f5fb7d320bfd5c61f55db12cc2758d02a82588ac;76a914175921ee734bff7ac37880ac5a3b90b77401e1dd88ac;76a91456e7c36968114af0393dda6b404ba897d97bd0aa88ac;76a914612c126a1840253df9998e762036deb08209cea788ac;76a914833baf3424cc944ea343edffc96139716694af1888ac;76a91482320c828b544b8cebaea0e84c9a594f3704651d88ac;76a914e78627375e2d9e8d61772283b525de1c24965b7588ac;76a914ba133d57275c45340df72defa1e829723dd9798788ac;76a914f54d374d9d3fd0082889c8db062c80e482572b4888ac;76a914ce725887fa245bb204539b6b588ba3525f40ae4b88ac;76a914e7093805e2b766448dabe64d639b6e0118611aae88ac;76a914f39580c298ea1673d629aa9b569e17332959d3d788ac;76a91411ac6255b7d51df0d707df0546e6274ebc1e55d288ac;76a9142e451f91e9f756bb77a8a4c19b89106a72d56e2888ac;76a9141e871138c9fb861f832b0be41a4e402233d81c1e88ac;76a914ffd6e9827d705bc36b4746e4d4cc6365ca60d3af88ac;76a91443f5f79a3b2c806235db2d9fac59b88b40dac49e88ac;76a914c3dd52845bfba22107c21501138a0c8b04a0347588ac;76a9144b8dd99194ae1887826edce17d0998875c89c81b88ac;76a9145ffb72262cfd9e5e11076246c4fe51655658946188ac;76a914037e2f7584b016c53d3ee9728458ac4b265bbd1788ac;76a914ea4c73185fb4c779ab4d869a55863102f19d567a88ac;76a914a954a14818bcfd39358dc48999cf6a973fbed1a988ac;76a91488318312130117d09acb1b8cb5a0c409cb8bf0c388ac;76a914b8ce3757dc532f40ed2d40fc92d008f0f0a8a27588ac;76a914d225030e127be48532677cb075a21584e421a40188ac;76a9145399c3093d31e4b0af4be1215d59b857b861ad5d88ac,,stale,VALID,1a0cd43f,,,valid_direct_stale
devcoin,validated_stales,data/devcoin_validated_stales.csv,9,stale_only_publication,repo-data,27788,,164147,00000000000001ed4ce670fcce22309805dcfa6b6166e036d5f201cfee026854,00000000000009a627f5968068b2da7cedbbb1d166cf172cbbb1898a3b78de59,1327709383,1a0cd43f,2377660924,0100000059de783b8a89b1bb2c17cf66d1b1bbed7cdab2688096f527a6090000000000000f862c3fe03463df441d41cca8f881d24a7289c9d017aad090b6a3e5c279849dc73c234f3fd40c1afc39b88d,00456c6967697573004f233cba0336fabe6d6de9d02f4a94065e929db2b8f379c2ef7bf7dd3b9dd9c10c8b49ae0621224526680800000000000000004e4f5032534800703273682f43485600,76a9142838ae835c52722010adf4452eb5d7d1e6d9040088ac;76a914a3124b940eaef5647ec4cedff4f355f1044680ad88ac;76a9146df4d16e43f3f727f1968c3c09f1bfbba46fc5d288ac;76a9140ca870e016dff04bc37436a79605d9afa265055e88ac;76a914d15f121295a634b9768c9afd46e9823f772b758788ac;76a914ce78709ffffb5746849c6324743ff14095f55d6d88ac;76a91480d9db836764688c1317808e5c62fbbcaec662e788ac;76a914e7353105e1dd412eb473bb981b1244aa471a304088ac;76a9143213e4e884d1dfad34a563271894ed76667abcea88ac;76a91427f4762929a384c51b16acb06e7d40e4f9199d8c88ac;76a914e585e43722bd736c312d9df99d6c586021ba6ddb88ac;76a9143a09f5a89272cf58974258d3cad7bb5bbe07daa688ac;76a91415b7c62564484644a8af02767d41a7cb1e4dc4b888ac;76a9147de940f91c3b526d77d8f7589f11172ef47286a488ac;76a914833baf3424cc944ea343edffc96139716694af1888ac;76a914cb3ecc087f55de91945a4136e8e0a7903dc5475688ac;76a914d549d339550e3071411206e77c8fe4e54c982be288ac;76a914538ac595329454920b7fe3df3a25f431255fbad988ac;76a9141b498a462cafb9ffd0e420634f35c47cf509b87c88ac;76a914f54d374d9d3fd0082889c8db062c80e482572b4888ac;76a9142f9df4e19b8473b9345755e29829e801baba01ff88ac;76a9146692cce99ba078578ca8b50e5f8291212ba2998988ac;76a914c7ca973a8d09f191b058ac4428a5fd46c09d39d588ac;76a914b3a90d8323696dadf9331193410db125431f3e9588ac;76a9149bc7fd00183f8007edb836e54aaa43fa7093564b88ac;76a914d4fa97df413d36a61dcb39df168a6953e60969d388ac;76a91469ccc192c7eebf7a22f3e7b33ac544b2ed8962a688ac;76a914c784d5639cba9cac3ee83b8419d0df127f814dac88ac;76a914fd411f1b093ee9464a07155dc40f6fecfcb7a65688ac;76a9147d77644135406aed397d143720fc5703332a3b2f88ac;76a914a535ed3657878e267eab5cc75f0cc530aed6713088ac;76a9145ffb72262cfd9e5e11076246c4fe51655658946188ac;76a9148f73f5c8bd9956e223866b4e8cfc6e7a17cadbb788ac;76a914cd5813b9e4b38eae5c99eeabd76d09d346bd9c2688ac;76a9146ad47e26a21e5c5521b76eb11a3378d5528a436988ac;76a9148e49dc353c3d09ddd992925066a80486ce79a5f988ac;76a914d70b855169965501963aca763799f01b110a755388ac;76a914ceaf6e741dbf3f22a8abe938b1ebae0632dff16a88ac;76a914b44ff1af7c613f6d2af30b5e31114345c783e3c388ac;76a914012eebc0d3353bbd8b7982fded3d9790f2f42bd688ac;76a91476ea1118754fe1c7bd7e6e5a3bbf0a58bb50793e88ac;76a914a0824ac2c44bb2291357f37fc2a3fc5fc3d047a088ac;76a9148eafb1970e427d4d6ebb213b737b7dcdc96791e988ac;76a914520d85cd9ebd9e5fb0c907cb54123adf9973249488ac;76a9145dc4028d9b34d6d7ead793d9c655e91401f421e488ac;76a914bdc8359f2f3ae6444354c8020536bac4538e882088ac;76a9142cb49a50debfbd2a567c5aa34392a57f7d8f0ab588ac;76a914ffd6e9827d705bc36b4746e4d4cc6365ca60d3af88ac;76a914cc48bc094901e59d9f696b4d8b5c6045006bd33188ac;76a914fb88abad80357042f0d834105a0c96e558270da388ac;76a9141fed5b3bffd76ecc742257286befccf4a561ac6788ac;76a9149eb551c3924ed46408b3616242db21b7fcc7f9a288ac;76a914037e2f7584b016c53d3ee9728458ac4b265bbd1788ac;76a9145399c3093d31e4b0af4be1215d59b857b861ad5d88ac,,stale,VALID,1a0cd43f,,,valid_direct_stale
devcoin,validated_stales,data/devcoin_validated_stales.csv,10,stale_only_publication,repo-data,28572,,165096,0000000000000a798c817e2907930a32e130a8b2e9202055f4197169f5519817,0000000000000780b9fb61fa7033250c35461b2f489fe69eb770f230afddb51f,1328232987,1a0cd43f,2552268470,010000001fb5ddaf30f270b79ee69f482f1b46350c253370fa61fbb980070000000000005cf7d520412ac958dffad8c867e131687f01c51e3c565f1baac49907c1448fe91b3a2b4f3fd40c1ab6862098,00456c6967697573004f2b3a100982fabe6d6d486806c6055f87fe578c6e2b9846d3899100f90f2edd01af963f60cc0d48daaf0800000000000000004e4f5032534800703273682f43485600,76a914649374cde08f7ab8e306ddca97890d407e756af488ac;76a9148298f6678564ef74396f99fe88cc24dd1aa6eada88ac;76a914ce78709ffffb5746849c6324743ff14095f55d6d88ac;76a914c73876a5e5978d29d6dff69e61633ef14ffba2e588ac;76a91479dcd42edef81cae93ca4321537fa2a431ef0e5a88ac;76a914f6f8c8cfb35afe815ee23ab90b6b82c972f6ee5188ac;76a91407c72230d9e5f8c49e1fc8f6cb07951def37ee9888ac;76a914b8ce3757dc532f40ed2d40fc92d008f0f0a8a27588ac;76a914d549d339550e3071411206e77c8fe4e54c982be288ac;76a914e78627375e2d9e8d61772283b525de1c24965b7588ac;76a91449f283b876a0952ac8a974d4e17bd1d82893929288ac;76a9145ccce19fd185ab4ef9064a99e7017e59e3ff859488ac;76a914538ac595329454920b7fe3df3a25f431255fbad988ac;76a914d9e0367314cd1951a052e1dc6887c95080f188b388ac;76a9140ff1bafb167b28c933e9b822a16c815997567b6f88ac;76a914559d6989c909b59b20bf10935d052fcd63daf86e88ac;76a9142f9df4e19b8473b9345755e29829e801baba01ff88ac;76a914c7ca973a8d09f191b058ac4428a5fd46c09d39d588ac;76a91415b7c62564484644a8af02767d41a7cb1e4dc4b888ac;76a914d4fa97df413d36a61dcb39df168a6953e60969d388ac;76a914c784d5639cba9cac3ee83b8419d0df127f814dac88ac;76a9142aaa92e6608cf681b77fe6fb30c0071a12782e7c88ac;76a9149d7ec767cea1a4f3d0de81ee223d00d91555138c88ac;76a914dce985f850dfedb5ea857cf3cb952ac094ec8c0588ac;76a914c37af1c8acd52f69c1583777007078288729bbaa88ac;76a91402f4e4012c768b57bc911df093fa5a127ecdcca088ac;76a914ffd6e9827d705bc36b4746e4d4cc6365ca60d3af88ac;76a9148d5567ede2794f8b5e85c89ccca6cc2e3ae72a8888ac;76a9142777969c44603d882a064e693276be0b2a552b9088ac;76a9148e49dc353c3d09ddd992925066a80486ce79a5f988ac;76a914d70b855169965501963aca763799f01b110a755388ac;76a914fc31f9e640ff5aa7334fdc181bc0fb342f2fce2388ac;76a9149eb551c3924ed46408b3616242db21b7fcc7f9a288ac;76a91476ea1118754fe1c7bd7e6e5a3bbf0a58bb50793e88ac;76a9148eafb1970e427d4d6ebb213b737b7dcdc96791e988ac;76a91456e7c36968114af0393dda6b404ba897d97bd0aa88ac;76a9145ffb72262cfd9e5e11076246c4fe51655658946188ac;76a914d744e9daaf32b7f76f4d44c94fa4d6ff428fe89c88ac;76a9145e141e1a4346cfdcf9059a8d53e12fe73d9fc96188ac;76a9141f3732197a92ab9e29e1be5f1b47aafa861a9bdc88ac;76a9141fed5b3bffd76ecc742257286befccf4a561ac6788ac;76a9145c75f2bda4853b40e66d73330d716f9e29fdec5488ac;76a91485f6bf61a152329b03dc6869566195bd4e9bb93e88ac;76a9145399c3093d31e4b0af4be1215d59b857b861ad5d88ac,,stale,VALID,1a0cd43f,,,valid_direct_stale
devcoin,validated_stales,data/devcoin_validated_stales.csv,11,stale_only_publication,repo-data,28711,,165264,0000000000000b4fc28a511bc34d2cef9f5e72f02560435cae18e8df9e209a83,0000000000000522176e576c081ab2977f548e37bae352807305f59e027cf07a,1328329361,1a0cd43f,1978173313,010000007af07c029ef505738052e3ba378e547f97b21a086c576e172205000000000000e7f639087dc7874339274cad8903e70ca5741981d4a4c3657363ac2df556e2fe91b22c4f3fd40c1a8187e875,043fd40c1a017c522cfabe6d6d2c0fe57b9db196f5ca89702eeeda64e69fff6132741e650912868cc40b70b9770800000000000000,410466b3e93f4b0bc20424c872676a6adc0f1b8fe94e137c638e530f87e9d9230aec248b5275ab58934e3a984ee5caf8371c9c7f54fad8362eae8b3ab385085fb13dac,,stale,VALID,1a0cd43f,,,valid_direct_stale
devcoin,validated_stales,data/devcoin_validated_stales.csv,12,stale_only_publication,repo-data,29547,,166343,000000000000048bbf1d28adbd2a0b7058444619371afee50e6e9c2a1f9f9200,00000000000004882d60fa31bb49c19dfa882ffbf3e7949a88643afb45c901ad,1328975781,1a0c290b,3801791631,01000000ad01c945fb3a64889a94e7f3fb2f88fa9dc149bb31fa602d880400000000000021e3b1f41c2431a9a5648150d24556b54ba740027557a96e13067d4ed62d74f9a58f364f0b290c1a8fbc9ae2,040b290c1a51522cfabe6d6d2366f0f25ee3f199609e7dc25d78f412650cbd453f941022ce7eac5ce3ee1c6a0800000000000000,4104bc1a0338ef928fb0426ffa071ac865027417d6de13f692a72c74b764df6eb3c036189a964906ee4c6477f642b97f7a1da348f494b6b65f62d0b1e4b782aed698ac,,stale,VALID,1a0c290b,,,valid_direct_stale
devcoin,validated_stales,data/devcoin_validated_stales.csv,13,stale_only_publication,repo-data,30055,,166890,000000000000032bcff32b408bdc97928a74202b085c1a6130bf7f2b8a33a8d0,0000000000000b3ca6464c35074312991bd5bbe86ac1dc7b7adbf7f3790386a2,1329307038,1a0c290b,3703079835,01000000a2860379f3f7db7a7bdcc16ae8bbd51b99124307354c46a63c0b000000000000c9565bd5b5637a56f3ce2a6dece142d494297a47853ce0d6f90b4c8da6b81b469e9d3b4f0b290c1a9b83b8dc,040b290c1a0155522cfabe6d6de3dd6b40429df1e27b45a8f98bb558ff34451903a268ccb41d21f6419ba956e50800000000000000,4104da801313cb652359886bbcbca47cc5c9fe64c178a386514ee42248ea454886c627f38e3bba57a29a71400bd87dc526592bfad3b12ecb4b12c254f8cf9319196eac,,stale,VALID,1a0c290b,,,valid_direct_stale
devcoin,validated_stales,data/devcoin_validated_stales.csv,14,stale_only_publication,repo-data,30883,,167742,0000000000000685275697d11c869d2b71e4cf62cb651763530dc653f79092a1,0000000000000233bd4e90d72cea1efaf6318daf5e3728397d3ce8ada401052c,1329799601,1a0c309c,424409779,010000002c0501a4ade83c7d3928375eaf8d31f6fa1eea2cd7904ebd3302000000000000532e858eccff4a431ea7b540dc123ba5f3b5559401ad6956ff795ca1b2ec567eb121434f9c300c1ab3fa4b19,00456c6967697573004f4321b10e13fabe6d6dd3ab0363883de4100a5a34374b49476168049562779f68e3e51fd08fe75475100800000000000000004e4f5032534800703273682f43485600,76a9142838ae835c52722010adf4452eb5d7d1e6d9040088ac;76a9149ce9bf27b15d0045795c3275b7325482fb4f59e288ac;76a9140d0608df1844e1ada0ef543d41b9a5f65f8fe4c088ac;76a9146ad47e26a21e5c5521b76eb11a3378d5528a436988ac;76a914e7353105e1dd412eb473bb981b1244aa471a304088ac;76a9141d8501a4d186338c7aa7828ac04a458d97055bcb88ac;76a91469ccc192c7eebf7a22f3e7b33ac544b2ed8962a688ac;76a9141a1e386a452bb71d03cd583e5f33049ea5d0fe0888ac;76a914c17600f6c81ffb1ba0ece3218e65b352d35409ba88ac;76a914cac51e198e50f78b352b7543450d4adb19a1ecb588ac;76a9141ba5c1c3c0916014ee18f35b2c8972d974e0c2c688ac;76a914878a6c1072e7c7ccca8686270b228e6fdae5468f88ac;76a9140a09ed18efba15eb5b75f3ee41154cbae03c796988ac;76a91424874579edf133c19d44154aff5f5b26989dcd5588ac;76a9140ff1bafb167b28c933e9b822a16c815997567b6f88ac;76a914b0c2567ecc75a6748d44bc7022035eff3b56455a88ac;76a914d4fa97df413d36a61dcb39df168a6953e60969d388ac;76a914a167bc84e7d85c2f097cd27c0de4585ded03993a88ac;76a914286c7d6a5cbdd61784d14f2283c2115411b0b0b388ac;76a914e7093805e2b766448dabe64d639b6e0118611aae88ac;76a914a535ed3657878e267eab5cc75f0cc530aed6713088ac;76a91411ac6255b7d51df0d707df0546e6274ebc1e55d288ac;76a9141e871138c9fb861f832b0be41a4e402233d81c1e88ac;76a9148e3b80cf80dbb51d052ae6567d3c788c1b8a024e88ac;76a9147bb4830e7efd707e59b18adfe14e9ae55342e1b288ac;76a91477397095495856a401642f94124e2a267746731988ac;76a91443f5f79a3b2c806235db2d9fac59b88b40dac49e88ac;76a914012eebc0d3353bbd8b7982fded3d9790f2f42bd688ac;76a9142f2f21afdf4d621983d6ec1a2e605c46141ccc5488ac;76a91427bebce9cb90bbec782ad680c27642c90ea6623b88ac;76a914ac430a35c8d98f5bbce45ee41debe31047e2eccd88ac;76a9145399c3093d31e4b0af4be1215d59b857b861ad5d88ac,,stale,VALID,1a0c309c,,,valid_direct_stale
devcoin,validated_stales,data/devcoin_validated_stales.csv,15,stale_only_publication,repo-data,34205,,171554,0000000000000a801c26db2f242341a67e1c93b43f6d87a0541e6a848cbafdac,000000000000002bfc4579b883102a1fcc786416e8681d1850d9a0aef53026e7,1331988692,1a0b3287,3553034949,01000000e72630f5aea0d950181d68e8166478cc1f2a1083b87945fc2b000000000000002da1ea049847e7e945f4cf6a65ad5d14f181b805c9ea9b5c39277369e7e5fe35d488644f87320b1ac502c7d3,0487320b1a011a522cfabe6d6dadceab6e17767f8217262f9a8264f0e89a21eb39d56ed248b00affb5b4faf14d0800000000000000,4104e539b71143e680ac874d4709a67533506b149e6d60bb351e58265d5296629b5ef8c8370491abf3da68c5621e53692788c0e4882a5a0d2ed9225d09c72e3aa8f8ac,,stale,VALID,1a0b3287,,,valid_direct_stale
devcoin,validated_stales,data/devcoin_validated_stales.csv,16,stale_only_publication,repo-data,34499,,171906,0000000000000263feae36698a5b03cbbe0e587956f35692500de49ee42b2d6c,00000000000000d57fcebe8673b7bd56bdfa6e087fa7f338db4f3647a93864d0,1332178935,1a0b3287,573522332,01000000d06438a947364fdb38f3a77f086efabd56bdb77386bece7fd500000000000000c80c616ffd0d5969f212f8a28c65577eba5651ee3cd892194d1cd6c05bb80587f76f674f87320b1a9c412f22,0e00456c6967697573004f676ff7ccfabe6d6d04b2d982aadddfd68772c535a4ac83f29a67a691d39fb1e9328ad2785e8c525d0800000000000000002f503253482f00,76a9142838ae835c52722010adf4452eb5d7d1e6d9040088ac;76a914272de82ed35f0b263a9c440c03b2a9cfec82ef7c88ac;76a914d5e59504c5a9ffa79f5f3f9058e8616dc54aa1ef88ac;76a9141f5b67cf74ac24544a8ebac4cba628e13ba22f4c88ac;76a9140ca870e016dff04bc37436a79605d9afa265055e88ac;76a914450db2e48d4234e2f8ded0fbd73feeb77a37a39488ac;76a914523f0f0d1d620b019e299471e9b0446fd552064688ac;76a914e055d3306d81ad5b8c016397c956ed6fba53edf188ac;76a9145aa576446ea3f8375e3de7d6319e1cfa27f0578e88ac;76a914b17a6ec4d4714004cb52cd9df118b5b3f9f1254888ac;76a91449350b412591c51729534f47581282516af1969788ac;76a9147eb7e44c4a715ce3b4ef0d57b524dd3f4c27c90c88ac;76a9145a244d11e002bd2b2b6a30fc485e322e6509323d88ac;76a91432e9b63db5ade6c81433fc1f3386d2a9d61c5ca388ac;76a914b8c454d81d7458af04fa1e98ba013b82fcc64bf688ac;76a91449b5b351a5f649ee278c604696abe08647d5b3b788ac;76a91406b371da1d320c13137c2de1ab220ecf0900aa1d88ac;76a914a9e01ae5f2e882d018ca6c9c0b62805f419f678488ac;76a91402df33ebca0340f15e9201ac0b5a0719441fd2af88ac;76a91495a38c3bc2c28bce879eca5973868e1fbfb0fae888ac;76a91471c1b0a08c47bfcb71d88a04b836a6862de27c1288ac;76a9147fb42567314ab6e5f8c9d963ec5e3ec0af0e42b888ac;76a914cd5813b9e4b38eae5c99eeabd76d09d346bd9c2688ac;76a914ad99a69e2dbbd2a69d4a0e72d6ba2a498c1534d388ac;76a914d6309a28ad26747380adee68c78a82afc2e380b088ac;76a914e863223440ccca83c47e6843d616d2b325c4df6988ac;76a914cfa6422deff32d9596b29c21f3a04cb929d2bc7388ac;76a9143f0c4ffe31d9526e66d05d7a7f2822c3a1b74a8788ac;76a914e52fcbb8575af4ff99e7ce2ef0cbed6d8ae9073288ac;76a914368ca656ed47d0563922cbf34e1ff9ea91ac95ce88ac;76a914e78627375e2d9e8d61772283b525de1c24965b7588ac;76a9148d6d29020f2e84e0159ebafc3106f78c12c9c1ef88ac;76a914a5a0652534f1a06f4378ee072148414598a85fe688ac;76a914cf4d35baefeb54370d2c2eea440ae8c774a8911b88ac;76a914133064c6cc1051999ed06a28eb3ced6312283c7988ac;76a914f119f063e488af4ef308b46fe54546ca759cb95288ac;76a91406b37ce7f1c8c4d315885b49060f6836ca37820088ac;76a914c5293f287a1594877ed0f39a87e5fb4a26a5c43688ac;76a9146842185fa08274445666d62296b02bc05c5c02ee88ac;76a914c897e174de4f22cb499557f2891817c5e669e1bd88ac;76a9144a9936bd5fa285d4e163603458603a40319edd4988ac;76a914cd907cd4eec2aa1a10896cc9e49d52eb343a4bd988ac;76a91431f985625516da5028db16f6b7755a1a331f79c488ac;76a9144ada05bab74b600d633cd49c01a79caaad3c74e288ac;76a91493f2a7dcb8d13f4faece62db61ca90101f0a64b588ac;76a9141f3732197a92ab9e29e1be5f1b47aafa861a9bdc88ac;76a914a9b53b47c3dd2951781daf6caea22c28a9ebdab288ac;76a9146e56ee785925e6b8c70af1b4891f439986b6ec5b88ac;76a914daa900c6a45f873a8a28b61df710be107d81cd0288ac;76a914fd20d11de4663fa3bdb89098f745336dada33e6788ac;76a914a0e835d1fcf7b4ce432322fced440760e6e9b95a88ac;76a91436dfd99d92f13ab5d07ecbf3b4b267fd8c41b37788ac;76a914b1d8c1e9a706816e8580248d4c6013f9d1850b0a88ac;76a914e0b1b3d0d5163e3b4c368dd61049689849ad818f88ac;76a9149c52b543261f0cd7ba881aff5bdb4b0cc651296288ac;76a9140ff1bafb167b28c933e9b822a16c815997567b6f88ac;76a91415d92bce47ac09e1b21fbef2150b3d40e15768a388ac;76a9148e3b80cf80dbb51d052ae6567d3c788c1b8a024e88ac;76a914faf40fc9022e9788afdc2afa42c73efdac8d262988ac;76a914b2b963ffec7f624653820a9b4a3b0079d7b0748e88ac;76a91480ea7344cdfc9f12896e082797b9e24c370888ae88ac;76a914e971351d1df56266005b1a79cb1b91282fd213ae88ac;76a914172c3dc96a44a11f4bbae239b62f818b9087930f88ac;76a914b1f362c9f23b699694b6f1df89e636f53c4b7e8c88ac;76a914b2a932169f84f59bc0f8430ff3fe512a0c5556d488ac;76a91411ac6255b7d51df0d707df0546e6274ebc1e55d288ac;76a914a619ffaa9c61e64bf1d96d451990d0ef3a03028288ac;76a914608891a8336fed13898d9ac863a591e8fba2026088ac;76a9142f2f21afdf4d621983d6ec1a2e605c46141ccc5488ac;76a91434ca5269f6309c597efd0d543649515d3aae5e5988ac;76a914b3a90d8323696dadf9331193410db125431f3e9588ac;76a9147805ac7f34ec6f29563ee2bdf2369be7b79c4b9988ac;76a91488eaeac93923721462a9cbefefca4499f425084b88ac;76a914f12ce209c08905fd13f16fbd0f8d7aad4f7bafa588ac;76a914fd0cb285fe4125dbe1db2cb124d16d426844810388ac;76a91472a82927e035f6166db7993e88c64aa0418eff3988ac;76a91406b379397665a96e99be0307e1a580589c06446488ac;76a9144b8dd99194ae1887826edce17d0998875c89c81b88ac;76a91406b37938bcd1585c2b78ba43531f9a9537c9050988ac;76a914cedd74a429273018a836fcc9fd74d1c92563262e88ac;76a914b8c835af5f431a5b29f02f27f34617fab43f869d88ac;76a9145399c3093d31e4b0af4be1215d59b857b861ad5d88ac,,stale,VALID,1a0b3287,,,valid_direct_stale
devcoin,validated_stales,data/devcoin_validated_stales.csv,17,stale_only_publication,repo-data,34567,,172001,00000000000005967d3415adca0881346c67d26209e687305cf1538aba21c231,0000000000000837e82c3a4ebe35a1d1d943e056234dba7c629922c6d4052d4c,1332234054,1a0b3287,2279232291,010000004c2d05d4c62299627cba4d2356e043d9d1a135be4e3a2ce83708000000000000b32188e4a1b40beb59f24562096ea5eee2b57a1baaf2b646f1591c0f7594de0a4647684f87320b1a2353da87,0f00456c6967697573004f6847460fe9fabe6d6d4e31981a087a3f918bdbd0fd2bdaf9a6ad93e9dabeee1a12a5a7c48cea7140e40800000000000000002f503253482f00,76a91488f5ed88f26fea3fc7a169b182a02cf6f3c39df288ac;76a914be00333c4915f72ea0b2fc6a167e980cfe660af288ac;76a914da5dde93b8972c560038c7f534954148af7f8dcb88ac;76a9141464e6240738af01d60aa9024893c1b4e3dc697f88ac;76a9143c49e4b5dea70a64bfda6680a88a26a0edcd87e288ac;76a914cb33057b4c93851a5fbeb3c8e4db30576219793788ac;76a914d785df31eaf070be3482390a3a2a0fac95768f7188ac;76a914612c126a1840253df9998e762036deb08209cea788ac;76a914c17600f6c81ffb1ba0ece3218e65b352d35409ba88ac;76a914b8ce3757dc532f40ed2d40fc92d008f0f0a8a27588ac;76a914833baf3424cc944ea343edffc96139716694af1888ac;76a91475bd605cc2ee3974d54578b8af803d0a9351df4088ac;76a914969e26a16fbabf373633ccdef9f5f1e22184996b88ac;76a9142d04709cd5f172fcc9916b77967bb034e5ec8a8b88ac;76a914b519aa29ecfdfd49abfc75567d0c010bb1ee30ec88ac;76a91481294453c020bf416bf89ebad4be71d57e4e01a288ac;76a9142a7c5779b4d580794ca7842cd7d17843480c951788ac;76a914dce985f850dfedb5ea857cf3cb952ac094ec8c0588ac;76a91416bcd41100d860e1e7b9d3ea2453f06f58fc1d1088ac;76a914c37af1c8acd52f69c1583777007078288729bbaa88ac;76a914832dccd804514d150dbf4913442b94366ec3686c88ac;76a9142777969c44603d882a064e693276be0b2a552b9088ac;76a914e9d831525211963133c1206ac0aa885b7c2af31f88ac;76a914d70b855169965501963aca763799f01b110a755388ac;76a914536c0bb05959ecdabd5de6db24329430428eb53188ac;76a9140a35976d3e01376ab328163a9e18143b65f8878188ac;76a9142e62c5bdc366b30e74896527d772846fed7f463b88ac;76a914874d07466d6272523a30a7b18d672e95be5c96c988ac;76a9149465fdac29b5c47b99c8d17379d0fc6d99c1e4a688ac;76a914845a69c72660938f08edc14474ae0559441d2a4f88ac;76a9145c75f2bda4853b40e66d73330d716f9e29fdec5488ac;76a9145399c3093d31e4b0af4be1215d59b857b861ad5d88ac,,stale,VALID,1a0b3287,,,valid_direct_stale
devcoin,validated_stales,data/devcoin_validated_stales.csv,18,stale_only_publication,repo-data,34748,,172221,00000000000008783a8f964121f87586c2dcf74c4c699f4de55555434043ff3d,00000000000006ebaa4a1fa982f6fa687602ec775023a665cb56b93f12df5480,1332350361,1a0b3287,3572060065,010000008054df123fb956cb65a6235077ec027668faf682a91f4aaaeb06000000000000755e732d360ca0fd6497ea6bdef2d7c377d2de200b6b335284cfd0bbf1e773d7990d6a4f87320b1aa14fe9d4,0f00456c6967697573004f6a0d98073bfabe6d6df973ace1539d18d97ebabaedf2af805b213611b0790a47ce2515cc9d7d054c710800000000000000002f503253482f00,76a91445147ab00338133839291502266fe389be5b4b4888ac;76a9142777969c44603d882a064e693276be0b2a552b9088ac;76a914996e7360841075378817a79a782d72c809484f5a88ac;76a9140f37d04d39f0da8bdc3d16c395dc8952b2bf13c788ac;76a914dd8de225fa84bfb33dc9319f1b049a8042dff04f88ac;76a91465da623048c2e833e510e97cfa798706acf6ccc788ac;76a9142c7990867d841540d196fe0ab5498e6608df598088ac;76a914ea54232a8be8ac757fe6a02dedf30d2246af075788ac;76a9141464e6240738af01d60aa9024893c1b4e3dc697f88ac;76a914b70a6d6a3bf04d0132dd42908b981ce10af94c5088ac;76a914af652c623045da48c22e117616d8305d05982b0088ac;76a914be00333c4915f72ea0b2fc6a167e980cfe660af288ac;76a91482320c828b544b8cebaea0e84c9a594f3704651d88ac;76a914912d9a834d5d22d5080416425adc1e256503c7a488ac;76a9143c7c9fab8940d6bc0dfd6555bd33f2936bd37d3588ac;76a914bb05cf5298d361f62430be9534c9383c9dec51bb88ac;76a9149fb1960a1dcdac009a84d3b7ef09657734dd3a8388ac;76a914f6f8c8cfb35afe815ee23ab90b6b82c972f6ee5188ac;76a914b8ce3757dc532f40ed2d40fc92d008f0f0a8a27588ac;76a914ce725887fa245bb204539b6b588ba3525f40ae4b88ac;76a914833baf3424cc944ea343edffc96139716694af1888ac;76a914260a878df095dd1d3c7107494e9e7d577814a88888ac;76a9141ba5c1c3c0916014ee18f35b2c8972d974e0c2c688ac;76a914f0edb2a36bda4cb3f440b3071edb37059f1efb7788ac;76a91449f283b876a0952ac8a974d4e17bd1d82893929288ac;76a914b0caa9e7d2a0b4cf19ceb7d72839aab54872ac3088ac;76a914b519aa29ecfdfd49abfc75567d0c010bb1ee30ec88ac;76a914c3a3980e0d8c8f15a30d61dfb8d329e27cea08bc88ac;76a9142a7c5779b4d580794ca7842cd7d17843480c951788ac;76a9146e3114005d70ee4994632ed6073a771354be15ad88ac;76a914fd411f1b093ee9464a07155dc40f6fecfcb7a65688ac;76a9145efc4f4b684cde1ad663f8631f2b3fb4a052b73e88ac;76a914907204535ba24f5c9669acfb8a56ba9562cc99f288ac;76a914aec6438e041777db297e9d883f60f2836db74b6d88ac;76a9141db2707b825dc79d3081e75ff53445d18a2df6ad88ac;76a914dada56f3d1eacb8ef36d00d4eb5bd06449759ac988ac;76a91498196a045aeaa4b731a012c5f38c5745031fab4888ac;76a914254bbdb5d6f90b50ef71c8ef3c55a2156803046388ac;76a9149014b3fb32506603bc468b197213c3ca97f3265588ac;76a9140a35976d3e01376ab328163a9e18143b65f8878188ac;76a9145c75f2bda4853b40e66d73330d716f9e29fdec5488ac;76a9141fdb74054e824f0de4dc5c364880fc682fc8dcc188ac;76a914c37af1c8acd52f69c1583777007078288729bbaa88ac;76a91427bebce9cb90bbec782ad680c27642c90ea6623b88ac;76a914e0ac48e7b012c2d8a958e4d5e7329204b6d3964888ac;76a9149465fdac29b5c47b99c8d17379d0fc6d99c1e4a688ac;76a914fb88abad80357042f0d834105a0c96e558270da388ac;76a914929f7125d5bbfd33d3c013c5d08174b62674a82488ac;76a91408752f30bf386d0c61e9acfab4a9efd61206213f88ac;76a9145399c3093d31e4b0af4be1215d59b857b861ad5d88ac,,stale,VALID,1a0b3287,,,valid_direct_stale
devcoin,validated_stales,data/devcoin_validated_stales.csv,19,stale_only_publication,repo-data,34977,,172476,00000000000004737bb0c5aed4181fcda65c5177862817626edcb0d2c5d88784,00000000000004946a01f3dfd847dd75d9b89065a725fd16b907eb6930872161,1332508283,1a0b3287,2870219987,010000006121873069eb07b916fd25a76590b8d975dd47d8dff3016a9404000000000000db0bf1dfd2f4b0c2a41a8612b75372fb673c2cdebd1b40ddd4ec79de002b53ae7b766c4f87320b1ad31414ab,0f00456c6967697573004f6c76700be6fabe6d6d47fbaf452a582ac5ea8d781ac8109137c67776afd8c06c31ff187b41ee47af4a0800000000000000002f503253482f00,76a91481930295f65070d379a61af8dae1b460ad1120f888ac;76a9141fb446c581048a6fc7f410821a884472292e26a188ac;76a91401aaa6e1becca54ea58fc672e03526484106ec4788ac;76a91412dfd33ce868b93b9a2c1a3d79b9951fc2ce431588ac;76a9140d37f0f7edeae22e7ab7524db57b3885c0a1844f88ac;76a914c7ca973a8d09f191b058ac4428a5fd46c09d39d588ac;76a9147051c48a80610699506e9144626149f3998924fb88ac;76a914eb51e40b5f2177d8780472f3d6754e166b96480e88ac;76a9142f44d861c2daf158421421445e5a73dac94af2dc88ac;76a9140f7ada8613edd465eae6ab6a3924cb98994ad7c688ac;76a9140a1f4b80a6f6709cc8539e0af61f9b2acfd803c488ac;76a914dce985f850dfedb5ea857cf3cb952ac094ec8c0588ac;76a914d6309a28ad26747380adee68c78a82afc2e380b088ac;76a914937c4d027e5b0ed3eb1244e64924f2281188331e88ac;76a914ffe5931870179b2d6e45b5dc0d517636a95e1a4788ac;76a914450db2e48d4234e2f8ded0fbd73feeb77a37a39488ac;76a9147b9d0a356cc3ead1dbaf0f7cba6ce333231523e888ac;76a9144803e8c8458d291fe8fdb9ecdca898d0ab2232ce88ac;76a91463f0dc0afd03ae0aad48c13dbc126b1d59d6cc5788ac;76a914a5fe91cd3747b2319aef1e7c0f73e0f1e8d779cd88ac;76a914538ac595329454920b7fe3df3a25f431255fbad988ac;76a91452216f4f29f8de4c8c5b7bc9bb957659fd7f568c88ac;76a914d885bc618cd594bc104131c7a2ab09427a83d48488ac;76a914d6d2e63e9aabda0e75a309e384473e43f25a79a888ac;76a9140de91da760129641f3dc0747a270007ec2d2e06688ac;76a91415b7c62564484644a8af02767d41a7cb1e4dc4b888ac;76a9149bc7fd00183f8007edb836e54aaa43fa7093564b88ac;76a914c784d5639cba9cac3ee83b8419d0df127f814dac88ac;76a91495a38c3bc2c28bce879eca5973868e1fbfb0fae888ac;76a91477e9c3f4b3e6012f90051b0e154e77b044cec90188ac;76a9140f82279aef6a13327b89955ac1e8dc7e065a2baf88ac;76a914a6922e6b0f2d78dc531133c5e20a21bad175726788ac;76a9144512778fa4baf4b62da29c6528abecebeb2425f088ac;76a914a535ed3657878e267eab5cc75f0cc530aed6713088ac;76a914608891a8336fed13898d9ac863a591e8fba2026088ac;76a914c5fbc53965e3323e566963947023a4a2a2fde8bb88ac;76a914b9feb02073ea791f983388593d8f47e2e6a4618588ac;76a914970e942c72d47b02a75cc6815431aabbf4edbd1088ac;76a9140fc11a9c2a8fe2de58ff429bdc84dc98884bf0da88ac;76a9149d7ec767cea1a4f3d0de81ee223d00d91555138c88ac;76a914405b2acc3c986d49b57c92a7965c6174ee13eaec88ac;76a91477397095495856a401642f94124e2a267746731988ac;76a914d256192cc6e0c39413b102d6de6c71afdfcd96f288ac;76a91453e5a09c8db5241f3d9ce58909251417c0f22d2188ac;76a914432c607e716ce918f4025ecd34e22149a52d66ac88ac;76a914c31b1a2a7f03fd30a8b87e07b6e3d5c7f28ec8a388ac;76a9148638836759e5719fb9007d735afdeaf90f61258388ac;76a91476ea1118754fe1c7bd7e6e5a3bbf0a58bb50793e88ac;76a91422b8550eb91041c999c96d7d0c592352ab2d17cb88ac;76a91417ad6ac1056d12cc67661a24f4b30cf989dfff3488ac;76a9142aa969bf3fdbe587bf6c14e606c4d2b14665c93d88ac;76a91438f00a3d1fa8778533f6c29c250f61f646c27f6088ac;76a91481937b3f152a276070132ff32ac5a870b1bb266b88ac;76a914959ccd483cd07cb7ab9c63ae088d36833e52a29388ac;76a9145399c3093d31e4b0af4be1215d59b857b861ad5d88ac,,stale,VALID,1a0b3287,,,valid_direct_stale
devcoin,validated_stales,data/devcoin_validated_stales.csv,20,stale_only_publication,repo-data,38305,,176075,000000000000023806df33791c26d1bf118fad76dfcc8735a3c8d1572100aff6,00000000000005d8a4f53403890f7d3e5631ccf01b2905cb3b668f0552ee301b,1334701409,1a0aa1e3,3761888302,010000001b30ee52058f663bcb05291bf0cc31563e7d0f890334f5a4d805000000000000f2b23d178b4feae9540ce817879d6013a036fcb794b9b8a81091355dc2bba95461ed8d4fe3a10a1a2edc39e0,0f00456c6967697573004f8ded5d0564fabe6d6d1e59ca166fdf89efc0b89e500b62c0fad1afe76a3c6e14a7216f564f8094ff880800000000000000002f503253482f00,76a914363d71cef7e95560ad11c1482a8469600259857288ac;76a9149b518ec774f9748b131759b3bf0f833484fbe7f388ac;76a914feeaea78467da9ab329dda1d8941e1de3bb219e788ac;76a914e055d3306d81ad5b8c016397c956ed6fba53edf188ac;76a9146552220b602a6df18899e768f8af716134f0370c88ac;76a9149240668e23f89d1488e5cfd7e9608a6d71177e5f88ac;76a91405241226489c95256617a80c19bbbddbf7cef26288ac;76a914ce9f054ab3312a5fad0872480209226fa1109eee88ac;76a914fe2425b54d1bf07669dff870df54d0c634e6af8d88ac;76a914aa1206b9214392ed36451c60307f48fb701142de88ac;76a914fa12f5fb7d320bfd5c61f55db12cc2758d02a82588ac;76a914afa3c2085b65e5c5ceb79ee75d892439750df0ac88ac;76a914ecc3ae3f07401ae7d06178d2682b6c363b8bbac288ac;76a914890ee1d550411d3a56f90785f0b50d32422685e588ac;76a91453d0290a46f94887b3f5a552e7ffcce5f1202d9b88ac;76a91417217c04436a5ea3f6648aa3287bde544435ac3688ac;76a9140a1f4b80a6f6709cc8539e0af61f9b2acfd803c488ac;76a9144936ad22405ab06d7a830b4e9e61639b353c7c0588ac;76a91475bd605cc2ee3974d54578b8af803d0a9351df4088ac;76a91463f0dc0afd03ae0aad48c13dbc126b1d59d6cc5788ac;76a9142a8c470a2382d80fb56cdf60782590ff4787becd88ac;76a91414082d08c2bdc4c33966d242ebf4522cf50487f588ac;76a9141b498a462cafb9ffd0e420634f35c47cf509b87c88ac;76a914a9b53b47c3dd2951781daf6caea22c28a9ebdab288ac;76a914fd8c28f0eda3738ee594ad6b22d1e80d7577d3de88ac;76a9146842185fa08274445666d62296b02bc05c5c02ee88ac;76a914aa090b312a1f0c793ecf18670c5559ff7489ec8b88ac;76a9144a46b2aa6f0a8f62d74732ba8a7107472a71b89a88ac;76a914855645ccab0ce936b3ee85a2ce7d3acd6cd866ac88ac;76a9143919179e77601a3a938bb6b49418a943a0e2382688ac;76a91421c2a2c7c9cb091da9dc7f4d738d57e390cbc23a88ac;76a9140f82279aef6a13327b89955ac1e8dc7e065a2baf88ac;76a914e7c1ed0f2812d83348c09dad0cdedf4e89c445b288ac;76a914f565810d5672d5543b0f0bbe2830c2e3b513da9588ac;76a914c8e9eac50f100e2782ed0ca2315c061acd229e1888ac;76a914182adc2e530ec232d027f49ebfbc57f25e4501df88ac;76a914ee004c6f0a09590db1242196f858ab9c4367a7c188ac;76a9145ffb72262cfd9e5e11076246c4fe51655658946188ac;76a91413ad507e0436b31545d3cb308c9fa3b306da709288ac;76a9141e871138c9fb861f832b0be41a4e402233d81c1e88ac;76a9149d7ec767cea1a4f3d0de81ee223d00d91555138c88ac;76a914765a8a97074988f0a0d09e573b900de583e0162888ac;76a9141961256ccb8e3323d65225b4d215eb82736e4e8588ac;76a914f25510a7205aaab1f8f753046930e9567820abba88ac;76a91476ea1118754fe1c7bd7e6e5a3bbf0a58bb50793e88ac;76a91480d9db836764688c1317808e5c62fbbcaec662e788ac;76a9141e8ceb2cf5d293b376f16f46769789e53c8fcdca88ac;76a914874d07466d6272523a30a7b18d672e95be5c96c988ac;76a91405670574b6f43c2117e99269d5c1c352fcbfffc088ac;76a914c31b1a2a7f03fd30a8b87e07b6e3d5c7f28ec8a388ac;76a9147103f22a49ce3a0ea20972a743b35be789dc213c88ac;76a9145399c3093d31e4b0af4be1215d59b857b861ad5d88ac,,stale,VALID,1a0aa1e3,,,valid_direct_stale
devcoin,validated_stales,data/devcoin_validated_stales.csv,21,stale_only_publication,repo-data,38689,,176493,00000000000009653a1c9f797b0e6d7e2c9f7055fce08bbd644cee1c1b65d699,000000000000015346fc5828b8f191ccab44641550266f266bab5b2a4450b306,1334950144,1a0aa1e3,3988637103,0100000006b350442a5bab6b266f2650156444abcc91f1b82858fc46530100000000000068502f5e1d96b2e8eefe6d61ec8cec6e0fceffe7923796bf48dea43d69a6295900b9914fe3a10a1aafc5bded,fabe6d6db4f5e36d9bd14b9f3a3718df557e8f5d74c1e135c00489a44c4381209db147160400000000000000062f503253482f,76a914c74ceeb4e075de590952fe05fa8499801412c99088ac;76a91458a08ccf0fb238718d3904714000b17a81f0060d88ac;76a914f952df526125e8073ce3d53bc918d6d10a10b52b88ac;76a914f5be4d5ec4957f26ee629b9a768598874a36ef1a88ac;76a91460222cc2cf1abe051685f5627729981aa81b8f7c88ac;76a914b8d0f0c0b1bdbd617f22dbdf519e08755715356388ac;76a9145119ed947c850766e6cf4460aa03511c0f56546088ac;76a91408d0008497c7d48e222699e1b38b663e9531849e88ac;76a914cf2013b84b2fdae45d89554268635a76a4f0e8b988ac;76a914253cf4346c2f606aeb61102cefc874799b1b5bdd88ac;76a9149a794763ada4c5c8fa0ae43ba940f4a0cca60e1488ac;76a9144f8c3e1befc310e9dd46be0ced8438abd421c10f88ac;76a914e1168165ff7adce0cdd64fc2df4d7f688498a38c88ac;76a9147452a4f046fa17b0a7d7a42187204c088e7ce68888ac;76a9140638e709eb7953436697ed90dc3697219466830988ac;76a914bc589b3115f57c322c367f9e044e69e67934cf4588ac;76a914827b7b5bc4b1e48fe51e1c451c361470ae4318b688ac;76a9142925d23afb10338cbdf116456df78417844ac7a388ac;76a914fa42bfd7489a301ecd6ba9974bdad44e69091b3388ac;76a9149948d01b0a7693c0b69e95cad5039af4f670855588ac;76a9149e7c992cfc45cc45fd1319a2693bb1c87613173988ac;76a914f93c46c0b4f5a972c9d494e70866408af5a2435688ac;76a9140e270d5b535ee7267520bc582f07892bf0e10bcc88ac;76a914e1fe17adaba3338ec693468fc797662b005deb6088ac;76a91494ed80858686f1d55fecd89ed012a260464e931388ac;76a91419e596183c340ae4bc04fc82e97f35a0588fe1ec88ac;76a91483f97c3045be10056a902964406f0c2fc118299f88ac;76a9142912db83f350e3f3be2aeda741a4c66bfeeb1a2e88ac;76a91484f5b2f4a961910a50c20ac0b4610037bff455a188ac;76a91435e3456defed517bd917f9f83b0d988aa20b1dc788ac;76a9142e28efc5cd25c238ca4e77d2e33f0fd1e90d3e7188ac;76a9147eefae24d6d19477142eba6502e97d71340f78c788ac;76a914d9d6c4a27b413d4fd26d6b47c1293894d2a6218288ac;76a9141823ec0e0cf4c185d336ad3c145968252f86714e88ac;76a914f61574714a2ddd0bd44601e7a5be3df2ffe0f05688ac;76a9148115a9ee86f0fa933c6f6f169526eef712af7a6c88ac;76a914044ce4661a426460ee298a4fc0be56d9531cab3688ac;76a9145bb1e305c133d2550cb18b2673f813b0dbbbcbc788ac;76a914cb1eb7720e7e0a12d085459b5f62bce195353f1988ac;76a914dd7a879a2330eaddbff7ca726c4f35442e9ba3fd88ac;76a9149543b150b7f9d1efb27761b72d027701f4f22e6388ac;76a91406346c4a74b9ba1526b92d50d016205e985fdab088ac;76a914e349addc2e673c575e1a517e3ee68ef95a5dc04588ac;76a914ef7da4e6c3e6c77c174b2b3812c8035aea10230488ac;76a91432ff013fb22f74f4a8d494f8b676d4db7b04eef188ac;76a9146685f0c9c4d9b89f56997d028c5b0fc9788f8ccb88ac;76a914c25086c6f75c872dd007ae905c5570725b6a8c6888ac;76a91426bad6b6f1079452cd954471d58a641dcd20abb888ac;76a9147c5bb43936e3cf534581664fde3aa9c7ad38a28088ac;76a914fe3a5dd797312e6e8f762b47f357d9ed1445edce88ac;76a9148b86258bf7da267266bc6e27d3a792fc3642bdeb88ac;76a9146c8209a8f13a8a0b775e8c76d94655cfad8f44bc88ac;76a914e802fd3f7dc6e08667959b8792c7d61f573df8b688ac;76a914a29037c084ef5adb13526e8ec5c9993864b8e03888ac;76a914c52c18005c5773e5b513aadc31c8a1fed3fe7ad588ac;76a914a934b833a4f54a34ae44244138b590759c72285b88ac;76a914684c76d07dfd002c0b258d3314509487583a0bd788ac;76a91407f021706161902974f6d62eec4612a77ceed20a88ac;76a914c3a2f3551409af20a481ecfdb03fd2e3848343d588ac;76a9146d26c10f8957cdc19965297b0daf7f168477d45b88ac;76a91436c1b0cfc8081d98e0ec1682af913757ef71679588ac;76a914165618e06f1aa8ec1a7c6bf6050efc86a64bd69288ac;76a91475ee0cbfaa5fe7e0fc3aeb87a3af78ad6f0c193a88ac;76a9140a57e95b1bf862cf3c03b1c12e602f0442ba71fb88ac;76a9140676d03b8b826effc748a062241fd861f4fab58388ac;76a91421bd2c39039c8d2fbee1bd069105de8599d9c26f88ac;76a9147f92bc474f4d80ac06c8f02d57915bf550c8447b88ac;76a9145fbe030eb1146473fa0cf9d51c21a072806663d188ac;76a914ba019935e52cdef2abbf8712ed53708a4e4a603488ac;76a914a7eeccb58287bdb1612abb137d6a1629607e97a388ac;76a914ae84e741f3242a9e211bc36ceebcecff23aaea8c88ac;76a914c82ff5e3da1366f1e704f4badddf21d150cfe2c488ac;76a9147f76ed0f250d98df17ddcb127a6f68e62e9e626e88ac;76a9144ff8472b4bf4482dd19dd530e8f6bae3c337241b88ac;76a914d7fe10226d6ead808edd7d817ef01e11ae9bbbd788ac;76a9140525e3d568af9dde0e005039ddd00ad3e861da5188ac;76a9143e9e24b602b382961357ed807eda5445d080678488ac;76a9148c9360e25a76046c63816a38476253821850035588ac;76a9146deac45b7f3c9c1a44a6c159286b74fc67cc0ecc88ac;76a914490be16c26e231ade8cb83b06992b63eb0ee552288ac;76a914553a6dabacb3c25d711bf3cdeaa3891ec481227688ac;76a914ec32551e6ad3f45b8becec9b157f5c8665af0c1388ac;76a91425557f68633ceadc87b17db0e806398a8871dd2988ac;76a91474a4d91a7d3584e8657b0cfb1fb100cc83502f8c88ac;76a9146f7b51c376fd6dea8edb2007d049f60bb6071a1488ac;76a914adfc4367b204d75386c83775e97164b987d9297d88ac;76a914a324583efbfee0e490947670012976bf8cf7700c88ac;76a9148c696cde3168a956d7cb9bdeff6d17b3c534eba988ac;76a914161199f7bbed0222b94d03dcdd24b15a705f5f1188ac;76a91470c3b809585b646911463fb2d07a305d112599e288ac;76a91404a64323ddc9c0385aaeebe53eea5c8f2eed6cf588ac;76a9147b78fdbdb59180d031ced94791e07db1f57b6f0d88ac;76a9142ef7b677422f7752353a28ea8c3b851c9ff2fb7288ac;76a914f7a51a4dedf0c702bee562c835047a363b0ea83e88ac;76a914d1b47911a42a2d1c4d26c42a1b94ba626780e86288ac;76a914291d0fc95e11d0e21244cf31d2ff0d0a3b9d73f988ac;76a914f19595088875fe2c80a118e4c7e24a82370cfd8e88ac;76a914d090e2629917fce83d517b22f65b1df732a7317088ac;76a914a6aa8a89e06d1ef9fb35b2804949899f112cbf9588ac;76a914b20f29b243e2334b4fdbcdcf3684c175ceca249b88ac;76a914ced2d24d8f9a12afac41ab4ac2aa3dccc5c2412588ac;76a9143a7ab2cefaeb6345aef29bae00530548f65bc3fe88ac;76a914f770bd8837733b0e33eb0817ccc087ced11901ca88ac;76a91453575f3e74ae6b793d562db660a5cb73a47a860888ac;76a9145ebe8dffcc44c26ec3637b4b4515e10e33a7cea988ac;76a9141cf73ca7f2075df1984e91a57983aa75444de0be88ac;76a9143e818cc8a96e24fc4b2145caf00b1b5016aadc2788ac;76a91458d165db3ec8c5bfa870ef5b1100d21483ab684888ac;76a914ac29d7fa0bdb2a63c7f1a28dae32895607f45a2e88ac;76a9148919ad4522e41225355e0f5f2f071cf0940420ab88ac;76a914b5cf937dbbecce477a3026d993ea33977005233b88ac;76a91464e13ebf4ac7af685a112ca4da8216c14683a50188ac;76a91464eb5bbd8ab5393cc2e22e07ed63d6ebef5a8e3888ac;76a9148788d4489e1a43578a6c0968b0d8f280be6ff16c88ac;76a914d05228a596811b6eb912ae2dc5838bc7fcec65bf88ac;76a914300a97018576f7dbcd1cff8f99cb3817fd574aa188ac;76a914e2d0349044b68081a76c1019b4073cc31bb322bf88ac;76a914e205b664ff00fd8be0a78cbee242d60f83af69e188ac;76a914f8f522d48137b10b0db4b4b702ec0e8936f69b6688ac;76a91402b271e7fca602bd332cdd6c8002561e6110f03d88ac;76a914c168323170c52e9a28c4b069da735bffe8d651ab88ac;76a914e295305eb7e0a8e86f79fd0c5125a1b5c44c6aa588ac;76a91444ee365dc5924fdb46b8db0db9f8965f1528390e88ac;76a914754f36491050c2cc39925b15182e0af97c9f724c88ac;76a914f874589753c9b5240dc79e6758353425476dd72f88ac;76a914c008f4c184c98d0647002af1bd47511a4017dbd488ac;76a914bcf82a713a320942ce47e073787b48e73ed21bc388ac;76a914559b345971d2676419fef763ca56ab5bbc3c1fde88ac;76a914af321ff46aa4a569b7902bf92a66ca0f1c5446b688ac;76a914cd9f0112573bc6135a1ace235575c70d67973b4788ac;76a91404947ccb0400df80b82d52026cd3e6ea6a47412988ac;76a914d9f4097a319c5c7d7ca9024776e84ac482fa127988ac;76a914afaa77471e0dcec3f4fedd39e667737bf7863d8988ac;76a914499fb717f14835af593ff2b3dbac02d0de4578f888ac;76a9147fcc2253397dcf99e698167d18904a06e57e0dd588ac;76a91410519f2852d61880aa241691187df0a2fab8631388ac;76a91495ab2e374619aad24375d0e374ee697e9075cb5488ac;76a91472da496ffa81fae428b8cfe9d8dbbe8522aa194a88ac;76a91480207c9f445b47ec5e2a4607861ea2d8fd87718188ac;76a914c0bf4808134fa30badc06457c3065ded42494fb688ac;76a914a2555d2d1a9702a9c550c09e61d6573c510cbd4d88ac;76a9140af27cf6a67f19572ab58189994866937284e13f88ac;76a91475491129d19751d0c0e984b510feb14467523c4388ac;76a914580d858c05806ce0a0c4d5c725fe70f95aeeee0688ac;76a91410a2c8ed97e72f84da237ab5a2ac246a7fddf7da88ac;76a914de6516039bbced3fb95e3e2aed803d92586ce6f088ac;76a9144a54a287afa5d094f233846407fba86b19dd84e988ac;76a91468212a9bc5becbc88fb79c69e72a55ef80049d1188ac;76a91458446b5922bf16694dbacac4240bb7ad1c9e809988ac;76a914a46782b2365ef35c12d63740258ca8b29a550d4788ac;76a9149213126ed991551e4fdbce1bb0d1730a7ef3f83c88ac;76a914444d9c6f323cce2424513849b85f1549ab1f789088ac;76a914b0a6741289d7294e2d47e71ef8eb3265450ad5de88ac;76a914b5a937c6b8c90e15a7baa531fc5691600daa92e288ac;76a914015dbc353e51ced0794cd834666e715ff649ee6988ac;76a91410c6c0640a92b05783677726eb336779a55aa7f088ac;76a9142c49c298699105f93580e60bb7b6c80c8fae1a6a88ac;76a914cdac80d4294c26fa501854c4f43d7122e2ed549688ac;76a914386b1380de253b61c07c0fb26dc9ffedd5277f1088ac;76a914730f40ca59fa6c61a140ca07db33f33c143a649488ac;76a91477247db9dc30efeeb054a473fc72a44118e8a05688ac;76a914679847311b6a53dc26af2294cbe15ca419e8e2da88ac;76a914e2561b22f7f00045e6dbdfc58cf26d15397511ba88ac;76a914de5f7fb00cb44bf1848e563ef5644d152dc82f0188ac;76a914f6c108a0b261f5dc39bb2bff3ac580d6e4b2dd8888ac;76a914fe8548ba52272233428c51268aca61f8b7046e8688ac;76a914647484ab81427b30333eeaae714ba08a0980a83288ac;76a914093064e56638d7d2b7f122d073f36f2adbddae3988ac;76a9144cebba52948706883b6008125c52dd4806f5c2cb88ac;76a9140aca7ad87e8ed090e2d8823028ea1b2253f2db9788ac;76a914d60a86e3722e05fc1edde4b3f18bf37c133169ec88ac;76a914f025c7c67f6b5abbfd852906b6abea1f557ff75088ac;76a914741774f70d85b3439a3192f1c7ec067fc21b066b88ac;76a91489ee15a0ef1f1ad8828e9d5db115e8019a82ed6e88ac;76a9143ef62df5296282e30c370d4c86ca796d1fb95bce88ac;76a914d28e1e827c4f2ce5af3a57adae0eaf99b73acd3888ac;76a914188ae4c5c9f09bd7deb65dd113ac5ebf50207bb088ac;76a91418a99959bce205725051f5ead31c4b88379a4fcb88ac;76a9149fe10fdcc48e8130b21270831073fee3f855c5b288ac;76a914f9722bc07f61c2e0179a7c239fc466575e36526f88ac;76a914e75c0a4d431629abd09a64ef76739510e560c75288ac;76a914d661e83a83eddf6bba00664ec4004af132e3537288ac;76a91458624438e431f9f2c842fbbe6aaf63e3825f4ab388ac;76a9147c524c56243616edcf2f2e973420e293c82cbe2388ac;76a914a460150efc3818e11f28d96e4ae69b1c60d77b1a88ac;76a914506cdb7ff91eecd828486d8ed9d1ff3a324ffc3388ac;76a914f2938370bf588930a231c5def93ab4cf3154575588ac;76a914160767ea477550a19b9fbb7d91cc3047e8adac3588ac;76a914c528fdd9ba556b9eaaeaf1557ae4e92fc15dedf088ac;76a914107ed75084c97e366c588ca6fd73c7b0f23b49c688ac;76a9140bb327b3cfeef60671df2a29a7f1d5e8f60d4daf88ac;76a9144a2c6899eb4b1993bd348241abdcebf93dd0e25d88ac;76a9149b0551defdcbf45fd256b40557bcfb90d39ba73688ac;76a914f1ab1722ea58d604cc07024bcfcea2a8976bb74488ac;76a9147c755030e4fe6386a9cb7aff8d6b3a5ed632d7ea88ac;76a91472359aaacfd5b2eca4ea22a1a22efcee0c0c524388ac;76a9149e7fa293aed3c9b39a2060266896c3059badb0b188ac;76a9140e395d4568e071968db0e8e775f891021d4c82f088ac;76a914aa622d40bfe91822273353d3c4acb09c80d5680d88ac;76a914bb0410f728071c8e03fb7d2ae8e223f6d337570388ac;76a914848777c55f2caf1e5576c563eaf7a4f14e29814d88ac;76a9144a799470ae0ef7b84dda0bf8a7b92e9bac4ebad888ac;76a9148a6c9beaed2081357c188956a887a74aeddea5c188ac;76a91491bf8d466b9803625bd48ac340bedd79e207ab5788ac;76a914542a2040ed83d294f31689a872101ee2aba98aff88ac;76a914ba0b189cd808746a1efc9921665dfcfe301222e288ac;76a9149bd459bbc43eba3a0edb2ec76dc39a11e4c9559f88ac;76a914c03ad4624c47049467745c095d17f29b95db8fef88ac;76a914faeb176dd2321e0c73e4276fbda3370507750ebb88ac;76a914e02e2d4c5fb28a189538c038aad5991a57a09ffa88ac;76a914fa183499bcf8cc1bae1763cf50fd61f9601ec83088ac;76a914f19638af957fad501fb867697b27c2e1bbaa88f788ac;76a91427cc7e0def9fb434d51d98ee523bcc1e7514390688ac;76a914538790f005572bc8666fa3c80e3cb07211d4ea4a88ac;76a9149c7a3ddca3446a6e36160495a78317fe1cb8f1cc88ac;4104ffd03de44a6e11b9917f3a29f9443283d9871c9d743ef30d5eddcd37094b64d1b3d8090496b53256786bf5c82932ec23c3b74d9f05a6f95a8b5529352656664bac;20511cc9d147561680de49810c5ea82c6bc95fe9d088c2285886c1233ea81dff8c,,stale,VALID,1a0aa1e3,,,valid_direct_stale
devcoin,validated_stales,data/devcoin_validated_stales.csv,22,stale_only_publication,repo-data,40123,,178120,000000000000044ae40e8427e0cda60220070ebaac9f60cd781cca792e4996eb,00000000000002e446e9d3966af7796a756f3496fcb8474a84165da51adea266,1335887045,1a0b1ef7,1405924487,0100000066a2de1aa55d16844a47b8fc96346f756a79f76a96d3e946e4020000000000006bff0e5dcb7cd4f558764de2bd39c448b383bba6a0bf4018a7073aadc87cf907c504a04ff71e0b1a87b4cc53,0f00456c6967697573004fa004c5037cfabe6d6d8f312ee9909844e1ea7cba7da11be6b41961aecea3bd1249d9722abb7df016980800000000000000002f503253482f00,76a914e20b2db641cf037ad98f6425823d4041c56209b388ac;76a914536c0bb05959ecdabd5de6db24329430428eb53188ac;76a91427f4762929a384c51b16acb06e7d40e4f9199d8c88ac;76a9141f055a6a3c9dbf8857c366a6cd43a34c1f46ab7e88ac;76a914559d6989c909b59b20bf10935d052fcd63daf86e88ac;76a914612c126a1840253df9998e762036deb08209cea788ac;76a9147721cee25ba0c9f1376a423fea823eb3923c778b88ac;76a9143f0c4ffe31d9526e66d05d7a7f2822c3a1b74a8788ac;76a9142a02a931fe4baa5ba6e40e7b8109a6dffb56ab2a88ac;76a9148e49dc353c3d09ddd992925066a80486ce79a5f988ac;76a914aec6438e041777db297e9d883f60f2836db74b6d88ac;76a914a6922e6b0f2d78dc531133c5e20a21bad175726788ac;76a914ce911a964475c11ebac4c21ddd484eddc9e7461388ac;76a9149d7ec767cea1a4f3d0de81ee223d00d91555138c88ac;76a914d9e0367314cd1951a052e1dc6887c95080f188b388ac;76a9145399c3093d31e4b0af4be1215d59b857b861ad5d88ac,,stale,VALID,1a0b1ef7,,,valid_direct_stale
devcoin,validated_stales,data/devcoin_validated_stales.csv,23,stale_only_publication,repo-data,40671,,178807,0000000000000a5a15e5475a70496116c1700e083c535b047b229bfc94ea39ff,000000000000010ec40cd1d74d7493fe9e16c590144b2ed2e24b258e78646dbb,1336256201,1a0b1ef7,2774895195,01000000bb6d64788e254be2d22e4b1490c5169efe93744dd7d10cc40e010000000000003d33f05a72fb3c5bdc9a73b780aad36250ee5255c09544d288c9039ea10e939bc9a6a54ff71e0b1a5b8a65a5,0f00456c6967697573004fa5a6c809b4fabe6d6d25bbe8807f7814963fdf41744c779f7dbe74622aabe930846edd1f1db9f7a67c0800000000000000002f503253482f00,76a914e20b2db641cf037ad98f6425823d4041c56209b388ac;76a9149ce9bf27b15d0045795c3275b7325482fb4f59e288ac;76a914a90eab7ab3aefdde6222374236602123d77825df88ac;76a914450db2e48d4234e2f8ded0fbd73feeb77a37a39488ac;76a914649374cde08f7ab8e306ddca97890d407e756af488ac;76a91401aaa6e1becca54ea58fc672e03526484106ec4788ac;76a914832dccd804514d150dbf4913442b94366ec3686c88ac;76a91494e5178f3cfc56b77f9f1c508b74ed9ff3b558ad88ac;76a914f7c1484772accf47591e4d27ad3000416da43a8188ac;76a914c7d21e083887e26f68d36ee5cfa2a2f6b5371b1388ac;76a9144dff2d6cddbcc5a4b712b0d49a7e1b69f5bc555788ac;76a914db2ceea8a4fd01a996f8646d45c215e797e5ab2588ac;76a914cb33057b4c93851a5fbeb3c8e4db30576219793788ac;76a914e76fbac0bfd72334aefb9ca4d1c5c0b4e6253fdc88ac;76a9143ef53ccddc562ee7a53f7b7500dd06c40e27b25f88ac;76a914612c126a1840253df9998e762036deb08209cea788ac;76a914da5dde93b8972c560038c7f534954148af7f8dcb88ac;76a914e057642afb9a85660de0b2e1412f16b5f524340788ac;76a9142777969c44603d882a064e693276be0b2a552b9088ac;76a91463f0dc0afd03ae0aad48c13dbc126b1d59d6cc5788ac;76a9142a8c470a2382d80fb56cdf60782590ff4787becd88ac;76a9140a09ed18efba15eb5b75f3ee41154cbae03c796988ac;76a914d9e0367314cd1951a052e1dc6887c95080f188b388ac;76a914a6922e6b0f2d78dc531133c5e20a21bad175726788ac;76a914969e26a16fbabf373633ccdef9f5f1e22184996b88ac;76a9142f9df4e19b8473b9345755e29829e801baba01ff88ac;76a914405b2acc3c986d49b57c92a7965c6174ee13eaec88ac;76a914db2f9af40204e79f9c2316c043df0abc2121879388ac;76a91481294453c020bf416bf89ebad4be71d57e4e01a288ac;76a914a167bc84e7d85c2f097cd27c0de4585ded03993a88ac;76a9142a7c5779b4d580794ca7842cd7d17843480c951788ac;76a914264dbbbe604715044be6913f1b9bd43bde29c82a88ac;76a91436dfd99d92f13ab5d07ecbf3b4b267fd8c41b37788ac;76a91438f00a3d1fa8778533f6c29c250f61f646c27f6088ac;76a9144e67df0d3084259e87298733816b593998694a5f88ac;76a9149ade1bc8147a19840d6807d494ff514fd6fe7b9f88ac;76a91414082d08c2bdc4c33966d242ebf4522cf50487f588ac;76a9148d6d29020f2e84e0159ebafc3106f78c12c9c1ef88ac;76a9148d5567ede2794f8b5e85c89ccca6cc2e3ae72a8888ac;76a9147bb4830e7efd707e59b18adfe14e9ae55342e1b288ac;76a91443f5f79a3b2c806235db2d9fac59b88b40dac49e88ac;76a91433b7ffe3c32d0305e501f81fabb4ee24eea9bd1488ac;76a914d4ed06b3db0639ca8a1be21f573ddcc77c2d8bc988ac;76a91403d984b4a0f1251370a86abb66ddaa61f67bb2bc88ac;76a914086bdf50d74f35da3cdc9882c20e82811c858b0188ac;76a91476ea1118754fe1c7bd7e6e5a3bbf0a58bb50793e88ac;76a9142e62c5bdc366b30e74896527d772846fed7f463b88ac;76a9141907cf7204453a72eaa346a3e65f2a1893c307dd88ac;76a9142a02a931fe4baa5ba6e40e7b8109a6dffb56ab2a88ac;76a914de2be2d0071b124b3dc9b9228fcdd07bb07415d788ac;76a91468887087f2631025e6e122ba9744d84cdacdc73388ac;76a9141053f9f9721aef5b640b59b3521fd012a5905fc888ac;76a914a3e763ba5c2c3e4997803a2bf3a5f4b336758bae88ac;76a9145399c3093d31e4b0af4be1215d59b857b861ad5d88ac,,stale,VALID,1a0b1ef7,,,valid_direct_stale
devcoin,validated_stales,data/devcoin_validated_stales.csv,24,stale_only_publication,repo-data,40700,,178842,00000000000001409f470ad86fb9d6ae2f3199894b402009025747f9343d15d9,00000000000009732c2de8fe57f997d20d770d26d46e3322b221cdc20691fdae,1336275107,1a0b1ef7,3388010460,01000000aefd9106c2cd21b222336ed4260d770dd297f957fee82d2c730900000000000077e1643d7fcac9d3472fc7c673eadda9be2e9b7d37ddb632850f8ee7b5d89504a3f0a54ff71e0b1adceff0c9,0f00456c6967697573004fa5f0900b60fabe6d6d8164c67c283a494fe7135d5f09381d998e35c6c1883fe502ef1f9e14ddce28970800000000000000002f503253482f00,76a914bee94ff6d322dbcbb7a185c269cf2b494753560288ac;76a9140b8b1591ccc63e0e13271b708c63a4a5fe2b76cd88ac;76a914c1e5011ae11f7fb0eaa061719e7499a4b7940c6588ac;76a914762374207b6cf7b3bb10f571e7bfb1806b04e76288ac;76a914f9fe6c72942f26697560a11e0b8fa8253ea1216c88ac;76a91490026b0f6881f1af1feab196287b5173c62e6a6388ac;76a914e9b552f2d604ba5875750b4e2dabc1188ecfe67d88ac;76a9141de57f9fce991a534c6f275064d4d3a29c0c195488ac;76a9143a09f5a89272cf58974258d3cad7bb5bbe07daa688ac;76a91407c72230d9e5f8c49e1fc8f6cb07951def37ee9888ac;76a914f9b7807fefc105a1853d0574e5f38a24f66ebb4188ac;76a914ed332edc5585c916e8d094294085c6317c52af2c88ac;76a91460843359ad45991482a5c91fbfcaae948fd1521d88ac;76a9145373962f52a5bec7201fc394858cffe4c5ed245b88ac;76a9146c24516d3f3c68e4993ce348ab503a3255e34eb488ac;76a91425889f4b84e8e396a7cc200dee6b7eaa825e04e888ac;76a9145399c3093d31e4b0af4be1215d59b857b861ad5d88ac,,stale,VALID,1a0b1ef7,,,valid_direct_stale
devcoin,validated_stales,data/devcoin_validated_stales.csv,25,stale_only_publication,repo-data,40838,,179029,00000000000004a1d0ae12b691d7d0cf00878e30fbef3890f2d421d0f6b2d9ba,000000000000070b67f541c464679db10e81a941492b538fb45513c130436f46,1336372365,1a0b1ef7,468087087,01000000466f4330c11355b48f532b4941a9810eb19d6764c441f5670b0700000000000014acc99d66673aec73140d8dc56789814a4db2f32341afc4d4213c885e54ec418d6ca74ff71e0b1a2f71e61b,0f00456c6967697573004fa76c8c0b30fabe6d6de2cfb5957e1fe0de81ace00aa361c2ab2d7135a7fdf701be3a95f014032bec4f0800000000000000002f503253482f00,76a91481930295f65070d379a61af8dae1b460ad1120f888ac;76a914db1ce9bbca43a9ce9d9a38822cd6413541e8c35f88ac;76a91406b38097bd3ea8d2163d6ce0512fc90cdb3fb21a88ac;76a914d1a926c95277c3e458ef02b08af932f6a6e65f1288ac;76a914f63ef11bc43feed76375efbac977ee9ad09f2c9988ac;76a914d15f121295a634b9768c9afd46e9823f772b758788ac;76a9148298f6678564ef74396f99fe88cc24dd1aa6eada88ac;76a9146c26e5341b9bf3c182905dbc7aac389faeb5231b88ac;76a9143a09f5a89272cf58974258d3cad7bb5bbe07daa688ac;76a914a0b2d932a8cafe51786585f877c6f6eaee13d0b088ac;76a91405241226489c95256617a80c19bbbddbf7cef26288ac;76a914eb51e40b5f2177d8780472f3d6754e166b96480e88ac;76a9141d1758bc27b9b967d2f1cf93b068bac09307ad8a88ac;76a914947ed6063d3e74bcb406ac93d99ba32f8e6f1d8088ac;76a914aa1206b9214392ed36451c60307f48fb701142de88ac;76a914fa12f5fb7d320bfd5c61f55db12cc2758d02a82588ac;76a9146c24516d3f3c68e4993ce348ab503a3255e34eb488ac;76a9140b8b1591ccc63e0e13271b708c63a4a5fe2b76cd88ac;76a91434e1f7de5c40fde5f3fa71024d067f4773f7f1ba88ac;76a914131ff6b5ac78d377f9e16959a285423f442ce06988ac;76a91407c72230d9e5f8c49e1fc8f6cb07951def37ee9888ac;76a91449b5b351a5f649ee278c604696abe08647d5b3b788ac;76a914031fe9da4181c26d2cca553f7dda520bd3c98b6888ac;76a914d54804da3e32dffe6ca6be97291f3c76e62040a588ac;76a91431b222a8c8693f542b86bc8b5d4008a4fecfc75a88ac;76a91415b7c62564484644a8af02767d41a7cb1e4dc4b888ac;76a9144a9936bd5fa285d4e163603458603a40319edd4988ac;76a91406b380973adae9c0d9cb624bde3c75c9d43b21b588ac;76a914b519aa29ecfdfd49abfc75567d0c010bb1ee30ec88ac;76a914abc5ef57aae67bb72627fbb58ecac658a066283b88ac;76a914490d0a9da361f38a45d9ef454538c2573f9cf96088ac;76a914908ebe2f857c5ceab1050ff96e52f0da5232980088ac;76a914f9fe6c72942f26697560a11e0b8fa8253ea1216c88ac;76a91490026b0f6881f1af1feab196287b5173c62e6a6388ac;76a914e7093805e2b766448dabe64d639b6e0118611aae88ac;76a91413cdf9562fc9abc2216b019d2a7205c9ed54c9de88ac;76a91436dfd99d92f13ab5d07ecbf3b4b267fd8c41b37788ac;76a914233a314f8a0b9d58554bbb12355f92f7cde2042c88ac;76a914832dccd804514d150dbf4913442b94366ec3686c88ac;76a914bee94ff6d322dbcbb7a185c269cf2b494753560288ac;76a914536c0bb05959ecdabd5de6db24329430428eb53188ac;76a914d256192cc6e0c39413b102d6de6c71afdfcd96f288ac;76a9144ddb6e9c50ce236b24884859d9aef166abef649688ac;76a9141215b5bfe1295cc239cea45758c13b8a332f698488ac;76a91408fb2ead84752bee42e6640b4d993802d3f2155688ac;76a9141f055a6a3c9dbf8857c366a6cd43a34c1f46ab7e88ac;76a9142aa969bf3fdbe587bf6c14e606c4d2b14665c93d88ac;76a91468887087f2631025e6e122ba9744d84cdacdc73388ac;76a9146f319511eff679bf972518d810cab0532df9200388ac;76a914d4625e6cfc9bc50ce241dd85d945871121bb5b3188ac;76a914698e484dea16cb5f223f97807987c53ff237ba3f88ac;76a9145399c3093d31e4b0af4be1215d59b857b861ad5d88ac,,stale,VALID,1a0b1ef7,,,valid_direct_stale
devcoin,validated_stales,data/devcoin_validated_stales.csv,26,stale_only_publication,repo-data,40858,,179047,0000000000000ab98c3485d3cb10b4558fc11bf7984c387918612051bc3be62d,00000000000001a79f486fffa2a9d72ee2f69e9dff0a3778e1a511c25786338d,1336383302,1a0b1ef7,2023945624,010000008d338657c211a5e178370aff9d9ef6e22ed7a9a2ff6f489fa701000000000000356c8e271fda56ce611ad7cbdc6f448791b6d786fbb7c581c89ae379706526764697a74ff71e0b1a98f5a278,0f00456c6967697573004fa79738020ffabe6d6dcd2c38a83e0ca952b0a42b5370be5336199a5416bb0b0544a9ce5ff32fa0b0510800000000000000002f503253482f00,76a914db1ce9bbca43a9ce9d9a38822cd6413541e8c35f88ac;76a9141de57f9fce991a534c6f275064d4d3a29c0c195488ac;76a9144936ad22405ab06d7a830b4e9e61639b353c7c0588ac;76a914ba85dc466140d3ef2eac3f7e42088ec501315a4b88ac;76a914d15f121295a634b9768c9afd46e9823f772b758788ac;76a9143a09f5a89272cf58974258d3cad7bb5bbe07daa688ac;76a914462e1fc7307691769701d89ce49325ff48e0c96888ac;76a914ed332edc5585c916e8d094294085c6317c52af2c88ac;76a914c2f21f1ef1bbb2c97080244895ba8a32546cf01d88ac;76a914c0397da02670d80b9d4b9f4726bda2f002dd267a88ac;76a9146c24516d3f3c68e4993ce348ab503a3255e34eb488ac;76a9141a1e386a452bb71d03cd583e5f33049ea5d0fe0888ac;76a91407c72230d9e5f8c49e1fc8f6cb07951def37ee9888ac;76a91431b222a8c8693f542b86bc8b5d4008a4fecfc75a88ac;76a9142f9df4e19b8473b9345755e29829e801baba01ff88ac;76a914ce911a964475c11ebac4c21ddd484eddc9e7461388ac;76a9140b8b1591ccc63e0e13271b708c63a4a5fe2b76cd88ac;76a914f9fe6c72942f26697560a11e0b8fa8253ea1216c88ac;76a91490026b0f6881f1af1feab196287b5173c62e6a6388ac;76a914b8a8730bdac96f96d2f593e3cfdbcde52079186088ac;76a91413cdf9562fc9abc2216b019d2a7205c9ed54c9de88ac;76a91434e1f7de5c40fde5f3fa71024d067f4773f7f1ba88ac;76a914ae27e4df6ee450a7b4bc3b7b45f328a8951483cf88ac;76a91460843359ad45991482a5c91fbfcaae948fd1521d88ac;76a914e76fbac0bfd72334aefb9ca4d1c5c0b4e6253fdc88ac;76a914bee94ff6d322dbcbb7a185c269cf2b494753560288ac;76a914d256192cc6e0c39413b102d6de6c71afdfcd96f288ac;76a914e7093805e2b766448dabe64d639b6e0118611aae88ac;76a9144ddb6e9c50ce236b24884859d9aef166abef649688ac;76a9141215b5bfe1295cc239cea45758c13b8a332f698488ac;76a9144a08231d1e98824190575cd78f437318b05539f988ac;76a9141f055a6a3c9dbf8857c366a6cd43a34c1f46ab7e88ac;76a914559d6989c909b59b20bf10935d052fcd63daf86e88ac;76a9146f319511eff679bf972518d810cab0532df9200388ac;76a9145399c3093d31e4b0af4be1215d59b857b861ad5d88ac,,stale,VALID,1a0b1ef7,,,valid_direct_stale
devcoin,validated_stales,data/devcoin_validated_stales.csv,27,stale_only_publication,repo-data,41008,,179253,00000000000006f4017519eaf2ba8c7f87a3864e9cabdb0ee4ca0d1159d2dd09,0000000000000236861b232a8918569e432bcac929bd26ff7b59ab27ed148754,1336481261,1a0b1ef7,28180296,01000000548714ed27ab597bff26bd29c9ca2b439e5618892a231b863602000000000000eeb916012d6c4dec03c42bd05f80312c11fa090c6003787aaa01ece32161547bed15a94ff71e0b1a48ffad01,04f71e0b1a0125522cfabe6d6d1543717bb85f4e2b6e8a31c90d5c109b32f0d443f7352c84beb693e655a4d0bc0800000000000000,2103bd4382d0d850158e9c968fe8c6b9162b34a7394b116a5650558fe7248f301a9cac,,stale,VALID,1a0b1ef7,,,valid_direct_stale
devcoin,validated_stales,data/devcoin_validated_stales.csv,28,stale_only_publication,repo-data,41201,,179486,00000000000007680fbfdd8a3e045f666ad6bfc5b808f876005574967a97d99d,00000000000006d17fb35303b2bdc600411efe85f6da482a33ab605ff0f4ed97,1336603664,1a09ae02,589302084,0100000097edf4f05f60ab332a48daf685fe1e4100c6bdb20353b37fd1060000000000007c9833291ddb32a64b02e2427f1143294893db696dcd17f49b3caba175ceba4010f4aa4f02ae091a44092023,0f00456c6967697573004faaf41001b8fabe6d6d4427b3740e5e48344d097a5563668fa7de696a2c2c8e16a1a2c1385532c731030800000000000000002f503253482f00,76a9142838ae835c52722010adf4452eb5d7d1e6d9040088ac;76a9145b023e43d0e59e7e57bb6993b56b71fa66ed0a4188ac;76a914aa1206b9214392ed36451c60307f48fb701142de88ac;76a914d1a926c95277c3e458ef02b08af932f6a6e65f1288ac;76a914536df3bf833573495d6a92dc90487bbc6259528288ac;76a91406b3793908c3719cb73834c17a0acd47427d0df288ac;76a91432e9b63db5ade6c81433fc1f3386d2a9d61c5ca388ac;76a914f570954e625209f95150f39ef02160ec8994c67188ac;76a914c73876a5e5978d29d6dff69e61633ef14ffba2e588ac;76a91405241226489c95256617a80c19bbbddbf7cef26288ac;76a914e65e85ba8187c34bcc72544cf8c7ed609ba6c53788ac;76a9146064794e87b832267b7dda6fece072c692e0bd3c88ac;76a914f63ef11bc43feed76375efbac977ee9ad09f2c9988ac;76a9144dff2d6cddbcc5a4b712b0d49a7e1b69f5bc555788ac;76a914fa12f5fb7d320bfd5c61f55db12cc2758d02a82588ac;76a914345216185a3da81848ee1fdc587067cfc663aad988ac;76a914175921ee734bff7ac37880ac5a3b90b77401e1dd88ac;76a914131ff6b5ac78d377f9e16959a285423f442ce06988ac;76a914c17600f6c81ffb1ba0ece3218e65b352d35409ba88ac;76a91449b5b351a5f649ee278c604696abe08647d5b3b788ac;76a914d54804da3e32dffe6ca6be97291f3c76e62040a588ac;76a914b08718a12060effdb254713e113a0d64c361825088ac;76a9148e49dc353c3d09ddd992925066a80486ce79a5f988ac;76a91406b38097c8d45bd1ad184e0e57432b9ee3698fc188ac;76a914867bc0d72ef2405a457a4077c45b14200d3d975a88ac;76a91406b379392a3e7bba0c302d3eaf1b107631bd1aaf88ac;76a91436dfd99d92f13ab5d07ecbf3b4b267fd8c41b37788ac;76a9144a9936bd5fa285d4e163603458603a40319edd4988ac;76a914519e1105baf7bd5a2f72ddc5a95d7c31321b058088ac;76a9149d7ec767cea1a4f3d0de81ee223d00d91555138c88ac;76a9142a7c5779b4d580794ca7842cd7d17843480c951788ac;76a914264dbbbe604715044be6913f1b9bd43bde29c82a88ac;76a91452c7f530e51421d866e2c6eac75f2a50124468c588ac;76a914daa900c6a45f873a8a28b61df710be107d81cd0288ac;76a914eb51e40b5f2177d8780472f3d6754e166b96480e88ac;76a914233a314f8a0b9d58554bbb12355f92f7cde2042c88ac;76a914139944a7a7b21047a6b7b414f53af0915703bee688ac;76a91406b3758958cc09513f48b20f0c829bdbc32e291d88ac;76a91458a5111a949d4432627076d6b724e5a09fc0b37688ac;76a9142cb970c3fd016fe1cd7fec57954d65c5871c0ec388ac;76a914765a8a97074988f0a0d09e573b900de583e0162888ac;76a914d4625e6cfc9bc50ce241dd85d945871121bb5b3188ac;76a91406b379397665a96e99be0307e1a580589c06446488ac;76a91406b37938bcd1585c2b78ba43531f9a9537c9050988ac;76a91468887087f2631025e6e122ba9744d84cdacdc73388ac;76a9149d83f5efb3fd17bd6904e4787109403556e7f60f88ac;76a914bfe33e9547aaf0eef76b5b4fe84aa7937284252388ac;76a914698e484dea16cb5f223f97807987c53ff237ba3f88ac;76a9145399c3093d31e4b0af4be1215d59b857b861ad5d88ac,,stale,VALID,1a09ae02,,,valid_direct_stale
devcoin,validated_stales,data/devcoin_validated_stales.csv,29,stale_only_publication,repo-data,41717,,180013,000000000000068cc91c704e12031841f8579a572a0f46a7e528fff494166e73,000000000000058681a4211a2d3f3b7d298cfa9fc7f9a59a0ef312ca9b88d43e,1336941060,1a09ae02,2273858576,010000003ed4889bca12f30e9aa5f9c79ffa8c297d3b3f2d1a21a4818605000000000000f75c760d70f6e8e8bf888436c816a885c119350faa844f599e0e573486ab8441041ab04f02ae091a10548887,0f00456c6967697573004fb01a040714fabe6d6dc9246271ed3226fe9f3e4f0ed68dd9ab4137a7c618e2fffd18e335cd7dc9835c0800000000000000002f503253482f00,76a914087b1974b8f9a9aee84d9ebc8705546e0c73b5a688ac;76a914a16586c46ed9d5e3f168681eab18ec6dd244360188ac;76a914db1ce9bbca43a9ce9d9a38822cd6413541e8c35f88ac;76a91458b4b7a3bd28d1d469ed7777165eda722700c71088ac;76a914c1e5011ae11f7fb0eaa061719e7499a4b7940c6588ac;76a914009c8ce2dc4ab207553bb1f4c6dddd940d5019fc88ac;76a91449f283b876a0952ac8a974d4e17bd1d82893929288ac;76a9140e837dc0a0306c00c67e55a39a87359a2e7cc0cc88ac;76a91480d9db836764688c1317808e5c62fbbcaec662e788ac;76a914eb51e40b5f2177d8780472f3d6754e166b96480e88ac;76a9148a87118abccc5418d625f70303efb1f0ac7c5b4588ac;76a9148c819c1b34c61f988df267e00e062cf2713138cb88ac;76a914131ff6b5ac78d377f9e16959a285423f442ce06988ac;76a9145a0ac7f4bdf453ee21159bb987d654427e4c8f6b88ac;76a9140ff1bafb167b28c933e9b822a16c815997567b6f88ac;76a914f073ee3da56501149af4fb9504fd0e030f43ff0588ac;76a914e7093805e2b766448dabe64d639b6e0118611aae88ac;76a914230e5ab03fda4b0e3cca9e124785398aa141781b88ac;76a91436dfd99d92f13ab5d07ecbf3b4b267fd8c41b37788ac;76a914416cbfcb92de35bc70d475ee0f9249dcf4ca8e8688ac;76a91434ca5269f6309c597efd0d543649515d3aae5e5988ac;76a914a1be525c3a08915b5cf58e397376d51269abe80a88ac;76a9143919179e77601a3a938bb6b49418a943a0e2382688ac;76a914536c0bb05959ecdabd5de6db24329430428eb53188ac;76a91476ea1118754fe1c7bd7e6e5a3bbf0a58bb50793e88ac;76a9147805ac7f34ec6f29563ee2bdf2369be7b79c4b9988ac;76a9140b700f7b55a6b69f5bbd6c42142f842f09706cec88ac;76a914ad2abdb48376b857b47a39aba1ebc478853ac51288ac;76a914d4625e6cfc9bc50ce241dd85d945871121bb5b3188ac;76a914185fb561494e8174f683efdead0b8838b148e88388ac;76a9145399c3093d31e4b0af4be1215d59b857b861ad5d88ac,,stale,VALID,1a09ae02,,,valid_direct_stale
devcoin,validated_stales,data/devcoin_validated_stales.csv,30,stale_only_publication,repo-data,41775,,180072,0000000000000597487c914c1768f9f93099bca1b6fb7190076b68bd5319a900,0000000000000821e9e6ace77a4b2ceef81b47303c9f9af2bd852d9936431902,1336976496,1a09ae02,30270830,0100000002194336992d85bdf29a9f3c30471bf8ee2c4b7ae7ace6e92108000000000000f6c8a87e52f77d4a76355162d86bc2a919e1c92b326086c76d8f74d113bd294a70a4b04f02ae091a6ee5cd01,0f00456c6967697573004fb0a46f05e8fabe6d6d74e5be02f2d106783bf4bed5655b19d5bd14c10d91fa03757b48b9aaa28dd4510800000000000000002f503253482f00,76a91481930295f65070d379a61af8dae1b460ad1120f888ac;76a914536c0bb05959ecdabd5de6db24329430428eb53188ac;76a914d256192cc6e0c39413b102d6de6c71afdfcd96f288ac;76a9144936ad22405ab06d7a830b4e9e61639b353c7c0588ac;76a91465f70a0a3678ced179335e3c4cdd9c3bff6623c188ac;76a91490026b0f6881f1af1feab196287b5173c62e6a6388ac;76a9144a08231d1e98824190575cd78f437318b05539f988ac;76a914c3bb022a3007926975d44ffcefe467eee21410e888ac;76a9148100611dbf12edc07269911f70a44af932bcb90e88ac;76a91429e1f54efda11b27c5a7da571c9b5c33e97bc74188ac;76a91438f00a3d1fa8778533f6c29c250f61f646c27f6088ac;76a9142d04709cd5f172fcc9916b77967bb034e5ec8a8b88ac;76a914c4525409ab5ff9a9c6fe4ffe25039dec96f9fef488ac;76a91407c72230d9e5f8c49e1fc8f6cb07951def37ee9888ac;76a91431b222a8c8693f542b86bc8b5d4008a4fecfc75a88ac;76a91460843359ad45991482a5c91fbfcaae948fd1521d88ac;76a9142f9df4e19b8473b9345755e29829e801baba01ff88ac;76a9146c24516d3f3c68e4993ce348ab503a3255e34eb488ac;76a914874d07466d6272523a30a7b18d672e95be5c96c988ac;76a9145399c3093d31e4b0af4be1215d59b857b861ad5d88ac,,stale,VALID,1a09ae02,,,valid_direct_stale
devcoin,validated_stales,data/devcoin_validated_stales.csv,31,stale_only_publication,repo-data,42034,,180334,00000000000005b2c608d2e7bd7651b1132afd1cab20061ecd92b814d7ae619a,0000000000000144442e8dc02cab9722cbc6dc6ac77f1afaa7d08c339b839f6d,1337154243,1a09ae02,910718784,010000006d9f839b338cd0a7fa1a7fc76adcc6cb2297ab2cc08d2e444401000000000000fc108871cef666768bdf21d65d87b2a2acae3474f664165c631840899354967fc35ab34f02ae091a40774836,0f00456c6967697573004fb35ac10e03fabe6d6d7bf80c2eb5e1901c25d3f0049e090cb04e9abfa454f2593e0b9181309e3c25e30800000000000000002f503253482f00,76a91406b37938bcd1585c2b78ba43531f9a9537c9050988ac;76a914f30cedda38b0eccc830d7932ee80d19a16b3fd6e88ac;76a9142dbd943fa4480987fba00463944234550a6d94d188ac;76a91428cacb8606d9601904c2853465d675a1e699d93f88ac;76a914973ffe094ad34eb281fbe19ce2f81ac64f63541c88ac;76a91406b379392a3e7bba0c302d3eaf1b107631bd1aaf88ac;76a91406b3758958cc09513f48b20f0c829bdbc32e291d88ac;76a91459642bdaae1876d7badd7756fd26cf9c3a6a074988ac;76a914c73876a5e5978d29d6dff69e61633ef14ffba2e588ac;76a91443f125dc99c2606bc49ede37da7608e559c09de688ac;76a914fb8d2db78d9e590a21bee08dd925e52cd7a44ee888ac;76a91406b371da1d320c13137c2de1ab220ecf0900aa1d88ac;76a914afa3c2085b65e5c5ceb79ee75d892439750df0ac88ac;76a914ecc3ae3f07401ae7d06178d2682b6c363b8bbac288ac;76a9147ef78913365ba4991bc3293e26f74387a5b0f78e88ac;76a914d785df31eaf070be3482390a3a2a0fac95768f7188ac;76a914074221d2eeb1c1de61c24d28cb75c4d9dced5fb488ac;76a914559d6989c909b59b20bf10935d052fcd63daf86e88ac;76a9145bd74b00cd20dfebec1161c9dd98dad8ca09c57788ac;76a914b9ecf0e2579a08864e4e3fd9f6a861fa86efc79388ac;76a914cf4870debb2bb91753a48d6474bb3568e779d90188ac;76a91457bef051e091ae2a79bcec646427a9bc1c88712788ac;76a91406b38097c8d45bd1ad184e0e57432b9ee3698fc188ac;76a9140ff1bafb167b28c933e9b822a16c815997567b6f88ac;76a914b637023ed87d84f255f62f7a876834ba2e09f60f88ac;76a914ce911a964475c11ebac4c21ddd484eddc9e7461388ac;76a914c3a3980e0d8c8f15a30d61dfb8d329e27cea08bc88ac;76a914c1394b0f20f0dfd1bd9f6ace3b046efa6f56c22088ac;76a914e7093805e2b766448dabe64d639b6e0118611aae88ac;76a9145efe424bdffdcc0fb297cd67dc15e863d3f9e42f88ac;76a9146552220b602a6df18899e768f8af716134f0370c88ac;76a91406b371da8a8292f07da1a5256d143d48d971331888ac;76a91416bcd41100d860e1e7b9d3ea2453f06f58fc1d1088ac;76a914139944a7a7b21047a6b7b414f53af0915703bee688ac;76a914a6b582dc4ae726dc769ceec110f48c859f12e30688ac;76a91406b3793908c3719cb73834c17a0acd47427d0df288ac;76a914b841a301cb0f0a3601ae0312ca6b7b4432b8c2ce88ac;76a91458a5111a949d4432627076d6b724e5a09fc0b37688ac;76a9140d3af2726db63d7372eb29ad4006f85bff1f95f488ac;76a91413ad507e0436b31545d3cb308c9fa3b306da709288ac;76a9143919179e77601a3a938bb6b49418a943a0e2382688ac;76a914c311c4a2ccfbcb02dffedf0a3f9d933ba24764a588ac;76a914bdc8359f2f3ae6444354c8020536bac4538e882088ac;76a91406b379397665a96e99be0307e1a580589c06446488ac;76a91406b371dac20193557f4e4296e36714d120461caa88ac;76a914c5293f287a1594877ed0f39a87e5fb4a26a5c43688ac;76a9145399c3093d31e4b0af4be1215d59b857b861ad5d88ac,,stale,VALID,1a09ae02,,,valid_direct_stale
devcoin,validated_stales,data/devcoin_validated_stales.csv,32,stale_only_publication,repo-data,42391,,180689,0000000000000181874b5e5d6e2fff0c9233b0df8fdfad37ea1fd1961d27a91e,0000000000000485957c8d444094dc8a4d96ad2e402e2f57b34fcd3ea5506b3b,1337386707,1a09ae02,2629728086,010000003b6b50a53ecd4fb3572f2e402ead964d8adc9440448d7c958504000000000000906944f3bc15fb2d324d7ce6dab4319a8922b2072bbefdcbde0b44cd1885d526d3e6b64f02ae091a5677be9c,0f00456c6967697573004fb6e6ce06d9fabe6d6dcba227519ebdac4ede22e866fa3c3c7a3d468a7e5ad107862b48df61c8fcd4ad0800000000000000002f503253482f00,76a914db1ce9bbca43a9ce9d9a38822cd6413541e8c35f88ac;76a914be00333c4915f72ea0b2fc6a167e980cfe660af288ac;76a914fd3959a583fdf488e129827634591eb2013bdf0d88ac;76a91449f283b876a0952ac8a974d4e17bd1d82893929288ac;76a914947ed6063d3e74bcb406ac93d99ba32f8e6f1d8088ac;76a914e552727114dc07a917b0d76e46dc92f2596cf84388ac;76a9146c24516d3f3c68e4993ce348ab503a3255e34eb488ac;76a9148fd9cd1b618d5b9873069544576bb9030fbf78a988ac;76a91407c72230d9e5f8c49e1fc8f6cb07951def37ee9888ac;76a914b9ecf0e2579a08864e4e3fd9f6a861fa86efc79388ac;76a91475bd605cc2ee3974d54578b8af803d0a9351df4088ac;76a91431b222a8c8693f542b86bc8b5d4008a4fecfc75a88ac;76a91457bef051e091ae2a79bcec646427a9bc1c88712788ac;76a9143ca1270180cefa1c84f0faddba435d87811d6af988ac;76a914f9fe6c72942f26697560a11e0b8fa8253ea1216c88ac;76a91490026b0f6881f1af1feab196287b5173c62e6a6388ac;76a914e7093805e2b766448dabe64d639b6e0118611aae88ac;76a91413cdf9562fc9abc2216b019d2a7205c9ed54c9de88ac;76a91465f70a0a3678ced179335e3c4cdd9c3bff6623c188ac;76a914bee94ff6d322dbcbb7a185c269cf2b494753560288ac;76a914536c0bb05959ecdabd5de6db24329430428eb53188ac;76a914d256192cc6e0c39413b102d6de6c71afdfcd96f288ac;76a9146f9fafcfbdd827c86c23a35f15899eafadf86a4288ac;76a91425889f4b84e8e396a7cc200dee6b7eaa825e04e888ac;76a914d9467d935c404757dd3acbf6e8a9ea42a0f92c2b88ac;76a9141f055a6a3c9dbf8857c366a6cd43a34c1f46ab7e88ac;76a9144ddb6e9c50ce236b24884859d9aef166abef649688ac;76a9146f319511eff679bf972518d810cab0532df9200388ac;76a9145399c3093d31e4b0af4be1215d59b857b861ad5d88ac,,stale,VALID,1a09ae02,,,valid_direct_stale
devcoin,validated_stales,data/devcoin_validated_stales.csv,33,stale_only_publication,repo-data,42606,,180914,00000000000002ef88e92350a1f7d790125ac34ab8041831fd4842dbfc9fc5b4,00000000000007800fd54ad7ceed9b28510c9d6bf137a1d1750e24ed61ab0677,1337526598,1a09ae02,3260329498,010000007706ab61ed240e75d1a137f16b9d0c51289bedced74ad50f800700000000000032ff9565a595c6a86afaa39a957ef26e91232e45a9bc56bb97f29de43ea5efa44609b94f02ae091a1aae54c2,0f00456c6967697573004fb9093e079dfabe6d6d0986d35106f382d1d67b375972007f82941f7670f4bc6c0b8bcced5dcae0a1410800000000000000002f503253482f00,76a914cb33057b4c93851a5fbeb3c8e4db30576219793788ac;76a914b6976a461b57bef48ebb4d57ed05b56f29a542f888ac;76a91433b7ffe3c32d0305e501f81fabb4ee24eea9bd1488ac;76a9148fd9cd1b618d5b9873069544576bb9030fbf78a988ac;76a91414d5a6022e55dfb991891a62a0e74ac7698554dc88ac;76a914523f0f0d1d620b019e299471e9b0446fd552064688ac;76a9148298f6678564ef74396f99fe88cc24dd1aa6eada88ac;76a914e7093805e2b766448dabe64d639b6e0118611aae88ac;76a91414043357804a8794f5073bdb88c37adcf4c1440b88ac;76a9141763804afd45d8c782f16557632dd812f7259ce488ac;76a914bdc8359f2f3ae6444354c8020536bac4538e882088ac;76a914c91252c87b6940496c2f621e0cb69d5ec5043ed288ac;76a9142e2db49352376d7768d307d6d567a3b448ef577388ac;76a914947ed6063d3e74bcb406ac93d99ba32f8e6f1d8088ac;76a91424b5e13a008f0983433d2d10ee3143a5f4de56ce88ac;76a914f7d3df24e80f101b6e3d7ed82e555c8d9758f0fa88ac;76a914c38551f327276434cc8a519a072c8a5975ece34b88ac;76a9145399c3093d31e4b0af4be1215d59b857b861ad5d88ac,,stale,VALID,1a09ae02,,,valid_direct_stale
devcoin,validated_stales,data/devcoin_validated_stales.csv,34,stale_only_publication,repo-data,43180,,181492,00000000000001a8ef912df01104fbaf49a658405c1203aaba9670e1e5e43fe6,0000000000000127e1279723ea03806489a99f6cf39ea3e773bda314d96e8772,1337921278,1a0a8b5f,2838702734,0100000072876ed914a3bd73e7a39ef36c9fa989648003ea239727e127010000000000002202d399662eed598cf2f859fa95c4a06489375594bce9331efa27057f66d591fe0ebf4f5f8b0a1a8e2a33a9,fabe6d6d93832f8e464e1175aa27ae9a73c818055f4de21fce829a0b55a8615533e4b9a40800000000000000062f503253482f,76a914e75c0a4d431629abd09a64ef76739510e560c75288ac;76a914b028b1d35cb47a221649bd0e669610ef8b7e3d7588ac;76a914e20bc3eb3c536a951d87bac0989e32118a8da56188ac;76a9143474072c16eecd7aa5c86f883704624f7a8b849388ac;76a914b8d0f0c0b1bdbd617f22dbdf519e08755715356388ac;76a914cce7ddb26bce4ce24375692844b825f7476bd8d688ac;76a914eb24b0a111784ae67d465509cd852140ba66eb2888ac;76a914482abbed049cf6fac24de223002510ffc38413e388ac;76a91494ed80858686f1d55fecd89ed012a260464e931388ac;76a914f9b0775ffb55b91b46b95e2f0bf14b1c66756a5e88ac;76a914e349addc2e673c575e1a517e3ee68ef95a5dc04588ac;76a91419f940ea118a0cca01f01613f616ce2336c5bbd588ac;76a9142d20dcc9899f0a670ea464b55a48f89627bbefd588ac;76a9142de7bee833f90bd22f4d0d887fedcc430b34755588ac;76a914f7e0a3b6889f3ae6991a6fc97c0f4284b8b8d6d488ac;76a914fa42bfd7489a301ecd6ba9974bdad44e69091b3388ac;76a9149d1f7e94a069768d1a400cd008eb9bfef87eace688ac;76a9140e270d5b535ee7267520bc582f07892bf0e10bcc88ac;76a91444882069227c82ae027ae2456ae63d7347ef6f9788ac;76a914f952df526125e8073ce3d53bc918d6d10a10b52b88ac;76a914a6ce7ec277bd124269255d133c6009d37b07141188ac;76a9141df72181150cbf54e0a7a496975e9f7c64e3841788ac;76a9146685f0c9c4d9b89f56997d028c5b0fc9788f8ccb88ac;76a914336d7d0d979311d9e9a3030cacb096d1a3845a0988ac;76a9140e58050741897e1b5814df534c4d3a609341243f88ac;76a914f5be4d5ec4957f26ee629b9a768598874a36ef1a88ac;76a91400addb85fd3939406c00d495deedf5a5a868f06b88ac;76a91458a08ccf0fb238718d3904714000b17a81f0060d88ac;76a914884364dc2c276009214ac869d60a2f7ca562b0df88ac;76a9141dc79b2c61ba9e2381fedb4a63f54ea8cf950fc888ac;76a91406346c4a74b9ba1526b92d50d016205e985fdab088ac;76a9144d050fa8ad63ffbe59fe12bd5620fda906f031fc88ac;76a91448d3724b97f74205c878508186afc1d34547bbdd88ac;76a914c3a2f3551409af20a481ecfdb03fd2e3848343d588ac;76a9145119ed947c850766e6cf4460aa03511c0f56546088ac;76a914cf70f86013e29f133fdcc3c602e034338a19a90d88ac;76a914e5f0fa63fec79a66f3c4f326cd748d91b1e2a94888ac;76a9141a918ef908a426179fcb266220e5dcefb81c264088ac;76a914e8b915b82ece7ad4dca24bf1524507b04e0e95c388ac;76a91481c45dab01cd09e538486762704eac376c2a407588ac;76a91446e5ef2b0da687a32da9b7df77903e4da2dfb78388ac;76a914fe8548ba52272233428c51268aca61f8b7046e8688ac;76a914096095ff8e5e7979d0c8fab3f56bcffe37aed93188ac;76a91467384fb32cb473d7e1c969b7fcd673633430d57788ac;76a91470975478759bf39d5f50cff56a7eebe7c918468588ac;76a91407f021706161902974f6d62eec4612a77ceed20a88ac;76a914044ce4661a426460ee298a4fc0be56d9531cab3688ac;76a91426bad6b6f1079452cd954471d58a641dcd20abb888ac;76a914b5254e0b21b87301dde18f99a216815a555ca82a88ac;76a914654a6c1d1615ff3dd9832e37f55ebbf29f165b1d88ac;76a914a7eeccb58287bdb1612abb137d6a1629607e97a388ac;76a91436c1b0cfc8081d98e0ec1682af913757ef71679588ac;76a914adfc4367b204d75386c83775e97164b987d9297d88ac;76a914d1c5b01f87a57d71da5b2660891d2a9919131c4388ac;76a914ce686e8435a4f90896eb42fed5d0de483b21ee3b88ac;76a9149e7c992cfc45cc45fd1319a2693bb1c87613173988ac;76a914c2ca379f8b2f25bdefe5670fb46ef604fb313fc888ac;76a9142b1d993b40652df56df573eb1ede526a23d8ecad88ac;76a914f2fddd5a35349d78648b0d88053b3b08fed74e2e88ac;76a914ff85800ad6297e8ce459a04f6746477dd01f570b88ac;76a914f9c2d17ffa9ba5cfc5ca3fcc90cdc76c479ac5c888ac;76a9142912db83f350e3f3be2aeda741a4c66bfeeb1a2e88ac;76a914f1a28ae056ffc7c3d67f3e6db0c30a073cfa7ffe88ac;76a9140100f63bc3f4c363c157e183da71f235ac4305ca88ac;76a914c913c10219281f83568788149c2407a20c843bd388ac;76a9144ff8472b4bf4482dd19dd530e8f6bae3c337241b88ac;76a91498359a095f346b19347a29b3ae7d467512b1a96788ac;76a914553a6dabacb3c25d711bf3cdeaa3891ec481227688ac;76a914c29ad49c434362cb2482968fbf00a4ac7abfb61088ac;76a91458aa99f298e42f7b68b01b964ae992e06360203a88ac;76a914093064e56638d7d2b7f122d073f36f2adbddae3988ac;76a9146deac45b7f3c9c1a44a6c159286b74fc67cc0ecc88ac;76a9145479d3a0114c8cddf9db7a9968c2080310099b5188ac;76a914161199f7bbed0222b94d03dcdd24b15a705f5f1188ac;76a914f61574714a2ddd0bd44601e7a5be3df2ffe0f05688ac;76a91451f7cbd735794a92c676aa9f4acf354f1693338688ac;76a914e05469fa2c0252b260b6b933ff0bee040a26e29688ac;76a9147fcc2253397dcf99e698167d18904a06e57e0dd588ac;76a9144975703dc910107e2cc1321e632d136803e218e888ac;76a914775e5a64eb13041a3b1191ceac7cd192a61fc9fc88ac;76a914ced2d24d8f9a12afac41ab4ac2aa3dccc5c2412588ac;76a91404a64323ddc9c0385aaeebe53eea5c8f2eed6cf588ac;76a914b9cd78ee6d1331f37a6fcf1bcebbc46b5995d5a888ac;76a914f19595088875fe2c80a118e4c7e24a82370cfd8e88ac;76a91421bd2c39039c8d2fbee1bd069105de8599d9c26f88ac;76a9147b78fdbdb59180d031ced94791e07db1f57b6f0d88ac;76a914cf2013b84b2fdae45d89554268635a76a4f0e8b988ac;76a9140a57e95b1bf862cf3c03b1c12e602f0442ba71fb88ac;76a914e1fe17adaba3338ec693468fc797662b005deb6088ac;76a914f7d53874ddb77124f74742d949a23d9ec5f31c3988ac;76a914d090e2629917fce83d517b22f65b1df732a7317088ac;76a914827b7b5bc4b1e48fe51e1c451c361470ae4318b688ac;76a9149543b150b7f9d1efb27761b72d027701f4f22e6388ac;76a9143e9e24b602b382961357ed807eda5445d080678488ac;76a9148c9360e25a76046c63816a38476253821850035588ac;76a91444ee365dc5924fdb46b8db0db9f8965f1528390e88ac;76a9140aca7ad87e8ed090e2d8823028ea1b2253f2db9788ac;76a9147f76ed0f250d98df17ddcb127a6f68e62e9e626e88ac;76a914dbc2a971488cd942f46f4b852cc165b2d87fa03288ac;76a9140eee34af8a80daad711b52520a960eceb8127aed88ac;76a9147f92bc474f4d80ac06c8f02d57915bf550c8447b88ac;76a914aa19c3daf361b17205f46fbe0ccb526c5a9d84e888ac;76a914754f36491050c2cc39925b15182e0af97c9f724c88ac;76a9140676d03b8b826effc748a062241fd861f4fab58388ac;76a914c008f4c184c98d0647002af1bd47511a4017dbd488ac;76a91464eb5bbd8ab5393cc2e22e07ed63d6ebef5a8e3888ac;76a914e295305eb7e0a8e86f79fd0c5125a1b5c44c6aa588ac;76a9142c650982e58823724e11517306e8de65b0bb67d788ac;76a914c52c18005c5773e5b513aadc31c8a1fed3fe7ad588ac;76a914f770bd8837733b0e33eb0817ccc087ced11901ca88ac;76a914b59e43784f4d3d2e2535396d11ce80db7cc561ec88ac;76a914ac29d7fa0bdb2a63c7f1a28dae32895607f45a2e88ac;76a9148c696cde3168a956d7cb9bdeff6d17b3c534eba988ac;76a9140cb6f1c0e7e968a543379bb5ce61d388c127a94488ac;76a9147c5bb43936e3cf534581664fde3aa9c7ad38a28088ac;76a9142262fdce435f8eff2d28069516eab69ef440fa9a88ac;76a914719ce3de262bee3331ec56068bf9e4f334c1f66e88ac;76a914763f533bd3572d668fb259b65a185813750ced8f88ac;76a9141cf73ca7f2075df1984e91a57983aa75444de0be88ac;76a914309467cf0306dd5a9d782132ae020215cc6a3e7e88ac;76a9144b00b8e49ec20c14f753426e8f0e3e42a5104b6e88ac;76a914af321ff46aa4a569b7902bf92a66ca0f1c5446b688ac;76a9140dc1bdf0a24afe3830579cefd8f42edeb8ee3f1e88ac;76a914ee3b1fd4dcea91460a2c55ae8193d6e4836717b688ac;76a914d1b47911a42a2d1c4d26c42a1b94ba626780e86288ac;76a9147c755030e4fe6386a9cb7aff8d6b3a5ed632d7ea88ac;76a914e205b664ff00fd8be0a78cbee242d60f83af69e188ac;76a9145ef13b4a9f078b7b807d414fc3544196b567ac7088ac;76a9145d79c60441d02be3fe14028982be5ded8b8f283f88ac;76a914c0bf4808134fa30badc06457c3065ded42494fb688ac;76a91414735795fc29fe3fb0983be8218fed6eba84c5bf88ac;76a914444d9c6f323cce2424513849b85f1549ab1f789088ac;76a9143a7ab2cefaeb6345aef29bae00530548f65bc3fe88ac;76a914dd7a879a2330eaddbff7ca726c4f35442e9ba3fd88ac;76a914d28e1e827c4f2ce5af3a57adae0eaf99b73acd3888ac;76a91475491129d19751d0c0e984b510feb14467523c4388ac;76a91411a8919854547989c7338b01634c77fc4b3c8a1e88ac;76a914a460150efc3818e11f28d96e4ae69b1c60d77b1a88ac;76a91404947ccb0400df80b82d52026cd3e6ea6a47412988ac;76a914f8f522d48137b10b0db4b4b702ec0e8936f69b6688ac;76a91480207c9f445b47ec5e2a4607861ea2d8fd87718188ac;76a914e2561b22f7f00045e6dbdfc58cf26d15397511ba88ac;76a9147eb1aff02a2b79c7ec436371c97e40dacfa2191888ac;76a91488985e1db043de28fbfd10eb347f3b070882b8ce88ac;76a914a5aef750d2240b740172e349e7a4eb6ad2b608f088ac;76a9148788d4489e1a43578a6c0968b0d8f280be6ff16c88ac;76a914dc8b7bfa664a3f1e6fbf1912387021607500224688ac;76a914d20646b53e3fe6e2dd53451c60920e920e6ef5de88ac;76a91461e02dd998e188193288e7744f9775f57314a2d388ac;76a914b9b9635221759445acf9724e3fa42a10623c815e88ac;76a914d2236f9f3440b372ff6b82adf163497207544a6d88ac;76a914e8c1fe2df2ffb21bf2109a335ced56836985f76688ac;76a914eabe80ff2219adf238cee601eb86296760534d7a88ac;76a9144a54a287afa5d094f233846407fba86b19dd84e988ac;76a914afaa77471e0dcec3f4fedd39e667737bf7863d8988ac;76a914b5256af108d3004009075175d0ffc1d3afbd807c88ac;76a91410519f2852d61880aa241691187df0a2fab8631388ac;76a914a2555d2d1a9702a9c550c09e61d6573c510cbd4d88ac;76a9144a2c6899eb4b1993bd348241abdcebf93dd0e25d88ac;76a91468212a9bc5becbc88fb79c69e72a55ef80049d1188ac;76a914bcf82a713a320942ce47e073787b48e73ed21bc388ac;76a914596c979cc90c686cbae454d1da79af87e724ebc288ac;76a914013695d813960149bec8bfe754bfeb48c562a96688ac;76a91495ab2e374619aad24375d0e374ee697e9075cb5488ac;76a914d9f4097a319c5c7d7ca9024776e84ac482fa127988ac;76a914d60a86e3722e05fc1edde4b3f18bf37c133169ec88ac;76a914ae84e741f3242a9e211bc36ceebcecff23aaea8c88ac;76a914838151b12bbba4e843aa878ad4cabea5ddae016488ac;76a914730f40ca59fa6c61a140ca07db33f33c143a649488ac;76a914647484ab81427b30333eeaae714ba08a0980a83288ac;76a914015dbc353e51ced0794cd834666e715ff649ee6988ac;76a91458624438e431f9f2c842fbbe6aaf63e3825f4ab388ac;76a91418a99959bce205725051f5ead31c4b88379a4fcb88ac;76a914f6e0922bba9e98e0fbc08543c606bf9a9753afa788ac;76a9147390fb662532f6a46f049fa246e23db8edd8cf6b88ac;76a91488dd4ea28568d6b1de9381acdf81320f960c84c788ac;76a9148171f439c65048b53b286b58f442f988ab0ac3ba88ac;76a9145ddc2e5fcb7ee2ca87a4c87716cf856aea60073588ac;76a914c168323170c52e9a28c4b069da735bffe8d651ab88ac;76a914580d858c05806ce0a0c4d5c725fe70f95aeeee0688ac;76a91489ee15a0ef1f1ad8828e9d5db115e8019a82ed6e88ac;76a914107ed75084c97e366c588ca6fd73c7b0f23b49c688ac;76a9140af27cf6a67f19572ab58189994866937284e13f88ac;76a914f025c7c67f6b5abbfd852906b6abea1f557ff75088ac;76a9149e964bfd4d25ad4e168b50f86ed2a2f32b5203fe88ac;76a91474e9c92f9f1460a1d12c97b26c96dd2d7000f12388ac;76a9148fad8749ef8651f3d87f6a5625798d677bf06a4188ac;76a91401f3baf2ce3015e7861903bc20ac9956acc6176788ac;76a914160767ea477550a19b9fbb7d91cc3047e8adac3588ac;76a914f6cb30d2bbb02fdd0f622337fc66f623add6652c88ac;76a914f2938370bf588930a231c5def93ab4cf3154575588ac;76a9140ff716e46090abb52d53a62a38a27fd0b17d45df88ac;76a91466d60d45b8aa75b88fd1bb4d8b8a7950950dc6e588ac;76a914188ae4c5c9f09bd7deb65dd113ac5ebf50207bb088ac;76a914538790f005572bc8666fa3c80e3cb07211d4ea4a88ac;76a914848777c55f2caf1e5576c563eaf7a4f14e29814d88ac;76a914b9da86dbd68e9b9d7297de2b706c65a0cb41cfad88ac;76a9149b0551defdcbf45fd256b40557bcfb90d39ba73688ac;76a9149ef0d190d4e5ebb2f153ba2035cdb65b6ad3a62c88ac;76a914da9d212e5e9b73b9cde342793aa21f806cd8ac4488ac;76a9141af88a1841569c94c6fb277cab26d635cfd6b0b788ac;76a914ba0b189cd808746a1efc9921665dfcfe301222e288ac;76a914faeb176dd2321e0c73e4276fbda3370507750ebb88ac;76a9147db536ce753378064c58ccc9cffdc222626fd0f788ac;76a914c03ad4624c47049467745c095d17f29b95db8fef88ac;76a914a82afdf9e665b3354ecc63d6b6a21b5073b1d6c188ac;76a9140e395d4568e071968db0e8e775f891021d4c82f088ac;76a91422232ab8c430f4bd1c2520f6a46b4d7fa0a90d9988ac;76a914fa183499bcf8cc1bae1763cf50fd61f9601ec83088ac;76a91427cc7e0def9fb434d51d98ee523bcc1e7514390688ac;4104ffd03de44a6e11b9917f3a29f9443283d9871c9d743ef30d5eddcd37094b64d1b3d8090496b53256786bf5c82932ec23c3b74d9f05a6f95a8b5529352656664bac;2000434f5805c40851f63b6e1097efdedac639c56186622390de4571ac68b3bdd8,,stale,VALID,1a0a8b5f,,,valid_direct_stale
devcoin,validated_stales,data/devcoin_validated_stales.csv,35,stale_only_publication,repo-data,44290,,182687,00000000000002cf7ea6652f18b07544b26388e7c32a5c62bb806b4770f8aa21,00000000000004af79abc08ae27f79a7a1b1b7e9a6a3ec1121f706f93770a71e,1338653569,1a0a8b5f,1537598512,010000001ea77037f906f72111eca3a6e9b7b1a1a7797fe28ac0ab79af04000000000000e59af82ede28de2f378b48bb4f6a593b677075587de86e93c3f87219cfbac391813bca4f5f8b0a1a30e4a55b,0f00456c6967697573004fca3b7f094efabe6d6d3117926580e1fd05124baf6a7261c70e0339ccdfb55f2cf9ee6beb0775818d580800000000000000002f503253482f00,76a914b4b4d5a1ddd91981081e31457abdd56529ce0aff88ac;76a914db1ce9bbca43a9ce9d9a38822cd6413541e8c35f88ac;76a914be00333c4915f72ea0b2fc6a167e980cfe660af288ac;76a9146c26e5341b9bf3c182905dbc7aac389faeb5231b88ac;76a914bdc1d9377bb3cb63709443645f8656c29389583988ac;76a914de2be2d0071b124b3dc9b9228fcdd07bb07415d788ac;76a91432e9b63db5ade6c81433fc1f3386d2a9d61c5ca388ac;76a9146a483671974e73e6fde58ec88e08a2e3bbb79cad88ac;76a9146692cce99ba078578ca8b50e5f8291212ba2998988ac;76a9147a69b482fd27bb9bbb37c0e731229f52dcece14e88ac;76a914a440d0d2acf3231ca21afe0c8c9f4f683fcc2c8d88ac;76a9147477c22cfe4607f7783bd3b1aae07a6d54bea5c388ac;76a914612c126a1840253df9998e762036deb08209cea788ac;76a91449b5b351a5f649ee278c604696abe08647d5b3b788ac;76a914ba85dc466140d3ef2eac3f7e42088ec501315a4b88ac;76a914c7165f7aac6c6844032642a65283ca117bc64fab88ac;76a914951d4f843a40d38d6fac9a9820e8a19590df30d788ac;76a9143ca1270180cefa1c84f0faddba435d87811d6af988ac;76a9148f2a7f5972c74f9e3ca274393cbc474105cce7fc88ac;76a914ccdec047ce46400e71efbf89bcd5a3559746d75088ac;76a9140b8b1591ccc63e0e13271b708c63a4a5fe2b76cd88ac;76a914133e0b9e876264292946a1dc4e20d5560013768088ac;76a914867bc0d72ef2405a457a4077c45b14200d3d975a88ac;76a914cb33057b4c93851a5fbeb3c8e4db30576219793788ac;76a9144ebf00154078a5ee78599adb4a82ce3b75709f5688ac;76a9141de57f9fce991a534c6f275064d4d3a29c0c195488ac;76a914a6b582dc4ae726dc769ceec110f48c859f12e30688ac;76a914832dccd804514d150dbf4913442b94366ec3686c88ac;76a914e76fbac0bfd72334aefb9ca4d1c5c0b4e6253fdc88ac;76a9148295ba71f8ccabbaca92d8ec119d63b62fe2e28b88ac;76a9148c620754e10d3002764f397c4abdb14d91e4b32e88ac;76a914131ff6b5ac78d377f9e16959a285423f442ce06988ac;76a914536c0bb05959ecdabd5de6db24329430428eb53188ac;76a914794c3c0e647018218dc5094dfbe9e1196796cb6788ac;76a91483bda292d07d607becd0a949846fa19e2a9d369088ac;76a914b637023ed87d84f255f62f7a876834ba2e09f60f88ac;76a914432c607e716ce918f4025ecd34e22149a52d66ac88ac;76a9143f0c4ffe31d9526e66d05d7a7f2822c3a1b74a8788ac;76a914000000d8594e2f2c896b421df0ecb5a713aed21388ac;76a914874d07466d6272523a30a7b18d672e95be5c96c988ac;76a914cc48bc094901e59d9f696b4d8b5c6045006bd33188ac;76a9141b5a668167837b88216cd3adfbc9d78369defb7788ac;76a9145399c3093d31e4b0af4be1215d59b857b861ad5d88ac,,stale,VALID,1a0a8b5f,,,valid_direct_stale
devcoin,validated_stales,data/devcoin_validated_stales.csv,36,stale_only_publication,repo-data,44445,,182865,000000000000056b9927de2a79893fb11803bbb24bfcc0db15156445748d3db0,000000000000035f2398fe105b9364569b0ebf40e9a9a16a0a0bad6e96c96117,1338751466,1a0a8b5f,2517375130,010000001761c9966ead0b0a6aa1a9e940bf0e9b5664935b10fe98235f03000000000000fc19cb52d4136d772555febe3309e20a81a806893c2b0df715763fb141db7dcbeab9cb4f5f8b0a1a9a180c96,0f00456c6967697573004fcbb9d60da3fabe6d6dd0f6b38c90aa4b6be55e3635cab4b5477820869ab557cefb690fdd1713471d4b0800000000000000002f503253482f00,76a9145b023e43d0e59e7e57bb6993b56b71fa66ed0a4188ac;76a914762374207b6cf7b3bb10f571e7bfb1806b04e76288ac;76a914523f0f0d1d620b019e299471e9b0446fd552064688ac;76a9140e837dc0a0306c00c67e55a39a87359a2e7cc0cc88ac;76a91477a305b18fade2b6913d519b37540bc2ed8ef93f88ac;76a91475558be8df9ab97c91c7bda34ff665a75cfa4e9688ac;76a914f170b7dc095e8ff545f500d9c494e20dedbe14e088ac;76a914216508ba38b51f1a66f4dc18bd68d674342c0a8988ac;76a914890ee1d550411d3a56f90785f0b50d32422685e588ac;76a9141f055a6a3c9dbf8857c366a6cd43a34c1f46ab7e88ac;76a914074221d2eeb1c1de61c24d28cb75c4d9dced5fb488ac;76a914a41782e93c904f6c2915c4e5b68735bc9817ce2d88ac;76a91407c72230d9e5f8c49e1fc8f6cb07951def37ee9888ac;76a914fee9421992afcf9f203e325912cc80d7c220919988ac;76a914031fe9da4181c26d2cca553f7dda520bd3c98b6888ac;76a91453d0290a46f94887b3f5a552e7ffcce5f1202d9b88ac;76a9145ccce19fd185ab4ef9064a99e7017e59e3ff859488ac;76a914d9e0367314cd1951a052e1dc6887c95080f188b388ac;76a914c4525409ab5ff9a9c6fe4ffe25039dec96f9fef488ac;76a914fed0fe092b23fa5700bb64f5ad803be3b5cae4c488ac;76a91415b7c62564484644a8af02767d41a7cb1e4dc4b888ac;76a9149bc7fd00183f8007edb836e54aaa43fa7093564b88ac;76a91406a8b9a611f9ca5955e0b653bbfd024d745ebbdf88ac;76a914b519aa29ecfdfd49abfc75567d0c010bb1ee30ec88ac;76a914d15f121295a634b9768c9afd46e9823f772b758788ac;76a91413cdf9562fc9abc2216b019d2a7205c9ed54c9de88ac;76a914ae27e4df6ee450a7b4bc3b7b45f328a8951483cf88ac;76a91494e5178f3cfc56b77f9f1c508b74ed9ff3b558ad88ac;76a914f57ea157ea3915348a2213c190466ffcf1800f3e88ac;76a914942a5ef1d1a44d2ded65e3baea9b44ccd8c151b488ac;76a914f81402cc394c7b8791a95eb7152945592f6744a888ac;76a914e057642afb9a85660de0b2e1412f16b5f524340788ac;76a914db2f9af40204e79f9c2316c043df0abc2121879388ac;76a914a3e763ba5c2c3e4997803a2bf3a5f4b336758bae88ac;76a9145399c3093d31e4b0af4be1215d59b857b861ad5d88ac,,stale,VALID,1a0a8b5f,,,valid_direct_stale
devcoin,validated_stales,data/devcoin_validated_stales.csv,37,stale_only_publication,repo-data,44549,,182997,00000000000008e7f65ce77dc399eb5dd01ad5afa6f037af79a7a0103b0d5ca4,000000000000006e094073333f0242eea1da3f5045255ca8cc52f94e63e9c698,1338824753,1a0a8b5f,2101093324,0100000098c6e9634ef952cca85c2545503fdaa1ee42023f337340096e00000000000000b89707b637cab407258c37f084bb7872ffb4527b6bb514c40a60274ee530666431d8cc4f5f8b0a1acc233c7d,045f8b0a1a0170522cfabe6d6de66023838d382bf64cf52a5f9865bc09dc87f96978f32f0c79a3c277697ea38c0800000000000000,4104078aa9d442f13a58842c2c7f90673a734f225483a867049f4e01599957b7ce5660d08b0503d0a57d95fa191363f7fe6eb5b66c3ec1504bbf0256cd0e35ed496dac,,stale,VALID,1a0a8b5f,,,valid_direct_stale
devcoin,validated_stales,data/devcoin_validated_stales.csv,38,stale_only_publication,repo-data,45047,,183565,000000000000041d007d54209eb1915216bbc7f3cc16e6a7c3f13306dbcb7cd8,0000000000000689bcd0e63243a494084a7e970ca44efd2b9aaeb4301cd68ef4,1339161196,1a0a98d6,1921593126,01000000f48ed61c30b4ae9a2bfd4ea40c977e4a0894a44332e6d0bc89060000000000000fd1392a14813d4963e2b0ffc718917746c6139cda849a7c5344c5e73466fe3e6cfad14fd6980a1a262f8972,04d6980a1a0154522cfabe6d6d19f6755d488570973c0942a4a752f348109d284a50be6a0842221b2757928de20800000000000000,4104bbbc05d8d2b03f5863788eefb3100c38118186ad7eacb7bbc1658736bc9b1f933ed7c27382edf5cb9976e509ea8cbe4fb4181c01b3040766a87dc3a367d71801ac,,stale,VALID,1a0a98d6,,,valid_direct_stale
devcoin,validated_stales,data/devcoin_validated_stales.csv,39,stale_only_publication,repo-data,45614,,184329,000000000000030200a49fd70bcc4bb988fc1dd380ae02dc5a37bd8e455fb85e,00000000000001f0d47fe13a8e5e181daa5b7af4ef2736675c694a18888dec3e,1339581412,1a0a98d6,3650115366,010000003eec8d88184a695c673627eff47a5baa1d185e8e3ae17fd4f0010000000000004d0c81531b730f4efab8d10526c4868782881cef650b1da6003c670ca126d025e463d84fd6980a1a265790d9,04d6980a1a5b522cfabe6d6d8ba5c86a1d7c365537a2bf615a01eefbb24ba114c4aa742ef043990e04d5231c0800000000000000,4104af14179ce18ceae2568bd08a7204e5bf1e63251356c9323e50ee3ab47f8b48d11a79b9cb3d3ac40ff2b05c4a91cdae464a9c66e5d41543a58f75853cb567883eac,,stale,VALID,1a0a98d6,,,valid_direct_stale
devcoin,validated_stales,data/devcoin_validated_stales.csv,40,stale_only_publication,repo-data,46044,,184757,0000000000000556136b45aab2e8af650d592a59e497fac30ffb7c4a2c568231,00000000000002f4277904693c44344d51907f84e41d8563fe77b9049413233c,1339822796,1a0a98d6,3888000876,010000003c23139404b977fe63851de4847f90514d34443c69047927f4020000000000007ae75ba970095e6bc184a5cc2ef5f65f2101001b1e976d71dc66039d9390029bcc12dc4fd6980a1a6c2fbee7,0e00456c6967697573004fdc12cc7ffabe6d6d8056161f992a11eba76f655e5fb6ddc5b930a5ba6b4c80b5ef7782478d9f8c420800000000000000002f503253482f00,76a914bee94ff6d322dbcbb7a185c269cf2b494753560288ac;76a914765a8a97074988f0a0d09e573b900de583e0162888ac;76a91418d07fb28b964fcb20e10e3c56ccc9d8b97d4aff88ac;76a914a90eab7ab3aefdde6222374236602123d77825df88ac;76a9144d050fa8ad63ffbe59fe12bd5620fda906f031fc88ac;76a9142aaa92e6608cf681b77fe6fb30c0071a12782e7c88ac;76a91407c72230d9e5f8c49e1fc8f6cb07951def37ee9888ac;76a914f2b3208121a93473628d85cd27e7cbdb5286b40388ac;76a914d15f121295a634b9768c9afd46e9823f772b758788ac;76a91463c64d97f946294945d2e741f70173ce87a27ab488ac;76a9146c26e5341b9bf3c182905dbc7aac389faeb5231b88ac;76a9145e23196f06e4355bd3b0270cffaba2344c29728d88ac;76a914f570954e625209f95150f39ef02160ec8994c67188ac;76a9140fa249cb17f0f2dbaa9e695afde351dc6b2d5fe688ac;76a914d73ff327c04d68ddeb4ae5acac0160d3f78fbee288ac;76a914ac899bdc7f7017d2814689fff6c81f7fd4dca16688ac;76a914a6b582dc4ae726dc769ceec110f48c859f12e30688ac;76a914a44bc455d40ac2bd8fb1304cd394cf305383ea3488ac;76a914a15cfea9b3c16830564717883f01520c20ba54d288ac;76a9141de57f9fce991a534c6f275064d4d3a29c0c195488ac;76a91457476a81004cc11720974879ae084209e5121df788ac;76a9145399c3093d31e4b0af4be1215d59b857b861ad5d88ac,,stale,VALID,1a0a98d6,,,valid_direct_stale
devcoin,validated_stales,data/devcoin_validated_stales.csv,41,stale_only_publication,repo-data,46046,,184760,000000000000006b947177f05f87a767f5178c61aae0563d2505f883f42a6d47,000000000000014be77980cd46dcee2c99067162faff8ca962ab2a44c728f4ef,1339823590,1a0a98d6,3828602858,01000000eff428c7442aab62a98cfffa627106992ceedc46cd8079e74b0100000000000033fc2b3026311bd3a3f2a55e7904d00b3cbaeda0c713ebf7108a93091ea22ec6e615dc4fd6980a1aead733e4,0e00456c6967697573004fdc15e62ffabe6d6d2b631720068f86533f887205e9e3cf3a05c012b216c220e4e50e66e5129831a90800000000000000002f503253482f00,76a914bee94ff6d322dbcbb7a185c269cf2b494753560288ac;76a914765a8a97074988f0a0d09e573b900de583e0162888ac;76a91418d07fb28b964fcb20e10e3c56ccc9d8b97d4aff88ac;76a914a90eab7ab3aefdde6222374236602123d77825df88ac;76a9144d050fa8ad63ffbe59fe12bd5620fda906f031fc88ac;76a9142aaa92e6608cf681b77fe6fb30c0071a12782e7c88ac;76a91407c72230d9e5f8c49e1fc8f6cb07951def37ee9888ac;76a914f2b3208121a93473628d85cd27e7cbdb5286b40388ac;76a914d15f121295a634b9768c9afd46e9823f772b758788ac;76a91463c64d97f946294945d2e741f70173ce87a27ab488ac;76a9146c26e5341b9bf3c182905dbc7aac389faeb5231b88ac;76a9145e23196f06e4355bd3b0270cffaba2344c29728d88ac;76a914f570954e625209f95150f39ef02160ec8994c67188ac;76a9140fa249cb17f0f2dbaa9e695afde351dc6b2d5fe688ac;76a914d73ff327c04d68ddeb4ae5acac0160d3f78fbee288ac;76a914ac899bdc7f7017d2814689fff6c81f7fd4dca16688ac;76a914a6b582dc4ae726dc769ceec110f48c859f12e30688ac;76a914a44bc455d40ac2bd8fb1304cd394cf305383ea3488ac;76a914a15cfea9b3c16830564717883f01520c20ba54d288ac;76a9141de57f9fce991a534c6f275064d4d3a29c0c195488ac;76a91457476a81004cc11720974879ae084209e5121df788ac;76a9145399c3093d31e4b0af4be1215d59b857b861ad5d88ac,,stale,VALID,1a0a98d6,,,valid_direct_stale
devcoin,validated_stales,data/devcoin_validated_stales.csv,42,stale_only_publication,repo-data,46055,,184771,000000000000025c0813b34a11b6488b403586b3aafe3d121ddff17e1be3de15,0000000000000087cf9682a8b6016d989d4a494e4d05f9aa9cfc768dcff339c9,1339830341,1a0a98d6,3520218342,01000000c939f3cf8d76fc9caaf9054d4e494a9d986d01b6a88296cf8700000000000000029e868b1c18fea9e816182eacc31631e2f0725510d2ab82bbe41ce7403f924b4530dc4fd6980a1ae644d2d1,0e00456c6967697573004fdc3045a3fabe6d6d8b3ad6dbdc5a992de20435e2bf00751c59a0c59312b052bd28eb543b14cc48990800000000000000002f503253482f00,76a914bee94ff6d322dbcbb7a185c269cf2b494753560288ac;76a914765a8a97074988f0a0d09e573b900de583e0162888ac;76a91418d07fb28b964fcb20e10e3c56ccc9d8b97d4aff88ac;76a914a90eab7ab3aefdde6222374236602123d77825df88ac;76a9144d050fa8ad63ffbe59fe12bd5620fda906f031fc88ac;76a9142aaa92e6608cf681b77fe6fb30c0071a12782e7c88ac;76a91407c72230d9e5f8c49e1fc8f6cb07951def37ee9888ac;76a914f2b3208121a93473628d85cd27e7cbdb5286b40388ac;76a914d15f121295a634b9768c9afd46e9823f772b758788ac;76a91463c64d97f946294945d2e741f70173ce87a27ab488ac;76a9146c26e5341b9bf3c182905dbc7aac389faeb5231b88ac;76a9145e23196f06e4355bd3b0270cffaba2344c29728d88ac;76a914f570954e625209f95150f39ef02160ec8994c67188ac;76a9140fa249cb17f0f2dbaa9e695afde351dc6b2d5fe688ac;76a914d73ff327c04d68ddeb4ae5acac0160d3f78fbee288ac;76a914ac899bdc7f7017d2814689fff6c81f7fd4dca16688ac;76a914a6b582dc4ae726dc769ceec110f48c859f12e30688ac;76a914a44bc455d40ac2bd8fb1304cd394cf305383ea3488ac;76a914a15cfea9b3c16830564717883f01520c20ba54d288ac;76a9141de57f9fce991a534c6f275064d4d3a29c0c195488ac;76a91457476a81004cc11720974879ae084209e5121df788ac;76a9145399c3093d31e4b0af4be1215d59b857b861ad5d88ac,,stale,VALID,1a0a98d6,,,valid_direct_stale
devcoin,validated_stales,data/devcoin_validated_stales.csv,43,stale_only_publication,repo-data,46108,,184836,000000000000053d2cef80a0c301917a41f4176346968414d31e1f8a61b88300,000000000000084974340608ea883d17a961d7a7becc49d0e964c8316b2fc132,1339866134,1a0a98d6,2446017832,0100000032c12f6b31c864e9d049ccbea7d761a9173d88ea0806347449080000000000007738a83cb1f56fd40f636cbaf38536827b303eeb6b7e20289912eb703882be3716bcdc4fd6980a1a2845cb91,0f00456c6967697573004fdcbc150132fabe6d6d51a049894ea5525ddbad59b1d7c9dea9026898d9d089fdb455fab57caf70074d0800000000000000002f503253482f00,76a914d73ff327c04d68ddeb4ae5acac0160d3f78fbee288ac;76a914a90eab7ab3aefdde6222374236602123d77825df88ac;76a9146c26e5341b9bf3c182905dbc7aac389faeb5231b88ac;76a914d15f121295a634b9768c9afd46e9823f772b758788ac;76a9145e23196f06e4355bd3b0270cffaba2344c29728d88ac;76a914f570954e625209f95150f39ef02160ec8994c67188ac;76a9140fa249cb17f0f2dbaa9e695afde351dc6b2d5fe688ac;76a914a44bc455d40ac2bd8fb1304cd394cf305383ea3488ac;76a914a15cfea9b3c16830564717883f01520c20ba54d288ac;76a91457476a81004cc11720974879ae084209e5121df788ac;76a91407c72230d9e5f8c49e1fc8f6cb07951def37ee9888ac;76a914f2b3208121a93473628d85cd27e7cbdb5286b40388ac;76a914ac899bdc7f7017d2814689fff6c81f7fd4dca16688ac;76a91418d07fb28b964fcb20e10e3c56ccc9d8b97d4aff88ac;76a9142aaa92e6608cf681b77fe6fb30c0071a12782e7c88ac;76a9141de57f9fce991a534c6f275064d4d3a29c0c195488ac;76a914a6b582dc4ae726dc769ceec110f48c859f12e30688ac;76a914bee94ff6d322dbcbb7a185c269cf2b494753560288ac;76a914765a8a97074988f0a0d09e573b900de583e0162888ac;76a9144d050fa8ad63ffbe59fe12bd5620fda906f031fc88ac;76a91463c64d97f946294945d2e741f70173ce87a27ab488ac;76a91480b1b1ecfa2d7a32bc9f41169cc795ffaa3358d288ac;76a9145399c3093d31e4b0af4be1215d59b857b861ad5d88ac,,stale,VALID,1a0a98d6,,,valid_direct_stale
devcoin,validated_stales,data/devcoin_validated_stales.csv,44,stale_only_publication,repo-data,46182,,184932,00000000000004a76fce2a2512b4c82efc6e87f1461520cc22fbb26f6c132ad9,0000000000000797a7aeb9d883e6b23b25cf0516c7c27f5b175afcc3927dc3d1,1339915060,1a0a98d6,4147683598,01000000d1c37d92c3fc5a175b7fc2c71605cf253bb2e683d8b9aea797070000000000009b77957068da3ab07f5b2a05d7948e5a13ff1b0dc584c9a193d36401c5c56d45347bdd4fd6980a1a0ea138f7,0f00456c6967697573004fdd7b220602fabe6d6d1e7f6e58ddb013a81f6a22ab23e07c1b895f8420c50d37a795401801873691550800000000000000002f503253482f00,76a914e20b2db641cf037ad98f6425823d4041c56209b388ac;76a91414a901790614a67ae33c25e85486095d5f19c8a388ac;76a914fd3959a583fdf488e129827634591eb2013bdf0d88ac;76a914c7ce64e7390c8a561acdd07e232f4af413a9d5f488ac;76a91406b3793908c3719cb73834c17a0acd47427d0df288ac;76a914182adc2e530ec232d027f49ebfbc57f25e4501df88ac;76a91412a883d6d01e12e7dd0eea15043b323ee7e7622e88ac;76a91477a305b18fade2b6913d519b37540bc2ed8ef93f88ac;76a914b70cef9309b7f71870629e824c9dcb8f088176ff88ac;76a914c3bb022a3007926975d44ffcefe467eee21410e888ac;76a914ed332edc5585c916e8d094294085c6317c52af2c88ac;76a914c2f21f1ef1bbb2c97080244895ba8a32546cf01d88ac;76a9145caf6ed116b40890f64b41b6a69bae7518577dc188ac;76a914d70533cfd0d1c721b000d7c8bc011c217982c3bb88ac;76a914c3a4fb60c724a6f8d45c5a6782f22d49dec4fe0f88ac;76a914612c0fe3a73d6b5c9df38151e991b84dbd1af28688ac;76a91417217c04436a5ea3f6648aa3287bde544435ac3688ac;76a9143c7c9fab8940d6bc0dfd6555bd33f2936bd37d3588ac;76a914418e4d605cce8e34289830a21614d66145b4a1da88ac;76a914559d6989c909b59b20bf10935d052fcd63daf86e88ac;76a914832dccd804514d150dbf4913442b94366ec3686c88ac;76a914490d0a9da361f38a45d9ef454538c2573f9cf96088ac;76a914da5dde93b8972c560038c7f534954148af7f8dcb88ac;76a9146a483671974e73e6fde58ec88e08a2e3bbb79cad88ac;76a91475bd605cc2ee3974d54578b8af803d0a9351df4088ac;76a9144936ad22405ab06d7a830b4e9e61639b353c7c0588ac;76a914c4525409ab5ff9a9c6fe4ffe25039dec96f9fef488ac;76a9143749533f44fce5816a43f51f08f0b883c452ef2788ac;76a914855645ccab0ce936b3ee85a2ce7d3acd6cd866ac88ac;76a914515f37c43539442998ada236f7947505fc53562288ac;76a914abc5ef57aae67bb72627fbb58ecac658a066283b88ac;76a9147a24b72e362dad3ea591099ab8187d039b9de4d688ac;76a91483687e52ed66fa9aeaec78a0f290ccb03c9fbd8c88ac;76a91417ad6ac1056d12cc67661a24f4b30cf989dfff3488ac;76a91438f00a3d1fa8778533f6c29c250f61f646c27f6088ac;76a9141e871138c9fb861f832b0be41a4e402233d81c1e88ac;76a914e76fbac0bfd72334aefb9ca4d1c5c0b4e6253fdc88ac;76a914b7b2c010c219cf5300fc3c33d5e4e52a7a90283588ac;76a91443f5f79a3b2c806235db2d9fac59b88b40dac49e88ac;76a914536c0bb05959ecdabd5de6db24329430428eb53188ac;76a9149d83f5efb3fd17bd6904e4787109403556e7f60f88ac;76a91409ed70aa014bf64a70a3a8fad3bc14b3633d6f1b88ac;76a914f81402cc394c7b8791a95eb7152945592f6744a888ac;76a9144411540dec4ff197a94641c0bc73ff3812e1b46288ac;76a9145ffb72262cfd9e5e11076246c4fe51655658946188ac;76a9142d04709cd5f172fcc9916b77967bb034e5ec8a8b88ac;76a9141b5a668167837b88216cd3adfbc9d78369defb7788ac;76a9146f319511eff679bf972518d810cab0532df9200388ac;76a914845a69c72660938f08edc14474ae0559441d2a4f88ac;76a914ca0fc1f14f0f92107d01c9788e66ba1e023e329388ac;76a9145399c3093d31e4b0af4be1215d59b857b861ad5d88ac,,stale,VALID,1a0a98d6,,,valid_direct_stale
devcoin,validated_stales,data/devcoin_validated_stales.csv,45,stale_only_publication,repo-data,48388,,187452,0000000000000995627a52c5ea0372d926539a615c972a80455eeffce444f6af,00000000000000818d9ff7d722136dc04b641bba7889cf1352817637dd829da6,1341378364,1a09b78a,2600792901,01000000a69d82dd3776815213cf8978ba1b644bc06d1322d7f79f8d8100000000000000c86ee918d7c7bd0d251a77f34072d5543c9d9265243bd0a7cc7add1445098efc3ccff34f8ab7091a45f3049b,048ab7091a028b00522cfabe6d6d947cfa8b9a16f18bf8ae257e55dd6686e69dfe7b0704b72bb8bd6a40a7f827c60800000000000000,41044baafd1274963531badc9b534fb9f093bec6da21a98dcb784d06956fa65e41d02765c4700a1f3b8dcf5e458c3383131ef59fed7ee56a41cd35c8d01d7bcc16cdac,,stale,VALID,1a09b78a,,,valid_direct_stale
devcoin,validated_stales,data/devcoin_validated_stales.csv,46,stale_only_publication,repo-data,51698,,191307,00000000000008d0e8d48ad4668d3bce7f5486cd344c0fc945f7590500bd8c2a,00000000000001d4c98f5590c40cb8205ef59928384e421aeb05c1895f203b64,1343548690,1a08fd2e,1143054711,01000000643b205f89c105eb1a424e382899f55e20b80cc490558fc9d401000000000000f75b68b37dde46a2876727700eef3f47771619319a884b310cd53d192a57f70d12ed14502efd081a77a12144,0e00456c6967697573005014ed0f14fabe6d6d50d00c03321ae68451bb6c8b783eafb4d0296ea4710840d9e8732f5234e6ec6e0800000000000000002f503253482f00,76a914db1ce9bbca43a9ce9d9a38822cd6413541e8c35f88ac;76a9144936ad22405ab06d7a830b4e9e61639b353c7c0588ac;76a914bec8927bd5793949c1aa5543f624b8861596a0f488ac;76a914d15f121295a634b9768c9afd46e9823f772b758788ac;76a9145f6df2d4938b30fa55fab6a7f40f27cd035b403088ac;76a9147721cee25ba0c9f1376a423fea823eb3923c778b88ac;76a9145a244d11e002bd2b2b6a30fc485e322e6509323d88ac;76a91445ae06deef5f7fbca4b2c5ccb82da5af5cc1386388ac;76a914f170b7dc095e8ff545f500d9c494e20dedbe14e088ac;76a9148f2a7f5972c74f9e3ca274393cbc474105cce7fc88ac;76a91434e1f7de5c40fde5f3fa71024d067f4773f7f1ba88ac;76a914781da937691186c2ce359845e9c93be73180e98088ac;76a91407c72230d9e5f8c49e1fc8f6cb07951def37ee9888ac;76a91457bef051e091ae2a79bcec646427a9bc1c88712788ac;76a914c7bcbe24b5bae87fc57b05ba65ecf5e590c0be4988ac;76a914b519aa29ecfdfd49abfc75567d0c010bb1ee30ec88ac;76a9145caf6ed116b40890f64b41b6a69bae7518577dc188ac;76a9142a7c5779b4d580794ca7842cd7d17843480c951788ac;76a9141de57f9fce991a534c6f275064d4d3a29c0c195488ac;76a914230e5ab03fda4b0e3cca9e124785398aa141781b88ac;76a914832dccd804514d150dbf4913442b94366ec3686c88ac;76a9142777969c44603d882a064e693276be0b2a552b9088ac;76a9148c620754e10d3002764f397c4abdb14d91e4b32e88ac;76a914f57ea157ea3915348a2213c190466ffcf1800f3e88ac;76a9149cb8b5ae7f59222e175107db0f1bcbef7abb866a88ac;76a9141b5a668167837b88216cd3adfbc9d78369defb7788ac;76a91453e5a09c8db5241f3d9ce58909251417c0f22d2188ac;76a914ea38b031204ef6e9adaf605d77c001a0ba408ac688ac;76a914ecb567133de9df46b36f0b8e8ee4cbd708c6624788ac;76a9145399c3093d31e4b0af4be1215d59b857b861ad5d88ac,,stale,VALID,1a08fd2e,,,valid_direct_stale
devcoin,validated_stales,data/devcoin_validated_stales.csv,47,stale_only_publication,repo-data,54225,,194357,000000000000051943026edc880f79f5059ea2b1b6181b6942fa448c7b17e3a3,000000000000067ab73af76207ded62404c9de4c2935bae75102622a03d9f117,1345224226,1a07a85e,1220840635,0100000017f1d9032a620251e7ba35294cdec90424d6de0762f73ab77a060000000000003bb48dd4bc104f300b900d91b5193e73f99b0befee238314474b4d5d0c1e0879227e2e505ea8071abb8cc448,0f00456c696769757300502e7e2201dffabe6d6df76b4f4a99819314494133504a76d44a69db368a50f47d193db85191962b3be10800000000000000002f503253482f00,76a9148b46c48f90030a69398ad37cb59f2c0411736bf388ac;76a914e78627375e2d9e8d61772283b525de1c24965b7588ac;76a914f43a41e493a701898d0093fffda533977534d6a688ac;76a914450db2e48d4234e2f8ded0fbd73feeb77a37a39488ac;76a9149040eef4056b6c553e08823018d307dd4df6794e88ac;76a9141de57f9fce991a534c6f275064d4d3a29c0c195488ac;76a914b7b2c010c219cf5300fc3c33d5e4e52a7a90283588ac;76a914c7bcbe24b5bae87fc57b05ba65ecf5e590c0be4988ac;76a914b519aa29ecfdfd49abfc75567d0c010bb1ee30ec88ac;76a914ac430a35c8d98f5bbce45ee41debe31047e2eccd88ac;76a9141b5a668167837b88216cd3adfbc9d78369defb7788ac;76a914132d24556fb9430291a55f237a7c215ae02790bc88ac;76a914fb88abad80357042f0d834105a0c96e558270da388ac;76a9148c620754e10d3002764f397c4abdb14d91e4b32e88ac;76a9145399c3093d31e4b0af4be1215d59b857b861ad5d88ac,,stale,VALID,1a07a85e,,,valid_direct_stale
devcoin,validated_stales,data/devcoin_validated_stales.csv,48,stale_only_publication,repo-data,56400,,197021,00000000000003589304493de3bb3e36abe66342b3c8997eb6fcf25710079ab3,000000000000019f5d92179ab085ac4e81369ab002c86657b6cbe43ef912f72b,1346671453,1a06dfbe,4000063937,020000002bf712f93ee4cbb65766c802b09a36814eac85b09a17925d9f010000000000009324a636d9b13fa14fb9f1f904d2bef10ae79c1fdfbe81f7aeea54066a00eca35d934450bedf061ac1216cee,039d01030f00456c696769757300504493470cfdfabe6d6dbf7be3b4d9764284e874f625d228cce36a9efa3dd287485c80a0254c118fe5570800000000000000002f503253482f00,76a914f43a41e493a701898d0093fffda533977534d6a688ac;76a9148f2a7f5972c74f9e3ca274393cbc474105cce7fc88ac;76a9142a6676123b99c020e4e7ac1b5085989948a3a27b88ac;76a914bec8927bd5793949c1aa5543f624b8861596a0f488ac;76a914976de04cf29ea4aef923e6534653268ce00466a088ac;76a9140e309e851906d4960060cf6820b94e2911f693b388ac;76a91477a305b18fade2b6913d519b37540bc2ed8ef93f88ac;76a9144d447d792d54a9043f4b6b4a09cdb0e26cb8ad3088ac;76a914c5d7152e780e4194493ffdb4dbe5a0ffa193f9e588ac;76a914ad708c092091e9541e62f84212e16a425998538b88ac;76a914d6309a28ad26747380adee68c78a82afc2e380b088ac;76a914f62f0b1523fbe94e3185fa5c753b2dd56c7d90fa88ac;76a9147a6f55cee5fb29edc47d578fe2daabe9bd541b1e88ac;76a91475bd605cc2ee3974d54578b8af803d0a9351df4088ac;76a91469f1a5a5b31203052dacb031ed38f375d7e9367488ac;76a9140ff1bafb167b28c933e9b822a16c815997567b6f88ac;76a914b8b534756c378a4401682e13030d78034e9bb5f388ac;76a9149bc7fd00183f8007edb836e54aaa43fa7093564b88ac;76a914c718f913e65a91703b9aeef09ad193980d84e3ec88ac;76a9145caf6ed116b40890f64b41b6a69bae7518577dc188ac;76a914908ebe2f857c5ceab1050ff96e52f0da5232980088ac;76a914c4b320880d5df2fcbcdc889195afdc1698a25ab588ac;76a914832dccd804514d150dbf4913442b94366ec3686c88ac;76a9149cb8b5ae7f59222e175107db0f1bcbef7abb866a88ac;76a91476ea1118754fe1c7bd7e6e5a3bbf0a58bb50793e88ac;76a914a4c0f027da46807ab6ba40e50efeb698c35e79d888ac;76a9143f0c4ffe31d9526e66d05d7a7f2822c3a1b74a8788ac;76a9144dc8f434c847f778e66f1368fb5a3c6bd3ef7acf88ac;76a9141b5a668167837b88216cd3adfbc9d78369defb7788ac;76a914bfe33e9547aaf0eef76b5b4fe84aa7937284252388ac;76a9147a6fcdf41557d5348d277cc1d305dcb990ea7b6688ac;76a9145399c3093d31e4b0af4be1215d59b857b861ad5d88ac,,stale,VALID,1a06dfbe,,,valid_direct_stale
devcoin,validated_stales,data/devcoin_validated_stales.csv,49,stale_only_publication,repo-data,56711,,197438,0000000000000307872ec2eb0eae2dca3ed9ce6af9e024412cb3ddfe8afd12a7,000000000000008cb385de6a68aaaaa6c3974b98cf8f544b8cce0db1855256c4,1346891243,1a06dfbe,102226611,02000000c4565285b10dce8c4b548fcf984b97c3a6aaaa686ade85b38c000000000000008cd835ddcd03bbd91c9c7d15b9d288b8cefb46c468b5d5594497d1715a737f77ebed4750bedf061ab3da1706,033e03030f00456c6967697573005047ec540fc0fabe6d6d8b42ab39f683f027da81c497c9c38f29dd341a00df5e553f995fd846c3cd0a9a0800000000000000002f503253482f00,76a914a16586c46ed9d5e3f168681eab18ec6dd244360188ac;76a914aa1206b9214392ed36451c60307f48fb701142de88ac;76a914a90eab7ab3aefdde6222374236602123d77825df88ac;76a9148298f6678564ef74396f99fe88cc24dd1aa6eada88ac;76a914d5e59504c5a9ffa79f5f3f9058e8616dc54aa1ef88ac;76a914f7c1484772accf47591e4d27ad3000416da43a8188ac;76a914b8c835af5f431a5b29f02f27f34617fab43f869d88ac;76a9141d1758bc27b9b967d2f1cf93b068bac09307ad8a88ac;76a91453411e971ba3280e477cfead1b55b1418a34d5c488ac;76a9145826162aa52262d47defad97d3852d3d95f4ad0d88ac;76a91463a26e44f93b6431da76fd1c0679223b7bb6397188ac;76a9148b46c48f90030a69398ad37cb59f2c0411736bf388ac;76a914175921ee734bff7ac37880ac5a3b90b77401e1dd88ac;76a914012315b37805eeec1a54ef3b5b774d96d1c9a9b088ac;76a914d785df31eaf070be3482390a3a2a0fac95768f7188ac;76a9142a6676123b99c020e4e7ac1b5085989948a3a27b88ac;76a9148fdf745b2aca7f918bf2a4f54526653e3466e54388ac;76a9147bb4830e7efd707e59b18adfe14e9ae55342e1b288ac;76a914321b2e2b405f1c3e72051c0f51716baf8b30362388ac;76a914c7bcbe24b5bae87fc57b05ba65ecf5e590c0be4988ac;76a914b827b5dc564e2c69249ee865b11a961ac0221c3488ac;76a91442e893b5df9e35e1f4bc91617cc8e78b5f80b1cf88ac;76a914cc350c7d327d5f338da3dab9729c5b25c2711aaa88ac;76a914dada56f3d1eacb8ef36d00d4eb5bd06449759ac988ac;76a9141305cfca4cff38ed9e061c25290c75caffa272a588ac;76a91402ad52ada85e0bb2c0e3e0e29ae74261cc1ad4ea88ac;76a9143b14a03138df5024fbc036639c61ed75db34eba688ac;76a9147721cee25ba0c9f1376a423fea823eb3923c778b88ac;76a91411ac6255b7d51df0d707df0546e6274ebc1e55d288ac;76a9141e871138c9fb861f832b0be41a4e402233d81c1e88ac;76a914cbe9891c15da95cdd51ec07b2d1c1be755590fd088ac;76a914e971351d1df56266005b1a79cb1b91282fd213ae88ac;76a91467447e1463b24f69037b7ecd9eee2458307a97d488ac;76a914794c3c0e647018218dc5094dfbe9e1196796cb6788ac;76a914432c607e716ce918f4025ecd34e22149a52d66ac88ac;76a914ea38b031204ef6e9adaf605d77c001a0ba408ac688ac;76a9142e62c5bdc366b30e74896527d772846fed7f463b88ac;76a9142cb49a50debfbd2a567c5aa34392a57f7d8f0ab588ac;76a9144dc8f434c847f778e66f1368fb5a3c6bd3ef7acf88ac;76a914bfe33e9547aaf0eef76b5b4fe84aa7937284252388ac;76a9147a6fcdf41557d5348d277cc1d305dcb990ea7b6688ac;76a9145399c3093d31e4b0af4be1215d59b857b861ad5d88ac,,stale,VALID,1a06dfbe,,,valid_direct_stale
devcoin,validated_stales,data/devcoin_validated_stales.csv,50,stale_only_publication,repo-data,57060,,197883,000000000000011e6d02f6063d4a797ce42fe1f97ecf3dd640b8145f12c2304d,0000000000000065b7425a93b4d1cc92c0b96f58a619e7d8a993773e5871735a,1347130802,1a063a38,53414203,020000005a7371583e7793a9d8e719a6586fb9c092ccd1b4935a42b765000000000000006243836741520333a1083c2dddf0904cf36ce705e0175df25aa7d13fb40f5041b2954b50383a061a3b092f03,03fb04030e00456c696769757300504b95afa0fabe6d6d319a28be6a5a5febe9d6b5b1eb4f315ef3f06fc1605ebd51283482049dc80c9d0800000000000000002f503253482f00,76a9142838ae835c52722010adf4452eb5d7d1e6d9040088ac;76a914e20b2db641cf037ad98f6425823d4041c56209b388ac;76a914523f0f0d1d620b019e299471e9b0446fd552064688ac;76a91412a883d6d01e12e7dd0eea15043b323ee7e7622e88ac;76a91415b06e9a0cf464b111ef2493b24501215be2a24c88ac;76a91439eb449e3cdf858e054533de91c543fff76d2ae088ac;76a914379b7957245977820f01f9d18d75f9c43e263af488ac;76a9146f1a182cf113efd431888001ef6b171e56e5922788ac;76a9147a69b482fd27bb9bbb37c0e731229f52dcece14e88ac;76a9147fb42567314ab6e5f8c9d963ec5e3ec0af0e42b888ac;76a914e76fbac0bfd72334aefb9ca4d1c5c0b4e6253fdc88ac;76a914131ff6b5ac78d377f9e16959a285423f442ce06988ac;76a9141712ccb752019c6c7c625dbf18643b03249e485888ac;76a914d70533cfd0d1c721b000d7c8bc011c217982c3bb88ac;76a914f2b3208121a93473628d85cd27e7cbdb5286b40388ac;76a9149d12f0ec7526463e4dbbbc69ea634f88ff3092a088ac;76a914f25510a7205aaab1f8f753046930e9567820abba88ac;76a914e78627375e2d9e8d61772283b525de1c24965b7588ac;76a9146da1ee55d1fd8a91c6c36af59e3b13408ea165e188ac;76a914e145c07ab524229e49145106be8937cdbafb126688ac;76a91487530c2c6814fb49c5d50c699a430e819726fda088ac;76a91469ccc192c7eebf7a22f3e7b33ac544b2ed8962a688ac;76a9148e9e7ec793e522d386bd32647fd74f235cb421c788ac;76a914abc5ef57aae67bb72627fbb58ecac658a066283b88ac;76a914490d0a9da361f38a45d9ef454538c2573f9cf96088ac;76a9144842f65cfc807482e8743e97a089551a9093414688ac;76a91467cf99e4c96ce15eab15a74d86b36e17b332c51988ac;76a914c4423f143d23b6c1a26b8f5aaeac3ccb197689e588ac;76a914b4dd997b72ffc5d28b2c7463ce685718d9b082cb88ac;76a9145ffb72262cfd9e5e11076246c4fe51655658946188ac;76a91438f00a3d1fa8778533f6c29c250f61f646c27f6088ac;76a914608891a8336fed13898d9ac863a591e8fba2026088ac;76a9148d5567ede2794f8b5e85c89ccca6cc2e3ae72a8888ac;76a9142777969c44603d882a064e693276be0b2a552b9088ac;76a9145370a0897072d434d6f45e93d6d19c69d233cf5c88ac;76a914aeaa144c0ffa233edc08b981b296e9f0bcfc497a88ac;76a9147a24b72e362dad3ea591099ab8187d039b9de4d688ac;76a91481930295f65070d379a61af8dae1b460ad1120f888ac;76a914d39d22a99da41e94b3a866822a3e482b09e3d73088ac;76a914f9563a5b45bc64f5886d87cc872c26afeb37379688ac;76a914418e4d605cce8e34289830a21614d66145b4a1da88ac;76a9144a08231d1e98824190575cd78f437318b05539f988ac;76a9146f319511eff679bf972518d810cab0532df9200388ac;76a914fb88abad80357042f0d834105a0c96e558270da388ac;76a91481937b3f152a276070132ff32ac5a870b1bb266b88ac;76a914698e484dea16cb5f223f97807987c53ff237ba3f88ac;76a9145399c3093d31e4b0af4be1215d59b857b861ad5d88ac,,stale,VALID,1a063a38,,,valid_direct_stale
devcoin,validated_stales,data/devcoin_validated_stales.csv,51,stale_only_publication,repo-data,59483,,200675,00000000000003917f8aac727138a0acec70371c9ede47e0f2adb300bde4fe58,00000000000001f2491a8c370a6e23fe8c2bd112a50a17217891727ba0f8ba12,1348708769,1a05db8b,2583766918,0200000012baf8a07b72917821170aa512d12b8cfe236e0a378c1a49f201000000000000e5bfab965e3d815df565ba905ecc8a62dcfa821f87eb408b0ac9c369213505dfa1a963508bdb051a8627019a,03e30f030f00456c6967697573005063a98b0754fabe6d6da9d2aa7fccf3694120a22b330a8d9387050b18fea4e5230bce5c7f9669bd47710800000000000000002f503253482f00,76a9142838ae835c52722010adf4452eb5d7d1e6d9040088ac;76a91492a2af233c285f9b2d7d479862d3341d36e934e988ac;76a914f181ffc71975323fcd217bda57d82a6a3f00f5c088ac;76a9140f2fac21bd04c8c8ea49f019609532f40bb62d5088ac;76a9145bd74b00cd20dfebec1161c9dd98dad8ca09c57788ac;76a9147f0b4a8c48fbe8526f6e0081565c79659c827ad888ac;76a91452c7f530e51421d866e2c6eac75f2a50124468c588ac;76a914840b7218dd95d031259025974b129e1dd2ec0e4788ac;76a9146da1ee55d1fd8a91c6c36af59e3b13408ea165e188ac;76a9143b0a813363b35a705638c3f0fc33b8ec69e21f3388ac;76a91483687e52ed66fa9aeaec78a0f290ccb03c9fbd8c88ac;76a9144ebf00154078a5ee78599adb4a82ce3b75709f5688ac;76a9143ed1366d67696bb91f5a7a56154138e467bc2bf388ac;76a914a4c86f30332c648d9f49af5141544d6a29fb1e6688ac;76a914f272ef5caf595c54e671bbd8c3f81e961cac6e7888ac;76a914848418658d2f9e02bdf8a29b00f49c4827f66bd588ac;76a914432c607e716ce918f4025ecd34e22149a52d66ac88ac;76a914fec73423c935e1244f4964afc6a3349b1c1b43bf88ac;76a9142a797670ae74324fe3b4d9692671dec5fb3e88f688ac;76a9141bf2cedfb726e8a3a95c101c85bc4610345933d888ac;76a9146f319511eff679bf972518d810cab0532df9200388ac;76a914b61ea7803c8cf5a4e9086cd94ce8c97217acca5088ac;76a9149f704db44d81407cd5beb0254b1e8871ca90be8388ac;76a914bec8927bd5793949c1aa5543f624b8861596a0f488ac;76a9146ad47e26a21e5c5521b76eb11a3378d5528a436988ac;76a914bb4f2a48812849a398af4bc21dfa92b0b08fb61388ac;76a914296fc6ca76b013b65a475d01e6f6fbe5fd19aeb888ac;76a914eac5d90efa9198c6d09bad625214d966e0f2018688ac;76a914d70533cfd0d1c721b000d7c8bc011c217982c3bb88ac;76a91442e893b5df9e35e1f4bc91617cc8e78b5f80b1cf88ac;76a9142a6676123b99c020e4e7ac1b5085989948a3a27b88ac;76a914648c1658d7b34b89f8f36aef85973f153b0d60e288ac;76a91476e9b06b62803fead2fdce2e6d3bac56a6d4e85388ac;76a9140ada6e0af8e8f4a8c88df696a76a63e105aede5688ac;76a914b519aa29ecfdfd49abfc75567d0c010bb1ee30ec88ac;76a91485c9ce4366b559c0a1a65940586d33ce1ccdc31f88ac;76a9147491909e5ba60bc80efea161d71af690d50e841f88ac;76a914d64e8ab3717edb00366aed842e87d77d97523da388ac;76a9142777969c44603d882a064e693276be0b2a552b9088ac;76a914ad12286c4839a862e120675f82c49af1f0b3838588ac;76a91417ad8ff03859468be931fcb934af69919f5abbbb88ac;76a9146df4d16e43f3f727f1968c3c09f1bfbba46fc5d288ac;76a9148597d5d833a11186977e29001f651bbd4d63d0ee88ac;76a914e070318caf422df75cc366d23ccb0aa0f46d379888ac;76a914c2f21f1ef1bbb2c97080244895ba8a32546cf01d88ac;76a914c5d7152e780e4194493ffdb4dbe5a0ffa193f9e588ac;76a914288b5044b204b20f83bc789f40000ce5c688bbf188ac;76a914131ff6b5ac78d377f9e16959a285423f442ce06988ac;76a9149d12f0ec7526463e4dbbbc69ea634f88ff3092a088ac;76a91469f1a5a5b31203052dacb031ed38f375d7e9367488ac;76a9146e306175c55f7b086aff0fbb3a07293eaf0adf9b88ac;76a9147f6032d175600d535dd15aa7ccda3d42ac15190988ac;76a91424368c7d951cd91a8f635b015199bd2afc02dd1388ac;76a914602c4f1859b751edad211a223b9a5f3976ad008588ac;76a9148d6d29020f2e84e0159ebafc3106f78c12c9c1ef88ac;76a9149e9345f610bab1330e7d0058ff7e82f2c3b6f2b288ac;76a9148d9fb8266a203bded3ed4a020d9aa939b5960ca488ac;76a914fc169f6235cbfd5a1f9f7f080b60e3599f1d677388ac;76a91476ea1118754fe1c7bd7e6e5a3bbf0a58bb50793e88ac;76a9141207f81a1c776a1db62b650541921266240966ce88ac;76a914fb88abad80357042f0d834105a0c96e558270da388ac;76a914aa1206b9214392ed36451c60307f48fb701142de88ac;76a914762374207b6cf7b3bb10f571e7bfb1806b04e76288ac;76a9149240668e23f89d1488e5cfd7e9608a6d71177e5f88ac;76a914b6f6522937854bea6caae0a382d1f867dc0034af88ac;76a914efff2f11a9e3d60a3e819bf18562845c36e8ef3888ac;76a91487d38b9455289fb4c81c3f71bf8d16c870ef1b6c88ac;76a914355eba4747f387698989806a9d85e32d0c63db6c88ac;76a9148fd9cd1b618d5b9873069544576bb9030fbf78a988ac;76a91454a891f3cc6c95bc0a8a2b8e1e9d36b0e62847d588ac;76a914d52935c1dc41717f73fc7e1341cbb6660cd37ac488ac;76a914ecb3c079f52bebdd8aa5103709f61bf1449db70688ac;76a9148fdf745b2aca7f918bf2a4f54526653e3466e54388ac;76a91453d0290a46f94887b3f5a552e7ffcce5f1202d9b88ac;76a9145d176c0fabcd235ad347a787caef08cf3caebacb88ac;76a91472d64d5920964e217ab802d5db715fad473094dc88ac;76a9149c8030deeeffdd4dabeb297007313bddb5061a9688ac;76a91467cf99e4c96ce15eab15a74d86b36e17b332c51988ac;76a914470d29c20cd2fc91a36629f26ee76c5a436fdc7a88ac;76a914e76fbac0bfd72334aefb9ca4d1c5c0b4e6253fdc88ac;76a91494e5178f3cfc56b77f9f1c508b74ed9ff3b558ad88ac;76a914127b91d38afc87dd7bd59339aae87632a7c307ab88ac;76a914012eebc0d3353bbd8b7982fded3d9790f2f42bd688ac;76a91409f6f65a6a2b6764cfc24eafed2053555b34c5af88ac;76a91482f6ab18f164205e8b2b9dc7aaf1a57276ea43e788ac;76a91496aa2e4bb6e926d6fd528270d85cb2e3ee106ae788ac;76a9141f874919f35c74de9ad6299a18e3c78d637d623188ac;76a91481937b3f152a276070132ff32ac5a870b1bb266b88ac;76a9145399c3093d31e4b0af4be1215d59b857b861ad5d88ac,,stale,VALID,1a05db8b,,,valid_direct_stale
devcoin,validated_stales,data/devcoin_validated_stales.csv,52,stale_only_publication,repo-data,63013,,204783,00000000000003b3ab8b904a43d63bba26fe01bdde7b41cb687b80941f9899cc,000000000000038a0f9c97fed36d9e59134c6552da4c684bca644818374d6c2b,1351094705,1a0575ef,2891455751,020000002b6c4d37184864ca4b684cda52654c13599e6dd3fe979c0f8a0300000000000003fd1b018b5b2ca2ae9f17d598ee430efa23d7017fc84d54d90969df345887d6b1118850ef75051a071d58ac,04ef75051a0129522cfabe6d6d7bd2f524a7812cec1768777cee0073b9884ad6a2bc20ada1633954754de1b60b0800000000000000,41046127fc2356ce94f43163ca6af1792cae5bb095beaac5548c1ac3da6a58226ea9b2861d08029fceeb8978e7e4a6878acf272361c7a45a33b60d8f26797edc0c87ac,,stale,VALID,1a0575ef,,,valid_direct_stale
devcoin,validated_stales,data/devcoin_validated_stales.csv,53,stale_only_publication,repo-data,65720,,207888,00000000000003c44912ca5ee6873cca38fe1725da2ad52145b7795fe3744d92,00000000000000ff02ddcc35ebe4e1e9481f59d974e6c25f1612a8f81f5d1840,1352894290,1a04faeb,3014352729,0200000040185d1ff8a812165fc2e674d9591f48e9e1e4eb35ccdd02ff00000000000000c907b903247aab3fda464e36b64122a28b1047661515e655def2ae76b7ab040d5287a350ebfa041a595fabb3,04ebfa041a013b522cfabe6d6db6a7870cbb2ce952a5d01abc070e63db3171e0c0e15349c10cf1c3015a5bf0ae0800000000000000,4104221ab534bc49754d63a19451bafad63952d7b6e556047c4b201c697f4dde1c5ae8111ea8051aeba81a691de3e3121a3572487d0c7963fa26a427f72fdac83939ac,,stale,VALID,1a04faeb,,,valid_direct_stale
devcoin,validated_stales,data/devcoin_validated_stales.csv,54,stale_only_publication,repo-data,69692,,212192,000000000000030be108476cd22c27cb390e01c33ce339e44354eae543d5ed3a,00000000000004cdbcb8d30aa88a3a6b53557736cc76815dda6e1ec11e41f087,1355507306,1a04fa62,3348750805,0200000087f0411ec11e6eda5d8176cc367755536b3a8aa80ad3b8bccd04000000000000c5723d339b66846216950fc3b1c7e250cb58530136917fee6a546213d1e37f476a66cb5062fa041ad5e199c7,0462fa041a0158522cfabe6d6d8b4e0260e5aa3b72ad0474f17b2fddc37d994405b30a44baf0f8891a4e7f05480800000000000000,4104aade7fa8109eb2af29026c0339268c7c497056db7b4b769a8443753346766567ca18903202837a4843c800351bca1937aeb7b4ad28aeee4d6ebfc70774c777f7ac,,stale,VALID,1a04fa62,,,valid_direct_stale
devcoin,validated_stales,data/devcoin_validated_stales.csv,55,stale_only_publication,repo-data,74262,,217032,00000000000004973ca00dcd90fec25f230f2c5250de92871625db60b8708114,000000000000034a059c872f1ede6c9b6cf2b11fc7b2d3986d233ad214dc172a,1358523610,1a0529b1,947347355,020000002a17dc14d23a236d98d3b2c71fb1f26c9b6cde1e2f879c054a030000000000003e1051b0d1fb3daceb05bec1d06c94a16e02723a4005a221bbe67cbf50cf63c4da6cf950b129051a9b5f7738,04b129051a53522cfabe6d6dec9f4f91f06b7076aa7ffbba4e538cba5718387a7e32eac7ddfe82a1155b43c00800000000000000,4104a1f7c148a140ab94196efb1afac4e18a431ee6ec71bff4948d349db4bdfd469477b7170f2fd280c0f9efd174a7f48b5043ad9db92c55183b3603b3e2914c94c1ac,,stale,VALID,1a0529b1,,,valid_direct_stale
devcoin,validated_stales,data/devcoin_validated_stales.csv,56,stale_only_publication,repo-data,74336,,217111,00000000000001cd09ff7e55cb85955eb290002ce60650560223ac5984e08cb7,0000000000000342f92de39393cb35f1efc9b9b5871e6cbfea8999cbbd34f962,1358576145,1a0529b1,2583142525,0200000062f934bdcb9989eabf6c1e87b5b9c9eff135cb9393e32df94203000000000000e0e5eb7c4d792a664be2b64541a54b5e8b749813da968bcb510f151e4d834a4b113afa50b129051a7da0f799,04b129051a0173522cfabe6d6dca091dc58bacd922ead98637c7efe64debc7c2b50fd33eff9c14dc3473199ca60800000000000000,4104ff1e33ccef42b7d327443c9aa35070d5cd222c13d5f1dc7abdca1bde6b80b8ed3331c1d12ae3e8afff920158c72ef02d5fb88e4d58e2576ff653733da2a4a832ac,,stale,VALID,1a0529b1,,,valid_direct_stale
devcoin,validated_stales,data/devcoin_validated_stales.csv,57,stale_only_publication,repo-data,78533,,222150,00000000000000b99921fed595186d23646950de2d630d005e6bce827957be45,0000000000000171283da98294cec0b3b61a2d5f287db258fa378576cb4b9623,1361351691,1a04985c,2698077960,0200000023964bcb768537fa58b27d285f2d1ab6b3c0ce9482a93d2871010000000000001dbb22548cc618f2f0227e73a7ba5f4fc76ba232850413b73888edd76e5af7530b9424515c98041a0867d1a0,045c98041a013d522cfabe6d6d47d8796ce9982645f992ac1b3c939eb7ed7d3b7db068274119ec5a301eddd4840800000000000000,41045e79f45a8e158051af8866e4f700983bf20b7a44cbfead2f64ff12aefe111eef5605bfb26b6249478f5b5b845811450df0f59872062c8ce3c5871bd314230492ac,,stale,VALID,1a04985c,,,valid_direct_stale
devcoin,validated_stales,data/devcoin_validated_stales.csv,58,stale_only_publication,repo-data,79455,,223372,00000000000002409bb76e1202ecaccc4eec07b49dc43c7aacc35dcbea1d5ec0,0000000000000439bc98eb67454bf5ef3f0dcb05edff78f66cf459f6338e1677,1361954833,1a04985c,326713736,0200000077168e33f659f46cf678ffed05cb0d3feff54b4567eb98bc390400000000000024c80bebb6a98e70d800ff1e988198194533dde07ba274fe777beaf37f9e45c511c82d515c98041a88417913,045c98041a011f522cfabe6d6d3a49f81dfe65735f2cb1b58fe7155f3d14a3585062a171cce419edd90113139b0800000000000000,4104bbb4e1ac620f9455d89253c13076f577cf6721e8d73ae8bee6fafb53fad2cceb9aa805d451841833d7b2912344f03f2a93027c34708fd57f6d20da9a8b40704eac,,stale,VALID,1a04985c,,,valid_direct_stale
devcoin,validated_stales,data/devcoin_validated_stales.csv,59,stale_only_publication,repo-data,83064,,228239,00000000000001d0689b4e02aeb3d1f5bfc828f8b87f5ada216945ac534f1c1d,0000000000000029f356100f757643f9d29d3ab82026ba7d4d69ff63a4c5fdf1,1364382840,1a02816e,4188313740,02000000f1fdc5a463ff694d7dba2620b83a9dd2f94376750f1056f32900000000000000febf2d5d749e16d3007525075bbc98911e7ea3ab5336d127621a1c2969eb099a78d452516e81021a8c98a4f9,038f7b03046e81021a03be1401522cfabe6d6dfc2780e5e91828290a4785db871ea3f308e04b3385fe7b31da336405b1e6931f0800000000000000,2102dd17ca9d8561bd9d30745dc21af51e805851554608836d15447ce2547ba30b33ac,,stale,VALID,1a02816e,,,valid_direct_stale
devcoin,validated_stales,data/devcoin_validated_stales.csv,60,stale_only_publication,repo-data,83356,,228615,000000000000012cc3b85760cd0900fe35da2dd1a63d2954424d7e13b24ff83b,00000000000001c2d896c0b8dd4540dd45f8adf26d18dc156a84354e00e1cd43,1364574521,1a02816e,546682255,0200000043cde1004e35846a15dc186df2adf845dd4045ddb8c096d8c201000000000000cf7e5198f644f82da266bd56bfd9516030a2e6fefbba75ee49f4c547a6c0bd9a39c155516e81021a8fb59520,03077d03534f434b00002a9e7b57656c522cfabe6d6d2b33498faacb91eddcb816238a7274d776c04d3b1c8db761cf93aa9c8808c01b08000000000000002f6269747061726b696e67,76a914ef6e137609cca79e89f0a94f71e5a6e11eed473588ac;76a9144dc3764af2351bf1b39ef642860f4b7f5529e24988ac,,stale,VALID,1a02816e,,,valid_direct_stale
devcoin,validated_stales,data/devcoin_validated_stales.csv,61,stale_only_publication,repo-data,83885,,229333,00000000000001069f315a76d6fda8738e96bbb2e7bdda92c456396c212aa543,00000000000000c811b572f13bfd19c1d4928e4f203e9599a8d6474904272d01,1364922007,1a02816e,3361539614,02000000012d27044947d6a899953e204f8e92d4c119fd3bf172b511c800000000000000b252111c4026c252ed671ce314e4d58d71dfd5e053038e1cd8aa278eb44dc76c970e5b516e81021a1e065dc8,03d57f03534f434b00001b43464f7d3b522cfabe6d6d13679af5ec7f19a91674619cee9bd26344ceba2454a96de9cc17832aab003f6908000000000000002f6269747061726b696e67,76a914ef6e137609cca79e89f0a94f71e5a6e11eed473588ac;76a9144dc3764af2351bf1b39ef642860f4b7f5529e24988ac,,stale,VALID,1a02816e,,,valid_direct_stale
devcoin,validated_stales,data/devcoin_validated_stales.csv,62,stale_only_publication,repo-data,84196,,229745,0000000000000085156964b4ad659ecfc6efa460596b92b362a9e6d9f3ba7a65,000000000000016dfa806be08c598365b483101c676f2fd7ede1202efb84a45e,1365136612,1a02816e,2854016260,020000005ea484fb2e20e1edd72f6f671c1083b46583598ce06b80fa6d010000000000004054eebd0086bd0c9ae06e7b9529fa32a01f3702429fc1e8efe873b07f156954e4545e516e81021a04d51caa,03718103046e81021a027952522cfabe6d6de4a492286d71d0e5cf9b97fc055715b47dbc18b5a573f0ed2c0b9048ed8b89680800000000000000,21038ee166467d2b4e8e67f493fd48acfe20fe262f9759d45c703a5ba87633c4acdcac,,stale,VALID,1a02816e,,,valid_direct_stale
devcoin,validated_stales,data/devcoin_validated_stales.csv,63,stale_only_publication,repo-data,84337,,229887,00000000000001e012a0460dd378848724ce72e6f54e59ea628d1352abae4b8e,000000000000006673ca5d848d177c9a97c9269a4566c5da2c23c103f210c8d8,1365214434,1a022fbe,2312327972,02000000d8c810f203c1232cdac566459a26c9979a7c178d845dca73660000000000000098985510edfaa40578df7811301919ba4c7e43beb2c8e2f2fee5ba2aa9dba901e2845f51be2f021a2453d389,03ff8103534f434b0000142809f6d813522cfabe6d6d4fb9a2159895ffe8c98a4291fb8c6cc257f6a5bb21fd9721b33c0f5333eea91b08000000000000002f6269747061726b696e67,76a914ef6e137609cca79e89f0a94f71e5a6e11eed473588ac;76a9144dc3764af2351bf1b39ef642860f4b7f5529e24988ac,,stale,VALID,1a022fbe,,,valid_direct_stale
devcoin,validated_stales,data/devcoin_validated_stales.csv,64,stale_only_publication,repo-data,84404,,229991,00000000000000df29c415d23a3eb2e3289ebdd4f9f9ea7b6ab90741b2038314,000000000000005964faf4103a1f25afd144b0352944438479daf4f53bcdc700,1365268659,1a022fbe,2110388559,0200000000c7cd3bf5f4da798443442935b044d1af251f3a10f4fa6459000000000000006978021d8896bad22654d441ec558f26bf3b41c6c09f6be1fd99045cd3f1bdd3b3586051be2f021a4ff9c97d,0367820304be2f021a02a929522cfabe6d6d5d586b37ca9994334f16b88b6524b5aedc8df498f9bf6bc6493f06fe53ba05990800000000000000,21024de0d7e059cc69ad1747eefe98e70faefca01c9a693142bcfc1e1280e5b05824ac,,stale,VALID,1a022fbe,,,valid_direct_stale
devcoin,validated_stales,data/devcoin_validated_stales.csv,65,stale_only_publication,repo-data,85582,,231475,000000000000021f98b37af099f32c6dedb396b5a6b5c7e730ca0b88dcdf3900,00000000000001a3eb60723c0f774fbf33d067cde7c151c6d86c65d586dd067d,1366039208,1a022fbe,1479167120,020000007d06dd86d5656cd8c651c1e7cd67d033bf4f770f3c7260eba3010000000000003d7772f146000ab69236db06e85514ca16d3229afba283563bbbd8f4e076c330a81a6c51be2f021a904c2a58,03338803534f434b0000377fce5beef3522cfabe6d6d6de76180d6f1ca82f4b6a2963293d35c94d56297bc226bff85d0c76ad0b1e4ca08000000000000002f6269747061726b696e67,76a914ef6e137609cca79e89f0a94f71e5a6e11eed473588ac;76a9144dc3764af2351bf1b39ef642860f4b7f5529e24988ac,,stale,VALID,1a022fbe,,,valid_direct_stale
devcoin,validated_stales,data/devcoin_validated_stales.csv,66,stale_only_publication,repo-data,87034,,233184,00000000000000f260f0e87f7ea95616efa80d6a43c17a77c4b83d7c3f2085fd,00000000000000b59f1e4683251b7e7211d5b7ab8df00e932121bc4a43921c1c,1366944686,1a01de94,2169635779,020000001c1c92434abc2121930ef08dabb7d511727e1b2583461e9fb5000000000000003060249e35d5190cf951a42eb475ac60a5aac7f7cb0190b7700ff4bf5c49bfdaaeeb795194de011ac3035281,03e08e03534f434b0000085561ae900b522cfabe6d6dd2726b740f9d1a95902ec52e206dce560e49c25c9e1fea601287c86d389e90a408000000000000002f6269747061726b696e67,76a914537c7ebc5d636725b67b1fd3cc30b4958beb124a88ac;76a9144dc3764af2351bf1b39ef642860f4b7f5529e24988ac,,stale,VALID,1a01de94,,,valid_direct_stale
devcoin,validated_stales,data/devcoin_validated_stales.csv,67,stale_only_publication,repo-data,87850,,234264,000000000000011b37cbf53383e438880240158465940958c1899724acb041ac,0000000000000144681d6a178958aad2ef4bb39dcfe1cdf41f57e20c90a1cdda,1367542738,1a01aa3d,1242639950,02000000dacda1900ce2571ff4cde1cf9db34befd2aa5889176a1d68440100000000000068851de8c1ec57c97fd5bbc5ee951164cb4af1ab09635fb9efdf948aac9e8f33d20b83513daa011a4e2e114a,03189303534f434b70250000cfd64e76522cfabe6d6d113fb3204d6e7929f8b13ad504e8dc490052a95c2eb11f0ea51d61ca8018369f08000000000000002f6269747061726b696e67,76a914537c7ebc5d636725b67b1fd3cc30b4958beb124a88ac;76a9144dc3764af2351bf1b39ef642860f4b7f5529e24988ac,,stale,VALID,1a01aa3d,,,valid_direct_stale
devcoin,validated_stales,data/devcoin_validated_stales.csv,68,stale_only_publication,repo-data,87928,,234361,00000000000000625a5e35f0a1f0092aed1e4f2f769d3f096d2ddede21174125,00000000000000c64522334eb5ac8ea768c8ae53def647d328df99968ebe6e13,1367598549,1a01aa3d,1098244503,02000000136ebe8e9699df28d347f6de53aec868a78eacb54e332245c60000000000000017b70a7b239d3c7e34a7847237c6b18a738f9ed1f82c00d389d6bad01fb1f0e7d5e583513daa011a97e17541,03799303043daa011a02e036522cfabe6d6de2db9d5835915ae5c7e7c89e169396543ddf9606b0a9b23d6fedb41eeebbe9eb0800000000000000,2102223d68f40a91863d8fd8b41d8c9b9a3ef8f05c0b61e5525e3d8cf71d17da3a8bac,,stale,VALID,1a01aa3d,,,valid_direct_stale
devcoin,validated_stales,data/devcoin_validated_stales.csv,69,stale_only_publication,repo-data,89312,,236092,0000000000000083c848af7fcf6f8b54a0e5d5854717579b7eef12877f8efc10,000000000000004ad7e501fda78924d23d94546c47ae790ff9bee1c29b684f51,1368496735,1a017fe9,2710428768,02000000514f689bc2e1bef90f79ae476c54943dd22489a7fd01e5d74a00000000000000f7aff8a3586e7d9d4b7f2a4e5804e60305c0fa79ddcb6c2b5250571842dcca5f5f9a9151e97f011a60dc8da1,033c9a030651919a610ca1fabe6d6dbe6d687034c113682e8d8871cbf0717e5e73044b23850512c9f5cd21ba4118510400000000000000f81325040000000018000000,76a914c825a1ecf2a6830c4401620c3a16f1995057c2ab88ac,,stale,VALID,1a017fe9,,,valid_direct_stale
devcoin,validated_stales,data/devcoin_validated_stales.csv,70,stale_only_publication,repo-data,89937,,236772,00000000000000641955c71a33a8e3a1c66e4bef86eee89113805c50682e24c2,00000000000001428c96202cbd31e8e82cdd2325c29b19ac41cf94f6936c2a37,1368890461,1a017fe9,4142746680,02000000372a6c93f694cf41ac199bc22523dd2ce8e831bd2c20968c420100000000000020bc2c615bc060919c22a132c3564124822525bbd8728bbe708b7deb997c2fb85d9c9751e97f011a384cedf6,03e49c03534f434b00001052bf49c4bb522cfabe6d6d354feb52563ee33d252ed24ce49e9c288793e2c81f0c7ecdbccf33125ebe55a108000000000000002f6269747061726b696e67,76a914537c7ebc5d636725b67b1fd3cc30b4958beb124a88ac;76a914316310bf50c473d35cc3ac8361b84736da5d82ae88ac,,stale,VALID,1a017fe9,,,valid_direct_stale
devcoin,validated_stales,data/devcoin_validated_stales.csv,71,stale_only_publication,repo-data,91456,,238659,000000000000012eda7aa57354e2fb2648d1a32bf6c73c26fb969b8e9c668c87,000000000000008d9776d3b81b508224f179460decd1d49d40e6b618ea8f1815,1369906051,1a016164,3853493275,0200000015188fea18b6e6409dd4d1ec0d4679f12482501bb8d376978d00000000000000690845272eae0d2890c4aa10d0a2b89597ab44bcca6533bbad5bd58174caf523831ba7516461011a1ba4afe5,0343a4031ee4b8ade59c8be8a3bde980a0204d61646520696e204368696e6151a71b85fabe6d6d4c861c2bed8fe5533bba9a21b0d185ab29aa921824d97198c4a5597cbcb006240400000000000000908b791100000000000005bd,76a914c825a1ecf2a6830c4401620c3a16f1995057c2ab88ac,,stale,VALID,1a016164,,,valid_direct_stale
devcoin,validated_stales,data/devcoin_validated_stales.csv,72,stale_only_publication,repo-data,91729,,239016,00000000000000fc468227f83990359036ce3a6f61a25eaddba16abcdf7cb707,00000000000000c9ceb4a8bf6efd215eff44db85d9d94b10946c8454a37f2c21,1370072118,1a016164,3738385006,02000000212c7fa354846c94104bd9d985db44ff5e21fd6ebfa8b4cec900000000000000c048b3ac069e81a58b12561acb6bae81ca405dc55c0d64d8b416fd870764f0ad36a4a9516461011a6e3ad3de,03a8a503534f434b0000519df1e60ba0522cfabe6d6dca0b45744dc3433350985f28eb5ef94df4ecda99bf30cc2a52b1cd24ff6e479608000000000000002f6269747061726b696e67,76a914537c7ebc5d636725b67b1fd3cc30b4958beb124a88ac;76a914316310bf50c473d35cc3ac8361b84736da5d82ae88ac,,stale,VALID,1a016164,,,valid_direct_stale
devcoin,validated_stales,data/devcoin_validated_stales.csv,73,stale_only_publication,repo-data,91842,,239191,00000000000000b214a574d6fb5699945c2e3b47756f2fcefd3eb3fb390a0e42,000000000000006a963150feb057e34303095ee00a069e72872bf1ada410cf94,1370142885,1a016164,3270292274,0200000094cf10a4adf12b87729e060ae05e090343e357b0fe5031966a00000000000000a15c3cf1cd20662a82868dcfa4423b48f0a40313870dfd63fd41b5027f08c9e0a5b8aa516461011a32b3ecc2,0357a603534f434b17010000ce738b48522cfabe6d6daa26ae60a4939167a3ac7d394103a8890c042630ce56f195957957de12a4e0ed08000000000000002f6269747061726b696e67,76a914537c7ebc5d636725b67b1fd3cc30b4958beb124a88ac;76a914316310bf50c473d35cc3ac8361b84736da5d82ae88ac,,stale,VALID,1a016164,,,valid_direct_stale
devcoin,validated_stales,data/devcoin_validated_stales.csv,74,stale_only_publication,repo-data,92106,,239563,00000000000000d736aa484935a8fb3eb74115f52a58055eeb0a347d642c866a,00000000000000467980a4fd8968112232829464899d98148849c86987f46b69,1370298037,1a016164,3382101379,02000000696bf48769c8498814989d896494823222116889fda4807946000000000000003d3d99a1d252c730a91b9555e2ecf74b06ff8f6d9f35c19a5431444e24bfda11b516ad516461011a83c596c9,03cba70315e4b883e5bda9e7a59ee4bb99e9b1bc51ad16b81248fabe6d6d6f2074f16a445963b5f3761d723ff22ae3872cef0acbd86109ba4553d1157c030400000000000000c8d6aa1600000000000000af,76a914c825a1ecf2a6830c4401620c3a16f1995057c2ab88ac,,stale,VALID,1a016164,,,valid_direct_stale
devcoin,validated_stales,data/devcoin_validated_stales.csv,75,stale_only_publication,repo-data,93095,,240915,000000000000004572c3f534dfddb74af542d6573095d52e530ceed94ac9bfef,0000000000000041c15aea4966961f0d8dea767fd5675c9844f33c18aa9bb1ec,1370952717,1a011337,890034925,02000000ecb19baa183cf344985c67d57f76ea8d0d1f966649ea5ac14100000000000000496e661c8527b60d9e3a0d1d506f77e11f9dca0643218c491b7bbd44e71bdb410d14b7513713011aedda0c35,0313ad0314e4b883e5bda9e7a59ee4bb99e9b1bc51b7140f97fabe6d6dabff76b99a1fec7ee2705758fa7727efaf331c9198072eb2399703c86a1a19850400000000000000806620050000000000001cbd,76a914c825a1ecf2a6830c4401620c3a16f1995057c2ab88ac,,stale,VALID,1a011337,,,valid_direct_stale
devcoin,validated_stales,data/devcoin_validated_stales.csv,76,stale_only_publication,repo-data,93175,,241031,000000000000003eb0df7952601d567ed07a1683793c3aeb1c90fae6b378cfaf,00000000000000b014620f89a29841747a2a91822ada6e4ba2a788d9aa7695e4,1371004215,1a011337,2926966016,02000000e49576aad988a7a24b6eda2a82912a7a744198a2890f6214b00000000000000082978231a43f64d86d97a33b6bda7b38959af76d64e520b64dca50363dd8331a37ddb7513713011a00f575ae,0387ad03534f434b000022386b693525522cfabe6d6db9cb2cb880bfcd952c40bc04e481b5af40a3915f5ef53d32ca82ab56428dde7e08000000000000002f6269747061726b696e67,76a914537c7ebc5d636725b67b1fd3cc30b4958beb124a88ac;76a914316310bf50c473d35cc3ac8361b84736da5d82ae88ac,,stale,VALID,1a011337,,,valid_direct_stale
devcoin,validated_stales,data/devcoin_validated_stales.csv,77,stale_only_publication,repo-data,93252,,241103,00000000000001079e2509521587ebc2d3dfd94c8fda4e2fb98e02bd8099e4b6,00000000000000475b23cd88f95a3fde22953f46dd9eea4449f77e34db7f5f02,1371036847,1a011337,3041729392,02000000025f7fdb347ef74944ea9edd463f9522de3f5af988cd235b4700000000000000d4d0387839dc8c56b98790b8914dda322d8a72b2c8285c5c2ec37f855a5f56d4af5cb8513713011a701b4db5,03cfad0313e4b883e5bda9e7a59ee4bb99e9b1bc51b85cb1fabe6d6dee2646a08dcb525088b7ae10bbcf3ef22c6b1566bcafbae434752c5bd43af7c40400000000000000d0c407130000000000000773,76a914c825a1ecf2a6830c4401620c3a16f1995057c2ab88ac,,stale,VALID,1a011337,,,valid_direct_stale
devcoin,validated_stales,data/devcoin_validated_stales.csv,78,stale_only_publication,repo-data,93509,,241541,00000000000000786d33055d8e72b0c1a328e2a3dc5d07579b87cffc596dc32c,00000000000000d61539b91d18a1f2c13a8c326b69cd7c41af3bf2b4ea54ebdc,1371240654,1a011337,2829992875,02000000dceb54eab4f23baf417ccd696b328c3ac1f2a1181db93915d600000000000000266c06a5c6840d563b3ab54a9d446f81e9249f3ec07110c8f001dd1194fb0ea7ce78bb513713011aab43aea8,0385af030451bb78cefabe6d6d5afa24e91d258696bff7d2ecd6fa9ac93920cc5004981cd0eeb5508c646831260400000000000000744b0300,76a914d1f997eb7159ef87dbf3218090cfa947bdb922f988ac,,stale,VALID,1a011337,,,valid_direct_stale
devcoin,validated_stales,data/devcoin_validated_stales.csv,79,stale_only_publication,repo-data,94263,,242435,0000000000000012ea2799304795ae8ebfc9fb0bf158d460c7cc04287f3d34d9,00000000000000128f172eca96aac18dbda9447f6df9c7d568df5c0f99b53264,1371729118,1a00de15,2240262840,020000006432b5990f5cdf68d5c7f96d7f44a9bd8dc1aa96ca2e178f1200000000000000098dd3034b3e62f8fed4eb4e021e2fc3a7271b95bb837f8d3d6dead1dfe9e1bfdeecc25115de001ab8b28785,0303b303534f434b420200006a6a631c522cfabe6d6df434d25f2ef7cb346aa63760ae96d8b0cd24fe0be8c36e2007babd4b6d96a70108000000000000002f6269747061726b696e67,76a914537c7ebc5d636725b67b1fd3cc30b4958beb124a88ac;76a914316310bf50c473d35cc3ac8361b84736da5d82ae88ac,,stale,VALID,1a00de15,,,valid_direct_stale
devcoin,validated_stales,data/devcoin_validated_stales.csv,80,stale_only_publication,repo-data,94345,,242525,00000000000000121de239903219f9176efbd00a8cc933bc32187ba89802c944,00000000000000d0c44953a26da911cf509261e79a65f259f9fa80105f5c5d37,1371782068,1a00de15,40271128,02000000375d5c5f1080faf959f2659ae7619250cf11a96da25349c4d000000000000000f7f1d388dc67b0e65a73581a85d999054cc0ae224bcb82ed82422f83f68e8a92b4bbc35115de001a187d6602,035db30313e4b883e5bda9e7a59ee4bb99e9b1bc51c3bbb5fabe6d6daf7344dd5106e28762258173c8d49239a9205b068d3e57a48ccac22a14382bca0400000000000000e847540700000000bc010000,76a914c825a1ecf2a6830c4401620c3a16f1995057c2ab88ac,,stale,VALID,1a00de15,,,valid_direct_stale
devcoin,validated_stales,data/devcoin_validated_stales.csv,81,stale_only_publication,repo-data,95071,,243446,000000000000000fede24818e3c5fa90325694b773648d68a0c7033c669cd467,000000000000005342e3606c194d9d25a3a34f6b595a597cc26368cdc31d763f,1372260387,1a00de15,528875687,020000003f761dc3cd6863c27c595a596b4fa3a3259d4d196c60e3425300000000000000ca56f8a55a4b9f19b0e4d2f6f522b5df61b23e922b9e76521864b4d8b836be2a2308cb5115de001aa700861f,03f6b60313e4b883e5bda9e7a59ee4bb99e9b1bc51cb0825fabe6d6ddff9483644561e6c1ac4739b8a84b1b9bb694209f407bf11da1e39ace740acdf040000000000000098f9ed0b000000005f000000,76a914c825a1ecf2a6830c4401620c3a16f1995057c2ab88ac,,stale,VALID,1a00de15,,,valid_direct_stale
devcoin,validated_stales,data/devcoin_validated_stales.csv,82,stale_only_publication,repo-data,96918,,245866,000000000000000347d8feb48f4ced6d609c1fe00de51081c54aeac65de6037d,00000000000000a9df3637219ad14161aa90bab7da103097c0bd74a29140f456,1373468084,1a00c94e,1237028000,0200000056f44091a274bdc0973010dab7ba90aa6141d19a213736dfa90000000000000073bc14af3f1f785c89255fc9d3535b6d30b4ef3a9947329029d2ceed9b611875b475dd514ec9001aa08cbb49,036ac00315e4b883e5bda9e7a59ee4bb99e9b1bc51dd75b6055dfabe6d6d98395e95d2fd758d93475ae143317c1fa2fb23374e04a49fc52111413ded9ab5040000000000000098f07d080000000000000bbc,76a914c825a1ecf2a6830c4401620c3a16f1995057c2ab88ac,,stale,VALID,1a00c94e,,,valid_direct_stale
devcoin,validated_stales,data/devcoin_validated_stales.csv,83,stale_only_publication,repo-data,96934,,245885,000000000000004c3daafc2d26e73874272d15a3acdf7511fe404f1b6bda6abf,000000000000009fd60babdec39b4e49feb4ec17497c0b341e05beb7e692304a,1373478358,1a00c94e,1022262703,020000004a3092e6b7be051e340b7c4917ecb4fe494e9bc3deab0bd69f000000000000004b8686902c343fa5a3af6bbc089d15230afd8eebb06e9f05977a8b9c288463b5d69ddd514ec9001aaf7dee3c,037dc003534f434bf82700006e70a844522cfabe6d6dabcc470d1e1bdac23a09e553aa4052bd3c5c7dbcf218157c1c23a6a6ed592d3708000000000000002f6269747061726b696e67,76a914537c7ebc5d636725b67b1fd3cc30b4958beb124a88ac;76a914680091efae7c38da3595963511ce660bb5497b5188ac,,stale,VALID,1a00c94e,,,valid_direct_stale
devcoin,validated_stales,data/devcoin_validated_stales.csv,84,stale_only_publication,repo-data,97198,,246240,000000000000001ac9a1278871107c8445de592e376b4040049c4012e9f730a6,00000000000000081c9435fb827e4f285743a9f5d81a93beac09bb4207e04240,1373648769,1a00a429,3187575288,020000004042e00742bb09acbe931ad8f5a94357284f7e82fb35941c0800000000000000182fe020b8401d3af9dab89356fd8a15649e37c63142d23de03be656a06acbc28137e05129a4001af889febd,03e0c103534f434b0000109905fe0207522cfabe6d6dc2331c696d8725c7753021e0949755331954c728be2102aa44bb530d7bf1409f08000000000000002f6269747061726b696e67,76a914537c7ebc5d636725b67b1fd3cc30b4958beb124a88ac;76a914680091efae7c38da3595963511ce660bb5497b5188ac,,stale,VALID,1a00a429,,,valid_direct_stale
devcoin,validated_stales,data/devcoin_validated_stales.csv,85,stale_only_publication,repo-data,99218,,248869,000000000000004a0163f3450ea234be5eb64af35e952fdccd92e67637a7664c,0000000000000072b5f552335a0661a4fe459e8f5ae7f9771a413fa26704741c,1375004807,1a008968,3328479431,020000001c740467a23f411a77f9e75a8f9e45fea461065a3352f5b5720000000000000061f88208c99f223184dee1c483e3637574347bae5ae068046f4911b8dc05fffd87e8f4516889001ac79064c6,0325cc0313e4b883e5bda9e7a59ee4bb99e9b1bc51f4e888fabe6d6db38195996d91e133a61ca9aa05ce6ca5265e6a6831b5368f75119ba980858b4604000000000000000819a6050000000000002156,76a914c825a1ecf2a6830c4401620c3a16f1995057c2ab88ac,,stale,VALID,1a008968,,,valid_direct_stale
devcoin,validated_stales,data/devcoin_validated_stales.csv,86,stale_only_publication,repo-data,99378,,249012,000000000000002558b84861d3031808917c7f5fd5934d5cc4a60c3062044ab0,0000000000000062061bdd88f12242674098f0c4a4680d5131e683d9f3f360c8,1375084305,1a008968,1350733726,02000000c860f3f3d983e631510d68a4c4f09840674222f188dd1b0662000000000000007abd69dc9046781cd3f7c617d0e7a3531ff96243874c021a1aed899207f90a82111ff6516889001a9e8f8250,03b4cc0313e4b883e5bda9e7a59ee4bb99e9b1bc51f61f13fabe6d6d3447c4e3bd0330490d342f33e04464e5087f34e0217f030f9e05c129d50a60160400000000000000e0203005000000000000049c,76a914c825a1ecf2a6830c4401620c3a16f1995057c2ab88ac,,stale,VALID,1a008968,,,valid_direct_stale
devcoin,validated_stales,data/devcoin_validated_stales.csv,87,stale_only_publication,repo-data,99582,,249250,0000000000000032ab6889fe5caac110c0e508cabc14fec80d177ff174516662,0000000000000059fc3cff18408ac0a87fb69730d6adeb403fedcf8d68cfb451,1375196745,1a008968,486569947,0200000051b4cf688dcfed3f40ebadd63097b67fa8c08a4018ff3cfc590000000000000028e1adf0d9eb33e105b4eae63dd011c69a179206a6c1a9d4eb9cc8ba2baade5a49d6f7516889001adb77001d,03a2cd0315e4b883e5bda9e7a59ee4bb99e9b1bc51f7d64b1000fabe6d6d4cb2ffd956bb5314ebb2f6b93efe86521737cdb633425bbead48e9b5299e4ec80400000000000000f80327050000000000009600,76a914c825a1ecf2a6830c4401620c3a16f1995057c2ab88ac,,stale,VALID,1a008968,,,valid_direct_stale
devcoin,validated_stales,data/devcoin_validated_stales.csv,88,stale_only_publication,repo-data,100992,,251268,000000000000004c4218e72fd5f74b37ea974c9c390a67bc1fa5076dea62c757,00000000000000007eba80d06b2c83753946866b1ddab48e7810ffef8c4c2192,1376115919,1972dbf2,3603656239,0200000092214c8cefff10788eb4da1d6b86463975832c6bd080ba7e000000000000000068682c7294ebfe1cbbc41b5a0b085fbc867abfe60dc6a645e8380ecb670dcfeacfdc0552f2db72192f6ecbd6,0384d503534f434b0000339654b5374f522cfabe6d6db2e83f49045ec3f6f9d2cd2c421e73bb906beebffc7ade653b90e67d7748e29208000000000000002f6269747061726b696e67,76a914537c7ebc5d636725b67b1fd3cc30b4958beb124a88ac;76a914680091efae7c38da3595963511ce660bb5497b5188ac,,stale,VALID,1972dbf2,,,valid_direct_stale
devcoin,validated_stales,data/devcoin_validated_stales.csv,89,stale_only_publication,repo-data,101632,,252238,000000000000002efa0cb0f6f0c6b77e67ef50dfdbd6e2a3f8b1cc1c5d7647ce,000000000000003b8527325138d0498f05f90cdc4028ef4b07ab7f28beef18f5,1376546210,19548732,4201100480,02000000f518efbe287fab074bef2840dc0cf9058f49d038513227853b00000000000000e312b82bb05a77251215bbf7ab3bcd0489808319f3c4541f9110f42426b1e310a26d0c5232875419c0b467fa,034ed90315e4b883e5bda9e7a59ee4bb99e9b1bc520c6da3037afabe6d6d0e30f0b222adaca5b98973aecdf44f7bfc3a804ad03a9b09feb90eee8d80102f0400000000000000181ea90700000000000016d4,76a914c825a1ecf2a6830c4401620c3a16f1995057c2ab88ac,,stale,VALID,19548732,,,valid_direct_stale
devcoin,validated_stales,data/devcoin_validated_stales.csv,90,stale_only_publication,repo-data,101672,,252279,000000000000001d6820cdcffdbc9ee2c58ee451e1f6c5f00252178abe6d6fa3,000000000000004a85ed53ee82ebd955f58e73e89a2b8b840ef73c545e0f8f39,1376568308,19548732,2594821483,02000000398f0f5e543cf70e848b2b9ae8738ef555d9eb82ee53ed854a000000000000008878859660817c3a59772f3057df3c334eea63d930113545e3f15ec131886ca1f4c30c52328754196bd5a99a,0377d9030e00456c696769757300520cc3ee0afabe6d6dcca196e7631371e40eb1bee9a459ab4e96be5652d290ea4a7cab38378e686d440400000000000000002f73302f00,76a914f322868c6491398822c2c5b7b978302b063e930b88ac;76a9145dfae39b14a09e9493fc6f95019fc1d8d1c9258088ac;76a9145ad4df36c38579badb7113919d5664ff24d8c30b88ac;76a914a847bdfbd1fc716ac4c38652bc0042e6b0c812b888ac;76a91461a1051d1146a6fb0750b91e39a9d357bd46f30a88ac;76a914a24f45c7f31f042fac351ffa88b48f2425ebc4ed88ac;76a9147318d24224a3d5f45ff23506f95555eec3b161d888ac;76a914a72cab69d8a1748729a2798834dc3408c0e0f5a288ac;76a91467f6e78d0a8feea116016024491ca37528c06b5a88ac;76a9143386c699ecdbbe06b89eec52cf4673aca1c9fdbe88ac;76a91404594e55049cc7bbcc7bd252ac054f1fcf9d0dc988ac;76a914a0a8344999c5dc78cecd103faedb76e6b3d8cafb88ac;76a914791bd6dad8e119d99b9751a777fa3402d46cc93588ac;76a9148b55222a2ff9c611ec54beb0c2565680e2d41d4d88ac;76a914f31c9e21499647e82f38766649ce64e2d06d470288ac;76a914f96aef2bcabfdbeb049daa184f43dd1e400219b588ac;76a914dce95e147102c603c8b58e65e9879f91cea5fe4288ac;76a91446f59656b8a07ead2861ed1b03c5158eed6f815c88ac;76a914a203da6974cafc995fc03fef611f7401ad779bc188ac;76a914f982b0a41c794a9b285de3609a9f08e955707f0088ac;76a91472e4f17116217df56dc1998d1a11d31858ccf92788ac;76a9147a2d6ee88f0c5501a91b63be9ac8044697a91d1888ac;76a914f8e9cc9eada1dc15e4cf80bbd570bf11e3be07b788ac;76a914a2eab8dab53540375122fdfb633dc1438521cc8b88ac;76a914ae09100faa3b57b7e4ea866b36b7df40ac78ffdb88ac;76a914a804274391cb1a6f157a500cf8df2b4141bae42588ac;76a914c8278a624b9264b27d4c92300dc9e7e522beb4cb88ac;76a914001eecd0f4102ce18b9c4bf1c1c547ddad43a71988ac;76a914e71d08934ae133796715ba128c4c9da83146514c88ac;76a9149538a23567d9233e3268cd461df9389528c1308b88ac;76a914dd98b5c3f3be71942db8b4bec0cd2502ec7d9f2588ac;76a9143a9e01b1a81befb250c29d30b6dc6be46b53e1e488ac;76a914c962c775412e296ef438c3bc1be84ad69b8ae8d888ac;76a914c25421b463bac69eeb0d83b06669932bd76b182488ac;76a91475bed242e9b2cf5b4d45ef9f052be369067eae6888ac;76a914c8459142759347c481684590dabf11d9f91e143f88ac;76a914b8662a5845e7fa176c4b98377816f73b50e0c8d688ac;76a91447da73ac088e22e0d511a3e7b7b523781488d0f788ac;76a9149db0a9763b7af6f50b8f4870c16f09eb5f89657d88ac;76a91464e6cc4c7a718a51d651fca861544e6030b7408d88ac;76a9149d8bd44600f8b42bf7ddf10ac9d1a13bea611b7388ac;76a914077ffb661689ab7a1bd3316ebba8c567096ec34e88ac;76a914da3694d41829e45a3f4f8d5efe2c3463b7cf930388ac;76a914f9a18fc15df7d85203360d0020ba5b16cc60bbc688ac;76a914a9397a15c179cdbcba1291e90953d885b4f7ccb588ac;76a914de7013095d8d440b9798c886e5646d7dc2bc02bd88ac;76a914ee4f83c1dc1e5e81f36b48ba236ca116e894f2cc88ac;76a9146438ce865ca4e35fa1e01bdbd4aa62c689d3c2fd88ac;76a914b9d4562f5d1b1d89387a48e6cd2e6299aa6b679788ac;76a9140351f8306e5bc02a3b909fda0de11162c5e51bb688ac;76a9144b1b2854cc8738edda4f8ca98bd65ce5f648b38288ac;76a914c2f18e930e61709439160e0d93452733c605719088ac;76a914672ef57d3ea43180d6bd7663a6927bbd570e141888ac;76a9140a2bfb64e8c6bbcd973eae75f6363d36bb3c3aa588ac;76a914195344563ecbfc06eb183d330437fddd53b2635288ac;76a914b5945df721fd42b339737c07c24ab36ee3e7c1ac88ac;76a91460e4b6988d1b4bdaa9e3e0749c6af3d8dc8649b388ac;76a914b324177d21cb2d84b8238d3b3a358d208bbccead88ac;76a914954a4dc953aa435599e5949aa758262fa9f5cf3188ac;76a914001fdccfe8f214a8956eda57557eaa8225aa3dba88ac;76a9142e5aa66d38ca6c395969b1aac1f614349221124388ac;76a9144729c00a0b930999a50acaca8b30399ca8104bbe88ac;76a914fa62687636eebc4f527d4941bc739c2a74620ba388ac;76a914b8d85e4f2a53c7baeebc8015e1497efb4e71ade088ac;76a91435e5ca4e69131c1dd83982cf2d369e85d1c0c4ee88ac;76a914772b1030470769a85716c4380ce2a4364a0bce3988ac;76a914c3048e962d295f3aa2ca575c7c749661224060ec88ac;76a914cdb2b03c5c3e8f4839097d02530b9c7b7746975288ac;76a914474ce7d7a64ada73763c06fe4171e09b0086ad3988ac;76a914f5ffcbbf4b691a51eb318665532033c39fafc28488ac;76a914f4a7cca5d0663d990ddeaf2fe9a6b45354a538ec88ac;76a914e8bd104e78fe2e7ee5112ebc23e5c6123e44fa5188ac;76a914b707ee695e9f2d4c50cde736fd9767b3f6bb0e9288ac;76a9145f08cf6e94b54bf196b0dd8c9cf95a5d3142e7ce88ac;76a914f4e58ac6ef95bf6b7ddaedc2b7ca80e7cc10f8c488ac;76a914a07d0ff15ad9d770a8f4ce336ccfd038436a51e588ac;76a91489d532b6b03a899d8662cdef16554dcf563a876988ac;76a9145399c3093d31e4b0af4be1215d59b857b861ad5d88ac,,stale,VALID,19548732,,,valid_direct_stale
devcoin,validated_stales,data/devcoin_validated_stales.csv,91,stale_only_publication,repo-data,101705,,252313,0000000000000052f1b8a46712bd4989ad27dbdbf94779cd4a5657f5d0ee7890,00000000000000397876fc1f0e76f746ef7765f2f676b644b26e25d191e1ca65,1376585377,19548732,3137434019,0200000065cae191d1256eb244b676f6f26577ef46f7760e1ffc76783900000000000000ba7a218dab1cf66de32e91850536f641774ce2e0d77c8e5331f16d94fce4a39ba1060d5232875419a37101bb,0399d9030e00456c696769757300520d06a19ffabe6d6d6200d873ec7320ca0cdab7ede41f5529b6c6343665ef3b6debce51dc4b6f19380400000000000000002f73332f00,76a914f322868c6491398822c2c5b7b978302b063e930b88ac;76a9145dfae39b14a09e9493fc6f95019fc1d8d1c9258088ac;76a9145ad4df36c38579badb7113919d5664ff24d8c30b88ac;76a9147318d24224a3d5f45ff23506f95555eec3b161d888ac;76a91461a1051d1146a6fb0750b91e39a9d357bd46f30a88ac;76a914a24f45c7f31f042fac351ffa88b48f2425ebc4ed88ac;76a9143386c699ecdbbe06b89eec52cf4673aca1c9fdbe88ac;76a914791bd6dad8e119d99b9751a777fa3402d46cc93588ac;76a9148b55222a2ff9c611ec54beb0c2565680e2d41d4d88ac;76a914dce95e147102c603c8b58e65e9879f91cea5fe4288ac;76a914f96aef2bcabfdbeb049daa184f43dd1e400219b588ac;76a91446f59656b8a07ead2861ed1b03c5158eed6f815c88ac;76a914a203da6974cafc995fc03fef611f7401ad779bc188ac;76a914f982b0a41c794a9b285de3609a9f08e955707f0088ac;76a91472e4f17116217df56dc1998d1a11d31858ccf92788ac;76a914f31c9e21499647e82f38766649ce64e2d06d470288ac;76a914a0a8344999c5dc78cecd103faedb76e6b3d8cafb88ac;76a9147a2d6ee88f0c5501a91b63be9ac8044697a91d1888ac;76a914a2eab8dab53540375122fdfb633dc1438521cc8b88ac;76a914f8e9cc9eada1dc15e4cf80bbd570bf11e3be07b788ac;76a914001eecd0f4102ce18b9c4bf1c1c547ddad43a71988ac;76a914ae09100faa3b57b7e4ea866b36b7df40ac78ffdb88ac;76a9143a9e01b1a81befb250c29d30b6dc6be46b53e1e488ac;76a914b5945df721fd42b339737c07c24ab36ee3e7c1ac88ac;76a914672ef57d3ea43180d6bd7663a6927bbd570e141888ac;76a914001fdccfe8f214a8956eda57557eaa8225aa3dba88ac;76a914de7013095d8d440b9798c886e5646d7dc2bc02bd88ac;76a9142e5aa66d38ca6c395969b1aac1f614349221124388ac;76a9140a2bfb64e8c6bbcd973eae75f6363d36bb3c3aa588ac;76a914ee4f83c1dc1e5e81f36b48ba236ca116e894f2cc88ac;76a9144729c00a0b930999a50acaca8b30399ca8104bbe88ac;76a914fa62687636eebc4f527d4941bc739c2a74620ba388ac;76a914b707ee695e9f2d4c50cde736fd9767b3f6bb0e9288ac;76a91460e4b6988d1b4bdaa9e3e0749c6af3d8dc8649b388ac;76a91435e5ca4e69131c1dd83982cf2d369e85d1c0c4ee88ac;76a914c3048e962d295f3aa2ca575c7c749661224060ec88ac;76a914e8bd104e78fe2e7ee5112ebc23e5c6123e44fa5188ac;76a914cdb2b03c5c3e8f4839097d02530b9c7b7746975288ac;76a914b8d85e4f2a53c7baeebc8015e1497efb4e71ade088ac;76a914d9aecd92598905279820a8095631bd7e70a63d3288ac;76a914ad3ce270b073ec090be7af6397f82f457934460d88ac;76a914ada8397057f950ccfdfe79e17dc7e8775a01a3f888ac;76a914a5f1be93d96f97340283865823ff535ac25b9bfe88ac;76a914e39c44e94954ae575002e90a7dee96af5d559eb788ac;76a914474ce7d7a64ada73763c06fe4171e09b0086ad3988ac;76a91475d89e6e8e5adf1fc4e1c24812134be7a67d941f88ac;76a914f5ffcbbf4b691a51eb318665532033c39fafc28488ac;76a914f4a7cca5d0663d990ddeaf2fe9a6b45354a538ec88ac;76a914047d3858ab64696bb7e149e5929c6e71037236a488ac;76a9145f08cf6e94b54bf196b0dd8c9cf95a5d3142e7ce88ac;76a9145fac1d429860545a99eb4c2c1b793a7f314bf5c488ac;76a914f6a671176befb4febdc2ec008f42474cb7e0407488ac;76a9145ec3a2755408e584e01481516be575df6dc2d62b88ac;76a914a07d0ff15ad9d770a8f4ce336ccfd038436a51e588ac;76a914f4e58ac6ef95bf6b7ddaedc2b7ca80e7cc10f8c488ac;76a914f7747ed062c3df76da978cfbb019c472a4baa63988ac;76a914c6a3e179d5b87daff678ce5f81fc465839f2087788ac;76a914be86e5669d71f8f87faf000165bb3ad0288ec7d388ac;76a91472e2ddd64058a6d2b766d3192fa296e87a09ed6b88ac;76a91489d532b6b03a899d8662cdef16554dcf563a876988ac;76a9144f3a0c5628c4c0fd4fff4a04a43dc72e7e7351b788ac;76a91424368c7d951cd91a8f635b015199bd2afc02dd1388ac;76a9145399c3093d31e4b0af4be1215d59b857b861ad5d88ac,,stale,VALID,19548732,,,valid_direct_stale
devcoin,validated_stales,data/devcoin_validated_stales.csv,92,stale_only_publication,repo-data,101721,,252336,000000000000001ddb44cc0ac0fcc710f7f619cf88172018ab61405943da2f3e,0000000000000049d734fdc3f86a33ca473c6e1b36b96d35f62f497c39c62b0e,1376595955,19548732,3794364489,020000000e2bc6397c492ff6356db9361b6e3c47ca336af8c3fd34d7490000000000000063aaab49812a160ffe16059d6208bcb4adfbbbcd794a5102f33744cff9447906f32f0d5232875419496829e2,03b0d90313e4b883e5bda9e7a59ee4bb99e9b1bc520d2ff4fabe6d6dd71adb21641a230135720287f5576c42d7383f7ad48e91df8b4d005c58c442120400000000000000009bfb070000000000003a9d,76a914c825a1ecf2a6830c4401620c3a16f1995057c2ab88ac,,stale,VALID,19548732,,,valid_direct_stale
devcoin,validated_stales,data/devcoin_validated_stales.csv,93,stale_only_publication,repo-data,101858,,252520,00000000000000213fbb6c0408bd87f38459dba44b82ebc899b712d3fd458643,000000000000001ce128369c54c176108f77355dd17041e69bf044c543dc1a6f,1376689587,19548732,490345712,020000006f1adc43c544f09be64170d15d35778f1076c1549c3628e11c000000000000004bf4378277a065e14eb1061309389c49ed027cd6f99ac1f14afffcddba74a569b39d0e5232875419f0143a1d,0368da0315e4b883e5bda9e7a59ee4bb99e9b1bc520e9db5060efabe6d6d414d992a2afbc399bfa8163979bae8bf5133c9c776ed7083d24a592456d644320400000000000000d8d28f040000000000000a11,76a914c825a1ecf2a6830c4401620c3a16f1995057c2ab88ac,,stale,VALID,19548732,,,valid_direct_stale
devcoin,validated_stales,data/devcoin_validated_stales.csv,94,stale_only_publication,repo-data,102027,,252762,000000000000004232a1e27311e75d07a41291b6574363271de13feca2e28f55,000000000000000ef965337d8f1067a70227a68baa775a82400575a3e9be5fb7,1376800688,19548732,1768312521,02000000b75fbee9a3750540825a77aa8ba62702a767108f7d3365f90e00000000000000506e1ae4285fbcc4341c2b78a1d16ef763817daf3e9191fb691128b7126f1f34b04f105232875419c94e6669,035adb0313e4b883e5bda9e7a59ee4bb99e9b1bc52104fb2fabe6d6d9513e051c38a0abc2f7eb4ae81fd2f91e26fdf349be00ecc617f7c7b66e082ab040000000000000018756608000000008c090000,76a914c825a1ecf2a6830c4401620c3a16f1995057c2ab88ac,,stale,VALID,19548732,,,valid_direct_stale
devcoin,validated_stales,data/devcoin_validated_stales.csv,95,stale_only_publication,repo-data,102037,,252779,0000000000000017c7a3d87d87849786e260c17a4e273a3915c55ccb086edb20,000000000000002823a3ddf9f69e88ea96f5c380a7e013f15c609734ca6ec968,1376805681,19548732,706569518,0200000068c96eca3497605cf113e0a780c3f596ea889ef6f9dda3232800000000000000108ac71bcf89c118ade28eb2d2a83e78047fa6eee9559decc36e5295f4e02f8e31631052328754192e651d2a,036bdb0315e4b883e5bda9e7a59ee4bb99e9b1bc521063330912fabe6d6d834cdb18163265ffeeb5b96fdc31a478a1435dbd479a59e912757383af627b260400000000000000c83fed040000000000001158,76a914c825a1ecf2a6830c4401620c3a16f1995057c2ab88ac,,stale,VALID,19548732,,,valid_direct_stale
devcoin,validated_stales,data/devcoin_validated_stales.csv,96,stale_only_publication,repo-data,102092,,252847,0000000000000039719bab80b1d751d6a264ae78d11dffaca5a0f4d5d9f616a3,00000000000000327097628bc432fd5f0969515db88e00d0deb11a6be31f437d,1376836362,19548732,1489512809,020000007d431fe36b1ab1ded0008eb85d5169095ffd32c48b6297703200000000000000bbdc5d07302a2a54d295ec4627e070378b8346fbb597efc9e4640c6a0f37bb9e0adb1052328754196929c858,03afdb030d00456c6967697573005210db0afabe6d6dc174616d39932b08d262d282053439bf8057eb134537c08f8a7c27a7207a5e6c0400000000000000002f7373312f001035aa030000000030410000,76a914f322868c6491398822c2c5b7b978302b063e930b88ac;76a9145ad4df36c38579badb7113919d5664ff24d8c30b88ac;76a91461a1051d1146a6fb0750b91e39a9d357bd46f30a88ac;76a9143386c699ecdbbe06b89eec52cf4673aca1c9fdbe88ac;76a9148b55222a2ff9c611ec54beb0c2565680e2d41d4d88ac;76a9146991b17412629af3c371ea5f5c3d82a3ff31a7ba88ac;76a914a2eab8dab53540375122fdfb633dc1438521cc8b88ac;76a91447da73ac088e22e0d511a3e7b7b523781488d0f788ac;76a914da3694d41829e45a3f4f8d5efe2c3463b7cf930388ac;76a91467f6e78d0a8feea116016024491ca37528c06b5a88ac;76a914fe14cc64463da4f490198e4059ba7ad251d22e5b88ac;76a914b4ce48defdbe588962c0ed63580d67d3b97f282188ac;76a914fa62687636eebc4f527d4941bc739c2a74620ba388ac;76a9144729c00a0b930999a50acaca8b30399ca8104bbe88ac;76a91446f59656b8a07ead2861ed1b03c5158eed6f815c88ac;76a914c17e44923f07ddd95b030cee63e94bea7a28550288ac;76a91471e8822a58e9a693f90c277c1314dc718528176988ac;76a914235e7b503fd47e908b4ea7d11237003e18e4833e88ac;76a9141afeaf52d9b09579ffd9b50fe8d24776ac299e5c88ac;76a9148996ba6c437ed65cc40f465c36cf72775bc3902888ac;76a914fa887e00085cc472b823d1e4cecd2abd7bc3689888ac;76a9140dd65d24d50652e5368fa6f65b71ba83cd9a163188ac;76a9146c6236235bd8f4a60fd81e24e5de53f97aa9fb8088ac;76a914c5555f84484c047db61e0993035158a18d5f886488ac;76a9141925443e4c2209c9d6742a0e713e8e4794a6527688ac;76a914553d1ac6a4070c0e51ad68e9eb786f81cc3299bb88ac;76a914067fa26791ed4a76d62f5a912d54d212182ce62c88ac;76a9149032d26c5176cb8f6316e872074a3d9a0a10624f88ac;76a91499ebc758fb66517bb28a2df01061ca08b1bd543488ac;76a91496b4249927c56cab3f5fd98492a39e5c9435f8d688ac;76a9149bed2896f23a27f0e79636dcf195de7665eb390388ac;76a914a5d38f6085707964adc734f5cee9593feaa0efda88ac;76a91403790c19fa7c743622d4dbee16b3c59e63c3800088ac;76a914a4df476d3214a3be5dd3b1d303d495ba511f4dbe88ac;76a91430b6354f06cd62d293e12f99014c3c1ef003e52088ac;76a9149bc822e24f783cdb5cb0f9a638849836f8430e4588ac;76a91437bdd7ab1bb9779b64b5b0916dd6b15d41b5fde788ac;76a914527a0d0dc68db248dd14dbef0db2a58c70ca0d7588ac;76a9149bd943b3ce9471ba4c0e927738854bd4aebb3d8888ac;76a9147cbedb656f4628aa6402c7f393b3aa79d1a4559288ac;76a914708b1fd64c2a55563b51c0e2df96e11454aa63e788ac;76a9145399c3093d31e4b0af4be1215d59b857b861ad5d88ac,,stale,VALID,19548732,,,valid_direct_stale
devcoin,validated_stales,data/devcoin_validated_stales.csv,97,stale_only_publication,repo-data,102286,,253111,000000000000000926ede07648a8c7bd28551c097f8758fab3dd4c1759b26f80,0000000000000007942575a38d76a1dafa96b461bb38bc180f59c74556c045fa,1376960907,19548732,3717413383,02000000fa45c05645c7590f18bc38bb61b496fadaa1768da3752594070000000000000057e5227fe2e7dc7530106fa546aff5afc095b5fa877e8ccf2b67f2c224150a2a8bc1125232875419073a93dd,03b7dc0313e4b883e5bda9e7a59ee4bb99e9b1bc5212c18cfabe6d6d6ef8edd3fca9ab636199fdcfe46ffa3170b2a100781366dd4af4af156d44bfa8040000000000000030c8c5090000000000005738,76a914c825a1ecf2a6830c4401620c3a16f1995057c2ab88ac,,stale,VALID,19548732,,,valid_direct_stale
devcoin,validated_stales,data/devcoin_validated_stales.csv,98,stale_only_publication,repo-data,102722,,253662,000000000000002d7d6e3441a3cb18be4bf10f5d5ad1849c729fe7e249cd2774,000000000000002f6d8455e3ee31c610cdc2b5a00844c977b57431ec4875d244,1377200829,19548732,2733178978,0200000044d27548ec3174b577c94408a0b5c2cd10c631eee355846d2f0000000000000008e7fdeea3c521884dde95d1de5570374822e66b5c24bf9287df0cca4693b144bd6a1652328754196200e9a2,03dede0313e4b883e5bda9e7a59ee4bb99e9b1bc52166abefabe6d6dee7a397249fc5f570f87a8d1bcdcfbe69b2c2cd661a3689e7af1d0f2d5777aa60400000000000000b88a68100000000000001915,76a914c825a1ecf2a6830c4401620c3a16f1995057c2ab88ac,,stale,VALID,19548732,,,valid_direct_stale
devcoin,validated_stales,data/devcoin_validated_stales.csv,99,stale_only_publication,repo-data,102961,,254021,000000000000002bc403a91436149dc6d4be97b05b0ba7e10894f6b2a04d2122,000000000000000340d187529ce4338e625f1ce028dd6cd3f4498fcd42fa9a1b,1377355806,19415257,499394054,020000001b9afa42cd8f49f4d36cdd28e01c5f628e33e49c5287d140030000000000000016b5019fe300b6f0d52fcad697569e0d2742cf05d2eb9b89390981464d26e34f1ec81852575241190626c41d,0345e00313e4b883e5bda9e7a59ee4bb99e9b1bc5218c820fabe6d6dd03fccfd47b6ac53b29ae6e8920de926c0980f53a69575919e61bf4280a378e80400000000000000788832060000000000001cfa,76a914c825a1ecf2a6830c4401620c3a16f1995057c2ab88ac,,stale,VALID,19415257,,,valid_direct_stale
devcoin,validated_stales,data/devcoin_validated_stales.csv,100,stale_only_publication,repo-data,102980,,254045,000000000000001d06fdbc7e2abb56f393a9495a859ef6d6196df5875cfbec57,0000000000000014e936788e13bae4e0ae325546ac84a2058824dc865423fab0,1377365877,19415257,1882045996,02000000b0fa235486dc248805a284ac465532aee0e4ba138e7836e914000000000000004a05e0b00e0e42c31a0bc1ff091ad2bb6c7bb790afc4d0db8d4dfacefb6d54cc75ef1852575241192cbe2d70,035de003062f503253482f0474ef1852082f000000027fd86f2e522cfabe6d6dd5ff82a621397ffc2e980f31aa677801f1222e15f25a22a870f82d9c935ed06c0400000000000000,76a91480ad90d403581fa3bf46086a91b2d9d4125db6c188ac,,stale,VALID,19415257,,,valid_direct_stale
devcoin,validated_stales,data/devcoin_validated_stales.csv,101,stale_only_publication,repo-data,103131,,254222,0000000000000011e2f4ef2e41ba73b635624ec8c739e9bfa2963d77ed237ef4,0000000000000026a09f9bde9d1050d2dddb46f6d77149581c413b33bd1c86d0,1377471249,19415257,3649696086,02000000d0861cbd333b411c584971d7f646dbddd250109dde9b9fa0260000000000000023715450a1989cff7c4c0a2f69e3aa1928981be4600df00e8a892b30a303f554118b1a525752411956f189d9,030ee103062f503253482f040b8b1a5208ac130000023355e62e522cfabe6d6d92463047f4416115de1d863203171e2f44b1dfdf36e7338045330116f7594df40400000000000000,76a91480ad90d403581fa3bf46086a91b2d9d4125db6c188ac,,stale,VALID,19415257,,,valid_direct_stale
devcoin,validated_stales,data/devcoin_validated_stales.csv,102,stale_only_publication,repo-data,103606,,254806,000000000000002b0c442b04215b303704f36c0e8ca4ff678c43d865de1bea1a,00000000000000302d9f7d617913b83648bd05c1c89dc68d7b1f0add8ed6f4e9,1377763424,19415257,2132413458,02000000e9f4d68edd0a1f7b8dc69dc8c105bd4836b81379617d9f2d30000000000000005b7ad18fa480f866eefe4b1aba8bcf0158949a59dacf33279828e7c6c0ae72cf60001f5257524119120c1a7f,0356e30313e4b883e5bda9e7a59ee4bb99e9b1bc521f0061fabe6d6d97f2c29cc19e266435dd088d35383dcd1cc53b46e9fb1e88d210c9066f834c4c040000000000000020f369020000000000000e8f,76a914c825a1ecf2a6830c4401620c3a16f1995057c2ab88ac,,stale,VALID,19415257,,,valid_direct_stale
devcoin,validated_stales,data/devcoin_validated_stales.csv,103,stale_only_publication,repo-data,103864,,255200,0000000000000025aba391aa62d7a830f1b72fe34c596caa0c032005c7660655,0000000000000029a114818d9b2ea34a7357e600c20df5b540cfa79f94fe5d5d,1377934080,19415257,2289728284,020000005d5dfe949fa7cf40b5f50dc200e657734aa32e9b8d8114a129000000000000007e839eafa0ceac82048378fea71c7fa3916734d02a550dafad7d279438e4d0c2009b2152575241191c7b7a88,03e0e40313e4b883e5bda9e7a59ee4bb99e9b1bc52219b02fabe6d6d3361e82fec43cc967f528329a5d6f48e3d777d95c48dfe4400241c7d325f3b320400000000000000e0c03a0b000000000000c77b,76a914c825a1ecf2a6830c4401620c3a16f1995057c2ab88ac,,stale,VALID,19415257,,,valid_direct_stale
devcoin,validated_stales,data/devcoin_validated_stales.csv,104,stale_only_publication,repo-data,104063,,255571,000000000000000753833deb210edb959003755a17069df12b6c717b200a345c,0000000000000012d493da4c8ccf3504f3fb54c9d464c3352fd9e97cee49914c,1378077642,19415257,91452696,020000004c9149ee7ce9d92f35c364d4c954fbf30435cf8c4cda93d41200000000000000a0976ead2369a7fcc9f4865650dcf252598589b2d512a7d095bdfd699c31c3e3cacb23525752411918757305,0353e603062f503253482f04c8cb2352080600006907fbd5222e522cfabe6d6d6adb8f31617fd01c10a6f53cebff3f267f1cbb6030355e08d298d8f4c5c71cf00400000000000000,76a91480ad90d403581fa3bf46086a91b2d9d4125db6c188ac,,stale,VALID,19415257,,,valid_direct_stale
devcoin,validated_stales,data/devcoin_validated_stales.csv,105,stale_only_publication,repo-data,104257,,255882,000000000000002b4597ebd23e8ddcd97f3d730ade26148e65c390e55408eaae,0000000000000015fb78a0767cb0e0e8fe44a86b9ba892c89f5d5ccb04b73dc1,1378205108,19415257,2190359576,02000000c13db704cb5c5d9fc892a89b6ba844fee8e0b07c76a078fb15000000000000008eccb6da87ca6c48a29dafcf68a941178015ca2dc93ddebf8c21730c351c4ad6b4bd255257524119183c8e82,038ae703534f434b00002b39e97455f5522cfabe6d6d8af9f954f13064888427f043886740b985261e1d0a82ed14d0e31249e4f3a60f08000000000000002f6269747061726b696e67,76a914537c7ebc5d636725b67b1fd3cc30b4958beb124a88ac;76a9144961d42c1b826200712ee20846abe9c1ded8bf8c88ac,,stale,VALID,19415257,,,valid_direct_stale
devcoin,validated_stales,data/devcoin_validated_stales.csv,106,stale_only_publication,repo-data,104343,,255996,000000000000002ce4be7d1c1029fe458fe20fa5d58b76c66299726bdc1e0dd2,000000000000002ee21190a819c783bdafbdd0dff57b4d38563fa52255a04451,1378256040,19415257,2461640267,020000005144a05522a53f56384d7bf5dfd0bdafbd83c719a89011e22e00000000000000ce5da49551aa88a0b02c9a3225c8dcb9da27352552f0754874a57321db3bf7d0a8842652575241194ba6b992,03fce703062f503253482f04bf84265208250100f31197405736522cfabe6d6dbec38c7e9045a228fc980b74e3cb5703d99d782366dd10743076f769273c1306040000000000000067686173682e696f,76a91480ad90d403581fa3bf46086a91b2d9d4125db6c188ac,,stale,VALID,19415257,,,valid_direct_stale
devcoin,validated_stales,data/devcoin_validated_stales.csv,107,stale_only_publication,repo-data,104584,,256311,000000000000000be42529d3a1df23d476150c15e7042220254f4523186d5da4,00000000000000019d219483d1b58abc6e6e4d2a147eaa9dd872f17be08b20ea,1378414422,1931679c,2747327711,02000000ea208be07bf172d89daa7e142a4d6e6ebc8ab5d18394219d0100000000000000a3723500796d1114b31510a615c1bd004fcd23fb9e4330a4ae7983caba223b8156ef28529c673119dfe4c0a3,0337e90313e4b883e5bda9e7a59ee4bb99e9b1bc5228ef57fabe6d6d96efdea7c9faf147f53cc65191fff15cbc93ce8b9513524b765735764a18ac8104000000000000009869f10200000000000015a7,76a914c825a1ecf2a6830c4401620c3a16f1995057c2ab88ac,,stale,VALID,1931679c,,,valid_direct_stale
devcoin,validated_stales,data/devcoin_validated_stales.csv,108,stale_only_publication,repo-data,104787,,256558,000000000000001630b06542e86c333ae03094c80753b1fa631f70ba675668b4,0000000000000011dd7cb93be8be03a6fedcc2f7a18b5ded2f0ace764a89d925,1378539089,1931679c,3485266843,0200000025d9894a76ce0a2fed5d8ba1f7c2dcfea603bee83bb97cdd110000000000000031f8a3fc7d5abc07392d18269a10334b71ff7c76b006be2e53491e847bd2ef9951d62a529c6731199bf3bccf,032eea030d00456c696769757300522ad651fabe6d6d449bc7004c60bd2409bb821b228dc69c437702663285716ce931183175dd66690400000000000000002f7373312f00509ea86fb67f0000f2100100,76a9143b058abb4028f8ae985bce3deafaf2d4e7a08d6788ac;76a9145ad4df36c38579badb7113919d5664ff24d8c30b88ac;76a9147d1508f65ed6272dea5286b7d0aefbd39a14c0a588ac;76a914c7bcbe24b5bae87fc57b05ba65ecf5e590c0be4988ac;76a914f322868c6491398822c2c5b7b978302b063e930b88ac;76a9147318d24224a3d5f45ff23506f95555eec3b161d888ac;76a9145dfae39b14a09e9493fc6f95019fc1d8d1c9258088ac;76a9141f562c1e41dd90bfd12fccd590207ba3153f7ed688ac;76a9148368b7835a40adbb8788b968e6ca76f247adb52388ac;76a914245ec695f25beba2eab97ab33f97b656a850046f88ac;76a91485c9ce4366b559c0a1a65940586d33ce1ccdc31f88ac;76a91416e3f4ec4dabd9eebb827dda5d58723989a7a61488ac;76a91455ad64d178efbc3add934dc32cf1338396fe691088ac;76a914c6d4f55d625b3cab9c44307f96f0af375231e0e588ac;76a914b6c4d924ac978e04a92eded1e3700e935878e4d588ac;76a9148a07515540436c770b2bc9c6c72f8e445e64012188ac;76a914302cec640923830066426b3c18a3c59fe7ceece888ac;76a9148f2117212e4970e4e885b3fec8e08fd0d4cbdae088ac;76a914d8dc60593c820a386e7a4fec107d0209d305decf88ac;76a914982ae9d9de6f660c93fd3345b70af90a2e2c7a4388ac;76a914a203da6974cafc995fc03fef611f7401ad779bc188ac;76a914cc317933863aa0840d035b6e957e5784919bae9688ac;76a914b66cbea9b30dc4e2b0d88ac70e5ef12dfbfbf1f188ac;76a914217a637f55892e4327694184dd0d20536186236888ac;76a914c25421b463bac69eeb0d83b06669932bd76b182488ac;76a914da9d41c79ca85ce0c68057b8adfb753424e7f07a88ac;76a9149d8bd44600f8b42bf7ddf10ac9d1a13bea611b7388ac;76a914077ffb661689ab7a1bd3316ebba8c567096ec34e88ac;76a914857c240b87bb0ddce6d8e5ffaffdd7a70be7e4ea88ac;76a914f9a18fc15df7d85203360d0020ba5b16cc60bbc688ac;76a91451608f72a15e49ec093f4165a558bffe9ed7bdd188ac;76a914f1cb8fc93af06f1abaa14be3174eda06df129a1888ac;76a914b8662a5845e7fa176c4b98377816f73b50e0c8d688ac;76a914f2e6c350e41d463c33cdffa6aa8e5d62071d18ef88ac;76a9149d1c75989f891326440f25e515b8f5a455516b0d88ac;76a9141d32215b3dace0dee862bcc46a6f99523eb05f1c88ac;76a914b5945df721fd42b339737c07c24ab36ee3e7c1ac88ac;76a914a5f1be93d96f97340283865823ff535ac25b9bfe88ac;76a914bcf876744d0b64c103089b53b620602fd9186c4c88ac;76a91400a8b8bae8c25a80c9bdbebaeaac1157a50ce73b88ac;76a91444a761c7875b544625f1f34894374faaf489e6b788ac;76a914cab32733b973ad8d130b26cd7dc32f460e8905e988ac;76a91415e285032aaaece96205702704d44f486d7a96ae88ac;76a9141b71372584d56e6a355b5146360ebb87632a5afe88ac;76a9144c46bb2c3320cbcf5ff5df66b61b2628c2a7211388ac;76a914abf6fa042b7ab4aa75ce755afa29feb4d315ba1a88ac;76a914d2744af774b66c595b753af38c88b8948a99827188ac;76a9142f8accc72a01216a79eade8c065a09730bf09b6a88ac;76a914fc169f6235cbfd5a1f9f7f080b60e3599f1d677388ac;76a914a72cab69d8a1748729a2798834dc3408c0e0f5a288ac;76a9148b750622800d5bf46ae365d33c046890caf47f6f88ac;76a914ad3ce270b073ec090be7af6397f82f457934460d88ac;76a914954a4dc953aa435599e5949aa758262fa9f5cf3188ac;76a91483cc0c6f6007ed3ad2e6022421883bb2adeed1a988ac;76a914a9e4cf54ea4ab48e9cadaf1f4ed129a116ef4c5988ac;76a914f577d49e789ac81e445fdb7b1f33d069a20f7a1988ac;76a914f344947d74437ff7ccafbdf8c2b9b2d0e5d5b21c88ac;76a9144772731c622129ec4defcea750b56d3b44bffa0888ac;76a9141925443e4c2209c9d6742a0e713e8e4794a6527688ac;76a91498a044d09bd08cc51a915333b8d3a45bb4e6b73888ac;76a914ee4f83c1dc1e5e81f36b48ba236ca116e894f2cc88ac;76a9140864fb7babcf3ff6b06cb6a41bf94e1ae9f106f288ac;76a91411c2c607e59b8005e6308d52a5e488b664a1893488ac;76a9149e94c1d491888faf942d4affb8197b912f33628188ac;76a914ae8b96ace8e4e9325d304b962529e98a86334c9288ac;76a9146a37e007a500d470ba6623570ac87980e39ce98a88ac;76a9140bbd59f2712c742b4c7ab31a102c3f343727e7a288ac;76a9141b8a37020704576d83774ab3a7051c7d8d6b5ba988ac;76a91468c3846e6990aaca9cfc7ff1cf499bea6a19814188ac;76a9143bb23ce5f6cd0e8ee1a048388699bf359177b13288ac;76a914b8fb38228466fcd57823636113bd62f7a882668688ac;76a914b535430074b313fe2c1dc84e53f9b799f6f6121088ac;76a914050dad856cd5796f9bd88fbfe4951fbf2dd670c188ac;76a9147e82acb8998973f7813a0e9234c9996ceb24605188ac;76a91492973149471ef73ed5de51bc511c7da3649972a288ac;76a91475d9d8c47f5ff8753d98be25d49b5056a56764f488ac;76a91439c1d8d5c31963af90716e828292a1f2179e071488ac;76a9144729c00a0b930999a50acaca8b30399ca8104bbe88ac;76a9140f8ff2a624df13d6bec8b74b70819bece2aec25b88ac;76a9148a68ad376962fb69f9c8e380c19b3f7cf65a818988ac;76a914ade1596c27da159fb8b61864af35057d9e04c9bb88ac;76a914ce19a1576a81dff533914884d9514819e9fb4d7d88ac;76a9145399c3093d31e4b0af4be1215d59b857b861ad5d88ac,,stale,VALID,1931679c,,,valid_direct_stale
devcoin,validated_stales,data/devcoin_validated_stales.csv,109,stale_only_publication,repo-data,104797,,256558,00000000000000097dc0e4c05d2c8d386c5e7f9e378583f712095a17f9a91ce4,0000000000000011dd7cb93be8be03a6fedcc2f7a18b5ded2f0ace764a89d925,1378546954,1931679c,4155372052,0200000025d9894a76ce0a2fed5d8ba1f7c2dcfea603bee83bb97cdd1100000000000000ea7aa226a3d164b85716a25180491210b617fe11a7f1aaeef0ea85c3802fcea80af52a529c67311914f2adf7,032eea030d00456c696769757300522af50afabe6d6dcb00fa6d0397aeb8595b8b5501093204cf7e320572b3ea1717ac9d8b1196a0c40400000000000000002f7373332f009002e50b000000000002a1e4,76a9143b058abb4028f8ae985bce3deafaf2d4e7a08d6788ac;76a9145ad4df36c38579badb7113919d5664ff24d8c30b88ac;76a9147d1508f65ed6272dea5286b7d0aefbd39a14c0a588ac;76a914c7bcbe24b5bae87fc57b05ba65ecf5e590c0be4988ac;76a914f322868c6491398822c2c5b7b978302b063e930b88ac;76a9147318d24224a3d5f45ff23506f95555eec3b161d888ac;76a9145dfae39b14a09e9493fc6f95019fc1d8d1c9258088ac;76a9141f562c1e41dd90bfd12fccd590207ba3153f7ed688ac;76a9148368b7835a40adbb8788b968e6ca76f247adb52388ac;76a914245ec695f25beba2eab97ab33f97b656a850046f88ac;76a91485c9ce4366b559c0a1a65940586d33ce1ccdc31f88ac;76a91416e3f4ec4dabd9eebb827dda5d58723989a7a61488ac;76a91455ad64d178efbc3add934dc32cf1338396fe691088ac;76a914c6d4f55d625b3cab9c44307f96f0af375231e0e588ac;76a914b6c4d924ac978e04a92eded1e3700e935878e4d588ac;76a9148a07515540436c770b2bc9c6c72f8e445e64012188ac;76a914302cec640923830066426b3c18a3c59fe7ceece888ac;76a9148f2117212e4970e4e885b3fec8e08fd0d4cbdae088ac;76a914d8dc60593c820a386e7a4fec107d0209d305decf88ac;76a914982ae9d9de6f660c93fd3345b70af90a2e2c7a4388ac;76a914a203da6974cafc995fc03fef611f7401ad779bc188ac;76a914cc317933863aa0840d035b6e957e5784919bae9688ac;76a914b66cbea9b30dc4e2b0d88ac70e5ef12dfbfbf1f188ac;76a914217a637f55892e4327694184dd0d20536186236888ac;76a914c25421b463bac69eeb0d83b06669932bd76b182488ac;76a914da9d41c79ca85ce0c68057b8adfb753424e7f07a88ac;76a9149d8bd44600f8b42bf7ddf10ac9d1a13bea611b7388ac;76a914077ffb661689ab7a1bd3316ebba8c567096ec34e88ac;76a914857c240b87bb0ddce6d8e5ffaffdd7a70be7e4ea88ac;76a914f9a18fc15df7d85203360d0020ba5b16cc60bbc688ac;76a91451608f72a15e49ec093f4165a558bffe9ed7bdd188ac;76a914f1cb8fc93af06f1abaa14be3174eda06df129a1888ac;76a914b8662a5845e7fa176c4b98377816f73b50e0c8d688ac;76a914f2e6c350e41d463c33cdffa6aa8e5d62071d18ef88ac;76a9149d1c75989f891326440f25e515b8f5a455516b0d88ac;76a9141d32215b3dace0dee862bcc46a6f99523eb05f1c88ac;76a914b5945df721fd42b339737c07c24ab36ee3e7c1ac88ac;76a914a5f1be93d96f97340283865823ff535ac25b9bfe88ac;76a914bcf876744d0b64c103089b53b620602fd9186c4c88ac;76a91400a8b8bae8c25a80c9bdbebaeaac1157a50ce73b88ac;76a91444a761c7875b544625f1f34894374faaf489e6b788ac;76a914cab32733b973ad8d130b26cd7dc32f460e8905e988ac;76a91415e285032aaaece96205702704d44f486d7a96ae88ac;76a9141b71372584d56e6a355b5146360ebb87632a5afe88ac;76a9144c46bb2c3320cbcf5ff5df66b61b2628c2a7211388ac;76a914abf6fa042b7ab4aa75ce755afa29feb4d315ba1a88ac;76a914d2744af774b66c595b753af38c88b8948a99827188ac;76a9142f8accc72a01216a79eade8c065a09730bf09b6a88ac;76a914fc169f6235cbfd5a1f9f7f080b60e3599f1d677388ac;76a914a72cab69d8a1748729a2798834dc3408c0e0f5a288ac;76a9148b750622800d5bf46ae365d33c046890caf47f6f88ac;76a914ad3ce270b073ec090be7af6397f82f457934460d88ac;76a914954a4dc953aa435599e5949aa758262fa9f5cf3188ac;76a91483cc0c6f6007ed3ad2e6022421883bb2adeed1a988ac;76a914a9e4cf54ea4ab48e9cadaf1f4ed129a116ef4c5988ac;76a914f577d49e789ac81e445fdb7b1f33d069a20f7a1988ac;76a914f344947d74437ff7ccafbdf8c2b9b2d0e5d5b21c88ac;76a9144772731c622129ec4defcea750b56d3b44bffa0888ac;76a9141925443e4c2209c9d6742a0e713e8e4794a6527688ac;76a91498a044d09bd08cc51a915333b8d3a45bb4e6b73888ac;76a914ee4f83c1dc1e5e81f36b48ba236ca116e894f2cc88ac;76a9140864fb7babcf3ff6b06cb6a41bf94e1ae9f106f288ac;76a91411c2c607e59b8005e6308d52a5e488b664a1893488ac;76a9149e94c1d491888faf942d4affb8197b912f33628188ac;76a914ae8b96ace8e4e9325d304b962529e98a86334c9288ac;76a9146a37e007a500d470ba6623570ac87980e39ce98a88ac;76a9140bbd59f2712c742b4c7ab31a102c3f343727e7a288ac;76a9141b8a37020704576d83774ab3a7051c7d8d6b5ba988ac;76a91468c3846e6990aaca9cfc7ff1cf499bea6a19814188ac;76a9143bb23ce5f6cd0e8ee1a048388699bf359177b13288ac;76a914b8fb38228466fcd57823636113bd62f7a882668688ac;76a914b535430074b313fe2c1dc84e53f9b799f6f6121088ac;76a914050dad856cd5796f9bd88fbfe4951fbf2dd670c188ac;76a9147e82acb8998973f7813a0e9234c9996ceb24605188ac;76a91492973149471ef73ed5de51bc511c7da3649972a288ac;76a91475d9d8c47f5ff8753d98be25d49b5056a56764f488ac;76a91439c1d8d5c31963af90716e828292a1f2179e071488ac;76a9144729c00a0b930999a50acaca8b30399ca8104bbe88ac;76a9140f8ff2a624df13d6bec8b74b70819bece2aec25b88ac;76a9148a68ad376962fb69f9c8e380c19b3f7cf65a818988ac;76a914ade1596c27da159fb8b61864af35057d9e04c9bb88ac;76a914ce19a1576a81dff533914884d9514819e9fb4d7d88ac;76a9145399c3093d31e4b0af4be1215d59b857b861ad5d88ac,,stale,VALID,1931679c,,,valid_direct_stale
devcoin,validated_stales,data/devcoin_validated_stales.csv,110,stale_only_publication,repo-data,104811,,256558,000000000000002dfbdd2e33bd2aa6d4f3d41a202d954c07f5221a79b1cc648f,0000000000000011dd7cb93be8be03a6fedcc2f7a18b5ded2f0ace764a89d925,1378556470,1931679c,4111553971,0200000025d9894a76ce0a2fed5d8ba1f7c2dcfea603bee83bb97cdd11000000000000001fb3de9c92fd2441b1db4ddb6a30f0b4fa949187598135d410d79a111044bf75361a2b529c673119b35511f5,032eea030d00456c696769757300522b1a36fabe6d6d92f973714f2963b8868ff341f1fd7aeb92ac54a6c1179979a271732f07c4c5690400000000000000002f7373322f00d091ed080000000000072f6c,76a9143b058abb4028f8ae985bce3deafaf2d4e7a08d6788ac;76a9145ad4df36c38579badb7113919d5664ff24d8c30b88ac;76a9147d1508f65ed6272dea5286b7d0aefbd39a14c0a588ac;76a914c7bcbe24b5bae87fc57b05ba65ecf5e590c0be4988ac;76a914f322868c6491398822c2c5b7b978302b063e930b88ac;76a9147318d24224a3d5f45ff23506f95555eec3b161d888ac;76a9145dfae39b14a09e9493fc6f95019fc1d8d1c9258088ac;76a9141f562c1e41dd90bfd12fccd590207ba3153f7ed688ac;76a9148368b7835a40adbb8788b968e6ca76f247adb52388ac;76a914245ec695f25beba2eab97ab33f97b656a850046f88ac;76a91485c9ce4366b559c0a1a65940586d33ce1ccdc31f88ac;76a91416e3f4ec4dabd9eebb827dda5d58723989a7a61488ac;76a91455ad64d178efbc3add934dc32cf1338396fe691088ac;76a914c6d4f55d625b3cab9c44307f96f0af375231e0e588ac;76a914b6c4d924ac978e04a92eded1e3700e935878e4d588ac;76a9148a07515540436c770b2bc9c6c72f8e445e64012188ac;76a914302cec640923830066426b3c18a3c59fe7ceece888ac;76a9148f2117212e4970e4e885b3fec8e08fd0d4cbdae088ac;76a914d8dc60593c820a386e7a4fec107d0209d305decf88ac;76a914982ae9d9de6f660c93fd3345b70af90a2e2c7a4388ac;76a914a203da6974cafc995fc03fef611f7401ad779bc188ac;76a914cc317933863aa0840d035b6e957e5784919bae9688ac;76a914b66cbea9b30dc4e2b0d88ac70e5ef12dfbfbf1f188ac;76a914217a637f55892e4327694184dd0d20536186236888ac;76a914c25421b463bac69eeb0d83b06669932bd76b182488ac;76a914da9d41c79ca85ce0c68057b8adfb753424e7f07a88ac;76a9149d8bd44600f8b42bf7ddf10ac9d1a13bea611b7388ac;76a914077ffb661689ab7a1bd3316ebba8c567096ec34e88ac;76a914857c240b87bb0ddce6d8e5ffaffdd7a70be7e4ea88ac;76a914f9a18fc15df7d85203360d0020ba5b16cc60bbc688ac;76a91451608f72a15e49ec093f4165a558bffe9ed7bdd188ac;76a914f1cb8fc93af06f1abaa14be3174eda06df129a1888ac;76a914b8662a5845e7fa176c4b98377816f73b50e0c8d688ac;76a914f2e6c350e41d463c33cdffa6aa8e5d62071d18ef88ac;76a9149d1c75989f891326440f25e515b8f5a455516b0d88ac;76a9141d32215b3dace0dee862bcc46a6f99523eb05f1c88ac;76a914b5945df721fd42b339737c07c24ab36ee3e7c1ac88ac;76a914a5f1be93d96f97340283865823ff535ac25b9bfe88ac;76a914bcf876744d0b64c103089b53b620602fd9186c4c88ac;76a91400a8b8bae8c25a80c9bdbebaeaac1157a50ce73b88ac;76a91444a761c7875b544625f1f34894374faaf489e6b788ac;76a914cab32733b973ad8d130b26cd7dc32f460e8905e988ac;76a91415e285032aaaece96205702704d44f486d7a96ae88ac;76a9141b71372584d56e6a355b5146360ebb87632a5afe88ac;76a9144c46bb2c3320cbcf5ff5df66b61b2628c2a7211388ac;76a914abf6fa042b7ab4aa75ce755afa29feb4d315ba1a88ac;76a914d2744af774b66c595b753af38c88b8948a99827188ac;76a9142f8accc72a01216a79eade8c065a09730bf09b6a88ac;76a914fc169f6235cbfd5a1f9f7f080b60e3599f1d677388ac;76a914a72cab69d8a1748729a2798834dc3408c0e0f5a288ac;76a9148b750622800d5bf46ae365d33c046890caf47f6f88ac;76a914ad3ce270b073ec090be7af6397f82f457934460d88ac;76a914954a4dc953aa435599e5949aa758262fa9f5cf3188ac;76a91483cc0c6f6007ed3ad2e6022421883bb2adeed1a988ac;76a914a9e4cf54ea4ab48e9cadaf1f4ed129a116ef4c5988ac;76a914f577d49e789ac81e445fdb7b1f33d069a20f7a1988ac;76a914f344947d74437ff7ccafbdf8c2b9b2d0e5d5b21c88ac;76a9144772731c622129ec4defcea750b56d3b44bffa0888ac;76a9141925443e4c2209c9d6742a0e713e8e4794a6527688ac;76a91498a044d09bd08cc51a915333b8d3a45bb4e6b73888ac;76a914ee4f83c1dc1e5e81f36b48ba236ca116e894f2cc88ac;76a9140864fb7babcf3ff6b06cb6a41bf94e1ae9f106f288ac;76a91411c2c607e59b8005e6308d52a5e488b664a1893488ac;76a9149e94c1d491888faf942d4affb8197b912f33628188ac;76a914ae8b96ace8e4e9325d304b962529e98a86334c9288ac;76a9146a37e007a500d470ba6623570ac87980e39ce98a88ac;76a9140bbd59f2712c742b4c7ab31a102c3f343727e7a288ac;76a9141b8a37020704576d83774ab3a7051c7d8d6b5ba988ac;76a91468c3846e6990aaca9cfc7ff1cf499bea6a19814188ac;76a9143bb23ce5f6cd0e8ee1a048388699bf359177b13288ac;76a914b8fb38228466fcd57823636113bd62f7a882668688ac;76a914b535430074b313fe2c1dc84e53f9b799f6f6121088ac;76a914050dad856cd5796f9bd88fbfe4951fbf2dd670c188ac;76a9147e82acb8998973f7813a0e9234c9996ceb24605188ac;76a91492973149471ef73ed5de51bc511c7da3649972a288ac;76a91475d9d8c47f5ff8753d98be25d49b5056a56764f488ac;76a91439c1d8d5c31963af90716e828292a1f2179e071488ac;76a9144729c00a0b930999a50acaca8b30399ca8104bbe88ac;76a9140f8ff2a624df13d6bec8b74b70819bece2aec25b88ac;76a9148a68ad376962fb69f9c8e380c19b3f7cf65a818988ac;76a914ade1596c27da159fb8b61864af35057d9e04c9bb88ac;76a914ce19a1576a81dff533914884d9514819e9fb4d7d88ac;76a9145399c3093d31e4b0af4be1215d59b857b861ad5d88ac,,stale,VALID,1931679c,,,valid_direct_stale
devcoin,validated_stales,data/devcoin_validated_stales.csv,111,stale_only_publication,repo-data,104817,,256558,000000000000000205dcc98671ad7a96cdcdc028bb94b3d4f9922f49ed6319f6,0000000000000011dd7cb93be8be03a6fedcc2f7a18b5ded2f0ace764a89d925,1378565391,1931679c,3550578900,0200000025d9894a76ce0a2fed5d8ba1f7c2dcfea603bee83bb97cdd11000000000000009eee2cdfa669855169f51831d0e208c00d40466c4bbb8d65e38af2b0a8d2f8bb0f3d2b529c673119d488a1d3,032eea030d00456c696769757300522b3ccefabe6d6d70790256aea191c3ee591f6ccd7571388966650870eda2f7a42ead7272aba3290400000000000000002f7373302f00504f39a94c7f00000000014c,76a9143b058abb4028f8ae985bce3deafaf2d4e7a08d6788ac;76a9145ad4df36c38579badb7113919d5664ff24d8c30b88ac;76a9147d1508f65ed6272dea5286b7d0aefbd39a14c0a588ac;76a914c7bcbe24b5bae87fc57b05ba65ecf5e590c0be4988ac;76a914f322868c6491398822c2c5b7b978302b063e930b88ac;76a9147318d24224a3d5f45ff23506f95555eec3b161d888ac;76a9145dfae39b14a09e9493fc6f95019fc1d8d1c9258088ac;76a9141f562c1e41dd90bfd12fccd590207ba3153f7ed688ac;76a9148368b7835a40adbb8788b968e6ca76f247adb52388ac;76a914245ec695f25beba2eab97ab33f97b656a850046f88ac;76a91485c9ce4366b559c0a1a65940586d33ce1ccdc31f88ac;76a91416e3f4ec4dabd9eebb827dda5d58723989a7a61488ac;76a91455ad64d178efbc3add934dc32cf1338396fe691088ac;76a914c6d4f55d625b3cab9c44307f96f0af375231e0e588ac;76a914b6c4d924ac978e04a92eded1e3700e935878e4d588ac;76a9148a07515540436c770b2bc9c6c72f8e445e64012188ac;76a914302cec640923830066426b3c18a3c59fe7ceece888ac;76a9148f2117212e4970e4e885b3fec8e08fd0d4cbdae088ac;76a914d8dc60593c820a386e7a4fec107d0209d305decf88ac;76a914982ae9d9de6f660c93fd3345b70af90a2e2c7a4388ac;76a914a203da6974cafc995fc03fef611f7401ad779bc188ac;76a914cc317933863aa0840d035b6e957e5784919bae9688ac;76a914b66cbea9b30dc4e2b0d88ac70e5ef12dfbfbf1f188ac;76a914217a637f55892e4327694184dd0d20536186236888ac;76a914c25421b463bac69eeb0d83b06669932bd76b182488ac;76a914da9d41c79ca85ce0c68057b8adfb753424e7f07a88ac;76a9149d8bd44600f8b42bf7ddf10ac9d1a13bea611b7388ac;76a914077ffb661689ab7a1bd3316ebba8c567096ec34e88ac;76a914857c240b87bb0ddce6d8e5ffaffdd7a70be7e4ea88ac;76a914f9a18fc15df7d85203360d0020ba5b16cc60bbc688ac;76a91451608f72a15e49ec093f4165a558bffe9ed7bdd188ac;76a914f1cb8fc93af06f1abaa14be3174eda06df129a1888ac;76a914b8662a5845e7fa176c4b98377816f73b50e0c8d688ac;76a914f2e6c350e41d463c33cdffa6aa8e5d62071d18ef88ac;76a9149d1c75989f891326440f25e515b8f5a455516b0d88ac;76a9141d32215b3dace0dee862bcc46a6f99523eb05f1c88ac;76a914b5945df721fd42b339737c07c24ab36ee3e7c1ac88ac;76a914a5f1be93d96f97340283865823ff535ac25b9bfe88ac;76a914bcf876744d0b64c103089b53b620602fd9186c4c88ac;76a91400a8b8bae8c25a80c9bdbebaeaac1157a50ce73b88ac;76a91444a761c7875b544625f1f34894374faaf489e6b788ac;76a914cab32733b973ad8d130b26cd7dc32f460e8905e988ac;76a91415e285032aaaece96205702704d44f486d7a96ae88ac;76a9141b71372584d56e6a355b5146360ebb87632a5afe88ac;76a9144c46bb2c3320cbcf5ff5df66b61b2628c2a7211388ac;76a914abf6fa042b7ab4aa75ce755afa29feb4d315ba1a88ac;76a914d2744af774b66c595b753af38c88b8948a99827188ac;76a9142f8accc72a01216a79eade8c065a09730bf09b6a88ac;76a914fc169f6235cbfd5a1f9f7f080b60e3599f1d677388ac;76a914a72cab69d8a1748729a2798834dc3408c0e0f5a288ac;76a9148b750622800d5bf46ae365d33c046890caf47f6f88ac;76a914ad3ce270b073ec090be7af6397f82f457934460d88ac;76a914954a4dc953aa435599e5949aa758262fa9f5cf3188ac;76a91483cc0c6f6007ed3ad2e6022421883bb2adeed1a988ac;76a914a9e4cf54ea4ab48e9cadaf1f4ed129a116ef4c5988ac;76a914f577d49e789ac81e445fdb7b1f33d069a20f7a1988ac;76a914f344947d74437ff7ccafbdf8c2b9b2d0e5d5b21c88ac;76a9144772731c622129ec4defcea750b56d3b44bffa0888ac;76a9141925443e4c2209c9d6742a0e713e8e4794a6527688ac;76a91498a044d09bd08cc51a915333b8d3a45bb4e6b73888ac;76a914ee4f83c1dc1e5e81f36b48ba236ca116e894f2cc88ac;76a9140864fb7babcf3ff6b06cb6a41bf94e1ae9f106f288ac;76a91411c2c607e59b8005e6308d52a5e488b664a1893488ac;76a9149e94c1d491888faf942d4affb8197b912f33628188ac;76a914ae8b96ace8e4e9325d304b962529e98a86334c9288ac;76a9146a37e007a500d470ba6623570ac87980e39ce98a88ac;76a9140bbd59f2712c742b4c7ab31a102c3f343727e7a288ac;76a9141b8a37020704576d83774ab3a7051c7d8d6b5ba988ac;76a91468c3846e6990aaca9cfc7ff1cf499bea6a19814188ac;76a9143bb23ce5f6cd0e8ee1a048388699bf359177b13288ac;76a914b8fb38228466fcd57823636113bd62f7a882668688ac;76a914b535430074b313fe2c1dc84e53f9b799f6f6121088ac;76a914050dad856cd5796f9bd88fbfe4951fbf2dd670c188ac;76a9147e82acb8998973f7813a0e9234c9996ceb24605188ac;76a91492973149471ef73ed5de51bc511c7da3649972a288ac;76a91475d9d8c47f5ff8753d98be25d49b5056a56764f488ac;76a91439c1d8d5c31963af90716e828292a1f2179e071488ac;76a9144729c00a0b930999a50acaca8b30399ca8104bbe88ac;76a9140f8ff2a624df13d6bec8b74b70819bece2aec25b88ac;76a9148a68ad376962fb69f9c8e380c19b3f7cf65a818988ac;76a914ade1596c27da159fb8b61864af35057d9e04c9bb88ac;76a914ce19a1576a81dff533914884d9514819e9fb4d7d88ac;76a9145399c3093d31e4b0af4be1215d59b857b861ad5d88ac,,stale,VALID,1931679c,,,valid_direct_stale
devcoin,validated_stales,data/devcoin_validated_stales.csv,112,stale_only_publication,repo-data,105265,,257320,000000000000000bf3ef99e0dcdd88f7c7a57201317fb51922e723ed797ab8d7,000000000000001b70f60efc5949798e4657514a8b452822859ceb99aff0368b,1378906430,1931679c,4029212233,020000008b36f0af99eb9c852228458b4a5157468e794959fc0ef6701b000000000000005c8ef11dcbea606008b428565ef31ee6f483d4f82a6e4df8912b1c4ce0964f863e7130529c67311949e628f0,0328ed030d00456c6967697573005230713efabe6d6df9b443fd072712ca54762934cb76281868ecc67cecf05dacce6887d5991693d40400000000000000002f7373332f00100a19070000000000000df6,76a91455ad64d178efbc3add934dc32cf1338396fe691088ac;76a914b6c4d924ac978e04a92eded1e3700e935878e4d588ac;76a914daa98be1a8f90a36f09a9cfb699d507bf8c0bb8388ac;76a914982ae9d9de6f660c93fd3345b70af90a2e2c7a4388ac;76a914b66cbea9b30dc4e2b0d88ac70e5ef12dfbfbf1f188ac;76a914cc317933863aa0840d035b6e957e5784919bae9688ac;76a914d8dc60593c820a386e7a4fec107d0209d305decf88ac;76a9143bb23ce5f6cd0e8ee1a048388699bf359177b13288ac;76a91468c3846e6990aaca9cfc7ff1cf499bea6a19814188ac;76a91439c1d8d5c31963af90716e828292a1f2179e071488ac;76a914f982b0a41c794a9b285de3609a9f08e955707f0088ac;76a914fcea2f2651fba8e12148f3a204b4f5a841f2bdc588ac;76a914b376097a0b9cacd18efb43b8f8aa91149fe40c5988ac;76a91472e4f17116217df56dc1998d1a11d31858ccf92788ac;76a9147a2d6ee88f0c5501a91b63be9ac8044697a91d1888ac;76a914f8e9cc9eada1dc15e4cf80bbd570bf11e3be07b788ac;76a9148253c7aa861fef1f6eaba7f480d6058b769bfd8988ac;76a914ae09100faa3b57b7e4ea866b36b7df40ac78ffdb88ac;76a914b4ce48defdbe588962c0ed63580d67d3b97f282188ac;76a9145914a5a41165ec8f73633802a7e96dae65d343b888ac;76a914d89bf06e0cedb08a8bcae15016e06849de2ebfc788ac;76a914a2eab8dab53540375122fdfb633dc1438521cc8b88ac;76a9149c03b8f000cf764f20f231154a9dfd77b3e3a38a88ac;76a914e3f594b1c935c22bc6eeb563c26f5922b1c5753988ac;76a9149d0843cca4fff1a42982147aaea1eec43514065988ac;76a9141b71372584d56e6a355b5146360ebb87632a5afe88ac;76a9144729c00a0b930999a50acaca8b30399ca8104bbe88ac;76a91428fd7505a750af204a24af633b9cbf8a4af469ef88ac;76a914b8fb38228466fcd57823636113bd62f7a882668688ac;76a91456a79ecaf51724deca5342a08ad81e693b15abaa88ac;76a914bcf876744d0b64c103089b53b620602fd9186c4c88ac;76a9140e08d60695953dcc4446bebf04c8e86a6fba044b88ac;76a91432d4d75097705b566ed3c11b528a0282517494fa88ac;76a9144093cc328f55f774f61ac1bf141543f751845b7088ac;76a9145f08cf6e94b54bf196b0dd8c9cf95a5d3142e7ce88ac;76a9142ec14fe689db162b77d0f7ddaec1ede53f7209f688ac;76a914553d1ac6a4070c0e51ad68e9eb786f81cc3299bb88ac;76a9149bd943b3ce9471ba4c0e927738854bd4aebb3d8888ac;76a9143c8640113b8d22559c1127ef27b97d4eae7bd21088ac;76a9148ed89eb28fc500ca4acfd31245f21c5ad6a18aaf88ac;76a914551f23d4c706999d6bf1b5b22e8df8641be8076b88ac;76a914da4a2a825753086eb15037e62ed2f3fb02404be588ac;76a914f319c67bb1eef8e535a07920435be9d617c31e1d88ac;76a91480563a02639dbb5eaa5be230f172b036ade336c388ac;76a9145399c3093d31e4b0af4be1215d59b857b861ad5d88ac,,stale,VALID,1931679c,,,valid_direct_stale
devcoin,validated_stales,data/devcoin_validated_stales.csv,113,stale_only_publication,repo-data,105634,,257799,0000000000000029aa1f4563e72b875bf06990419f802ab9d869073516008228,0000000000000023f4514ddd81a0a915bc16d59eaf9fe9a6e0344b1aa01319a3,1379103543,1931679c,2716770899,02000000a31913a01a4b34e0a6e99faf9ed516bc15a9a081dd4d51f423000000000000000358e6042e32c86249ab949e7164a0a143132fa1e1eff2f094d36726ba931d6d377333529c67311953a2eea1,0307ef0315e4b883e5bda9e7a59ee4bb99e9b1bc52337339022afabe6d6d4fc09505bd017f2857cb281997081046de40bec2a1b77dd85b67bfff282975f104000000000000001057a4050000000000002c5e,76a914c825a1ecf2a6830c4401620c3a16f1995057c2ab88ac,,stale,VALID,1931679c,,,valid_direct_stale
devcoin,validated_stales,data/devcoin_validated_stales.csv,114,stale_only_publication,repo-data,105695,,257910,000000000000000e02d04f8c5415630b3056bd40b15c02c3f4bce775ee81fdae,000000000000002e64a5953f87efb0895d5836d988ecb4f48acb4dcbb870809b,1379148250,1931679c,1733275000,020000009b8070b8cb4dcb8af4b4ec88d936585d89b0ef873f95a5642e00000000000000d401c8f8aac8b56316440941456d891c951ace609fa480c7db4642646a6f9290da2134529c67311978ad4f67,0376ef03062f503253482f04da213452084f00003b078a54eb36522cfabe6d6d58fac30b9da694847f7f81fd1ca5646473877739114c6055c999eafc4f0770d3040000000000000067686173682e696f,76a91480ad90d403581fa3bf46086a91b2d9d4125db6c188ac,,stale,VALID,1931679c,,,valid_direct_stale
devcoin,validated_stales,data/devcoin_validated_stales.csv,115,stale_only_publication,repo-data,105953,,258285,00000000000000119530fbfb2f3d23f4f568f587d00c346be5ff2963d776f5b1,000000000000000281d0f5dfa715d5ef3c569e428d84344913173744e7ef8d61,1379315728,19262222,579262150,02000000618defe7443717134934848d429e563cefd515a7dff5d08102000000000000009ae976936c13c623ed3ed4b25010c2b8aeb1af5126cf7daef467212c7f752d0510b0365222222619c6d68622,03edf0030e00456c6967697573005236b0109afabe6d6d01939cce73749f5453abb4da7e2b6f500c783fb448aed54fbfa8e1718c5b52570400000000000000002f73312f00,76a9143b058abb4028f8ae985bce3deafaf2d4e7a08d6788ac;76a9147d1508f65ed6272dea5286b7d0aefbd39a14c0a588ac;76a9140b8257297217a429abf3b7939320c9af53544a7388ac;76a9143397ccaddd829e93c962c0bee29aff104684c8a688ac;76a914425dc3bd45dfce5106f06d0fe32b36de21dd089188ac;76a914f96aef2bcabfdbeb049daa184f43dd1e400219b588ac;76a914bdfe8dce0bbdcf5c27c2ff8c14766e16ac78fc7c88ac;76a9143f0c4ffe31d9526e66d05d7a7f2822c3a1b74a8788ac;76a914c19a7d5d8b6c6e03901ebb6429b17c03a489938788ac;76a914e71d08934ae133796715ba128c4c9da83146514c88ac;76a91434e48f0d72aba30d9d624f107598021b1e0ba89e88ac;76a914a804274391cb1a6f157a500cf8df2b4141bae42588ac;76a91439c1d8d5c31963af90716e828292a1f2179e071488ac;76a9141b8a37020704576d83774ab3a7051c7d8d6b5ba988ac;76a9148b55222a2ff9c611ec54beb0c2565680e2d41d4d88ac;76a9140bbd59f2712c742b4c7ab31a102c3f343727e7a288ac;76a914df8b6a3f804d9939239979f00976658fc788a14088ac;76a914dce95e147102c603c8b58e65e9879f91cea5fe4288ac;76a914b535430074b313fe2c1dc84e53f9b799f6f6121088ac;76a914f982b0a41c794a9b285de3609a9f08e955707f0088ac;76a914a203da6974cafc995fc03fef611f7401ad779bc188ac;76a91472e4f17116217df56dc1998d1a11d31858ccf92788ac;76a914b5945df721fd42b339737c07c24ab36ee3e7c1ac88ac;76a91475bed242e9b2cf5b4d45ef9f052be369067eae6888ac;76a914da9d41c79ca85ce0c68057b8adfb753424e7f07a88ac;76a914c8459142759347c481684590dabf11d9f91e143f88ac;76a9147a2d6ee88f0c5501a91b63be9ac8044697a91d1888ac;76a91467f6e78d0a8feea116016024491ca37528c06b5a88ac;76a914857c240b87bb0ddce6d8e5ffaffdd7a70be7e4ea88ac;76a914ddf9321358133dd1fdbc2e247b4754046a8b7a9a88ac;76a914f1cb8fc93af06f1abaa14be3174eda06df129a1888ac;76a914f8e9cc9eada1dc15e4cf80bbd570bf11e3be07b788ac;76a914a5f1be93d96f97340283865823ff535ac25b9bfe88ac;76a914fe14cc64463da4f490198e4059ba7ad251d22e5b88ac;76a914c16bcd447c8d1d8938e5dfd9118ee07ef237bd5088ac;76a914445c1ebc0812ee9d1275fc70548c07e741a3121388ac;76a914ae09100faa3b57b7e4ea866b36b7df40ac78ffdb88ac;76a9143749533f44fce5816a43f51f08f0b883c452ef2788ac;76a91497a8b3304d167fcef320136c67b44ae9ea97aefb88ac;76a9145914a5a41165ec8f73633802a7e96dae65d343b888ac;76a91400a8b8bae8c25a80c9bdbebaeaac1157a50ce73b88ac;76a914f25510a7205aaab1f8f753046930e9567820abba88ac;76a9149d0843cca4fff1a42982147aaea1eec43514065988ac;76a914b20f7235c461ed6ea4aaf176e665bef93784778c88ac;76a914454dda256c717d10e819851ee3874d1ffd33bfd688ac;76a9145cad3e8c9bb4dbebc6f712d51780a4d6b038dc3488ac;76a91440f66ee5425a798de9403a2377166b31629dd7c588ac;76a9141b8efcac7039d9f4fb6b27688310be8a0c12594288ac;76a914d2744af774b66c595b753af38c88b8948a99827188ac;76a9142e5aa66d38ca6c395969b1aac1f614349221124388ac;76a914f3c0d076a4c750767ec72665be0d4ad008b878fe88ac;76a9141b71372584d56e6a355b5146360ebb87632a5afe88ac;76a9148003ec47fb32976e84064be2e51d6f48ea5543fd88ac;76a914474ce7d7a64ada73763c06fe4171e09b0086ad3988ac;76a914baf349e8b14ed4b862e77a448545eb06188f281a88ac;76a9142d6ee8ee1b91604ec5a2fd0a26aef66f28efbcfd88ac;76a914c6921735ff53b54eb9506590de93229227550bfa88ac;76a9148a68ad376962fb69f9c8e380c19b3f7cf65a818988ac;76a914fdbcd47b22b9401aef636a37d15ce7c7db1002ae88ac;76a914fcdd9c967e9f5602b3fec7ce935347ef38b8fac488ac;76a914aec00b41c94eebc24dae38244d43889629cd524d88ac;76a91402e75654ac0c4ecc90f898d8dc0d10a713d2be4d88ac;76a9145c90a505a74f6c3c10d71c9b089b9cd0b919bdb988ac;76a914acfddc985154a5602b3eb4640400843ec10cf95088ac;76a9145b43078a345bbbd6c61c8cd33d8aba297e199d8888ac;76a9140191715b4cfed81d617953491b27185e36b4089988ac;76a9141d7cef5f17ca4959264c79e8ab4c45fddb5539a288ac;76a914302cec640923830066426b3c18a3c59fe7ceece888ac;76a9148d72578af4c8094ce919789a9201003dfd461aeb88ac;76a9149d8bd44600f8b42bf7ddf10ac9d1a13bea611b7388ac;76a9145399c3093d31e4b0af4be1215d59b857b861ad5d88ac,,stale,VALID,19262222,,,valid_direct_stale
devcoin,validated_stales,data/devcoin_validated_stales.csv,116,stale_only_publication,repo-data,106060,,258415,0000000000000025c3c39c43b3985de48e649bd76dcf6774873f47971cb72fe5,00000000000000246b74d24b04ebe4a02832f25d840cc2ccd2345698e2f6021b,1379388879,19262222,2697064173,020000001b02f6e2985634d2ccc20c845df23228a0e4eb044bd2746b240000000000000009bb5f1c9c0a61005cf803d21de3b4509d8e65a9de0cea59ffd913bcf73f1663cfcd375222222619edeec1a0,036ff103062f503253482f04cbcd37520809000094098d082836522cfabe6d6d27734100adc829843de169f15f6bba10a7e562767eef63e8040238723230f755040000000000000067686173682e696f,76a91480ad90d403581fa3bf46086a91b2d9d4125db6c188ac,,stale,VALID,19262222,,,valid_direct_stale
devcoin,validated_stales,data/devcoin_validated_stales.csv,117,stale_only_publication,repo-data,106075,,258437,000000000000001dbb017579223449755d61e572f7667a8fc651a37da758f672,0000000000000021353021774769598fa1c1c9e80e56c41b267995557493a835,1379397254,19262222,2893541537,0200000035a89374559579261bc4560ee8c9c1a18f596947772130352100000000000000f3df46deffc426f0578657c288dd595df66480cf1a75c7e4286a9345307b348886ee375222222619a1f077ac,0385f103062f503253482f047eee3752085e01009401e83fcb36522cfabe6d6d1591a1456862895af92bd838614c6eb92e65077146b2e95306e0c74a2fcc2616040000000000000067686173682e696f,76a91480ad90d403581fa3bf46086a91b2d9d4125db6c188ac,,stale,VALID,19262222,,,valid_direct_stale
devcoin,validated_stales,data/devcoin_validated_stales.csv,118,stale_only_publication,repo-data,106208,,258610,000000000000000a1002e4355fcd2fa833951db23a0ed5c88fd25ddb3afa48d6,0000000000000004256267209a0e46f647afef53e54c426731f571e0f9003e8c,1379493143,19262222,4168983587,020000008c3e00f9e071f53167424ce553efaf47f6460e9a20676225040000000000000064afc371a864d53bf8ec67c88c300a2a101e15fa7ddb167e93e228d4333cfade176539522222261923a47df8,0332f203062f503253482f041165395208d21d0095000006d536522cfabe6d6d00fed901e4ebeeef84dba98d6902626f4cc534301c792204f68e0414fa626199040000000000000067686173682e696f,76a91480ad90d403581fa3bf46086a91b2d9d4125db6c188ac,,stale,VALID,19262222,,,valid_direct_stale
devcoin,validated_stales,data/devcoin_validated_stales.csv,119,stale_only_publication,repo-data,106977,,259749,000000000000001484b74fa986385addceceb1e2b4d74683072ce806acef6514,000000000000001dd5cad5a0fe87dc06462f39094ae8dead0bdd701ea0bd8d6f,1379989901,19262222,113305011,020000006f8dbda01e70dd0baddee84a09392f4606dc87fea0d5cad51d00000000000000fb8dd9f082533e8a889e319a524adcdf8861798cc2fb09ffd949a1d253c5b3238df9405222222619b3e5c006,03a5f60313e4b883e5bda9e7a59ee4bb99e9b1bc5240f98efabe6d6db94ce2eaf9f2338976bed0f14df0e4522e014d4d07060d0fc4dc0c373d4cf4720400000000000000f09e41070000000000000894,76a914c825a1ecf2a6830c4401620c3a16f1995057c2ab88ac,,stale,VALID,19262222,,,valid_direct_stale
devcoin,validated_stales,data/devcoin_validated_stales.csv,120,stale_only_publication,repo-data,106988,,259766,000000000000001f64492aeedd625adc4da4af1d259b16d93fe42e9f51d76c4c,0000000000000020dbc81f9b36b172f2b5951adeb94f0c13e5dcc539eaa0f5dc,1379998029,19262222,4080642071,02000000dcf5a0ea39c5dce5130c4fb9de1a95b5f272b1369b1fc8db200000000000000016d6e837cc42f72f28d490a473434ef2b256f847e9d6948b2e77ce49f2afd03d4d1941522222261917a839f3,03b6f603062f503253482f044b19415208df0f00320000144536522cfabe6d6d88aa67ec57fbc29a0e19000f0594871758841e6de5167ec4204f21d7abdac195040000000000000067686173682e696f,76a91480ad90d403581fa3bf46086a91b2d9d4125db6c188ac,,stale,VALID,19262222,,,valid_direct_stale
devcoin,validated_stales,data/devcoin_validated_stales.csv,121,stale_only_publication,repo-data,107313,,260247,000000000000000e0d0807cddc5c8a6e0fc125000adc8387de1fe2b939b1e455,00000000000000105fddca4c74a3485321cf549e1d2d5d4c12d80551f44e3a8c,1380209849,191cdc20,4095721879,020000008c3a4ef45105d8124c5d2d1d9e54cf215348a3744ccadd5f1000000000000000b82e9ed5c0ccf9660a92cfbf097fa858b5cc450fb4a2374a98fc25046dcf0071b954445220dc1c1997c11ff4,0397f803062f503253482f04ca54445208d308006f000e6a962e522cfabe6d6d437bef6d39d5e739509204d1852289b54c466bc68d5191e9f3dfb134980c8f6b0400000000000000,76a914dd1b6e498d7204f220c0ddf2ab898593ce393e2e88ac,,stale,VALID,191cdc20,,,valid_direct_stale
devcoin,validated_stales,data/devcoin_validated_stales.csv,122,stale_only_publication,repo-data,107627,,260651,000000000000001b037537fe0d8a325f9eebe7dc9b22d1ccbfbfe8ad2efe74a8,00000000000000163b863cd7b64eb5ddcf05ca0cf56e5f3f9fc1b84e9d2c77a6,1380411024,191cdc20,1190753226,02000000a6772c9d4eb8c19f3f5f6ef50cca05cfddb54eb6d73c863b160000000000000009b52ba3522e3df8a0b266784522137cb6af26dccda5eee4457aee649bf4e4ef9066475220dc1c19ca73f946,032bfa03062f503253482f049b664752081c0800f001ff63c82e522cfabe6d6dc9a4e0ac4ba8312a0852f1a47490d0c93f727013e3695c5cf5e951207311bccf0400000000000000,76a91480ad90d403581fa3bf46086a91b2d9d4125db6c188ac,,stale,VALID,191cdc20,,,valid_direct_stale
devcoin,validated_stales,data/devcoin_validated_stales.csv,123,stale_only_publication,repo-data,107651,,260686,000000000000000cb900b6bfc93335d3c18f1a0a4c989ed757e4570ce9f9104a,000000000000001cafebf08b390a25d010758e563700e344f9ab3c8f343e0bab,1380428570,191cdc20,3957073501,02000000ab0b3e348f3cabf944e30037568e7510d0250a398bf0ebaf1c000000000000005f51e2b608bd6c45e37dc32cdac4c1b485e4d0eb3043ed2bf3193889d6b5c3d31aab475220dc1c195d26dceb,034efa030d00456c6967697573005247ab1afabe6d6dfe4a69a604d9884341e3ccce31b5791d22c80ec9087e5440c2cc536c7b3d075c0400000000000000002f7373302f00109e51120000000000005271,76a914eea10d16f27dbba81bdef5b040104e9d79f2442788ac;76a9147d1508f65ed6272dea5286b7d0aefbd39a14c0a588ac;76a914cb8f0f0a27c74c8e449eb3fe500e266d8b0b7e7988ac;76a9144628da8adfb86872ebfffee047731971bdcae22088ac;76a914425dc3bd45dfce5106f06d0fe32b36de21dd089188ac;76a914b259972b33d57f702b329a4d5a6b67a0759ed3ac88ac;76a9145cad3e8c9bb4dbebc6f712d51780a4d6b038dc3488ac;76a9149d1c75989f891326440f25e515b8f5a455516b0d88ac;76a914c98d0cbb5e3f02be6781cbb3c94dae456389d64588ac;76a9149e6ebc6ff48a09ce315f46b048e4f83c5c5e78cc88ac;76a91415e285032aaaece96205702704d44f486d7a96ae88ac;76a914214e791cf6f1ac45b17c73703224d79ea5ea56b788ac;76a914195d8a9e2688c4950619ddd984b25fe005fd40a788ac;76a9143f0c4ffe31d9526e66d05d7a7f2822c3a1b74a8788ac;76a914534764fb2f6e4fcab01789036135c5b6eb1ffd1e88ac;76a9140bbd59f2712c742b4c7ab31a102c3f343727e7a288ac;76a914df8b6a3f804d9939239979f00976658fc788a14088ac;76a914f53fd6bab066af874e2d47b2b785f75c66313e8488ac;76a914451f8c00f0bb98174be1748ad4341c6c1347e08b88ac;76a914b376097a0b9cacd18efb43b8f8aa91149fe40c5988ac;76a91409eca7c19ad24e57f7bca3f4947b8169a10b137888ac;76a9149c03b8f000cf764f20f231154a9dfd77b3e3a38a88ac;76a9148d72578af4c8094ce919789a9201003dfd461aeb88ac;76a914445c1ebc0812ee9d1275fc70548c07e741a3121388ac;76a914f344947d74437ff7ccafbdf8c2b9b2d0e5d5b21c88ac;76a914fe9d54c4437ea5b5664b95104c3583bcc420f01188ac;76a9147bdf0a3ed99672dce9f46cd65ec1e1a43dfb220c88ac;76a914d2744af774b66c595b753af38c88b8948a99827188ac;76a914a98eb2693ee5b6aa73366dca6479b1e0212dda6088ac;76a914607f13b83ef0fbe603ba273be8769da2a926b06e88ac;76a914316769567f62f407298963f2e514fc99e379a1e688ac;76a91443f7c86718a2fab4dbb8a8e38c3e4cb6759b430188ac;76a9148b6362a205198369ce244dad4012c9de35095c7f88ac;76a9148d6c829b12287d1722bd6046fbfa0b0703a2cf4488ac;76a9142ee6ceb6e33ef87c404f16ec5942c48483b99cfd88ac;76a914230205d8de69084fccdea0770c04f4f0082091e688ac;76a9141544864c4d51c5e50fdcf04d93c5ce3c44f4b61f88ac;76a914454dda256c717d10e819851ee3874d1ffd33bfd688ac;76a91433aeb57ad6ecd37fcbd832f2a05574563605a04b88ac;76a914128d7dfc3c12fda156680692e4b56b38ce7e022088ac;76a9141b71372584d56e6a355b5146360ebb87632a5afe88ac;76a9144e407459e7c4162909188806de42198c7a8aa35f88ac;76a9148a1ae06e5142a5645b08ea47616995ed9ba3b42f88ac;76a914d3016baa216d34365771d995cfa6a89ae8cbc09988ac;76a9145914a5a41165ec8f73633802a7e96dae65d343b888ac;76a914c08ec34a25638b4d8b2a62f155f1fef12ac11b0988ac;76a91464e0684d414b8c47799522f5b666cbea1f3af3f188ac;76a914f96c943d698a9e8b2a86a8390d652bfb26475ce388ac;76a9147a71b086da1778334c488426c43c2e5cadd7539788ac;76a914693bc44a7e46690542c73b15b1d153310d5167c088ac;76a914130ab421e157cf03dd218675bf7c59c0729c89a688ac;76a9146438ce865ca4e35fa1e01bdbd4aa62c689d3c2fd88ac;76a914048a25fc5a1f0fda8fc105a69216b08a4ccae3ee88ac;76a914e7739fa0df1dfff583fcaabd69ff2476054db2bd88ac;76a9143fd9ec42d8f5bf65faf11cd1297ed5dbd0e91ab888ac;76a914b8662a5845e7fa176c4b98377816f73b50e0c8d688ac;76a91460f9de06e93cc606e363559024b1bbe7d20912b288ac;76a914720b13f90cfb675568b99ae88bdc41e0b9612f4c88ac;76a91476cc39b43ee309ebedbe54b1fc85563b3c3e7e2788ac;76a91437bdd7ab1bb9779b64b5b0916dd6b15d41b5fde788ac;76a914e9fafee43f1451a600303be7038491dea124b2b488ac;76a914a9cccc01c736ead6fea307ac42e9a601bbb6e73288ac;76a914a055aba7fe5ebfb7b284a8629e09ae0dfacc404088ac;76a9148fb303f6e623d252e17db06027e8048e4247994c88ac;76a91417957f27a7fb1533a1e508e67197374dec87a30388ac;76a91480563a02639dbb5eaa5be230f172b036ade336c388ac;76a9145399c3093d31e4b0af4be1215d59b857b861ad5d88ac,,stale,VALID,191cdc20,,,valid_direct_stale
devcoin,validated_stales,data/devcoin_validated_stales.csv,124,stale_only_publication,repo-data,108051,,261198,00000000000000168b0dfa91f97dadddaa7172829e6bc0520af99a56eb3d8706,00000000000000107f1bc0e2ae20031878be9c1504103937baa0da189d87f8c1,1380684601,191cdc20,1015564834,02000000c1f8879d18daa0ba37391004159cbe78180320aee2c01b7f100000000000000049926b53ab55d69d7968eea83537c965fd5a6f6a19d59cccabc4fc364337903839934b5220dc1c19224a883c,034efc03062f503253482f044b934b5208324c00f0ad1902002e522cfabe6d6dc66153d99a6fc200f5ac91a81ea981c455eebe30fbe96ae248967f610aaba61c0400000000000000,76a91480ad90d403581fa3bf46086a91b2d9d4125db6c188ac,,stale,VALID,191cdc20,,,valid_direct_stale
devcoin,validated_stales,data/devcoin_validated_stales.csv,125,stale_only_publication,repo-data,108165,,261367,000000000000001ccfe33f9a7f555ced5cd6b9561f30e5f9f86bf492afa352cc,000000000000001adf858aef7d792ab9306f18e26b23d3ef2b9a6e9bf2d3793a,1380758486,191cdc20,4182879456,020000003a79d3f29b6e9a2befd3236be2186f30b92a797def8a85df1a00000000000000cad372b4dd5db7e96d0fb6ca09bba92ac3a454ddc2bd1b8b7794ee08b998912ad6b34c5220dc1c19e0ac51f9,03f7fc0304524cb3d8fabe6d6d6bdab3ccc77e7474b2d1dd1593098411a6d71180ab4010c34cee407c7e6e85dd0400000000000000d0388d010000000000002ef813466f722050696572636520616e64205061756c,76a91419f097e85b421a9864e6cf0620561ed2398ebf9988ac,,stale,VALID,191cdc20,,,valid_direct_stale
devcoin,validated_stales,data/devcoin_validated_stales.csv,126,stale_only_publication,repo-data,108210,,261419,0000000000000015a6ab8f6f2c055b1813902c58fd485903bb7a2afff1d89fcf,0000000000000005076ad7fb6cf6d500d894e04a08111b908f79ab8aa4628052,1380788498,191cdc20,1845441816,02000000528062a48aab798f901b11084ae094d800d5f66cfbd76a070500000000000000710e423f424a9c8694a4447be3e276f935c8dfe30f523f44aeeb233a18c8a81812294d5220dc1c191835ff6d,032bfd030d00456c696769757300524d2901fabe6d6d8e54e8c6cfe271aecb19917f8abc3ac5a253e5335be8fcdba852d7dc52393b880400000000000000002f7373322f00104fa50200000000c0520d00,76a9145ad4df36c38579badb7113919d5664ff24d8c30b88ac;76a91415b533475bb31e9c992e054b7e210194b0b382e688ac;76a9142f790c69fbf82ca1cc1cd08c7bcd9785bf285af088ac;76a914512fe364168d51895cf5d12825eb8478a021bc8c88ac;76a9146ba1807121fdcb390db917b4ce84b0dc8e70883e88ac;76a91485c9ce4366b559c0a1a65940586d33ce1ccdc31f88ac;76a914f8159668b1e026c4390e39567c6805b3669643cf88ac;76a914b259972b33d57f702b329a4d5a6b67a0759ed3ac88ac;76a91480935fe3274069f6b0fd305e5c4d837991dbb12788ac;76a914e444fca561fcd4ecc12d75d145a8fdd0602199fe88ac;76a9148c35417ab7ad8bab823bb4e8abf3b3b2c48a85b688ac;76a9145fbf44cc19f3cf91b94c17caff18b2f286813f7888ac;76a9148eafb1970e427d4d6ebb213b737b7dcdc96791e988ac;76a914fe14cc64463da4f490198e4059ba7ad251d22e5b88ac;76a9146f9f75a14ac7aa1c2b5f7c9aa9921ebc0bb84fea88ac;76a9146841e967d950fdd25fdd2f7a8ca87eb8f1d85ca788ac;76a914582b9290dfe30bb9b449de96043cb9db743e7a2288ac;76a91497a8b3304d167fcef320136c67b44ae9ea97aefb88ac;76a9144f1cff8f980b15be09510a276c19c6aeb379381a88ac;76a914ae8b96ace8e4e9325d304b962529e98a86334c9288ac;76a914af16a73fabf6df7446ff7bc9eabb11ad7d59382788ac;76a914c8459142759347c481684590dabf11d9f91e143f88ac;76a914bd165c6126485aafc4679531079225ed657ddc8788ac;76a9140ab7c66bdfeada57e4619e896e17f754dabedcef88ac;76a914dc18352c0fbe4f86f6dc3ee49490515ff125f9c988ac;76a914d1a625cb20c6c513bb65b9b1e5699ba6e9b6c5b288ac;76a9140de2ca64176650db7763f4f3d6e362564b44fed588ac;76a914fefa4447eb8f681b8473d43e7d845e55f3a35afa88ac;76a914472427e6c7bbf78ad5ace308f94315b4d27c313e88ac;76a91425e424d1ef97788b58aff2d069f28503aef163e488ac;76a91425c94f424c6e3466d78162da9b1a72616eddeba488ac;76a914ef6d92b3a6dab1689c90a4d3bc9687e4c42f6b9d88ac;76a9146a37e007a500d470ba6623570ac87980e39ce98a88ac;76a914c17e44923f07ddd95b030cee63e94bea7a28550288ac;76a914be86e5669d71f8f87faf000165bb3ad0288ec7d388ac;76a914454dda256c717d10e819851ee3874d1ffd33bfd688ac;76a91434e48f0d72aba30d9d624f107598021b1e0ba89e88ac;76a9145a0f3dd76f128293610dcd397660cf5ebb7f351888ac;76a914efbc2767dc16218e89e11eff19f88a3e3b3f0a1b88ac;76a9143adb8dc33166fe5f9a86b8ed6e8f745f0cce39e988ac;76a914e44a4389826eb1bfa040f3ce18b8fb2a763f9e5488ac;76a9142c3e7a35ec9f75084971ba15390ffef10cef69be88ac;76a9144543f47812977801c563c7f548ddc298f1c9d7ad88ac;76a9148e2b31c1668133263fdd2d57571712810ee3bfe388ac;76a9145e2a5618487fc541479fa5b4ae13cf9f2986d6ff88ac;76a91402b82aa28674e1e80df69e5418b6232d7c57e5e388ac;76a9142d9f14d72a85974f1726dca16366706576c68e0088ac;76a9144ee3a81efbc3526426ca46b699fb6641d6c39cf088ac;76a91480563a02639dbb5eaa5be230f172b036ade336c388ac;76a9145399c3093d31e4b0af4be1215d59b857b861ad5d88ac,,stale,VALID,191cdc20,,,valid_direct_stale
devcoin,validated_stales,data/devcoin_validated_stales.csv,127,stale_only_publication,repo-data,108455,,261870,000000000000000d75aecde297e7e57a9003480449caecf13ac75c248d6901eb,00000000000000058e51b1fab8dac2a317423aa6d5219072790b3cc760754074,1380980588,191cdc20,3440386010,0200000074407560c73c0b79729021d5a63a4217a3c2dab8fab1518e05000000000000000f1d528ea4f57978927c029f336c10e24a4ff229ddb41da202e661cf67fe73936c17505220dc1c19da1f10cd,03eefe030d00456c69676975730052501754fabe6d6d2e102f092edde3e1107b5c9c7aa00d14671fe761cbb7e9001366bea8ef6b036e0400000000000000002f7373332f0050138abcd17f0000bf320000,76a9149e6767b23ebfd6f2a284843149c1268457c2bbbd88ac;76a914982ae9d9de6f660c93fd3345b70af90a2e2c7a4388ac;76a914ba34883966cc64681d0d82f3a414a712dedf073e88ac;76a914ee4f83c1dc1e5e81f36b48ba236ca116e894f2cc88ac;76a9141b5717e76f1032e7d59594660ee19524a101325988ac;76a9149e262dc918f95c9166d7344aad5a222dc8f14d2688ac;76a914ed5841e23c0904b6df2c2e5f91cee93865bc17c688ac;76a914abf6fa042b7ab4aa75ce755afa29feb4d315ba1a88ac;76a9149e6ebc6ff48a09ce315f46b048e4f83c5c5e78cc88ac;76a91411c2c607e59b8005e6308d52a5e488b664a1893488ac;76a914954a4dc953aa435599e5949aa758262fa9f5cf3188ac;76a914dedbac4072a69f0381cba0fb15e35a039d121f3688ac;76a91418329d6e80f2a029d009af9f282c11b61c1a676f88ac;76a914302cec640923830066426b3c18a3c59fe7ceece888ac;76a914817fbabec9b184c8ce691559cfd0f9e4a14e7d7888ac;76a914cc317933863aa0840d035b6e957e5784919bae9688ac;76a91407a5963f0df842538e3e2ae98bd27d2cea62520f88ac;76a9141d32215b3dace0dee862bcc46a6f99523eb05f1c88ac;76a914d18e945515bcf8c56063216caa178bf38fd5299a88ac;76a914da38a5ee8f8905981b446d3d5cbc62cc6125aad788ac;76a9140fb55cf5a39ec989e05bc1fd6a19fa74bb97a86088ac;76a914f9a18fc15df7d85203360d0020ba5b16cc60bbc688ac;76a9144e9c9a9b61789a1fda12c646432eb4745c0748ef88ac;76a9140351f8306e5bc02a3b909fda0de11162c5e51bb688ac;76a9149d8bd44600f8b42bf7ddf10ac9d1a13bea611b7388ac;76a914077ffb661689ab7a1bd3316ebba8c567096ec34e88ac;76a914d5306819d99e193a914e6e5059cc91502848afc388ac;76a91475c3ec9884c5017ee6bde7e272614a26e30f1f7888ac;76a914945abaa2c2091ccfeb8fc06157800c6f622f151a88ac;76a9140d4f2c7817aee6a7ad83986b38a4eb5d49ca5d4988ac;76a914d8dc60593c820a386e7a4fec107d0209d305decf88ac;76a91480657862e568fb671721d4f2d2303550886fec6888ac;76a914783196e5f826f2e15cc84080317e31c60be04f9088ac;76a914c06e417db76a3695d250dcb2e4cdfc89f74aa7d988ac;76a9142374c27065eabbbfe1341d1061732736b7b1447388ac;76a91450e7ef93716a71d696197c0f9da41b1799e3605288ac;76a91471e303e87b955a8f8db49dbbad4318e4035c470888ac;76a914843b295533ab54c79741059333e58188380e562888ac;76a914bf5a8554027bdb959c502d7942cde90152f34c8c88ac;76a914181011016622430a44d0c1533b2ded2df728f76188ac;76a9148a2b4e66414b3a4b673e8f616e40101440e3ddc688ac;76a91433f0517590d384576abfaf84032e0b2c65c176d588ac;76a914230205d8de69084fccdea0770c04f4f0082091e688ac;76a9141b71372584d56e6a355b5146360ebb87632a5afe88ac;76a914c962c775412e296ef438c3bc1be84ad69b8ae8d888ac;76a9149a21f8e8c6faec79c99148399ff5bd628a9d104788ac;76a9146100f6fe5f7f0d5cea69c3849c4c9ab20fec3bd388ac;76a9144ad6c51fd95f94c27cc43b341c1465e95f80ec1888ac;76a914435ec666748385e8fe7d14a1d3034412eeb8b74788ac;76a914a9397a15c179cdbcba1291e90953d885b4f7ccb588ac;76a914584d3077423ab074135e19c00d2ad1da0d465a8b88ac;76a9148e2b31c1668133263fdd2d57571712810ee3bfe388ac;76a914444f06e621c6065e645ab372c739888946e4686d88ac;76a9142c077730c82c2abfbfa358b5dd09e9a0d09869cc88ac;76a9149d0f66954740998020b01f6d4c9c012a085c5d1888ac;76a914b2837173ca5d804706e221162a7846315ba7f6d188ac;76a9143cfc1bad91d88cdc81d17ea146ff5b1be8d1a5cb88ac;76a914f319c67bb1eef8e535a07920435be9d617c31e1d88ac;76a91404e575a332c660249c504703f3e81f486294f99c88ac;76a9142f790c69fbf82ca1cc1cd08c7bcd9785bf285af088ac;76a9145399c3093d31e4b0af4be1215d59b857b861ad5d88ac,,stale,VALID,191cdc20,,,valid_direct_stale
devcoin,validated_stales,data/devcoin_validated_stales.csv,128,stale_only_publication,repo-data,108895,,262408,000000000000000952bdf3d9b58e346e15ce83b9ff07ec9b5294701dae970a94,00000000000000035776d2a0de1d26b6dcfe4ce022f8fb2299467f75c686c918,1381247786,1916b0ca,1402037641,0200000018c986c6757f469922fbf822e04cfedcb6261ddea0d27657030000000000000027ff97e2274e1285cfd286a936a0b3ddc36e0829f63a7c79ae62af9e3532372a2a2b5452cab0161989659153,0308010413e4b883e5bda9e7a59ee4bb99e9b1bc52542b2bfabe6d6dc813109af4e371dabb8b111d4be3d048d92b85091c1bd2d393330248d80087af040000000000000078282d04000000000000113c,76a914c825a1ecf2a6830c4401620c3a16f1995057c2ab88ac,,stale,VALID,1916b0ca,,,valid_direct_stale
devcoin,validated_stales,data/devcoin_validated_stales.csv,129,stale_only_publication,repo-data,108983,,262541,000000000000000e4c4f771e9ea33f66cdc1309b5027f6f2405acc4b07585f18,0000000000000013f7be70c98ec3ab3d537c1e52bf23336f04e5b6222a478127,1381308403,1916b0ca,2333004293,020000002781472a22b6e5046f3323bf521e7c533dabc38ec970bef713000000000000000ceaf55c3482a54c3c3de488201898d4ba09bfcf0594c758274427f9e888bfaaf3175552cab0161905d20e8b,038d010404525517f5fabe6d6d4be4d1fa98dd5c6d1bbaf20b12b3c249bbf7c8b753714df3a471c6f2a813ca18040000000000000050e0f5050000000000000f2913466f722050696572636520616e64205061756c,76a91419f097e85b421a9864e6cf0620561ed2398ebf9988ac,,stale,VALID,1916b0ca,,,valid_direct_stale
devcoin,validated_stales,data/devcoin_validated_stales.csv,130,stale_only_publication,repo-data,109005,,262563,0000000000000000088ffaf39c763aa5e82103f62ce305bc62f17df580e9234c,000000000000000af1729b73b0b1c3acc15333a0c6cc317309f420654bac929f,1381316244,1916b0ca,1754106744,020000009f92ac4b6520f4097331ccc6a03353c1acc3b1b0739b72f10a000000000000003f3e55c75d67afbfd92458314914638b2d79e0dfa6a59aaaf15a41a3c16c965c94365552cab01619788b8d68,03a301040452553695fabe6d6dc2e072e12684614cdf49f26b98c8b7b787cbf51132edad1685326ccfa3326b1c0400000000000000107f67040000000000001b4c13466f722050696572636520616e64205061756c,76a91419f097e85b421a9864e6cf0620561ed2398ebf9988ac,,stale,VALID,1916b0ca,,,valid_direct_stale
devcoin,validated_stales,data/devcoin_validated_stales.csv,131,stale_only_publication,repo-data,109134,,262722,00000000000000012d66fa0c57a8459af9314c966a66fc385a1d28798ff746d6,000000000000000b752f10f77f90d863a3cb47cbe55fe0aa45fc5da8b248750a,1381398915,1916b0ca,3827956233,020000000a7548b2a85dfc45aae05fe5cb47cba363d8907ff7102f750b00000000000000af725ee7021f808ba8a54e72daf579ec53f2fb2db1cbe0108e738ce06cde1d2183795652cab0161909fa29e4,03420204e4b883e5bda9e7a59ee4bb99e9b1bc0df82751545b50c31cd1677105589630bd70b6c1cad24e29dd166d51e46b1788040000000000000090587d080000000000000068466f722050696572636520616e64205061756c,76a91419f097e85b421a9864e6cf0620561ed2398ebf9988ac,,stale,VALID,1916b0ca,,,valid_direct_stale
devcoin,validated_stales,data/devcoin_validated_stales.csv,132,stale_only_publication,repo-data,109137,,262725,0000000000000001a5728d9102237d31bd5282b104d87eaa33e1d8366cff36ca,000000000000000a2947219ed6f931909aa527280ee6f13a81174a3f66f528f6,1381399870,1916b0ca,1061757970,02000000f628f5663f4a17813af1e60e2827a59a9031f9d69e2147290a00000000000000d1dc35df0d9d0238998eeba9e0787ec265966a492e814b44be64b43ee8a543923e7d5652cab016191224493f,03450204062f503253482f04537d5652089e0000778e3b00002e522cfabe6d6d787c6a917be6035367265f976b4c62c702c9e0b377cd3b5755d5b05648b7d2010400000000000000,76a91480ad90d403581fa3bf46086a91b2d9d4125db6c188ac,,stale,VALID,1916b0ca,,,valid_direct_stale
devcoin,validated_stales,data/devcoin_validated_stales.csv,133,stale_only_publication,repo-data,109868,,263909,0000000000000005dae46824234985918797c352bd1d19401feeac387bb6cc73,0000000000000007cfe01444da04f12781ee407bf004a4dca5a024fe46119ec3,1381860798,1916b0ca,1110306441,02000000c39e1146fe24a0a5dca404f07b40ee8127f104da4414e0cf070000000000000098f384c6e74efd811afff58a2b2ab3c024e211e5675e350e9b478a635f74cb9ebe855d52cab0161989ee2d42,03e50604062f503253482f04b9855d5208bf030088ed5e00002e522cfabe6d6d4fe445448e1b93c52aa7047945761fb93faa593d784461899c327177659eba800400000000000000,76a91480ad90d403581fa3bf46086a91b2d9d4125db6c188ac,,stale,VALID,1916b0ca,,,valid_direct_stale
devcoin,validated_stales,data/devcoin_validated_stales.csv,134,stale_only_publication,repo-data,109877,,263930,000000000000000c470c9d1658be51e6bb04d64552d12f52d3f32e71e4eb4a17,00000000000000105d35e07d6fdf9a54f9e28a31a68cd766e115f121c21e7757,1381868075,1916b0ca,1182310793,0200000057771ec221f115e166d78ca6318ae2f9549adf6f7de0355d10000000000000006d8a9140ad9b3b7c6d5cd379ee7a56e76dc806e57f45822b2a02d96eadca46722ba25d52cab0161989a17846,03fa0604062f503253482f0421a25d5208fa20028800000bb02e522cfabe6d6db3b4a16343debe4302841c9404125acb1303bcc14285510296a5ba44af6c92850400000000000000,76a91480ad90d403581fa3bf46086a91b2d9d4125db6c188ac,,stale,VALID,1916b0ca,,,valid_direct_stale
devcoin,validated_stales,data/devcoin_validated_stales.csv,135,stale_only_publication,repo-data,109944,,264082,00000000000000134cfa980838ea2214767299352ea3b74b083076b8f970ff0d,000000000000000ecdac45dadfa1f1470b659d054029393f45e6e289256598c9,1381921442,1916b0ca,3507518372,02000000c998652589e2e6453f392940059d650b47f1a1dfda45accd0e00000000000000c38e221d05a52ed80852427fa5aa90725b6dd4c907bed370539450723e3dc4c0a2725e52cab01619a47b10d1,0392070413e4b883e5bda9e7a59ee4bb99e9b1bc525e72a3fabe6d6d2b157d43b881c42266c3e5e1dfde04b99bf8a648dfde55731fee0a84947257860400000000000000c0980c0900000000000039d4,76a914c825a1ecf2a6830c4401620c3a16f1995057c2ab88ac,,stale,VALID,1916b0ca,,,valid_direct_stale
devcoin,validated_stales,data/devcoin_validated_stales.csv,136,stale_only_publication,repo-data,110207,,264402,000000000000000db0e1da2efa61c99436ab15a03e5a4e20b51d4749fe6e2f3a,000000000000000926e976ffa4911ff3ab7f993effc420d54d80b6c4cad922c1,1382085536,19100ab6,811552422,02000000c122d9cac4b6804dd520c4ff3e997fabf31f91a4ff76e926090000000000000056daf50e7d3d5522d1f006469737dd7d455fe9a879b84e98e83409862e5b9c73a0f36052b60a1019a64e5f30,03d2080413e4b883e5bda9e7a59ee4bb99e9b1bc5260f38efabe6d6db7fdee743f45b7f37a60ab43ce8fad5baff709f647ad9558122c0e7ecc54606f040000000000000020bc90080000000000000af3,76a914c825a1ecf2a6830c4401620c3a16f1995057c2ab88ac,,stale,VALID,19100ab6,,,valid_direct_stale
devcoin,validated_stales,data/devcoin_validated_stales.csv,137,stale_only_publication,repo-data,110421,,264752,000000000000000db2cd4b3f88a2ea37d994dae14e659026cfb29775682cd5ab,00000000000000077ae55fe8254b9fea281da6f94df54d88333a6e6db6790028,1382223329,19100ab6,2634644182,02000000280079b66d6e3a33884df54df9a61d28ea9f4b25e85fe57a070000000000000029df3c4fb00653b04417e05f6adfa0c89e7ac2e45ca8d2795370de4a3208d5bce10d6352b60a1019d67a099d,03300a04175a9cadb8eb28679888f16cee933e245783a60ad14d408d4a6faba021366a990400000000000000d0b22e8e287f00000000271a466f722050696572636520616e64205061756c,76a91419f097e85b421a9864e6cf0620561ed2398ebf9988ac,,stale,VALID,19100ab6,,,valid_direct_stale
devcoin,validated_stales,data/devcoin_validated_stales.csv,138,stale_only_publication,repo-data,110435,,264774,000000000000000b0024fe1f1bd966f0839f3dd786e5c4bb000fe77a1c5755f2,00000000000000012cd17e5a8018a3c96586beb8592890f938214d7685e5cae2,1382237788,19100ab6,1134491560,02000000e2cae585764d2138f9902859b8be8665c9a318805a7ed12c01000000000000004ab27a8ae06e9cc42c8e92dbb842d609a10ade8030dd23c8ed0d1c59ae96e39c5c466352b60a1019a8f79e43,03460a04062f503253482f045846635208320000f4062478102e522cfabe6d6d9e697ded1d61e1c7e550da2836b146ad83e2df9922ecdc962c3f9cf52b0a90be0400000000000000,76a91480ad90d403581fa3bf46086a91b2d9d4125db6c188ac,,stale,VALID,19100ab6,,,valid_direct_stale
devcoin,validated_stales,data/devcoin_validated_stales.csv,139,stale_only_publication,repo-data,110641,,265089,000000000000000ec86b93614a706eecd5dbbad74f18ca514e20ec865f95176e,000000000000000a38268420b4a4b065cd24e107426ce09c414e51461ebf6e36,1382367060,19100ab6,4212119947,02000000366ebf1e46514e419ce06c4207e124cd65b0a4b4208426380a00000000000000b5c599c53875e0d65d01785eec3631d2a497d624b67c76bc3ac624b03f5e5a97543f6552b60a10198bd90ffb,03810b04062f503253482f04633f6552081d020010314602002e522cfabe6d6d374bb23444a60a09066a78348c9eeb8a819ae220b08e93b4a729f17bc0570ab10400000000000000,76a91480ad90d403581fa3bf46086a91b2d9d4125db6c188ac,,stale,VALID,19100ab6,,,valid_direct_stale
devcoin,validated_stales,data/devcoin_validated_stales.csv,140,stale_only_publication,repo-data,110886,,265494,0000000000000002801be176364018c99dda86f4d7e428abe665a8fbd689bc65,0000000000000007f28386c2590e14268c1c835b0e9d066c4544f6c09bac2ec3,1382519220,19100ab6,4222550139,02000000c32eac9bc0f644456c069d0e5b831c8c26140e59c28683f20700000000000000228716f2b3b22390f56f30c0c33dc93cd80d1a6c8c022706eaee9ab5eba3fd11b4916752b60a10197b00affb,03160d040d00456c696769757300526791b4fabe6d6df08fae71d0558f7948764cfc0e110b047e2882fdcde19dc2952e04df49de53950400000000000000002f737332352f0090f7b47ff87f0000e15c0000,76a9149b67bc6df8ea9f3172f202f49f41dafb7478a7c388ac;76a9145399c3093d31e4b0af4be1215d59b857b861ad5d88ac,,stale,VALID,19100ab6,,,valid_direct_stale
devcoin,validated_stales,data/devcoin_validated_stales.csv,141,stale_only_publication,repo-data,111002,,265681,0000000000000001073fe02037273dd8229afa482a936c10182b9357ba5bdcca,0000000000000005e2defede477f600682df16d35c08ebe325096ba146aa95f2,1382592264,19100ab6,3913793510,02000000f295aa46a16b0925e3eb085cd316df8206607f47defedee20500000000000000481af1aa60df8cf943974fd1d885a606eb2f6f24177c8d519a2a59df9a6ba31608af6852b60a1019e6bf47e9,03d10d04062f503253482f04fdae685208694300ef000062952e522cfabe6d6dc2f5d9a46271d596613ccf4c6d6929b01fee891b0dcba63874316c55626579c00400000000000000,76a91480ad90d403581fa3bf46086a91b2d9d4125db6c188ac,,stale,VALID,19100ab6,,,valid_direct_stale
devcoin,validated_stales,data/devcoin_validated_stales.csv,142,stale_only_publication,repo-data,111201,,266044,000000000000000b267582d8c67380ce34ed4aaa67683f25df4cc05c6a16a95c,00000000000000069c765e068b3eb46efa3bca3dd3dc2eb79a602c29ae9d4ac2,1382732696,19100ab6,1253756968,02000000c24a9dae292c609ab72edcd33dca3bfa6eb43e8b065e769c0600000000000000846aa2397d4bd95e3eec16f38385f3349c429f4b40bf43d7186439518ed7041998d36a52b60a101928d0ba4a,033c0f04062f503253482f04a6d36a5208c50d006b734101002e522cfabe6d6def25863ce28dbe08ed21083cde865c61d6f8f4c1bc1e1ed4803daf33f8ef97270400000000000000,76a91480ad90d403581fa3bf46086a91b2d9d4125db6c188ac,,stale,VALID,19100ab6,,,valid_direct_stale
devcoin,validated_stales,data/devcoin_validated_stales.csv,143,stale_only_publication,repo-data,111961,,267095,000000000000000adb8097f5e3e996f260318838c947abc794aa5ce9de913b81,0000000000000003450c5d0a473a6c7ab44f6a77c0038db08b789ae78313a89b,1383221019,190afc85,3500796424,020000009ba81383e79a788bb08d03c0776a4fb47a6c3a470a5d0c4503000000000000008969a466f437ba5e889bf8e1e08971dd0652c9676a26ff06881cd70b4c2abc361b47725285fc0a1908eaa9d0,03571304062f503253482f042947725208311e00e51d9d00002e522cfabe6d6d41296c445e7cce72c06e6c5fdc7779bffef501b650e63e2de7820af368ab6cf00400000000000000,76a91480ad90d403581fa3bf46086a91b2d9d4125db6c188ac,,stale,VALID,190afc85,,,valid_direct_stale
devcoin,validated_stales,data/devcoin_validated_stales.csv,144,stale_only_publication,repo-data,112094,,267281,000000000000000ad5b2f565ed6afb0f8ba8a8af1a5a56c95467302f782185a1,000000000000000a1518c71036cd417f4d747baa4ff64ca45595add41e48ea50,1383307460,190afc85,4187422588,0200000050ea481ed4ad9555a44cf64faa7b744d7f41cd3610c718150a000000000000002479ad71d0ae189296fcaa3df31e8ef7db9c553db94aa06929481ef1884ca941c498735285fc0a197cff96f9,031114040d00456c696769757300527398c4fabe6d6dddf08724fb04b3c4ba469ba2a999220d2af51b66c37a2b581048b3bbed7ad78b0400000000000000002f737332312f00d0ff0e03000000007b3a0000,76a914002865cf917a12de090a3f5da32d7b855f01f2d688ac;76a9149ff2a393105fdf95c7f5d9b19e2656489831823d88ac;76a9140f8ff2a624df13d6bec8b74b70819bece2aec25b88ac;76a91444156ac485fe12fdab3f32d419483bc3cc0d012788ac;76a9145d18ad066b245cb816822457daa16f4c0ad52d5388ac;76a9144d9cad734c42f2a29e722abb3dc967d39284045588ac;76a914c44a767efb007247cc8ebdf301322fd9539e29b188ac;76a9146ba1807121fdcb390db917b4ce84b0dc8e70883e88ac;76a9141e521229ed06980a23345acaf5ca37a3d535f3ec88ac;76a914e490944c9ab95ef3c08f61f27fe296500a9293e588ac;76a9144f1b465fae973376032c7f2339b291cf2c5dfdb488ac;76a9147eeefd5a84ecd503d88323dd1c83c3ef2a8aba8788ac;76a91465860160e285feca1c1578c8d594bc93d164e48e88ac;76a914fdac6235f6078094394c5a15af5c9d2ff13cdd7788ac;76a914090cfc93659fce3a6cbc77f34b52fd82793fd57588ac;76a914f590a4f304cc1c3763bb7865ced6f35fccc64f3888ac;76a9142e12b9e110f5bc0a7b36026d97bf15e799de435e88ac;76a914d46abdf988a899e7c57bbd811ed891e627a9816f88ac;76a914b384870445d367430e3694aae800cbc60f9459cd88ac;76a91409eca7c19ad24e57f7bca3f4947b8169a10b137888ac;76a91498f99f8f12133289b41d8d60f0ac1d16547f6e6088ac;76a914d6dd28ecb7e19eb4e09bdcd5c21b641aa21ef3cf88ac;76a9142c14408b490d9823265c443e8253f397a76dfef988ac;76a91485c9ce4366b559c0a1a65940586d33ce1ccdc31f88ac;76a914181b03eae1731d0cf909f40bc8f846d513c3304088ac;76a9149d2b25eaa8a7c265f49b9ee10eea302347f88d7388ac;76a914982ae9d9de6f660c93fd3345b70af90a2e2c7a4388ac;76a914f344947d74437ff7ccafbdf8c2b9b2d0e5d5b21c88ac;76a9144e34d13334a6560bc8c0aa9c7b7119edd529886588ac;76a914bf714a9a59a0e95c4d4cf9258748f1f08c94469c88ac;76a91430ab3864c6f71d970afff29026fd370c1e89cf4788ac;76a914096e710ac310e288f3ed17cb57fb1bbe09f040a288ac;76a914c590518dfc221f1bb96eb6b3128a7f6ca0d18d6388ac;76a9144f7d745ca9e136ac45a1a14ab42e68e9a530c4a088ac;76a9144a08231d1e98824190575cd78f437318b05539f988ac;76a914f28d9d43bb08b3ab58886fb165a4ac351c0d4e1a88ac;76a914f2f345207ba50f37282d323d48e080c3daf1735e88ac;76a9146ba989c64b62b3dc28c85df514ccc24172dad98488ac;76a91455ad64d178efbc3add934dc32cf1338396fe691088ac;76a91499a1d47b784178c2243a5fc48f1ea2c40fd0aa0d88ac;76a914ed5841e23c0904b6df2c2e5f91cee93865bc17c688ac;76a914b535430074b313fe2c1dc84e53f9b799f6f6121088ac;76a914e9f78ac6ddd9a75388867b11017a35fb3c5eb09988ac;76a914daf33134d87ab3b8cbec48e31d1539abeb88e51788ac;76a9148368b7835a40adbb8788b968e6ca76f247adb52388ac;76a91413daccb42315dcb803d4ff0486baad612e8c999188ac;76a914ff8a1b188a9f7f062ed1bf8b40ce6e2018d8fbd588ac;76a914a76346e8c7fe2a06f1758cb4c968f414651c96fe88ac;76a914f5556105749d463ccb07e927be666a90069156fa88ac;76a914201e85f230bfe2b075a38b31c8cab7680327f25c88ac;76a9144bddef74dbd26471082aff1cdcb9eb64a69f755388ac;76a914e71d08934ae133796715ba128c4c9da83146514c88ac;76a9144e0c00cd571894de162cf5bc601a34df6a6c830888ac;76a9148e2b31c1668133263fdd2d57571712810ee3bfe388ac;76a91457140f70bc0213174f1a94c98d9f212ace4a170c88ac;76a91460ce966886d73ef3e0998d292e38c9288beb7a4088ac;76a9143161471a83dc2ecc5c3c3d7a4d3dc3628e2667ef88ac;76a914115c38ecaffc31e0d567d52bcb5704d982a7620c88ac;76a9147a06e6096fe9e18ca94877b5f2719c66567cb8a188ac;76a914c16bcd447c8d1d8938e5dfd9118ee07ef237bd5088ac;76a91453d0290a46f94887b3f5a552e7ffcce5f1202d9b88ac;76a91464e6cc4c7a718a51d651fca861544e6030b7408d88ac;76a9149c52b543261f0cd7ba881aff5bdb4b0cc651296288ac;76a914162206778d498011fc141b5bc842bee0633c200388ac;76a91498a044d09bd08cc51a915333b8d3a45bb4e6b73888ac;76a9143b078cd624b91fb60b9f97d94820d89e0e99afc288ac;76a914bb1bfd873c38c124f374caa354d62c7c233f935188ac;76a914ed82dfe53f9b3e4d0e2ccdb6fd276a5a3ff0293d88ac;76a914423118dfe0eb44cb73d20488f3c47111e25bc6f888ac;76a91411c2c607e59b8005e6308d52a5e488b664a1893488ac;76a914d3852cc73ce80cd047077c006337b246e7c3c18b88ac;76a914aba3a2ebf0e7ef93051badaade71a96882628ccf88ac;76a914a9e01ae5f2e882d018ca6c9c0b62805f419f678488ac;76a91437b633e5a66c55bde9d2398ce54683687cb88b9d88ac;76a914f86e15f4868da38814396fb4ecf9833cccf2562a88ac;76a914d97fec88c850903911b02564e8a8ab73a9f9105388ac;76a914d19cd27d726fbb4d5378419674c7ce6fb8ad135f88ac;76a914271138a0dd53dbf59a47535120bd79b1de2a2d2388ac;76a9145399c3093d31e4b0af4be1215d59b857b861ad5d88ac,,stale,VALID,190afc85,,,valid_direct_stale
devcoin,validated_stales,data/devcoin_validated_stales.csv,145,stale_only_publication,repo-data,112751,,268298,00000000000000049a7893d061f141f333b29425304fe6adec7c60415d2beb82,00000000000000079f09b88f78201b38bb51edbd144d63218d27b75c7d89549c,1383770075,190867f3,771500334,020000009c54897d5cb7278d21634d14bded51bb381b20788fb8099f0700000000000000d21b071730db4ce7c9e015450943682af4d8cff2c00fc765eb2f2e098377a415dba77a52f36708192e29fc2d,030a1804e1f4a2e7357517f3a7c1710b232a1422731a27c0a15dd47fe881d599905dd266040000000000000050e4fb52027f000000001e78466f722050696572636520616e64205061756c,76a91419f097e85b421a9864e6cf0620561ed2398ebf9988ac,,stale,VALID,190867f3,,,valid_direct_stale
devcoin,validated_stales,data/devcoin_validated_stales.csv,146,stale_only_publication,repo-data,112871,,268409,0000000000000006365b484c22737c797ecff672ce71d850887f2f3f9183951e,0000000000000006f153a441cd34b52ef2479a27b9cc43e7ded5e613481ee5b5,1383833784,190867f3,74526388,02000000b5e51e4813e6d5dee743ccb9279a47f22eb534cd41a453f1060000000000000070bf50cc2b17dfd10276130cb43e462ec03ea368fec6df2dc05af54015845050b8a07b52f3670819b42e7104,03791804062f503253482f04b5a07b52087c1700160000676e2e522cfabe6d6da97381c3846aa1f88390fc4e823806502f847e7c1f5597468dbe2c4f5d232f940400000000000000,76a91480ad90d403581fa3bf46086a91b2d9d4125db6c188ac,,stale,VALID,190867f3,,,valid_direct_stale
devcoin,validated_stales,data/devcoin_validated_stales.csv,147,stale_only_publication,repo-data,113016,,268531,0000000000000003147a0910fea0447e2854ecb0e99026928ba2daae93939107,0000000000000003421518eb98dee1fab515fe09746a82ae5090ce0a05c1f91d,1383915386,190867f3,995540731,020000001df9c1050ace9050ae826a7409fe15b5fae1de98eb1815420300000000000000a74a8f04bdb953d3726e119549f633d3cb0abe6f286f361a5e4fa118fd8a7e4a7adf7c52f3670819fbbe563b,03f318040d00456c696769757300527cdf77fabe6d6db8ca43df821f952b79a63b9d5da1e1cf4c7b7a36aceecd072054f9e5a005c6060400000000000000002f737332392f0010a780040000000068000000,76a914a40f88f0fc66bcef9904d968be52bd3ad70dc0d688ac;76a91468b4389b324208c18c562703166a20abcde55a2788ac;76a914de7b4cbab29a70137ce700c8a038317683effac188ac;76a91411c2c607e59b8005e6308d52a5e488b664a1893488ac;76a914fddebe93d877a4ea87e7338c367d6ea484ccc2d388ac;76a9148d72578af4c8094ce919789a9201003dfd461aeb88ac;76a91404594e55049cc7bbcc7bd252ac054f1fcf9d0dc988ac;76a914bd0c2b5fb827f6edc78e1a9ca02e357a52d2b79c88ac;76a914e71d08934ae133796715ba128c4c9da83146514c88ac;76a914cab200838fefde8a28099fba33bc5e1b2ee5b73088ac;76a914b34465b618c9dd2e7afd744dad071abd2e73c05888ac;76a9147415329547f89ee056c277a8e959c461da030ba288ac;76a914d8e8dfadd1b1c04ba18defcaa67879aa20c96bcc88ac;76a91495b720f873a4759ccdd5fb04502511220323cb0288ac;76a9146d27ae5ae7523e2bbb725a652b174291c392c9d788ac;76a914b08f8bd5b191d5dc2247b5421b7b695b7b17520f88ac;76a914dd98b5c3f3be71942db8b4bec0cd2502ec7d9f2588ac;76a914df8b6a3f804d9939239979f00976658fc788a14088ac;76a914277abb00274f3db67edcb9d4b3b75a907220ecb688ac;76a91432f0ab62ddabc1064d6f09acaf08d8d8d9da8e6588ac;76a914c962c775412e296ef438c3bc1be84ad69b8ae8d888ac;76a914da9d41c79ca85ce0c68057b8adfb753424e7f07a88ac;76a914da3694d41829e45a3f4f8d5efe2c3463b7cf930388ac;76a9146438ce865ca4e35fa1e01bdbd4aa62c689d3c2fd88ac;76a914f9a18fc15df7d85203360d0020ba5b16cc60bbc688ac;76a914077ffb661689ab7a1bd3316ebba8c567096ec34e88ac;76a914b5945df721fd42b339737c07c24ab36ee3e7c1ac88ac;76a9149d8bd44600f8b42bf7ddf10ac9d1a13bea611b7388ac;76a914c25421b463bac69eeb0d83b06669932bd76b182488ac;76a91464e6cc4c7a718a51d651fca861544e6030b7408d88ac;76a914b9d4562f5d1b1d89387a48e6cd2e6299aa6b679788ac;76a9142f67c82cd3d057948cfcd2080a20cd9f497b260388ac;76a914a9397a15c179cdbcba1291e90953d885b4f7ccb588ac;76a9140bbd59f2712c742b4c7ab31a102c3f343727e7a288ac;76a9144b1b2854cc8738edda4f8ca98bd65ce5f648b38288ac;76a9146abd797db9e5331201cac67f9db578f963d4248688ac;76a914b324177d21cb2d84b8238d3b3a358d208bbccead88ac;76a914c2f18e930e61709439160e0d93452733c605719088ac;76a914c16bcd447c8d1d8938e5dfd9118ee07ef237bd5088ac;76a914d7f5531625c479cfbe8282d1ad0fb834e2a6a63588ac;76a91447da73ac088e22e0d511a3e7b7b523781488d0f788ac;76a914c8459142759347c481684590dabf11d9f91e143f88ac;76a9140a03406617cb7202f20ae695fbc2db6ff67329e988ac;76a91483afb6e18fed3c86278f18d4d78afad8c504580988ac;76a914d3ef6531dc3030dfdf63a763a45df8c32c00e78088ac;76a914195344563ecbfc06eb183d330437fddd53b2635288ac;76a9148d20ff772a9ac36f789b96e2fef13ac08b21f63b88ac;76a914001eecd0f4102ce18b9c4bf1c1c547ddad43a71988ac;76a9149c4c3e5cc5860d51f676ad6865927d6503e1cffd88ac;76a914009e0f715ff41dff2479a01943f0a60061a32d8888ac;76a914f6e82e6f605e86870bbb77a90e5bc2418051a21c88ac;76a914802b6af846251fc810669e5ea4bbb26cb4050f2c88ac;76a914b707ee695e9f2d4c50cde736fd9767b3f6bb0e9288ac;76a9144ff6622c933d3c0a56478d257a2cbd2df9220c7988ac;76a9143574917e50ae28d7bdb2397f5c136dc9fd2da34588ac;76a9140b5b8741443270839b3549995c432b4a8385e5df88ac;76a914caf3eec17f81cb3bc64fd614af3aafdcc1b1644688ac;76a9143eb2bafe4fa98889c0aec8816210bf50cd122ffc88ac;76a914b0e48be666587d0c01a0345bc4024f5362999ba588ac;76a9143b0f5c250729b153564f9f45c1434b32d0d53a9c88ac;76a91487a0039f2d92a3b887f50086e09fe145310526b888ac;76a9146836797eada7bd2b5d671478147b27d319bb2c3988ac;76a914e70ffa95da61548024685dd83e7930bd8dbfe97688ac;76a9147b56b2d5e817827a461503828d9b96cb432e773788ac;76a91427021b21effc33bd97b87fe25a11ab7f5d7485b888ac;76a914e48b6fa86d70776a875bed88ebcb495e38f8cf7488ac;76a91481ec88bb36e656f1d8b52d80942b72eab11e18f588ac;76a9146d8d0c919c26e94d39d703470db4c99610dadedc88ac;76a9148f7db53aca9e50051ab2abee81d2b55cf0ca44db88ac;76a914629549c0587f11e40027283d10110f3561db6d1288ac;76a914bc2580347795fbd1707b15195ce961ca138cdc3288ac;76a9146350cb25611fc9ff024cf0c4b2b6c8a59bd0409088ac;76a91406950e577cf8e1f7289d80a52ffe528ee5034dfc88ac;76a914f2df9d62127628113e7f9c902429e5a62969701188ac;76a91446e7d6df1338717a01e280d318871af5f59aa4c988ac;76a914dcc4eee28aa6a8c4aa47aa2cb03d53bc175a89cb88ac;76a914d79578f0190e9032ea052dd4cd32f0702a616cc688ac;76a9143c9d020c4ccd8e947b53cc8bba64f878727d02da88ac;76a9145399c3093d31e4b0af4be1215d59b857b861ad5d88ac,,stale,VALID,190867f3,,,valid_direct_stale
devcoin,validated_stales,data/devcoin_validated_stales.csv,148,stale_only_publication,repo-data,113024,,268547,0000000000000003e0ac92042c5381e0904f10427107e7229756d1acf4a7cf08,00000000000000031e72b1ad823f95125c1dcf61d0d317e61a46a21452a1d40c,1383922644,190867f3,1374965846,020000000cd4a15214a2461ae617d3d061cf1d5c12953f82adb1721e030000000000000059161918c676ca9865cd734b0f94856f6e59f1a17dbfd8ab120b3302dfb23e85d4fb7c52f36708195650f451,03031904062f503253482f04d2fb7c520810660151000009302e522cfabe6d6d03d465cba0e8cd804e25ad7d83f91a74a7dacbf8ea09a091dacccece0d8722c70400000000000000,76a91480ad90d403581fa3bf46086a91b2d9d4125db6c188ac,,stale,VALID,190867f3,,,valid_direct_stale
devcoin,validated_stales,data/devcoin_validated_stales.csv,149,stale_only_publication,repo-data,113035,,268560,0000000000000001463d6ac3ac983be23d0e593fac81dd10f789b84b0050d78d,0000000000000006a97ac58df826dcc5487d6fa040bd8a97dbbfad9567028ccc,1383930311,190867f3,2910672013,02000000cc8c026795adbfdb978abd40a06f7d48c5dc26f88dc57aa9060000000000000051dbcc5b4809f85f6178c6d10aebfabf6ab692dbe6129bf141a491e261d04b50c7197d52f36708198d547dad,03101904062f503253482f04c7197d52088beb0051005fdd122e522cfabe6d6dbcafe89a40a1b165dc013ac9f478f65548d0c9a793a4a5d37663664013c85c580400000000000000,76a91480ad90d403581fa3bf46086a91b2d9d4125db6c188ac,,stale,VALID,190867f3,,,valid_direct_stale
devcoin,validated_stales,data/devcoin_validated_stales.csv,150,stale_only_publication,repo-data,113156,,268692,0000000000000002c5d92080a5d3e102ca31859db4572d7c57f952cc9d5120d4,00000000000000070245a61426f151e919516d52dd452edf8a659d602bd558ad,1384013116,190867f3,1171193256,02000000ad58d52b609d658adf2e45dd526d5119e951f12614a64502070000000000000000a0cadca67cf8038685a9920d6478f3665775019c7a1f8ed89f450b46179b773c5d7e52f3670819a8fdce45,03941904062f503253482f04305d7e5208070000d60105e3462e522cfabe6d6d6c18f8b960ed19ccc75a8ac99842538171203b33aa9d501fa40d40dd25ab9dad0400000000000000,76a91480ad90d403581fa3bf46086a91b2d9d4125db6c188ac,,stale,VALID,190867f3,,,valid_direct_stale
devcoin,validated_stales,data/devcoin_validated_stales.csv,151,stale_only_publication,repo-data,113180,,268727,000000000000000863a9a10619f4cd26c2175d6ee30902f6e6e85cfcf602e687,00000000000000063654c42b97306cbdc243df827e3bc6437fdc98f6374a3a01,1384032514,190867f3,3052669994,02000000013a4a37f698dc7f43c63b7e82df43c2bd6c30972bc454360600000000000000a7c949f5bf8a2567c7d7e41e6dfbee29aa3cbe83981fc6bf1b2bc2eeb8032cea02a97e52f36708192a0cf4b5,03b71904e4b883e5bda9e7a59ee4bb99e9b1bc8ae8dc8759cfffccaa59f016bc563dd320e8d933d74308b42363d1115d5ef5270400000000000000203cd305000000000000179c4d696e65642062792075736572206a61636b6875616e67,76a914c825a1ecf2a6830c4401620c3a16f1995057c2ab88ac,,stale,VALID,190867f3,,,valid_direct_stale
devcoin,validated_stales,data/devcoin_validated_stales.csv,152,stale_only_publication,repo-data,113268,,268830,000000000000000365d9816b152695150aa3986a37471fd5b59c8e5631abbff9,00000000000000086666c6ebde4e57418ab4e667e0ebe59b8a80fccf72fd9d87,1384086224,190867f3,2565075713,02000000879dfd72cffc808a9be5ebe067e6b48a41574edeebc6666608000000000000009d0728909e62c24ea1aec1cf3126b5e616721e6b4cb823c6b140c58c2df8d2b9d07a7f52f367081901f3e398,031e1a04062f503253482f04b97a7f5208279700d8011a103b2e522cfabe6d6df9b992186f22b62e08827a9c9212d02ab7d7e631a33414f5a7bb3c2b62f072050400000000000000,76a91480ad90d403581fa3bf46086a91b2d9d4125db6c188ac,,stale,VALID,190867f3,,,valid_direct_stale
devcoin,validated_stales,data/devcoin_validated_stales.csv,153,stale_only_publication,repo-data,113339,,268917,0000000000000004f94e814fe98e583deb97bf284cc86ec0ed06405b55306a36,00000000000000022ca353a0b4c935629ebaa2a8569d54c97da55e4093e16e76,1384127552,190867f3,3723215142,02000000766ee193405ea57dc9549d56a8a2ba9e6235c9b4a053a32c020000000000000041bac4aae944bc9a7e3f43e9c7a0081545794f38efb936f0ef430a70fc627d42401c8052f367081926c1ebdd,03751a04062f503253482f043b1c805208d00000d80a1273c22e522cfabe6d6d80a30c524d7bf52143106f2386817461c40fa780679abd052a26b6c34b56dee90400000000000000,76a91480ad90d403581fa3bf46086a91b2d9d4125db6c188ac,,stale,VALID,190867f3,,,valid_direct_stale
devcoin,validated_stales,data/devcoin_validated_stales.csv,154,stale_only_publication,repo-data,114089,,270011,00000000000000073ad697c1fbe65f7294770c8b214a1f5f751e69ab44fc9d0a,000000000000000069cd99c77a7095b7ef76c148b25b94fc33eb1cd27c6cfe7d,1384643406,190867f3,3438373587,020000007dfe6c7cd21ceb33fc945bb248c176efb795707ac799cd69000000000000000078ff22f5e3d700b479a8d4c3194a2527963e6459b36b45352468ea33ddaea11f4efb8752f3670819d36af1cc,03bb1e04062f503253482f0445fb875208622700e700002cfb2e522cfabe6d6dbe87ae5ce9690273ef7340d702f2044af330500119bfd56ce5b1aed8439187220400000000000000,76a91480ad90d403581fa3bf46086a91b2d9d4125db6c188ac,,stale,VALID,190867f3,,,valid_direct_stale
devcoin,validated_stales,data/devcoin_validated_stales.csv,155,stale_only_publication,repo-data,114122,,270062,0000000000000007d3bee9d624f60f69e1c9cc278022306c0174d2d937fdb947,000000000000000286b493bf01a23dc728a2e4b779a0715aedc47356283ec841,1384663419,190867f3,150569869,0200000041c83e285673c4ed5a71a079b7e4a228c73da201bf93b4860200000000000000adc8f022bc282387a2fdf2286ba406b2a3a9ed8cc41227b54e628201742143fe7b498852f36708198d83f908,03ee1e04062f503253482f0473498852082b3c00e7000006782e522cfabe6d6d34a867f330111cfe7808de82f11d99197a294719c017a8323ae1fc2f969cd1d80400000000000000,76a91480ad90d403581fa3bf46086a91b2d9d4125db6c188ac,,stale,VALID,190867f3,,,valid_direct_stale
devcoin,validated_stales,data/devcoin_validated_stales.csv,156,stale_only_publication,repo-data,114691,,270752,00000000000000012ad03ed32dd39eecd999939e4fcf1c842b3e1649c059acd2,00000000000000055ddfbb679355f2dbc46fd8a6711df026a07e2de30ff26048,1385031028,19070bfb,4017421064,020000004860f20fe32d7ea026f01d71a6d86fc4dbf2559367bbdf5d0500000000000000d15da578153c2173c263e550af6f97afed4e5678fca584ead458ca1144b2a87774e58d52fb0b071908fb74ef,03a02104a040a1a9a34123e2d0a8fe4fc4d534991d1bf1ceae193d8f1c5c21ea8b064bdd040000000000000010cb060a0000000000003a56466f722050696572636520616e64205061756c,76a91419f097e85b421a9864e6cf0620561ed2398ebf9988ac,,stale,VALID,19070bfb,,,valid_direct_stale
devcoin,validated_stales,data/devcoin_validated_stales.csv,157,stale_only_publication,repo-data,114699,,270763,00000000000000038f52e1f7a8427ba89e25ae906c73beb7a373e4bda2b270b7,000000000000000590ccfe13fcb4108ad4c5dd6d5408e593b637561269ae38fe,1385038411,19070bfb,3395294165,02000000fe38ae69125637b693e508546dddc5d48a10b4fc13fecc900500000000000000b410f074cc46d602d9bd356beaf3f5e41fe1b5bc9bea1b84a64060e4cea0e4274b028e52fb0b0719d51360ca,03ab2104e4b883e5bda9e7a59ee4bb99e9b1bc50124cd643a5df25cc1555a0afb6c16bb9c58e27971dc82dffb4f60a5f41512a040000000000000098390e1f617f000000004e724d696e65642062792075736572206c69747465636174,76a914c825a1ecf2a6830c4401620c3a16f1995057c2ab88ac,,stale,VALID,19070bfb,,,valid_direct_stale
devcoin,validated_stales,data/devcoin_validated_stales.csv,158,stale_only_publication,repo-data,114810,,270900,0000000000000000cead321eaea575563ad911e9ee17dc17ba8756342c60ec4e,000000000000000047c55a5aa3193c43b89a2918096b7ef6cd77af175ff9a55a,1385112073,19070bfb,210879119,020000005aa5f95f17af77cdf67e6b0918299ab8433c19a35a5ac547000000000000000092e582cbd1de1dee254539487d2d0d774db1d22d5003ff230bf294cbe620cc0b09228f52fb0b07198fc2910c,03342204062f503253482f04f2218f5208e843005c001e4c512e522cfabe6d6da3af702c2fffbaa822235d3158c24485cbb1cdf0be12ca6941678f594ce8148e0400000000000000,76a91480ad90d403581fa3bf46086a91b2d9d4125db6c188ac,,stale,VALID,19070bfb,,,valid_direct_stale
devcoin,validated_stales,data/devcoin_validated_stales.csv,159,stale_only_publication,repo-data,115156,,271330,00000000000000069d4eec81b9c4fe7fb5fcfc6d3e240018bf91f8fda671ac93,0000000000000003a609bbbd57214ccff8b209300efa754dfa77bf8435a51400,1385331352,19070bfb,1198367238,020000000014a53584bf77fa4d75fa0e3009b2f8cf4c2157bdbb09a60300000000000000eaeedab28da7887eed978083a398caafd5c6fd09297cac64e8d533dbd6f5ed07987a9252fb0b071906a26d47,03e22304062f503253482f04617a925208e403005b000000732e522cfabe6d6d0974c7b1c4fe6ecd87c0863c757c39d598ebedd6a321e7d7f6fa40b4d6fffa1e0400000000000000,76a91480ad90d403581fa3bf46086a91b2d9d4125db6c188ac,,stale,VALID,19070bfb,,,valid_direct_stale
devcoin,validated_stales,data/devcoin_validated_stales.csv,160,stale_only_publication,repo-data,115242,,271429,0000000000000006d9267bbc2da0dcb0e492bca460e9e7e38551bdd5cd185985,000000000000000028f83682a33881895326922498334f2cf55e3e96873e7fe9,1385382309,19070bfb,2643510987,02000000e97f3e87963e5ef52c4f339824922653898138a38236f828000000000000000030e152a99ec2e42f8e8da7cafd8ec013d7a0b41f6199b2953a22eea7508e6f25a5419352fb0b0719cbc6909d,03452404062f503253482f04a54193520804040038c11900002e522cfabe6d6d99eeca07169d750c128445c7cfc403df7feb0e37081c7eab867f82ab09280b5d0400000000000000,76a91480ad90d403581fa3bf46086a91b2d9d4125db6c188ac,,stale,VALID,19070bfb,,,valid_direct_stale
devcoin,validated_stales,data/devcoin_validated_stales.csv,161,stale_only_publication,repo-data,115246,,271433,00000000000000057bd037e1643a5cdfa0cecc6c906da76139f80e282f3a1aea,0000000000000004809459e09407e512885c105d8d8786005f08b029ac02eecf,1385383907,19070bfb,1886927185,02000000cfee02ac29b0085f0086878d5d105c8812e50794e0599480040000000000000042d9bc33e537f9e6d61afdb0a73759e76284c08069bcfe31fd30d97cb7af7775e3479352fb0b071951397870,03492404062f503253482f04e5479352088c0000e200003a1a2e522cfabe6d6d206bcbd88ee0865a08cc1245e94d1a0579db61fa63d9732ed15d6c67a9ba3f640400000000000000,76a91480ad90d403581fa3bf46086a91b2d9d4125db6c188ac,,stale,VALID,19070bfb,,,valid_direct_stale
devcoin,validated_stales,data/devcoin_validated_stales.csv,162,stale_only_publication,repo-data,115414,,271665,000000000000000648f10ea7d68a4a984d6335907c44114e84b34f4603353d6d,000000000000000261e079fa8b5357b409a6fecaa2b72263e9f0b6b1aaa31b3b,1385501327,19070bfb,4197165394,020000003b1ba3aab1b6f0e96322b7a2cafea609b457538bfa79e06102000000000000003921d17a0b3dde1ba3d9beeb43586832c29c249697d7bca9b4069873ca1119cd8f129552fb0b071952a92bfa,03312504e4b883e5bda9e7a59ee4bb99e9b1bc2d3e8c77b9d4960c3f48bfb5f09f07c8990392b28a4e5577a2ddccc17a38fa380400000000000000986916040000000000001e354d696e6564206279207573657220736d64786863,76a914c825a1ecf2a6830c4401620c3a16f1995057c2ab88ac,,stale,VALID,19070bfb,,,valid_direct_stale
devcoin,validated_stales,data/devcoin_validated_stales.csv,163,stale_only_publication,repo-data,115782,,272157,0000000000000001e9b264dffb36981be5d1039b6ddfe21f951615d5bed524f0,0000000000000000578c48ccc9ae115e7fb504606deea596a365f7b568b6a6a4,1385741090,19070bfb,1652218158,02000000a4a6b668b5f765a396a5ee6d6004b57f5e11aec9cc488c570000000000000000a60849c978c68b671c24de4059ee9e4186848b0e8ab2d44a4daf8ad3ea7cd73c22bb9852fb0b07192ed97a62,031d2704062f503253482f0410bb985208e76f785f0000037b2e522cfabe6d6da036d8a95948f135016337490bd7d36ded627ddf2809f2c50554a6f724cc46fa0400000000000000,76a91480ad90d403581fa3bf46086a91b2d9d4125db6c188ac,,stale,VALID,19070bfb,,,valid_direct_stale
devcoin,validated_stales,data/devcoin_validated_stales.csv,164,stale_only_publication,repo-data,115807,,272189,0000000000000000330d63457ce2b78fed3ac6acb5ef76bcb1b459484fba26ba,0000000000000004d0b70597f913509065e472655178f52609dcd0e755d66eb4,1385761334,19061242,3531453083,02000000b46ed655e7d0dc0926f578516572e465905013f99705b7d004000000000000007e3be3cf5fa53403ccd9b3cc5eab620a6fa955bd263064e808364471426c749c360a9952421206199bb27dd2,033d2704da0ec542f73103976f865e6506dc7932dfe2249894622a3f0c22a20992e65774040000000000000010e3662fbe7f000000000f86466f722050696572636520616e64205061756c,76a91419f097e85b421a9864e6cf0620561ed2398ebf9988ac,,stale,VALID,19061242,,,valid_direct_stale
devcoin,validated_stales,data/devcoin_validated_stales.csv,165,stale_only_publication,repo-data,115868,,272250,000000000000000293a4633afc7c20053440e8c6f7be69b336efc15ebdb7f97a,0000000000000001610df7564851a9571f04c51651af5e758723c65da4d6e844,1385797198,19061242,1699744375,0200000044e8d6a45dc62387755eaf5116c5041f57a9514856f70d6101000000000000009ec39d323bc12e86859c9fdf88e764f76ea29bed50342346ce21b1b67b47b0f74e96995242120619770a5065,037a2704062f503253482f040c96995208e8006072000c86af2e522cfabe6d6d08c822c5aea15f4bac7b0a39edf9a491d949672852916e74b9b87966214982730400000000000000,76a91480ad90d403581fa3bf46086a91b2d9d4125db6c188ac,,stale,VALID,19061242,,,valid_direct_stale
devcoin,validated_stales,data/devcoin_validated_stales.csv,166,stale_only_publication,repo-data,116164,,272678,00000000000000043cd050725a834fb2261e7e0aed26bd0279c2d70c1cf7f967,00000000000000053a86e12288bfc8b105727660e34a349f1da34b62bc498d01,1385995444,19061242,56353154,02000000018d49bc624ba31d9f344ae360767205b1c8bf8822e1863a050000000000000012f5be073e4c8325ddb27be586ec69bce26d24be13d6697a624843ae23bb3ae3b49c9c524212061982e15b03,032629040b801ba1358aa87f71e75e03bbaceb41bbe1e9b2c006d9a0c8d7e939bea9cad804000000000000005068da04000000000000057d466f722050696572636520616e64205061756c,76a91419f097e85b421a9864e6cf0620561ed2398ebf9988ac,,stale,VALID,19061242,,,valid_direct_stale
devcoin,validated_stales,data/devcoin_validated_stales.csv,167,stale_only_publication,repo-data,116203,,272723,000000000000000117b0d7dea9833999c8380f93dd792a803086cf43f9e75e37,0000000000000001ce108cd7c34cfe3010c91a5cd9f80e7b8119332c32f02b28,1386024078,19061242,3814566823,02000000282bf0322c3319817b0ef8d95c1ac91030fe4cc3d78c10ce0100000000000000ed5b570d55aaec24c10850265731781042a893f0d3fbb2f3f40d5aa1112f6f668e0c9d5242120619a7ab5de3,03532904062f503253482f048f0c9d5208f3542d7b2c1700002e522cfabe6d6d1b3243b603a6cf3a59bf6632c9a2e01d36756645c130940f9e49d635c5897b090400000000000000,76a91480ad90d403581fa3bf46086a91b2d9d4125db6c188ac,,stale,VALID,19061242,,,valid_direct_stale
devcoin,validated_stales,data/devcoin_validated_stales.csv,168,stale_only_publication,repo-data,116206,,272728,0000000000000002912dd20b0b43880aa99c783d00ae7f22586e3e7dfa08cb08,0000000000000001fa3beaeeffb7b916a2feb562e2e15ce633e79f4cf2486464,1386026350,19061242,768966788,02000000646448f24c9fe733e65ce1e262b5fea216b9b7ffeeea3bfa0100000000000000547b35fbb2bd6dad812738f9d150529621ff57897e8664031c3cfe314acbe2eb6e159d52421206198480d52d,03582904062f503253482f0426159d5208213a60720000e26c2e522cfabe6d6d9d57c28ecda03e1884c03595517d950534d5ba6a3ede29bb19d663e7e2e1e6b20400000000000000,76a91480ad90d403581fa3bf46086a91b2d9d4125db6c188ac,,stale,VALID,19061242,,,valid_direct_stale
devcoin,validated_stales,data/devcoin_validated_stales.csv,169,stale_only_publication,repo-data,116363,,272936,000000000000000033571c0d48742ec2adb834422bdfc17137819f085bec3f2b,000000000000000201e94258b190c639e12691ce374e435bfeffde45c3daca37,1386116203,19061242,488212499,0200000037cadac345defffe5b434e37ce9126e139c690b15842e901020000000000000007145b295bed4d3d1e7351b3113f6f6b9d357d03ab8782b6241840d746ca56216b749e52421206191388191d,03282a044c8d1a24d68cd33e58d2918fdfdfdce16cb105038218f1d94592b2b9bfa7f0be0400000000000000d0af4afc8e7f0000000020f2466f722050696572636520616e64205061756c,76a91419f097e85b421a9864e6cf0620561ed2398ebf9988ac,,stale,VALID,19061242,,,valid_direct_stale
devcoin,validated_stales,data/devcoin_validated_stales.csv,170,stale_only_publication,repo-data,116520,,273147,0000000000000000980f549bd9a592d0aca2ed6d4b97ebfea6b5468f754c70ef,0000000000000004653e34ed0d66800694df8ccd40f1acb5f83f19a7b62c7372,1386222500,19061242,31887366,0200000072732cb6a7193ff8b5acf140cd8cdf940680660ded343e650400000000000000d5ad469ba44957ab99bbd467e683f25ef8123d31add5685dcb88eace57881b95a413a052421206190690e601,03fb2a04062f503253482f041013a05208caf4170d000415da2e522cfabe6d6d6c0321783e1426f9de51fa6455bdf8f9be0531388c38ed329e39bbed1b579a200400000000000000,76a91480ad90d403581fa3bf46086a91b2d9d4125db6c188ac,,stale,VALID,19061242,,,valid_direct_stale
devcoin,validated_stales,data/devcoin_validated_stales.csv,171,stale_only_publication,repo-data,116641,,273304,000000000000000144856df3690710cd1434d8ee618de3d13ec48ada6d654738,00000000000000004732ea8713f27873974879d236db3cd309f6f40da56abbd7,1386302042,19061242,2602187566,02000000d7bb6aa50df4f609d33cdb36d27948977378f21387ea32470000000000000000d053e2338ba3c5f75c643573a0c4d38b86961cf0c04878640caa4478345b7ced5a4aa152421206192e3b1a9b,03982b04062f503253482f045c4aa15208621dcb4cd2ee01002e522cfabe6d6d927f914a4e2d04392fac7babf0008bdbd6b257a5a509efcbf50b0b3ab12d741e0400000000000000,76a91480ad90d403581fa3bf46086a91b2d9d4125db6c188ac,,stale,VALID,19061242,,,valid_direct_stale
devcoin,validated_stales,data/devcoin_validated_stales.csv,172,stale_only_publication,repo-data,116880,,273676,000000000000000364612ef13338dbf1e8a63d8d00fc3a4c2d46fbe11eb32dad,000000000000000030934429665e0ae5348ea22a95cadeccf310a515a1f6ec8e,1386460017,19061242,3870351634,020000008eecf6a115a510f3ccdeca952aa28e34e50a5e6629449330000000000000000016dce87320c1fd94c568a04dec789cf1829df197853d564ea43d8a82a1513d2171b3a3524212061912e1b0e6,030c2d04062f503253482f0473b3a352082f510165662101002e522cfabe6d6da823faaf584d14737a5239d34a7d8f61a0b3c38a6dc1baa9541fc457e5488d410400000000000000,76a91480ad90d403581fa3bf46086a91b2d9d4125db6c188ac,,stale,VALID,19061242,,,valid_direct_stale
devcoin,validated_stales,data/devcoin_validated_stales.csv,173,stale_only_publication,repo-data,117086,,273962,0000000000000002e6c42e1097abadd8476d8cef4968b4b32724f2e82098e7dd,000000000000000490d82aeda89b7c9af526a0edbb6be4813e9f7721e0648fb8,1386589311,19061242,2521342533,02000000b88f64e021779f3e81e46bbbeda026f59a7c9ba8ed2ad890040000000000000073ab51a53571dbef7e7965570c2af6b08bba497446899846c4467e204739b3b07faca5524212061945a24896,032a2e04062f503253482f047da9a55208c900685e0000003b2e522cfabe6d6d9225d008912165b1d3a6fd72740ea85f614910a6d7fb1e2a18beaf60533cbdfb0400000000000000,76a91480ad90d403581fa3bf46086a91b2d9d4125db6c188ac,,stale,VALID,19061242,,,valid_direct_stale
devcoin,validated_stales,data/devcoin_validated_stales.csv,174,stale_only_publication,repo-data,117210,,274132,00000000000000048b46354acff48e51efb6aa6a511affee937dc0e0991c9e53,00000000000000041591d94032ace2e379e55553c7b2776ddeaad0d7b1d1c5d3,1386664190,19061242,1250281794,02000000d3c5d1b1d7d0aade6d77b2c75355e579e3e2ac3240d99115040000000000000015dbc5414974b4395212acdeb14cffb0ac0cab2a5191cb3230a5951ab622e248fed0a6524212061942c9854a,03d42e04062f503253482f04fed0a652081601ac67547a00002e522cfabe6d6d0e6d6f8df07bc83b6e4038a5c6728191fe641930e8c0915b14d03308406e74060400000000000000,76a91480ad90d403581fa3bf46086a91b2d9d4125db6c188ac,,stale,VALID,19061242,,,valid_direct_stale
devcoin,validated_stales,data/devcoin_validated_stales.csv,175,stale_only_publication,repo-data,117344,,274321,0000000000000002b20ca7ff612411b9f8955895075316e3e391d7b5fa19e282,000000000000000277db6dffef0a3d798640bc67eda06ea8c055b3f46d0c2699,1386764091,1904ba6e,679819107,0200000099260c6df4b355c0a86ea0ed67bc4086793d0aefff6ddb77020000000000000070c666f868b69f94684dd3c9a9759e4142be1df5177961096a4f4f1ae22682e83b57a8526eba041963378528,03912f04062f503253482f043c57a852089881ab2db8b600002e522cfabe6d6d2afe207f0a2ae9ed43f850d229c6b7e93ed33a9c9509531614143ae7f643d7340400000000000000,76a91480ad90d403581fa3bf46086a91b2d9d4125db6c188ac,,stale,VALID,1904ba6e,,,valid_direct_stale
devcoin,validated_stales,data/devcoin_validated_stales.csv,176,stale_only_publication,repo-data,117520,,274530,00000000000000049249f41427d47a03ebaf7040dd07e4e29bf676f9f921884b,0000000000000002e0027923fd135b5e7b1368a313b4dd24900164b24d935dd5,1386870662,1904ba6e,2945025001,02000000d55d934db264019024ddb413a368137b5e5b13fd237902e00200000000000000aa51bf7ac3d2b3ea0df46ea716e8a20190911fb165a6b19dbc6c5c484ac8d2ef86f7a9526eba0419e98389af,03623004062f503253482f041af7a95208d0004a45004fa8052e522cfabe6d6d0778cbd2997f820c329111eab2cc2fdd03487b31a9562df0e1800cde2f44cf4e0400000000000000,76a91480ad90d403581fa3bf46086a91b2d9d4125db6c188ac,,stale,VALID,1904ba6e,,,valid_direct_stale
devcoin,validated_stales,data/devcoin_validated_stales.csv,177,stale_only_publication,repo-data,117526,,274539,00000000000000010667d009e430c8ecd250a3fe177d5c47dd84b13514a97632,00000000000000009557f89fe36aad474ce87c3ba7ad46f928d2414988000672,1386876104,1904ba6e,3970819162,02000000720600884941d228f946ada73b7ce84c47ad6ae39ff857950000000000000000c8f894d0abab45cab8afdc1400a389c99570f3fbe672cb02bbb24c492a245c9bc80caa526eba04195ae4adec,036b3004062f503253482f04af0caa52086302364f0215c5d82e522cfabe6d6d305705565b3d6553b6a3fb5af94219e1f493af55cdf1ded012bba9dd1bdb88f60400000000000000,76a91480ad90d403581fa3bf46086a91b2d9d4125db6c188ac,,stale,VALID,1904ba6e,,,valid_direct_stale
devcoin,validated_stales,data/devcoin_validated_stales.csv,178,stale_only_publication,repo-data,117596,,274626,000000000000000188bed36ce2520876f64a495c5c6900ac675e18db32a70462,00000000000000029e0a6a01914c5068e43a7f8ac0f624670f3a8c73470273b6,1386918414,1904ba6e,2710050285,02000000b6730247738c3a0f6724f6c08a7f3ae468504c91016a0a9e0200000000000000a19a51a1c174bdba3a35622e751121a9a267accea413c05eb4099e98c17e73bf0eb2aa526eba0419ed1588a1,03c23004062f503253482f04f3b1aa5208df45364f00002baa2e522cfabe6d6d27e3f66f715b16093c3fe36e42f6cf723b6f3cf4c39751d216d1196110dc29920400000000000000,76a91480ad90d403581fa3bf46086a91b2d9d4125db6c188ac,,stale,VALID,1904ba6e,,,valid_direct_stale
devcoin,validated_stales,data/devcoin_validated_stales.csv,179,stale_only_publication,repo-data,117735,,274825,00000000000000006298eb753578957a0a4020a10036a9f11d28318abec61795,0000000000000000ff84fda8276648ee4ae90261f8f662613ccd92a0508c5caa,1387018777,1904ba6e,810150990,02000000aa5c8c50a092cd3c6162f6f86102e94aee486627a8fd84ff00000000000000007d12a519fcca5f5fab185044e430e28b07963ecaaa53c876bf19c5e713adca36193aac526eba04194eec4930,03893104062f503253482f04193aac520895cf364fbff100002e522cfabe6d6da16799a5b173ec90ded2fb704621d3a019007f9ebc8073c2ca316f274c46c7fe0400000000000000,76a91480ad90d403581fa3bf46086a91b2d9d4125db6c188ac,,stale,VALID,1904ba6e,,,valid_direct_stale
devcoin,validated_stales,data/devcoin_validated_stales.csv,180,stale_only_publication,repo-data,117793,,274902,0000000000000001121276d443d442d2764dd458e38132bfc186be405b5ac05e,00000000000000043a26ebefe352aca51bd4223ee08cd12c1b04cad9fffd15b7,1387046862,1904ba6e,291472907,02000000b715fdffd9ca041b2cd18ce03e22d41ba5ac52e3efeb263a040000000000000033e472191126e4788931ae971d16fe663d0fb1a4679f9c1c392c169ad2850bf3cea7ac526eba04190b865f11,03d63104062f503253482f04caa7ac52089d03364f051df2032e522cfabe6d6d01987534685c2bef5a19e97796b39594e0a4e5d894264d8f790bb098ee09547c0400000000000000,76a91480ad90d403581fa3bf46086a91b2d9d4125db6c188ac,,stale,VALID,1904ba6e,,,valid_direct_stale
devcoin,validated_stales,data/devcoin_validated_stales.csv,181,stale_only_publication,repo-data,117874,,275020,00000000000000016c566cdd3e3a3bf4632ff23264df3d3c915921d4cd67bd02,0000000000000002d9efa2616c0e381d5a7e86973b7ef7e7401654e37d3b3194,1387105614,1904ba6e,1980045101,0200000094313b7de3541640e7f77e3b97867e5a1d380e6c61a2efd9020000000000000073179b8648319e20f6090000d661f82b4163860bf4a7af6fabc9026105cd5be84e8dad526eba04192d170576,034c3204062f503253482f04298dad520889f6364f03adeb592e522cfabe6d6db544cd4b6af22f31e4bc4afd4935efe248ecb860eb42dde0b509682d3b4642c60400000000000000,76a91480ad90d403581fa3bf46086a91b2d9d4125db6c188ac,,stale,VALID,1904ba6e,,,valid_direct_stale
devcoin,validated_stales,data/devcoin_validated_stales.csv,182,stale_only_publication,repo-data,118072,,275282,000000000000000057d3bbf9c517f733781a6d042c05b04a1b72c71a61b3720c,00000000000000045a13ba3c692734856f09cb8224049934632c926fef695518,1387222231,1904ba6e,1878633994,02000000185569ef6f922c633499042482cb096f853427693cba135a04000000000000005c374370f2f7fec13c80861ab988e46fc689d9482435b7abf501de32d6fdf6e3d754af526eba04190aaef96f,03523304062f503253482f04d854af520828d5364fe9e300002e522cfabe6d6df2a7162ad7c74b2407c695bb30a08fe119de66d6908cbbb111a78116efe797890400000000000000,76a91480ad90d403581fa3bf46086a91b2d9d4125db6c188ac,,stale,VALID,1904ba6e,,,valid_direct_stale
devcoin,validated_stales,data/devcoin_validated_stales.csv,183,stale_only_publication,repo-data,118812,,276376,000000000000000189494d6857cd8fd5230815af289cdcea06de198c8e9d82b2,000000000000000348d1891c36c1a61efc96a366867496cd05e64bcc541b7a2e,1387713989,1903a30c,2742416647,020000002e7a1b54cc4be605cd96748666a396fc1ea6c1361c89d1480300000000000000301a0c5a001c44dae8935ee660b40492c0ae4747050156f7b2f9b83d7b25c0eec5d5b6520ca3031907f575a3,03983704062f503253482f04b9d5b652081845364f02b351002e522cfabe6d6d669dc7db2d41b8c7d5c96ba01d118980b456fa2e1bbe41cf27331671f69bc7400400000000000000,76a91480ad90d403581fa3bf46086a91b2d9d4125db6c188ac,,stale,VALID,1903a30c,,,valid_direct_stale
devcoin,validated_stales,data/devcoin_validated_stales.csv,184,stale_only_publication,repo-data,119180,,276821,0000000000000003707bbfed5173b020fbab4970ea98b79d788bfc0c6bd428d2,0000000000000001f356adc6b29ab42b59f913a396e170f80190dba615bd1e60,1387943912,1903a30c,3969036186,02000000601ebd15a6db9001f870e196a313f9592bb49ab2c6ad56f30100000000000000d126928be4a77da3d3d9277f1cf4aac64ecf01818f97fc0c5cf80e4070e5bc5ce857ba520ca303199aaf92ec,03553904e4b883e5bda9e7a59ee4bb99e9b1bcc9166209c0b0e948aae7b58926490f112e6158ac2ae62b284109ae3b4189917c040000000000000060d5ba2800000d000000b79d4d696e656420627920757365722061696e69323230313133,76a914c825a1ecf2a6830c4401620c3a16f1995057c2ab88ac,,stale,VALID,1903a30c,,,valid_direct_stale
devcoin,validated_stales,data/devcoin_validated_stales.csv,185,stale_only_publication,repo-data,119376,,277080,0000000000000002a056bd5988c20c25e8b7667e9120efdcd6289cb81dc0d73f,000000000000000197869993938d0de0428b6eada0ac84c3f31df9a516224e39,1388075863,1903a30c,3834612847,02000000394e2216a5f91df3c384aca0ad6e8b42e00d8d93939986970100000000000000b540f6bd1c328dcaf441df00579be3a2eaea61430025da33f7633a4983458596575bbc520ca303196f8c8fe4,03583a04062f503253482f043c5bbc5208443d364f300c00002e522cfabe6d6da12369e6fb2c33b7a110166d5564e1904c0463715e5fd7285355ff71ca3464a80400000000000000,76a91480ad90d403581fa3bf46086a91b2d9d4125db6c188ac,,stale,VALID,1903a30c,,,valid_direct_stale
devcoin,validated_stales,data/devcoin_validated_stales.csv,186,stale_only_publication,repo-data,119470,,277197,00000000000000030fdfd60f4a6062ef48e618795830c775602e6fc8ab663747,00000000000000032e619594a2e14330693cf098d13a7466cc0aaa2cfafede68,1388130817,1903a30c,1851621807,0200000068defefa2caa0acc66743ad198f03c693043e1a29495612e030000000000000075fb19996518841916a02197c74302fb84ab6fe95f24733e3f4cdf872ad0143e0132bd520ca30319af815d6e,03cd3a04062f503253482f04f231bd52082963364f740700002e522cfabe6d6d317c1884e8143dcb654bedb82b8fe1b8b29f1b7f86d1eb39dadab617e26b17d00400000000000000,76a91480ad90d403581fa3bf46086a91b2d9d4125db6c188ac,,stale,VALID,1903a30c,,,valid_direct_stale
devcoin,validated_stales,data/devcoin_validated_stales.csv,187,stale_only_publication,repo-data,119541,,277312,000000000000000156eccd9b092b06f56b5163bde9c6655a32956268cfdedc84,000000000000000295c74eae7d2e8e02b3097454318348e1cc8b9cf6aef15cd9,1388183738,1903a30c,1333128394,02000000d95cf1aef69c8bcce1488331547409b3028e2e7dae4ec795020000000000000027184d18499b0c0295a018f313e753d05812d617f32807b8972beb59d77ce59aba00be520ca30319caec754f,03403b04062f503253482f04af00be520840a8364f04224c612e522cfabe6d6d06eaa55a43256e02ea1aa85bfaf5de79bb64e3406c79b40eed2b71b025d7c6490400000000000000,76a91480ad90d403581fa3bf46086a91b2d9d4125db6c188ac,,stale,VALID,1903a30c,,,valid_direct_stale
devcoin,validated_stales,data/devcoin_validated_stales.csv,188,stale_only_publication,repo-data,119647,,277447,0000000000000001f5c894a980621497d67b686ec93ab95da683ecab98975d40,0000000000000000c8152824862a38d2fefea9f68aa40c79f730ce86920617c5,1388261576,1903a30c,1496502389,02000000c517069286ce30f7790ca48af6a9fefed2382a86242815c80000000000000000f65238b049b06409ce1013612ca0fd16d34aea7c5cfed8af9f662387a79536c6c830bf520ca3031975d03259,03c73b04062f503253482f049830bf52086328fe16000000972e522cfabe6d6d65af97f8b4f3577fb9908951e4dca8de57c2e43d0bfe7ef499ae8e0bd18ca7ff0400000000000000,76a91480ad90d403581fa3bf46086a91b2d9d4125db6c188ac,,stale,VALID,1903a30c,,,valid_direct_stale
devcoin,validated_stales,data/devcoin_validated_stales.csv,189,stale_only_publication,repo-data,119781,,277595,000000000000000370f501bad48cdfb6a6713b9d51f692c5dbc90039a9d278e5,00000000000000010c9d451f5a48f4d733b556a240d31ac226db2637f496be0a,1388342997,1903a30c,1290749339,020000000abe96f43726db26c21ad340a256b533d7f4485a1f459d0c0100000000000000d43ba4b27e9a1613233be30b90bbdacefea0d516466502f10733a2695c915333d56ec0520ca303199b45ef4c,035b3c04e4b883e5bda9e7a59ee4bb99e9b1bc95064db29659df3693777dd6e23402a1c1fd56d607b4fec3f13dc28844c4cde00400000000000000f88c669e00000b00000000434d696e65642062792075736572207870313233,76a914c825a1ecf2a6830c4401620c3a16f1995057c2ab88ac,,stale,VALID,1903a30c,,,valid_direct_stale
devcoin,validated_stales,data/devcoin_validated_stales.csv,190,stale_only_publication,repo-data,120141,,278098,0000000000000002c818efac6756d2b988d21b4f37934014b2ab9a7706dff543,00000000000000018ee2f27cbed4e17701c072e240c8c274f281fc34191d45da,1388574817,1903a30c,3817715498,02000000da451d1934fc81f274c2c840e272c00177e1d4be7cf2e28e0100000000000000db9cc655105226494f0ac6448247bc372a3e199f6d9e5c5b41bc1022987a150261f8c3520ca303192ab78de3,03523e04062f503253482f044bf8c352084602d9100224ea3d46522cfabe6d6db085a567e31be2ce2e248f5c3d785950601696eda7924847dfcadd31031db18104000000000000004861707079204e592120596f7572732047486173682e494f,76a91480ad90d403581fa3bf46086a91b2d9d4125db6c188ac,,stale,VALID,1903a30c,,,valid_direct_stale
devcoin,validated_stales,data/devcoin_validated_stales.csv,191,stale_only_publication,repo-data,120222,,278210,00000000000000013f2a9859b31f1102f57189272c9c7f65c91a73f3d6494f0d,0000000000000000604f015b214059f5be9e37dc415fbf716d1553329b58fc91,1388625412,1903071f,559996801,0200000091fc589b3253156d71bf5f41dc379ebef55940215b014f60000000000000000062a8465936f17101a0db8e411e8d534464b7451e23380d7df70dc4146ee8c8f504bec4521f07031981df6021,03c23e04062f503253482f040bbdc45208a9010c0301a52f1b46522cfabe6d6d67631165e063e3355e006ba111162455b1bc6d927b8ff6abc378fbb7483d151404000000000000004861707079204e592120596f7572732047486173682e494f,76a91480ad90d403581fa3bf46086a91b2d9d4125db6c188ac,,stale,VALID,1903071f,,,valid_direct_stale
devcoin,validated_stales,data/devcoin_validated_stales.csv,192,stale_only_publication,repo-data,120374,,278359,00000000000000014ca076a20ddf4d03c891e9e423964fb8e8894a77850a9c34,0000000000000002bdce196df759132bc48e8dd403a351138913bdffca2c5749,1388724675,1903071f,398850188,0200000049572ccaffbd13891351a303d48d8ec42b1359f76d19cebd0200000000000000b5b8f8a7bd597866a7bb0958729ef2b9adc5db6877b5462d30ce29fd887033c0c341c6521f0703198cf8c517,03573f04062f503253482f04c341c652088604114c0c78ad112e522cfabe6d6d765829b8bb1f518f8b73039d080f80db44cc1aa4332cf04ba7f13d65004dedcc0400000000000000,76a91480ad90d403581fa3bf46086a91b2d9d4125db6c188ac,,stale,VALID,1903071f,,,valid_direct_stale
devcoin,validated_stales,data/devcoin_validated_stales.csv,193,stale_only_publication,repo-data,120461,,278484,00000000000000023822a955fbaac71efafb166b579848ba7bc8da39efa0dfa4,000000000000000251d8c6bb4f73d2f68e359fe143dfd3645374a4d26d09388c,1388783755,1903071f,3928657049,020000008c38096dd2a4745364d3df43e19f358ef6d2734fbbc6d85102000000000000009392a62550ca73d0a995ca86df9150fd19a91f31d860a91900ee1612214922718b28c7521f070319998c2aea,03d43f04062f503253482f046228c752089d03aa6300d18cce2e522cfabe6d6d0647078d5021a3cc4e03a26cadf428c433b85b33d10943c68f83b2afe3e882090400000000000000,76a91480ad90d403581fa3bf46086a91b2d9d4125db6c188ac,,stale,VALID,1903071f,,,valid_direct_stale
devcoin,validated_stales,data/devcoin_validated_stales.csv,194,stale_only_publication,repo-data,120574,,278608,0000000000000000745842f78b135f67518a3beeaccb3b88493abd53d97fde31,00000000000000012c6fd6321531cacfc9b663647df45e3f96f3416700693cc0,1388859117,1903071f,3625338936,02000000c03c69006741f3963f5ef47d6463b6c9cfca311532d66f2c0100000000000000ed8f5ec38a9eb35de03fe572954e57b05e57d60a9561effe317a8e10888ab1cbed4ec8521f070319384816d8,03504004062f503253482f04b34ec852081d061e7502cddcbd2e522cfabe6d6db1d6c139212ce47c03489c63ed774337ca5d0dd55c4f2e2392e0c6d307d0949e0400000000000000,76a91480ad90d403581fa3bf46086a91b2d9d4125db6c188ac,,stale,VALID,1903071f,,,valid_direct_stale
devcoin,validated_stales,data/devcoin_validated_stales.csv,195,stale_only_publication,repo-data,120873,,279015,0000000000000000c7a2966df511ce7de19c5e7ba1575c63f4905cce4f4f2cdc,0000000000000001f2e29ecc811b8f595a490ec895731f8bbf2ba9c3772cf581,1389051255,1903071f,3317271605,0200000081f52c77c3a92bbf8b1f7395c80e495a598f1b81cc9ee2f201000000000000004f8cf3a1d49685e9508dd4ba990941f82c9d1e0bec3e82ca1fd43f6abb6d7087773dcb521f070319358cb9c5,03e74104e4b883e5bda9e7a59ee4bb99e9b1bcc1c2578bf9750dc6b43b7fa27ab2201e0b7f76b7ed35ccd61f22cee8aa366e210400000000000000404d3a4300000f00000000924d696e65642062792075736572207a756e31393834363236,76a914c825a1ecf2a6830c4401620c3a16f1995057c2ab88ac,,stale,VALID,1903071f,,,valid_direct_stale
devcoin,validated_stales,data/devcoin_validated_stales.csv,196,stale_only_publication,repo-data,120879,,279023,00000000000000017ea82db706dac473234512c3f585c58d8f58c87fb425887e,000000000000000180bf65de40f02c779f46cdad55a1abb52b5790f598061725,1389055524,1903071f,407812052,0200000025170698f590572bb5aba155adcd469f772cf040de65bf800100000000000000bda98dbc2936b577eef7a17bf1d9b1bb1ae42b89ca8f0a7e108913c0d0e0fceb244ecb521f070319d4b74e18,03ef4104062f503253482f04094ecb5208ad001e750ec281712e522cfabe6d6d983134f410ff1b417ca8423dd6fec28bed9e1d66ebac0c62189ee9b3c0e728ef0400000000000000,76a91480ad90d403581fa3bf46086a91b2d9d4125db6c188ac,,stale,VALID,1903071f,,,valid_direct_stale
devcoin,validated_stales,data/devcoin_validated_stales.csv,197,stale_only_publication,repo-data,121118,,279351,0000000000000000d8c8fc859fe75a10fc8579f9da62c866bee87d9e1e740e78,00000000000000010702d023c803527e3711530946eb781247fe1e150e2d4859,1389206924,1903071f,8944931,0200000059482d0e151efe471278eb46095311377e5203c823d002070100000000000000344434ef6e719f0e6fff01666f565dcbe9088f064ed7a79f121df95626d4e8268c9dcd521f070319237d8800,03374304062f503253482f04739dcd5208a008e0661213f9f12e522cfabe6d6d351da4c436385fadcde1876c8baaa6c5988598e5335fb1f2eb02e9a5b4b856000400000000000000,76a91480ad90d403581fa3bf46086a91b2d9d4125db6c188ac,,stale,VALID,1903071f,,,valid_direct_stale
devcoin,validated_stales,data/devcoin_validated_stales.csv,198,stale_only_publication,repo-data,121614,,280096,0000000000000002d63a917734df2f299a236cd7e9b40353aec150920ba9688e,00000000000000025fbd4a5cda58739106e447256e7e18e8f5101e72f2ef973e,1389535163,1903071f,3915064864,020000003e97eff2721e10f5e8187e6e2547e406917358da5c4abd5f0200000000000000388ec953ed898c84f5a393b81fb473172b6efcdac08e3911cc2450cc7ed0500bbb9fd2521f07031920265be9,03204604062f503253482f04ad9fd2520801035158108c50b646522cfabe6d6da36019702b1468799bcff2585bf291d0aa70212d60d3d6fe5b5aca6a1e3af2da04000000000000004861707079204e592120596f7572732047486173682e494f,76a91480ad90d403581fa3bf46086a91b2d9d4125db6c188ac,,stale,VALID,1903071f,,,valid_direct_stale
devcoin,validated_stales,data/devcoin_validated_stales.csv,199,stale_only_publication,repo-data,121715,,280248,00000000000000002230556507ef64f7075fe7a404198ee5af570349be45f7d8,00000000000000019e515c7dbe4e66b5c3b6210d24efc45213bda3dbd8803e8d,1389596194,19026666,1207900866,020000008d3e80d8dba3bd1352c4ef240d21b6c3b5664ebe7d5c519e01000000000000002d674ed08f4da50134b0e9f85a66064784ac48e588ce8c340a8576c64b31dd7e228ed35266660219c21aff47,03b84604e4b883e5bda9e7a59ee4bb99e9b1bca40b8cccad6f5908aedbc52b8d5becfa0f66f4ded3f58e40050782da671307f80400000000000000208c211600000500000097824d696e6564206279207573657220676c313430313034,76a914c825a1ecf2a6830c4401620c3a16f1995057c2ab88ac,,stale,VALID,19026666,,,valid_direct_stale
devcoin,validated_stales,data/devcoin_validated_stales.csv,200,stale_only_publication,repo-data,121754,,280293,0000000000000001f223bf943387b23d907fa538f06537ba65f34b08aac74818,0000000000000000b93245aa6ee8c920df3b659b40033a1b26d347707d3a2188,1389619671,19026666,2651642250,0200000088213a7d7047d3261b3a03409b653bdf20c9e86eaa4532b90000000000000000ad465df8b290a2e9ca81a64392f26417b79b75201adb01c4e258c94a11c61789d7e9d352666602198ad90c9e,03e54604062f503253482f04c8e9d35208be0629531cd2e4292e522cfabe6d6d779d8088467e33e3a33ee1ebe1457e450c0b37a557d6ba747339b8f8382e53cb0400000000000000,76a91480ad90d403581fa3bf46086a91b2d9d4125db6c188ac,,stale,VALID,19026666,,,valid_direct_stale
devcoin,validated_stales,data/devcoin_validated_stales.csv,201,stale_only_publication,repo-data,121769,,280312,00000000000000017d6e313a21057fb26490db92f2be07e1c21709303555adbb,0000000000000000a032e2245e8b734336e7238d947247bf571b09999831d4d7,1389629173,19026666,3958460252,02000000d7d4319899091b57bf4772948d23e73643738b5e24e232a000000000000000000b5c8f407091d0610ddffd94175f05011bb9bc13e40412aefd47604907e115ccf50ed452666602195c4ff1eb,03f84604062f503253482f04f50ed452082e02945d9c5400002e522cfabe6d6de2b6bbf0d02b15bf8f10034f417a737ed0a3e5f2ff80ab3ae94f2eab1ce415a00400000000000000,76a91480ad90d403581fa3bf46086a91b2d9d4125db6c188ac,,stale,VALID,19026666,,,valid_direct_stale
devcoin,validated_stales,data/devcoin_validated_stales.csv,202,stale_only_publication,repo-data,121965,,280562,0000000000000001274c36f80da51ca016c44c368368fb5129e94e6fbb21e1e3,0000000000000000f746c739d4252ac46cbeb765856ae839089aa8ab82851dd4,1389764863,19026666,599424911,02000000d41d8582aba89a0839e86a8565b7be6cc42a25d439c746f7000000000000000061b85c166428e58345cd0415c08d9a26f5e8055415a877b0efb7331f547ef0eeff20d652666602198f7fba23,03f24704e4b883e5bda9e7a59ee4bb99e9b1bc5bfd49347969d8fe9ad403aaa9bcc9bb3bd357b99950a27fd944507017e696070400000000000000d8429df8107f070000007b094d696e65642062792075736572207a756e31393834363236,76a914c825a1ecf2a6830c4401620c3a16f1995057c2ab88ac,,stale,VALID,19026666,,,valid_direct_stale
devcoin,validated_stales,data/devcoin_validated_stales.csv,203,stale_only_publication,repo-data,122550,,281334,0000000000000001c76995c3416fdb3dcf5c9b85b0ff18f60eea9d3ccb3f59e1,000000000000000073d75132397416480e17fe3a7f141c8ddd3adcd9736ebb1b,1390144265,19026666,1409606800,020000001bbb6e73d9dc3add8d1c147f3afe170e481674393251d7730000000000000000c09032b4760ad5b9820fafc265bccbbef98354f59b526327d79b0c5fb87db84209ebdb526666021990e40454,03f64a0467c64e1b4f4f5c7dea603edac1d4126bffd6d59064d5cb30b61467d63c9803810400000000000000502d7812777f020000001812466f722050696572636520616e64205061756c,76a91419f097e85b421a9864e6cf0620561ed2398ebf9988ac,,stale,VALID,19026666,,,valid_direct_stale
devcoin,validated_stales,data/devcoin_validated_stales.csv,204,stale_only_publication,repo-data,122716,,281577,00000000000000020e14f90c4036355e6f4e3da3706f1120f06f3f031317a398,000000000000000212bde18d87a8d00381233a7cc517d118b0a7bf5a652b3617,1390257896,19026666,1648954571,0200000017362b655abfa7b018d117c57c3a238103d0a8878de1bd12020000000000000050224f6062a3e9a4e52be58a790c5161f697e0b5a24b5d989a88fa78156330f8e8a6dd5266660219cb0c4962,03e94b04062f503253482f04cea6dd52081c402502e70900002e522cfabe6d6d38c6428f7c046349cacf07d6c17ccad8dbcff854dc7396d81d982ce36a35f81a0400000000000000,76a91480ad90d403581fa3bf46086a91b2d9d4125db6c188ac,,stale,VALID,19026666,,,valid_direct_stale
devcoin,validated_stales,data/devcoin_validated_stales.csv,205,stale_only_publication,repo-data,122728,,281590,00000000000000023198e09f05e27b0441e1b29ed8e47544df37cd117688a0de,0000000000000000023d1b3b7d4b9d31406ad9aaf0ad2716652d57cff1ff00d8,1390264277,19026666,2547393640,02000000d800fff1cf572d651627adf0aad96a40319d4b7d3b1b3d0200000000000000007cb44d6c3b4313a58b733b76fe00c5532cc91b8c280699d62330b4d7d25acd1ad5bfdd52666602196824d697,03f64b04062f503253482f04c5bfdd5208700525022f0bab052e522cfabe6d6d8e1ef7d9501b6cfbff3b96b63e3a63b58150836e35c1e4139b44476bf4d6c4990400000000000000,76a91480ad90d403581fa3bf46086a91b2d9d4125db6c188ac,,stale,VALID,19026666,,,valid_direct_stale
devcoin,validated_stales,data/devcoin_validated_stales.csv,206,stale_only_publication,repo-data,122757,,281626,000000000000000134ae6df18d6792dc72a06632d0d134b2fe9fdbacd1cb7619,0000000000000001bbf4af81913e8f61601ee1e30c8a0093b2919491fad6c2f2,1390281533,19026666,1823602830,02000000f2c2d6fa919491b293008a0ce3e11e60618f3e9181aff4bb01000000000000006bf77a978f33bc7d89a636796a4a71581efb44584c03dbc137660033db19a1b33d03de52666602198ef8b16c,031a4c04062f503253482f041803de520872a2354a03b17ff446522cfabe6d6d28fdaad383b96a3ea438a97785e299c880c4ed2505cea2cd51fdc28bcd8a8d4c04000000000000004861707079204e592120596f7572732047486173682e494f,76a91480ad90d403581fa3bf46086a91b2d9d4125db6c188ac,,stale,VALID,19026666,,,valid_direct_stale
devcoin,validated_stales,data/devcoin_validated_stales.csv,207,stale_only_publication,repo-data,122768,,281633,0000000000000000b614413beee558ba56835c230bb27bab951da5590e22cd37,00000000000000023c8e52c720cac8048f4b34a5d7f59264592df41656bb27af,1390286464,19026666,1437624558,02000000af27bb5616f42d596492f5d7a5344b8f04c8ca20c7528e3c0200000000000000f0881f6fed7f1f4c1a3b007d475a83a7507923a98807057df35408131abca2a88016de5266660219ee68b055,03214c04062f503253482f048116de52089660fd1900007cca2e522cfabe6d6d4eda4b5a04a8bec270f33ca034a19a336b0ee302e8b6c9340bb01367d8f7b1300400000000000000,76a91480ad90d403581fa3bf46086a91b2d9d4125db6c188ac,,stale,VALID,19026666,,,valid_direct_stale
devcoin,validated_stales,data/devcoin_validated_stales.csv,208,stale_only_publication,repo-data,122820,,281712,00000000000000014245a97e19599ba06affd1279915ee10189e4494609eb876,00000000000000008d7d39d0eec8e227efefb1f80a04b3b7ebece5d332dbdb39,1390327313,19026666,4023891465,0200000039dbdb32d3e5ecebb7b3040af8b1efef27e2c8eed0397d8d000000000000000062678fcea3763cf6b8469ed6db0a309fba57db8182a028ce7eea910ba823f49e11b6de526666021909b6d7ef,03704c04062f503253482f040cb6de5208760a25022f61b8d92e522cfabe6d6d879ebd93989dace593b555e9e026afa310f27a0d10dcc3d2d8d4ab4319578db20400000000000000,76a91480ad90d403581fa3bf46086a91b2d9d4125db6c188ac,,stale,VALID,19026666,,,valid_direct_stale
devcoin,validated_stales,data/devcoin_validated_stales.csv,209,stale_only_publication,repo-data,122836,,281729,0000000000000001e7f22d05c29df9eb3c58f32c573b28236c576021b8437304,000000000000000203dce39b8e24e7e87e6bcf1d3c608ddfb04aa017a31a924a,1390338410,19026666,334103187,020000004a921aa317a04ab0df8d603c1dcf6b7ee8e7248e9be3dc030200000000000000742f2b1e31416266c7f1755709fb2dd142986a46884b5e0a0d981c855b53d8956ae1de52666602199302ea13,03814c04062f503253482f0462e1de52082f07bf070029bd8446522cfabe6d6d4f03229daceb9e65a43cf339e186527ff7c0d2b8f7f54d5de3233767ddbb7e6e04000000000000004861707079204e592120596f7572732047486173682e494f,76a91480ad90d403581fa3bf46086a91b2d9d4125db6c188ac,,stale,VALID,19026666,,,valid_direct_stale
devcoin,validated_stales,data/devcoin_validated_stales.csv,210,stale_only_publication,repo-data,122889,,281801,0000000000000000a3148a8588903340bdad49e7e7c2d127c54389c252a05eeb,0000000000000001eb7b543dddfc8789479d73d664f542fbd520cf8c1d4f7379,1390369535,19026666,2772839027,0200000079734f1d8ccf20d5fb42f564d6739d478987fcdd3d547beb01000000000000009d84f44295da0a23bd4379b2b52a228ea4e3b93f6cbd2016ced6691575c7f55fff5adf5266660219732a46a5,03c94c04062f503253482f04935adf52088d008b5a00dd67c02e522cfabe6d6db47afbe12207e5665fb7ac5487eddf2b93d02d7e75c0f65fae22b9ee82d43d1a0400000000000000,76a91480ad90d403581fa3bf46086a91b2d9d4125db6c188ac,,stale,VALID,19026666,,,valid_direct_stale
devcoin,validated_stales,data/devcoin_validated_stales.csv,211,stale_only_publication,repo-data,122930,,281849,0000000000000001bf7fb3fdddc6ebd6868be773694c67ee72eb80efc6d8620e,0000000000000000f76b0a5ff790daf03202244c97a961d42f4134985a5c606c,1390390424,19026666,1352923825,020000006c605c5a9834412fd461a9974c240232f0da90f75f0a6bf700000000000000006189b621ed54a173fbfcc473e7d1ce99b371989e763071ff7707a6e14a85c1c998acdf5266660219b1faa350,03f94c04062f503253482f0487acdf5208df23b11b014ff8a22e522cfabe6d6d73f234d74c06253cf41a057ab0312c4bab087051190d86ded8440dab4c1f60160400000000000000,76a91480ad90d403581fa3bf46086a91b2d9d4125db6c188ac,,stale,VALID,19026666,,,valid_direct_stale
devcoin,validated_stales,data/devcoin_validated_stales.csv,212,stale_only_publication,repo-data,123270,,282325,00000000000000011ec4412adbd5990b8e286aa9150b55af3252a9f249812ac7,00000000000000014670d1e5227fa74d6cc64ac3ba6a9ee3ffc69ef026c20b16,1390617846,1901f52c,577233707,02000000160bc226f09ec6ffe39e6abac34ac66c4da77f22e5d1704601000000000000006bb03a0252d94e0ed53766ac87078e321864db4afb957ed3da20f0d8fc6030cdf624e3522cf501192be36722,03d54e04e4b883e5bda9e7a59ee4bb99e9b1bcba85e7b196ad9ad19d09734bcd94a3640ff5813e4be19f8ccc29ab1a2b45a0e10400000000000000f84c9c310000090000008f594d696e65642062792075736572206861686168616f686169,76a914c825a1ecf2a6830c4401620c3a16f1995057c2ab88ac,,stale,VALID,1901f52c,,,valid_direct_stale
devcoin,validated_stales,data/devcoin_validated_stales.csv,213,stale_only_publication,repo-data,123455,,282537,0000000000000000209275309a7499ac03207fa747e806f0497fbebe582ba57c,0000000000000001899319e65b8858c0ef66a8c5649ba8988880a049a10aeb99,1390733418,1901f52c,1646794281,0200000099eb0aa149a0808898a89b64c5a866efc058885be619938901000000000000001b6410dcc73e3bfe146d3b04111c0bb129a80be74cc83a50aaeef91585b6de5c6ae8e4522cf5011929162862,03a94f04062f503253482f0455e8e452082007522b012fea432e522cfabe6d6d952b078da8e5f434366c26d04bce8b87c1f6bd0798e31c9f24b7851119d2cd640400000000000000,76a91480ad90d403581fa3bf46086a91b2d9d4125db6c188ac,,stale,VALID,1901f52c,,,valid_direct_stale
devcoin,validated_stales,data/devcoin_validated_stales.csv,214,stale_only_publication,repo-data,123552,,282661,00000000000000007e6b1df40d73e373f9da523115cab7a3150093b3d1aefb12,00000000000000006ddf49316ec741ffe3425f83b318a0b816aa1d3cb2eee34f,1390799937,1901f52c,1696326733,020000004fe3eeb23c1daa16b8a018b3835f42e3ff41c76e3149df6d00000000000000003ad768bb35cc414843d5d74e10cfb22e8ea77efb0e319f658d1e4b712da2217541ece5522cf501194de41b65,03255004062f503253482f0419ece552089c068b5a000d28e02e522cfabe6d6d2d96bd27805db53526dfb3d07f327291e91563f37987e65ce77ac8e16bf0c4df0400000000000000,76a91480ad90d403581fa3bf46086a91b2d9d4125db6c188ac,,stale,VALID,1901f52c,,,valid_direct_stale
devcoin,validated_stales,data/devcoin_validated_stales.csv,215,stale_only_publication,repo-data,123687,,282809,0000000000000001e38f76425ac1d12bc4a70c47b253dcb374902f36e893811c,000000000000000175c9e1b1911e249b3c4f913da426679306bfaf5477642b95,1390870057,1901f52c,2840861392,02000000952b647754afbf06936726a43d914f3c9b241e91b1e1c9750100000000000000313f68629c255615543e5afe029fe104f6275918d832450e628ab4eeab6d25ff29fee6522cf50119d01a54a9,03b95004062f503253482f041efee652082684bf0707829feb46522cfabe6d6d1405fc40eb3bdc0a726b254f4051e6f3923fa7c2ae62e469c0aef43815bdcde704000000000000004861707079204e592120596f7572732047486173682e494f,76a91480ad90d403581fa3bf46086a91b2d9d4125db6c188ac,,stale,VALID,1901f52c,,,valid_direct_stale
devcoin,validated_stales,data/devcoin_validated_stales.csv,216,stale_only_publication,repo-data,123805,,282967,000000000000000106a20173094612d98a452b0b4e6556ad170c4bce3610ee58,00000000000000019962d97434aa9baddaa586159588428279c72286c9f25e8e,1390960398,1901f52c,2677636975,020000008e5ef2c98622c779824288951586a5daad9baa3474d962990100000000000000a70cd0ba84bbc243077b44d9ec8feed1e3fe2e60e91856b3b74daf6c5c3c10620e5fe8522cf501196f7f999f,03575104e4b883e5bda9e7a59ee4bb99e9b1bc71d7c358a9c60a054dc2b2fe51f16e03f08d35aa609eea2e6564b601fa2cd0070400000000000000807f6fdd2a7f04000000100b4d696e65642062792075736572206c69616e67736869797565,76a914c825a1ecf2a6830c4401620c3a16f1995057c2ab88ac,,stale,VALID,1901f52c,,,valid_direct_stale
devcoin,validated_stales,data/devcoin_validated_stales.csv,217,stale_only_publication,repo-data,123905,,283088,0000000000000001cb2d953a7dddc497706d69fb7f68adca26e93b33c0b9d06e,00000000000000016a60ee1034d355c7e65da88517a50e63f78d66376c6d4239,1391027395,1901f52c,2459026231,0200000039426d6c37668df7630ea51785a85de6c755d33410ee606a010000000000000050d3bd9524bc95684e35f996ec1d1f52cc244f8ec102a3c8649670c7539a6480c364e9522cf5011937c39192,03d05104062f503253482f04535ee952084b4ce3580000028b2e522cfabe6d6db1bc1f512c82db45a7786a41d4a1f618350a125b2dbdddc04232cd65cd2bab9a0400000000000000,76a91480ad90d403581fa3bf46086a91b2d9d4125db6c188ac,,stale,VALID,1901f52c,,,valid_direct_stale
devcoin,validated_stales,data/devcoin_validated_stales.csv,218,stale_only_publication,repo-data,123923,,283106,00000000000000014bea269deccd15220a4ea600966bd9c97ea167974d576718,00000000000000007fe3a0d17caafa84c2076c52733f7de7b967806800f5ba95,1391039292,1901f52c,3026251012,0200000095baf500688067b9e77d3f73526c07c284faaa7cd1a0e37f000000000000000024720377de1d7d75ae5ce7863d40048af29f859018a706a6817a13ef07368aee3c93e9522cf5011904ed60b4,03e25104062f503253482f043893e95208b4063e7a022107d12e522cfabe6d6d2e66e1f6e5b16bac082d2707c26923253d12be94a680661266a29a6de46880040400000000000000,76a91480ad90d403581fa3bf46086a91b2d9d4125db6c188ac,,stale,VALID,1901f52c,,,valid_direct_stale
devcoin,validated_stales,data/devcoin_validated_stales.csv,219,stale_only_publication,repo-data,124056,,283254,0000000000000001b46bbcb89c93c5ca6b29d0d75b8b9b1ce95ce4d75854b1ee,000000000000000116c2ec91a94e9f3e475c0d024923188176b5e4843074cbe4,1391113359,1901f52c,2884141709,02000000e4cb743084e4b57681182349020d5c473e9f4ea991ecc21601000000000000005903a661cd27112e05d78a39a280b48ae5f58dba9f371a1d069c62af5c6e6f348fb4ea522cf501198d82e8ab,03765204062f503253482f0479b4ea520854023e7a028a81822e522cfabe6d6d70bfa2f3f3700167a3b0cbb53fa2a7e32c2c65ff6a0f5e4423796eeca7e97ee10400000000000000,76a91480ad90d403581fa3bf46086a91b2d9d4125db6c188ac,,stale,VALID,1901f52c,,,valid_direct_stale
devcoin,validated_stales,data/devcoin_validated_stales.csv,220,stale_only_publication,repo-data,124096,,283326,00000000000000006a37fcb285abc37e89728af8185e948a370cb9f27b37cb4a,00000000000000016864ffbb954cfa3e695333d7ed60c0e7e3dbb268f733019b,1391148295,1901f52c,194152483,020000009b0133f768b2dbe3e7c060edd73353693efa4c95bbff64680100000000000000709ea0d6e8142cf21b54e71e1e23c6379a9d30276c02ca5af10f9956a9db8d07073deb522cf501192388920b,03be5204062f503253482f04de3ceb52082109cb1700cd1b8f2e522cfabe6d6d827f133f5e29053585dec30ffa288f880f9479cb97b9be9b184c5b60364202f90400000000000000,76a91480ad90d403581fa3bf46086a91b2d9d4125db6c188ac,,stale,VALID,1901f52c,,,valid_direct_stale
devcoin,validated_stales,data/devcoin_validated_stales.csv,221,stale_only_publication,repo-data,124107,,283342,0000000000000001cfcd4644d9b9b28ec8675a6e5cd0c4e31b2eb5c7f94bd1eb,0000000000000001ace3e797c04de59d88489731fd743a9dbfe246756871fe2a,1391155857,1901f52c,1234770244,020000002afe71687546e2bf9d3a74fd319748889de54dc097e7e3ac010000000000000015730b349bb6764aafc4933cd095ead0e95179c6b6984a4e6aa56b2e48f09cbb915aeb522cf5011944199949,03ce5204e4b883e5bda9e7a59ee4bb99e9b1bc1bff3b75c3cfe812c6a815824f8d41821ac5398b1e0fc147ab8a6d83b21dc7560400000000000000f08ed25e00000500000032754d696e65642062792075736572206d69616f687569,76a914c825a1ecf2a6830c4401620c3a16f1995057c2ab88ac,,stale,VALID,1901f52c,,,valid_direct_stale
devcoin,validated_stales,data/devcoin_validated_stales.csv,222,stale_only_publication,repo-data,124403,,283771,00000000000000019773eb5c1fb8445241cf39037d229976fae870eaf6fbd25e,0000000000000001858fd2438e01424dd4bf25bc63d80288a6d584008a52edce,1391355342,1901f52c,1550868003,02000000ceed528a0084d5a68802d863bc25bfd44d42018e43d28f850100000000000000c592518466f817fabf2eb250e576ebb0bd0c69aef7e46ee96665322eff33966fce65ee522cf50119235e705c,037b5404062f503253482f04ab65ee520852035c0f00a1a17f2e522cfabe6d6de3d88be661eb8a9e7787bc2ceff527b8fbac7cda0b441a8e8d45684ae787a8a20400000000000000,76a91480ad90d403581fa3bf46086a91b2d9d4125db6c188ac,,stale,VALID,1901f52c,,,valid_direct_stale
devcoin,validated_stales,data/devcoin_validated_stales.csv,223,stale_only_publication,repo-data,124482,,283869,0000000000000001a0efb07533ea70c8cf8897bca4ff17995fefe3b5457b9ef1,000000000000000180a324ef56e9d3e2d340f8119a1d0f313f54766718fef9eb,1391394941,1901f52c,2225162105,02000000ebf9fe186776543f310f1d9a11f840d3e2d3e956ef24a380010000000000000050a3502440a2e46b97e6c087f142e87128c7d2abe2af55bd398a92a16ea1c2f97d00ef522cf501197947a184,03dd5404062f503253482f042a00ef52080a005c0f0006fe0f2e522cfabe6d6de91dc9f202de7717b436164172c7dda3f9282123bd251d1843ff86bf8caee4ca0400000000000000,76a91480ad90d403581fa3bf46086a91b2d9d4125db6c188ac,,stale,VALID,1901f52c,,,valid_direct_stale
devcoin,validated_stales,data/devcoin_validated_stales.csv,224,stale_only_publication,repo-data,124484,,283872,000000000000000037f2a00fad324ddcf276f9b18d0a8a9a43831f5555b10ed1,000000000000000064263cb438fcdf6853df7398d6ff27df0cb39925a310f618,1391396515,1901f52c,3439813513,0200000018f610a32599b30cdf27ffd69873df5368dffc38b43c2664000000000000000007ad502899dae5210323558668931985d36be9948b920bd0a9bc6dca7892e5f3a306ef522cf50119896307cd,03e05404062f503253482f045a06ef5208b991eb3b0000006c2e522cfabe6d6d3927b551d76b97e7cb89a7bc4af4a594c3d2790ecda3ef7a153a3b8d798ba1f50400000000000000,76a91480ad90d403581fa3bf46086a91b2d9d4125db6c188ac,,stale,VALID,1901f52c,,,valid_direct_stale
devcoin,validated_stales,data/devcoin_validated_stales.csv,225,stale_only_publication,repo-data,124511,,283905,0000000000000000a0e85623a84d510b67089116df517ec7b5e1c9e55ed028e0,00000000000000014783420c65e9ee31b0b35f1689c62a428685a738dd57563f,1391410630,1901f52c,4170827714,020000003f5657dd38a78586422ac689165fb3b031eee9650c4283470100000000000000daf60ee47c647980be196ef98a4a05fcd77bc7a8bfa3a5b2f4293c4ac0c2a976c63def522cf50119c2c799f8,03015504062f503253482f04693cef52085a03310400000e2246522cfabe6d6dd7c3dfd3fb0d8c516f6277217d0cbc67e54b3783257a95f777bdc3b78cdd668704000000000000004861707079204e592120596f7572732047486173682e494f,76a91480ad90d403581fa3bf46086a91b2d9d4125db6c188ac,,stale,VALID,1901f52c,,,valid_direct_stale
devcoin,validated_stales,data/devcoin_validated_stales.csv,226,stale_only_publication,repo-data,124543,,283954,0000000000000000929fd0508b3f540b377bc1091065585cfccc0e31984a0e83,000000000000000130fc81e47aa6c70bcd88de062b81d58030b57f0cdff8764e,1391432337,1901f52c,953901958,020000004e76f8df0c7fb53080d5812b06de88cd0bc7a67ae481fc3001000000000000006aab484933f6dc010086bf2c903ba13995fb1a708ad7dd7f14d469315d77bb1a9192ef522cf501198663db38,033255040d00456c69676975730052ef9291fabe6d6d6ffb832ddd267de5a91991a5d650a4d692ea16ffe96a9f1e362a492f307ec4640400000000000000002f737332332f00103adb0100000000000007a1,76a9149785c1a7bd251a97502192d0adac8524c77622f088ac;76a9143fdf2d9a4eb47823ac2845a95392832d5f49bb6688ac;76a9146c68a39e0783385beb0d9e58d41acd9bacc1294088ac;76a914e54be70cd1426b05a8d24bd9770b058c788a2bf888ac;76a91458bfe975e50731a6ce0a742279dd3711293cbc9588ac;76a914b3128c095c2730bf636bdf19518b06c09673a78688ac;76a914befa2999499c367bcf0bbbd13d4a75278242d68688ac;76a914a33909d701daa0157e708611e5f95d958bd0025f88ac;76a914339df9076eee9ec177521e7034211dab8778c92188ac;76a914f5fe3f8166c5fc7e23cfb7436b58511dd2b3f59b88ac;76a914efcf47869bba4bf27ceb8557c23cba9e12b1934888ac;76a914262f83ccc5fea9a9dac2d7d6a0cf62d6da386aff88ac;76a914cfc2ba975b5261ff0bc07579ac6eaee02987848088ac;76a914bcc682bf4ae601da1db27c921e2fb4267f611d4288ac;76a914aa4037f2bbea6ae016c933fa710ec7fca07263ff88ac;76a914a8c9dadb9501154971b03c6fd77cf84c08401c6788ac;76a914a877294ee389eade576cd76cc33a268da8bda6ab88ac;76a914d225030e127be48532677cb075a21584e421a40188ac;76a914d2c39a0a7e986b7089e4c85014edcc676a74e73788ac;76a9140d38bf0ee19143f2269e21ec730ca10f33f26d5888ac;76a91469a5abc1d23c2a38c604ce257e7dbdcc870027da88ac;76a914af973d4cf24f627fefd0933c8fc073e343fae40a88ac;76a91442e0773e970e65758825dc65ff708d4f3ca4136d88ac;76a914ec1fb5d00fce6778822d77e49fb9f083c9fab86c88ac;76a9145ec88542b09c462be0698f0e722d49d23c641ac088ac;76a91406559467663ac4204b52f07404020d003eb1e2c888ac;76a9140952e0a7ee3e7d7d3d2c89e2581a8c5bd99165bf88ac;76a9144f7d745ca9e136ac45a1a14ab42e68e9a530c4a088ac;76a914ed27cc64891a0ebe0497649046d1346031792c5788ac;76a914a13032dfcec46051108940a414fc75766f1dc99388ac;76a914f482a0207feeee5d8b1d9ea75007d718138b11a088ac;76a914426cd0d535b9461d582488dbbfe5f9f2dd7af3c988ac;76a9144f178409e25836f2f6be7df92a38138d1b97fd1488ac;76a9146fd645ad2ff43f5942caf7254f95083a5618b19e88ac;76a91429ac752412bfe9d8fd63d67d4cf2f3e5ef8d5aa188ac;76a914fbbd1cbcc050e4a4627d679690c3ffabaf3900fe88ac;76a91471d5074c890736e3ca2d0bb78131b13fd0b4734988ac;76a9140de5c0ab5324a93badabc821a704b207e01d127c88ac;76a9140ae3c54b2e82e576894022c767bcfcc168bf694f88ac;76a91481eee4cedb924fcb37841cface6970e96880553288ac;76a914acabf96cb1859f37d46f0afe18a6699efe4d051a88ac;76a914272d6ae8e919aff3ba3a7576f2b7608d79e1c54588ac;76a9142994cf3bdd2140ac8ee1a5ca94a2176c0e55efaa88ac;76a914fc761b120d174b2a164e2de885589a905799ffe788ac;76a91475bd605cc2ee3974d54578b8af803d0a9351df4088ac;76a914edc580e4e7edf8334351add43f5a90449819a82188ac;76a914f13a69963136beae1af9f5bde1cdec2f41af2ee788ac;76a914991c5a12c4e61e0256b07e1fb63be5c19fb7a8e188ac;76a9145bfb90292c68c31bebce0f79731c45cd2fe6297488ac;76a914d72a77e8da58b7f53c517c2ecb6ea810ea6cde4088ac;76a914d15a8c88d13077a33f3804ae7dc5069ec63c18cb88ac;76a914431e06e7229e733f0abafe43e6b4921928a3d3e388ac;76a914ebb2df59b79c74e34d698bcdfa77b36e72f55f0788ac;76a9142e6f9c0a5206cef069057c85a2ed2518360a725f88ac;76a914310a385d0e356e9998e0bb5105fd384ebe7c887f88ac;76a914241fe794b7d8759331833cc360e37d20712faff688ac;76a91481eb0892a765096ae764021e8f123ca6a7df3fa588ac;76a914bad409470ff6944126cc7514a9149251936faebe88ac;76a914a5702101191681727f991e5f5290e2eb8a2e141388ac;76a914ec7e7c6083ac168c9ec04c56aa71d4e52833bcf888ac;76a91487831c9e034ef8e4667614da200f1178af59495d88ac;76a914b75926530214b7a25f8c14540ff60eb71466accd88ac;76a914003e3fdf3770b1703ed681f4e64d69453817d38988ac;76a9142b65e8b3df76d2c562c48a65ef24a95714879e9b88ac;76a91467f6e78d0a8feea116016024491ca37528c06b5a88ac;76a91401e2a11c2fd3e2524f1351282dcb923ab53b0b8a88ac;76a914a64bccee63a49286fc3a8095082a1c6cbdfe83aa88ac;76a914670ff1682de63a91a6ca991f338f69d98f02b3cb88ac;76a91454e85753af81137777569a841d9a2ea3751d14e888ac;76a91448c5689f37ad74864d1bc26e6f55d446acb322c188ac;76a914edf8bdaec4bf3aa32e5e277f900ed99009f4b02b88ac;76a9149b21c143feed98191dde4fcefe1010ca83ccaca988ac;76a91442f858cc3bb29096fe3ca4d646eac9331987755d88ac;76a914325134d69bdc3105818886285cad52dde455518888ac;76a91434444e2a50df92d16c5e5cbe77d157a9db7b2bc588ac;76a9142bf0c1100eb00b8ae595cd541cd1a20c7aefed1388ac;76a914c14d105cf1283ed4f8d3b391157f8dcc300b654c88ac;76a914af121252b1e4f2bd03ed703c56153ade3ac916bd88ac;76a914cafa4fd6db5773abfb77c8c69411ee66b5420b5788ac;76a914f1b4b3f674f5861087f939a6aa5a9453cf56ff9d88ac;76a9148899b753162df8cbc1273a6860c396268a6bdc6588ac;76a9145dd73bb8d1086296d9a270df046557c0a7a8854b88ac;76a91450732c8f3a08f9726ae0159aac5cc2bc6f0aff7d88ac;76a914756ebb6a273a7f6b0f86be2f3d378300aa44cb3788ac;76a914ec323f9de57991b37a0481056faf44d4b6cf64aa88ac;76a91409312bcb705b816f419908fee8f39a34f13bc7a388ac;76a9143294cc1bf59ddae7fb41b49fbd3d7599a2f7feee88ac;76a914a7a765c8b4d73c50aba1146f4257e83131dbdcfe88ac;76a914d489ea14b7a96be090243e7c3cbec8fecefd576988ac;76a9141c3f15fd60af8e1c38b6d300b2c9e1994e5a972788ac;76a914b03f41354ef34b3d4838d039412520ae0d4ce43c88ac;76a9141bc30ae9d01ad3f4f953b5d6a5e13bf0942d1a7d88ac;76a914f7c3f31d0c2dd3c9d8ed76bc555a609db750616088ac;76a914e439026d6fb676ad81007efd42df2cc140e7ade388ac;76a9146bdc7ae3d358a408cd3066aac0fa34b7109b817f88ac;76a914d8ee89c2242d794905883e97a7935b165da9482988ac;76a91472e2ddd64058a6d2b766d3192fa296e87a09ed6b88ac;76a914d6309a28ad26747380adee68c78a82afc2e380b088ac;76a9140d37f0f7edeae22e7ab7524db57b3885c0a1844f88ac;76a914674a86c15021ab93e7281d32ce507316308d415e88ac;76a9149894681c17daf0ee1f2d657ac032b58c4376a8d488ac;76a9143d8dfebcc9443bce7c7af9d0fe49d05c268bc1c788ac;76a914823356f2b9f45ac490a4beac1217c7aa51cf869b88ac;76a914caa29aee8acbf70fb99e1555be7ab8fba95cb06288ac;76a914c04702b3b9c741258b44c6bb00ceb321e21dd67588ac;76a914f6ce3e177df600c2ddfe5473942f6593338e431588ac;76a9145f30a0288e8698b96e7b10acf82a50d0c67782db88ac;76a9149fd269d44df04ba6fca4f6e1f22f5a7d357a398a88ac;76a914c10b0598c3fbd030c478ab9bf25ebbb8ec5b9bb388ac;76a914f679a883e4368535c5b83986b253442f325aaa2888ac;76a914d0028b478f7be775c0454e0a8661053b50fca0cb88ac;76a914b62e326ceca108c7d985de24cc5d52036746edcf88ac;76a914be4b0a772235381657ccda9fcbc5be09d4e88ec288ac;76a9148095a6a758e1acb133ae3058ef91b81f820df24388ac;76a914cc5f584d49afc4c419d3bb7e83de21c50d50a40588ac;76a914b9ed754748f8aadc813a4bbe349ba08ecc10ffbb88ac;76a91493f4fbc1ca773c4ca18806b94d1e4e9a965a8a7b88ac;76a914bdc46b9486ab3e93944597b595cd03b23d8ddd0b88ac;76a9146b641a32d3cad064c2f26397ddfd61047f211d0888ac;76a9147b593d0d08ec31703ee9f38a9dd8baba1a432b4288ac;76a914965dc28a7f0c935f5d8b563293ff10c7eb35c28488ac;76a914b49388acaeba424747f15907456743128b64106788ac;76a9141d63cc0203a0581d6c6b96a67b93aac299a7332e88ac;76a914074411aa6fed2ec86c39607ebef573dd3c706b1a88ac;76a9142d700ed1cb4b4a7ee1cca884652e4ce85746c23888ac;76a9149e24aa470259d4307f0f1d35071773296c49664f88ac;76a91407766978a645b4de708ae863d772f117da1db83d88ac;76a91474c9de55666f59fdb9c737c2114348a01427a76688ac;76a91474d04365d8bcd28751ca9963d0a620439e1f617888ac;76a91457a3252e54f5812c2bd70c26aaf6282f51ba3dec88ac;76a9145270551df6391d135a8cc9005a79713176cd832a88ac;76a91489b29e0ee15d430d4c85c73dcb4be4457bc40ffd88ac;76a91483e077f6c056c848cb1d73ff3105d9b3be40cf9c88ac;76a914e6366e9c86bc4e250bd1c70a817c5bbcb948db6688ac;76a9140a43481c24165d746f58d4119dc59b5b0df3efd488ac;76a9149cbf109e78f6aa1fdbc64945debedb80ab78041688ac;76a914691c25724d0c1b543a48af2f7df5bba13d1da79388ac;76a9144375a0b3cb16ee79b277dd4ed48fd499d60d84d688ac;76a9149d7f7446f0c2878ed6a37374d6623f0b3007600188ac;76a914543b7332557f016077bea8173d270c87dd10d91688ac;76a9144528c9f7a655251ce1451e27acb1f8660fbac17b88ac;76a9145a60e5d48ff4349dda1da62d1de0f7bc7ee41e3088ac;76a9148041d74e20e69ebe3ec37c57434cee842ba1bd1688ac;76a9145399c3093d31e4b0af4be1215d59b857b861ad5d88ac,,stale,VALID,1901f52c,,,valid_direct_stale
devcoin,validated_stales,data/devcoin_validated_stales.csv,227,stale_only_publication,repo-data,124693,,284161,0000000000000001a84226cdb273d7013ffe83a77a456cab9e3e3c824cb14853,000000000000000057e96cb5cc0e74a358078fdf714c8897fdadc5f0ace34f4b,1391539622,1901f52c,3250204498,020000004b4fe3acf0c5adfd97884c71df8f0758a3740eccb56ce957000000000000000095c4856836f626520ad64d52a17c1b05198dc34cdc77ac0383fe10175ab4f0d8a635f1522cf50119522fbac1,03015604062f503253482f049835f152080f02e15b0022a0982e522cfabe6d6deff549b7c331e11f525e0774b3b20f746e9d5a90334a9d098967df840d1d77e50400000000000000,76a91480ad90d403581fa3bf46086a91b2d9d4125db6c188ac,,stale,VALID,1901f52c,,,valid_direct_stale
devcoin,validated_stales,data/devcoin_validated_stales.csv,228,stale_only_publication,repo-data,124834,,284344,00000000000000003f080f1b7f86033dc7b1c908f11af3490a897194507b27da,00000000000000019c1e48caf1160eebfbcf7706e260330ebca93705f87f5555,1391630970,1901a36e,1350196377,0200000055557ff80537a9bc0e3360e20677cffbeb0e16f1ca481e9c0100000000000000dc29122cf3cb76376c7e7ba855263c01a726a453619a5c7a189753d0b7106db27a9af2526ea30119995c7a50,03b85604062f503253482f045a9af25208bb08be6d045516f62e522cfabe6d6d14c35f1793be15a28f950aff9e4206456aaa99ceee86063b5388ec6f35db1e9b0400000000000000,76a91480ad90d403581fa3bf46086a91b2d9d4125db6c188ac,,stale,VALID,1901a36e,,,valid_direct_stale
devcoin,validated_stales,data/devcoin_validated_stales.csv,229,stale_only_publication,repo-data,124905,,284423,0000000000000000d854a2b6e434744a7c8490fb89b84298ff0530346f002802,00000000000000019e5eac561926f086afa76cb7666edd70218b9a699b7b684a,1391672704,1901a36e,1491976782,020000004a687b9b699a8b2170dd6e66b76ca7af86f0261956ac5e9e01000000000000005f3f3f4663208cf86fb4f9e8a441b93556aa5f0122144f257857b755196a97f2803df3526ea301194ec2ed58,03075704062f503253482f043d3df35208560cbe6d05469e5e2e522cfabe6d6d7f898edfb0f3ed46ee4892d3f9240e3144f510497677f8da0dd80c546ec367c40400000000000000,76a91480ad90d403581fa3bf46086a91b2d9d4125db6c188ac,,stale,VALID,1901a36e,,,valid_direct_stale
devcoin,validated_stales,data/devcoin_validated_stales.csv,230,stale_only_publication,repo-data,125064,,284624,00000000000000016f099af98ed62864b969293b1be4c50b9394722f43d54ab3,00000000000000013f94a299d2437551ab693698d6f113f609cfb52a606f2a57,1391780228,1901a36e,3106411626,02000000572a6f602ab5cf09f613f1d6983669ab517543d299a2943f01000000000000006b2bffe5d2c6f3ca47f595725e385a804f0c80fb3c5a1e1ddaba1dee528a12d784e1f4526ea301196a1428b9,03d05704062f503253482f04eedaf452084f6f2f1800000c0a46522cfabe6d6d98a7fdf96b41d833926de9a97bc78354432fd311ec3151cf54ba0f7f519b661404000000000000004861707079204e592120596f7572732047486173682e494f,76a91480ad90d403581fa3bf46086a91b2d9d4125db6c188ac,,stale,VALID,1901a36e,,,valid_direct_stale
devcoin,validated_stales,data/devcoin_validated_stales.csv,231,stale_only_publication,repo-data,125156,,284747,00000000000000016237d34a5990271b5a2dfb636b36c24b205cdf2089eb549c,00000000000000015918afc9b6327cf56a74df4ca6acbaceafd87c144dc7251f,1391838540,1901a36e,3172536239,020000001f25c74d147cd8afcebaaca64cdf746af57c32b6c9af18590100000000000000db1faff7fb6d5c2a2aa02b441475eaf290333c5f7f5f3f2aac0a729359aeaed44cc5f5526ea30119af0f19bd,034b58040d00456c69676975730052f5c534fabe6d6dc6c0df848d70d0c9151c8526d3a52441530c490a3536132e5813df419968932e0400000000000000002f737332382f00908fc0010000000035000000,76a9142ad44f8b90bdd6e4c57b316346a52e0659ac5e2988ac;76a91425810dbca1c9854c6370eec4045ab90ada60244688ac;76a9142a5e4eb3b7fd6e393829464db5b818a9fb03fffa88ac;76a9143386c699ecdbbe06b89eec52cf4673aca1c9fdbe88ac;76a9146ba1807121fdcb390db917b4ce84b0dc8e70883e88ac;76a9144ae356f47bebd99675838ad360e7fdd811cc9a5e88ac;76a914a6ec92001e4932ff1d128c380ce7bc2015a6843188ac;76a914b810fc0b65988a12ac4c6d0f6cd4634668cca77888ac;76a9145df33b9eb0584c4703b7f7f0c255484841c2debf88ac;76a914c2b9d4f7ebc4e5778d752cfd402dcfa9b6f2688388ac;76a914245ec695f25beba2eab97ab33f97b656a850046f88ac;76a9149c0a1b1797fa60771c35b2a60ca47ad94cec15f988ac;76a914314a018fdfa6e3fadb590967be920008c93feaa988ac;76a914ac9e6f5ee0a315aecce642032e02cc6132c21c0f88ac;76a914d7992d5a1722007731ae14f5323fdf44b6e557f288ac;76a914e201abe293b54e66aeac7aebd2d1e5e455a0195c88ac;76a914477cd4cb558c7514894b5665340a1c05015caa7688ac;76a91427a560e458d6bdfee5b97d4738bf3931d65a7ea888ac;76a914638cf433cab185cbe8d765ec0a9a13a7ca7e8b5a88ac;76a9146824d5232673572e9208eac4de29a5281944ddba88ac;76a914f984831651c46563882a1d2554632fde7910ae9288ac;76a9143e83f8ddf4d1f30a9b2441b69a70498cc606169088ac;76a9141e9e8c263d8ad30790ecdf814a2379f5f7a021f288ac;76a914f017f4b628493a6cbb91e1ae0cb175bdf4efa68c88ac;76a914f577d49e789ac81e445fdb7b1f33d069a20f7a1988ac;76a914e9c6564bb8888a61e1c6a2bdb8ec1f5ca6e41ce688ac;76a914b9fd7123a5e9479489a38b91efd274ffeabef99f88ac;76a914647374e778cbe4b11a9da75d92e4bf1e0518167988ac;76a9145270551df6391d135a8cc9005a79713176cd832a88ac;76a914e0954a78cd8442995db98f2e3fb85bcb919395dd88ac;76a914ce9be08618b0728b62936e496d0ff1a83e7bab6388ac;76a9149c7b20cf3522dd1ffb940c65253ff8825dc1779f88ac;76a914087257e57485f7768a5b833dccc225dbd97ead0888ac;76a914e555c50a558274a45178a2f0f3438188726d777088ac;76a914ae582c2c558dec64b32019c08d9732f0f3a43ae888ac;76a914b49388acaeba424747f15907456743128b64106788ac;76a914729c3361b3068734699cfd5f0671793a94db3ef188ac;76a9144ee3a81efbc3526426ca46b699fb6641d6c39cf088ac;76a914d0028b478f7be775c0454e0a8661053b50fca0cb88ac;76a9143d39678e31e965b99209ad2b1d7d9e6afebc8fa588ac;76a914fe38bcb70f626b70a8c3f131186feedbfbf2fe3288ac;76a914a43e804f7d069e2033c03936d7f20130b5a50a4b88ac;76a9146dd992c17f9f30fe72df98ef91e5ca8f1bbb0f7c88ac;76a914f379c83fe6b2ce7c8cfc0f9c624d261c3e2ee3ba88ac;76a9141d7cef5f17ca4959264c79e8ab4c45fddb5539a288ac;76a914bde2ca09175b4a254a47c21453d8b3d60e07050788ac;76a9146598ce517a2d48846d1e2c51f9cec502b53a118688ac;76a914d8a70ecfa984db3cb4e0e3fbe7980151555fd3b688ac;76a914403a79ee57f53d24307c38df725c43734647d68488ac;76a914cba344a0fc39441c382ced5e5648a3e50458733e88ac;76a9149f13ee2dcb64feca0508129a9885776ff921f78f88ac;76a914e84ce0badf8a76c466acf19565d20702c010bba688ac;76a914fd81ae43f285e6db41209d5744e02a5d193eae0b88ac;76a91442cc8b87069b472b0be8de397180012f2e79307c88ac;76a914318348ceade595b7834d72b42666db90083d912588ac;76a9147b59635a50458d76697265a8830cd35a56b2752688ac;76a914e25a503ed2ea01bd2ad1180997217875ef33743888ac;76a914648a173f16c4d202a6803f4c73b7bae53b654a1d88ac;76a914c71fc56d46b4add7ff8da80be99697a5977ae7a988ac;76a91442ace33fbea30037519c941c0f937992944ba66b88ac;76a91467d257e69ce6d9edc163a07ac714d6ed540929ea88ac;76a9143cfb694b5282a482f57d068b108b0a13cab3584b88ac;76a914260c89fd85e55accb43bc7a1fe8bce0ba1d020fd88ac;76a91433bcf2108c8878007635183930e76826577c8fb188ac;76a9143535b79a090516f7c30b5be6d93f3b692dbfd29e88ac;76a9145353e6a934a4d6c42cda0beab7ea4a2f484a34aa88ac;76a914276b3cdd23505d58156ba07fe88b878c4276e17988ac;76a914a759e0bac03ed1e5b55ffbde7673bc4fa2b6ab2888ac;76a91433d93b79e660ed4e33c321667be59097b7b0e20888ac;76a914bb9e10f1ca4a150652db3e66df8a8341f567725d88ac;76a914981c3809e789b2e4117aef45aa468fed2a01caf788ac;76a91444eb4e76858a1da1150f6aefe66c9638d4207eda88ac;76a9146fc961193eb8a37570fd83de507d523ad380843588ac;76a914c4e58560e702575fe9c4830ba0af71304d24310d88ac;76a9141c7bcd520759e42f3bf7d08d0929cf1689730e9288ac;76a914ca116f4dab37d96ae98a7462b675faaed104016988ac;76a914f43bf25e0a57e4e4e1087c77c896e95c57abd60288ac;76a914aaf6deff79c2aa32cf25881a214ba2bf5e1fbeb888ac;76a914653412399b09ef94ccecc219226e4c0b2ea9b9c188ac;76a9149d6461316b454ee22cf3d8884540618e8c5f626388ac;76a91402082d29185d27d42458e6041291a08f2e2e132988ac;76a914bff65baf65c82dc322411cb87ba70f5a07d5fcf388ac;76a91476e6e48f69ca5cd2531cdb77ad3b7a17e1fc987f88ac;76a914e1120c6804899d416aa7ce0e05e378b37bf1bfbc88ac;76a9144cd4f8ea839250d8d07859635f761413603fcde088ac;76a914a324149853252f14c329e7b65d85f40e0f6eb1b688ac;76a9141e521229ed06980a23345acaf5ca37a3d535f3ec88ac;76a91469a6c0419898bf4897510dbadc2049e25de5b32688ac;76a91470ab3c18ed1de64327768227fcd1ac96e0d771a588ac;76a91492943d37123ef21e4ed4457dece2c83b04c0543788ac;76a914846f72789ec8d5eb5db3a86b9bdd734e638264fc88ac;76a914d13b8308c0bc1f696ec6705c54a12f876c62d82188ac;76a914a91a214a17661cea934d60802680e26a34b39bce88ac;76a91454ae0b41d5ce220ece7b356a9b20e9310842f27088ac;76a914aa8eddb8c136af509d264b7aab24f6fb60a2655088ac;76a914bdbb5010ca2f540153e8402c0558129391aa420d88ac;76a914ba7026a8a214368cbe36b871d1c86c138eb71c1b88ac;76a914576f409bf3092b5a56eb566a56d6d35a4fce713888ac;76a9148f1edbabfad4999dccde1adbd547f2efc428d1a388ac;76a9142d700ed1cb4b4a7ee1cca884652e4ce85746c23888ac;76a914ecf0dfe07072afaed4135e99c70072cce2235a7f88ac;76a91478872d8f8381c8d1535ffa9d105dce9ac4e4d96588ac;76a9147489fd9665031fbc7ab8ecf887ca2dd21c0dd4a888ac;76a914fff0907ab26620ef7e90b4ace4364f7ae762ebc388ac;76a9144fe89f472147c6403467519bd2261f06fa6adedd88ac;76a9144bd665e45997eadbad66d3bb4f1790ab7802b9d088ac;76a914ccdc09fa55e5ac37f3eb783dc3f12b7a2c7c17bc88ac;76a9145019ef7dd7fc3954f4f617773b01d58a9ebcba0e88ac;76a9144742d13c0d247aae9aed6764160c208c7063634c88ac;76a9144528c9f7a655251ce1451e27acb1f8660fbac17b88ac;76a914aec80a69a16ad3a3abfb62ce181d45abe7fd57f488ac;76a914c58e40f2285f322b50bd11bf0efce6d4067c7afd88ac;76a9141a7f9dc62fa47a432e8615fa6fa9760b67f1203a88ac;76a91409a297d822b2f859fa34ab0728466a5753bdda7888ac;76a9148c02640863dd49ebfe4cd8890ecc1750a05b426e88ac;76a914530d5cbe30bc8637095bb130f6597082fc5e350888ac;76a9146ffac24daeb551cfce1e7a8053de7ccd10b60d7588ac;76a91463dd7f90e949f8e354415233e51d3392d4d8f55288ac;76a9141720040df6bf4b94eb77adae9825e5280742722688ac;76a914f406ee2a78bba7a5ec273fa2378246546c7e003188ac;76a914a483f37a24cc6b7a99c15ca2471c17e3a95bdc5388ac;76a9148041d74e20e69ebe3ec37c57434cee842ba1bd1688ac;76a9145399c3093d31e4b0af4be1215d59b857b861ad5d88ac,,stale,VALID,1901a36e,,,valid_direct_stale
devcoin,validated_stales,data/devcoin_validated_stales.csv,232,stale_only_publication,repo-data,125181,,284778,00000000000000001652d5472056b35e14c2e8db16b8608133c5ce0d1586d973,00000000000000004157b256f642a3a3e7263d1b902b3341d9f3957675f302ea,1391850893,1901a36e,1361477229,02000000ea02f3757695f3d941332b901b3d26e7a3a342f656b257410000000000000000588a827527da402c22a01d3b1744703e81c41dfcedeb150d0990839de400fc588df5f5526ea301196d7e2651,036a5804062f503253482f0465f5f55208be01be6d0d50345b2e522cfabe6d6d2358c7da7576b5d506e2090435725a662f5b559899db12db01c300870ffdefbc0400000000000000,76a91480ad90d403581fa3bf46086a91b2d9d4125db6c188ac,,stale,VALID,1901a36e,,,valid_direct_stale
devcoin,validated_stales,data/devcoin_validated_stales.csv,233,stale_only_publication,repo-data,125439,,285090,000000000000000189b367a7b94f837e9a8575c45b9e5c906c0ead98264c8ee0,00000000000000007bd683058bdc36bc83492d0822c1239c1a1a6e305a06699a,1392032993,1901a36e,4279227112,020000009a69065a306e1a1a9c23c122082d4983bc36dc8b0583d67b0000000000000000a45082f75b2c31bf3cb01f0371613b62275cc77907709b62530dfe36a3260099e1bcf8526ea30119e8d20fff,03a25904e4b883e5bda9e7a59ee4bb99e9b1bcfabe6d6d29c5ac80c245020977d3be4fdaffcf8d3afb4956b7399e61cd520a0dc8e1148e080000000000000000d2a25000000c00000045104d696e65642062792065656677656e6e79,76a914c825a1ecf2a6830c4401620c3a16f1995057c2ab88ac,,stale,VALID,1901a36e,,,valid_direct_stale
devcoin,validated_stales,data/devcoin_validated_stales.csv,234,stale_only_publication,repo-data,125475,,285130,000000000000000125976d8cae1224afb0f85b9790257032e1dd0fdc1df1357b,0000000000000000ca938692058d88810a32ba741cac193a60962d48df95a549,1392047307,1901a36e,3861042955,0200000049a595df482d96603a19ac1c74ba320a81888d05928693ca000000000000000024e1794d3453c051161ec6ed221f9d301843e6b74ba7f7e1765130a3962d8693cbf4f8526ea301190bd722e6,03ca5904e4b883e5bda9e7a59ee4bb99e9b1bcfabe6d6d882e95bd43e23e8268dceeaa5a4607bfaa9d011935baec81b3666aef38c2378e080000000000000020d3a31600000d00000001274d696e65642062792068656368616f646138383939,76a914c825a1ecf2a6830c4401620c3a16f1995057c2ab88ac,,stale,VALID,1901a36e,,,valid_direct_stale
devcoin,validated_stales,data/devcoin_validated_stales.csv,235,stale_only_publication,repo-data,125515,,285180,000000000000000141f588aec7c2e9e64dd3e426bc276f6b244fa19de28e176d,00000000000000000f56f1b5be471dfa4b0516468b208c12f59af03aa273b504,1392079261,1901a36e,773187598,0200000004b573a23af09af5128c208b4616054bfa1d47beb5f1560f00000000000000009d5eb9845babcb275356c763324a59f011149a3b5ed16d753abf299a94028e6d9d71f9526ea301190ee8152e,03fc5904062f503253482f045471f95208e10cbe6d003c99362e522cfabe6d6d1e12c38f33d95ca6fc5eed094127d8fd53a17ec0483216b39af8b2aa2a10c3f40400000000000000,76a91480ad90d403581fa3bf46086a91b2d9d4125db6c188ac,,stale,VALID,1901a36e,,,valid_direct_stale
devcoin,validated_stales,data/devcoin_validated_stales.csv,236,stale_only_publication,repo-data,125566,,285238,00000000000000000c4383c3fba158a064d5cf60fa6a0886a48b02c14a2ce645,0000000000000000e644286ba1b118c59476d74154891cee04dcc659464741aa,1392103527,1901a36e,4197679404,02000000aa41474659c6dc04ee1c895441d77694c518b1a16b2844e60000000000000000d165a45612e65ad80c287099af22ceef380f0526cbc7da8958eafe397cc9817a67d0f9526ea301192c8133fa,03365a04e4b883e5bda9e7a59ee4bb99e9b1bcfabe6d6dc90891976402ae0fe8732e835a712c64dd60981a748c92958413579e3dc68d5408000000000000000cd1da43000048294d696e656420627920726f62657274313030323030323031,76a914c825a1ecf2a6830c4401620c3a16f1995057c2ab88ac,,stale,VALID,1901a36e,,,valid_direct_stale
devcoin,validated_stales,data/devcoin_validated_stales.csv,237,stale_only_publication,repo-data,126005,,285833,000000000000000154750d397949a5f2203500cdae8d447c14c6ae9b2001041d,0000000000000000b2c86f827719d9e3f6d3cd163edea783a0ff03bf691834c3,1392397105,1901a36e,3646378017,02000000c3341869bf03ffa083a7de3e16cdd3f6e3d91977826fc8b20000000000000000e668a1e40b3fb299db85ef1c4f13ff1871ba48dd2a6d78308f0369bb082e5c37314bfe526ea30119215057d9,03895c040d00456c69676975730052fe4b31fabe6d6d1b69d6fab60ac51100f25a291e35d656dcfa671c9567fd20481f0fc676b53c150400000000000000002f737332342f00d0b2c80900000000c6550000,76a9144ebdc240ebde1471fe0a66e24ba71ca38d3e972a88ac;76a9147bf972f2f7349288ba5583dc4d851827f441d82888ac;76a91457a28f19de06281a36dc5e40760f44204cb6ee5888ac;76a9145dfae39b14a09e9493fc6f95019fc1d8d1c9258088ac;76a914bb754df8ce6cf5c16e70a3a1240bba5c5eb2845988ac;76a914ee94abab05f5b9061b54466e8332cdafb19d476a88ac;76a914dc3979e17456259cfb4a5dba47d419c9567cd6c588ac;76a914caf49cd6939821c933be2689b1ab6cf683dc8a1488ac;76a91492c4b5e51ed72b62c15d7c2d3f897fe69d62704288ac;76a91437e3d74f31e5d151e258b6f2c228754c742743cd88ac;76a91436f2a4c9169aaad4d53f0efdbe75dc9a6f731f9388ac;76a9147381a2518df87372d3d9fc7fc65f82356ee17c7688ac;76a91447da44eb56b43d9140304da486367912c01ebf7e88ac;76a914998cb4c99acbf6545e7536b3380233ec5f1fd83388ac;76a914acb95a482b72b01e0770a0d81c53014c3f6b261c88ac;76a914aac81afe6ad3cc518db988a0307d49dd381290fd88ac;76a91437e6ddc497fdf5057baaf9f0c757c51a8b31f1fe88ac;76a9144c8536df14b38abb83920137e5618bac2ac5409b88ac;76a91415011324e6e29b9c52e4ba52a6a1b0dd445f020888ac;76a91430e9ff30cbb6eac7c7c12ea061a6e81788daf5c788ac;76a9142cb6826c65ce3af6ec7cdd6a7617beb1d7a186ef88ac;76a914bd0f9ba32dfdd268c33f27eb3fb5f6862559e18c88ac;76a9145241d753056d3c76efee31716be03e4fd56db33c88ac;76a914225e697c2b2d2238ec9f4e09e8adf254b8fcc08988ac;76a9145019ef7dd7fc3954f4f617773b01d58a9ebcba0e88ac;76a91464c2a58b4c1e46e71c3236eaab6fb183ce5b55e888ac;76a914ff1463d03b802b20c304520e7e220653a68a228588ac;76a9147bc6f5210de3f0b156becdaeb86620bea205fb9a88ac;76a9147764465a2ff82fe6712b7334e3ea4875aa7105b888ac;76a9141ca05cc5f0ef4b29a686cb4920be484ea08ecad988ac;76a914cc6e00793f0a8e1828dcd8a9ef2a0cabfaa405ee88ac;76a914f1f22a8f51fc15912affa815278c45b600c5655e88ac;76a914cdda7bc6ed5b856344c8ca001f37d56c10f5ed4188ac;76a9144742d13c0d247aae9aed6764160c208c7063634c88ac;76a914b81dbb44b5fb0226ea403b72b6137303abf5cc0388ac;76a914e37a039b2933ec7f275029b29ae7ff9befdd41eb88ac;76a9147ce15868735f7d8847a6f059254c1eb08490bd2e88ac;76a914685473d0da1948e426288c52a8240d237c749bd388ac;76a914c432ac2c2885fb65283648e37ad86e7b5ac46b2188ac;76a914f20dc0f5bfae56657adf4b543774437ae1c71a1f88ac;76a914501bc423cf557c540cc362d1f748011ce16f69f488ac;76a9144e5dfba67fb062a946e338d9b8defe3ae136473a88ac;76a9140707a6f9278c7681695dac621fced1931aca34b388ac;76a9142c543c7d4c655d2f1bf3dd676448704fb43de82b88ac;76a91411554c7e05dd1291a990a98768f5486f35d6d98f88ac;76a91467efb2f82244793c632791d3df7bf699969f77b688ac;76a914f1b4b3f674f5861087f939a6aa5a9453cf56ff9d88ac;76a91409312bcb705b816f419908fee8f39a34f13bc7a388ac;76a914e439026d6fb676ad81007efd42df2cc140e7ade388ac;76a9149dcb80a585bd35d20b007a8d00962c401b5cba2b88ac;76a9147d55c2c784b6d686ae665d99f5a2bde31586e14388ac;76a9145fa201277e6c990af1dd4d24a309234f24dff40188ac;76a91458a6f6f6137033d125b71a0625a5e5e7862ede0a88ac;76a914d1c5244aac6151a378ddf8436c4871e253b88acb88ac;76a9142916f74fb8a26279a65c28bd7017334ce89cc52f88ac;76a9140fc5cbe7e212701e46a52bbb2cf78c51c99a45cf88ac;76a9141720040df6bf4b94eb77adae9825e5280742722688ac;76a91410f33e02b034b69f7ab06a54993b4133f0b6faca88ac;76a91426bc0b8574536aae438af63d5f8bc556e3154b3788ac;76a914266bc300c8ea17a3fb9d6bd346fa36a8d1636e3c88ac;76a914854dd60d5aafa80a1f2e0fbc6d405c95395edfac88ac;76a9142f8fe51c934c3b4f218a00b20a93ded7c16be0f888ac;76a914ab45eed038a1d522e899e7126a00da159fccbbbe88ac;76a9146c724c9fe85981a090329e9abf2ed339641b73f288ac;76a914c53088bf00613509be4c6610ade386adb57c064b88ac;76a9144a89de28bde600f9e6fdb304051ee3e69a335fd388ac;76a9148949cba46362f68c1665ab2c4d4a06cb27a05aca88ac;76a914f55c1d2bd6a19fd42bd6a2755de807d9de9c63ce88ac;76a91470afd0879f1f51edfcf15fbe6b2b8b21183643c488ac;76a9141cf1d403409164476b964ad6d2cda0eeabda17e588ac;76a91462239b6acb9a705a4a3384af84f3004f08193a6188ac;76a914c31d747a4bc437a6588e14c8b17dcd62668ab01088ac;76a914f8159668b1e026c4390e39567c6805b3669643cf88ac;76a91416e3f4ec4dabd9eebb827dda5d58723989a7a61488ac;76a91469c83a7cadde76859582f3e6ebb9ea5633052b7f88ac;76a914dbe7dbb3181ae34f9099958835ebb6631daa169288ac;76a914e3d77f2bb8d9df671b2005020e32b06c3ef8dae188ac;76a914352406d8b78c1075b787522050728f9fcc45ea2288ac;76a914a484ab2262f1a487d846e242f2dac9386140118b88ac;76a914cdfea14305a8de6a3c64bafbfe8a34a23d411f0988ac;76a914f4f4028bcf036e175bfe01b47dfb54a0afa3f32888ac;76a914cf56bd01823fd6180d2098cf3174b1911ae6270188ac;76a9140d8dd8795ec7f0dfe7761c59d9cba6db89251dd188ac;76a914f8f2aaff80737207c9c282f2f89eb7ee0970a69a88ac;76a91439434af196a4b26e3e73c0bacc4f6c5599c1618a88ac;76a91454fdc29d5e0d58b4f3d7040b1f9d6c8e12c712a788ac;76a9140905a846d99d0f7607a25dbc63a6414b61205a0c88ac;76a914f1e7861f723935f0f3d2db5cf29023243a1f7c9688ac;76a914ce8510ce3900bf181365c683e183c7da5d8982c088ac;76a914c97475f0dbe97ca8b1bd234f7630e8641b00311388ac;76a91490710a4d325d3168788542b90ae568996575601d88ac;76a914ed2646d8934ff754a6bb518c9ab2edd6fb58aad788ac;76a9145399c3093d31e4b0af4be1215d59b857b861ad5d88ac,,stale,VALID,1901a36e,,,valid_direct_stale
devcoin,validated_stales,data/devcoin_validated_stales.csv,238,stale_only_publication,repo-data,126031,,285869,000000000000000132aaee801041431fa3ac66e61a5ffe240b08a25f32b863dd,000000000000000080fda0d11076f87896f31316261f882d13eae6a949845519,1392411945,1901a36e,867596807,0200000019558449a9e6ea132d881f261613f39678f87610d1a0fd800000000000000000edb4924a898c29ac9e7d57de1cdc4944576ec316f1e6bd4d1c696a12471512fe2985fe526ea30119077ab633,03ad5c04e4b883e5bda9e7a59ee4bb99e9b1bcfabe6d6df43f1fa6c771658caa14990e6da1964e50d9474ac295be691cce59098d809153080000000000000017ff4bac000001244d696e65642062792077616e676861696c6f6e67,76a914c825a1ecf2a6830c4401620c3a16f1995057c2ab88ac,,stale,VALID,1901a36e,,,valid_direct_stale
devcoin,validated_stales,data/devcoin_validated_stales.csv,239,stale_only_publication,repo-data,126096,,285948,00000000000000009d7d02db607108a899932a9b6009ad2bf936c4015fc4ef0f,00000000000000018f416ecd37c3c20cc81b9fdfcb8b6d2d5dd81faa2f9414c5,1392458790,1901a36e,337033474,02000000c514942faa1fd85d2d6d8bcbdf9f1bc80cc2c337cd6e418f0100000000000000d65a1f17897add2de52e8b7f7db1ca3eac3e5af7bdfc9a618768dae71433a127263cff526ea3011902b91614,03fc5c040d00456c69676975730052ff3c26fabe6d6d50419bd1321c5059763217bcec649439083958fedeccb27d4e18299c3c5deb910400000000000000002f737332352f0090e21e050000000043cc0800,76a914c2f09476cc7a73250ccd4da508d741f72a7ea36988ac;76a9145b87e3904ae8cf42cc9cd806fb14cb0f89be13be88ac;76a914df8edc46ca9bed3b8e7f65770e8159046fa9274a88ac;76a914f22f0baa9358b829c8ef4c4c587b47b50362722b88ac;76a914144c039ccb695bd1685a8f5233ddf3d177dc9d0f88ac;76a914a090d2f4ef16b682a94a219a6acb5f5af8bbe38388ac;76a914059a76d7b6a30bcaac6d04fca40f31d3866d298d88ac;76a9146f13015b454fbde17d70a2f477aa9a5dbe75864d88ac;76a914bc3ddfdaedb2283b2af2f7067fe9f6f1c0a583bf88ac;76a9141a09379ef9e8e7caa0f5b272cd1ec09e6504930e88ac;76a91424cafafe7e24f0b4a6f0fed9817c04eca1301ea588ac;76a9140f5857903fde92c79a603b9cdd85ed8191c3018888ac;76a914cebdd5c09bcd000f2f0e852b5a856b0c09be01e788ac;76a9146c784ede1f8775b2ead8488bd0dba98a8a17832f88ac;76a91408211a04ea06ba85d10acd76c8c75faf3621106488ac;76a91484edaea7ea11c72ccae3f7ccd0d4ad540da21f5188ac;76a914f9c980e621d8afcf16b8d9dd9dbe5d81392390d988ac;76a914f5fe3f8166c5fc7e23cfb7436b58511dd2b3f59b88ac;76a914f13d3c6ab654271a4b8bdcb6a13092ef25de436788ac;76a914c7286caa337dc381f123725740244a51ec026c1b88ac;76a914eed67a2018910855f156cdeee501b34ae42c2dfb88ac;76a9149255ccf77e6b909f62b5393dc76e051042d7e37088ac;76a914149c72922159415a6d0402f6abc600c3537a18d788ac;76a91471af7e535c95ea86a9d05950cf678db4738874a688ac;76a914da04aefd5b07fa476930eca308b5e905f7b6b5d888ac;76a914424f080f4a21a05a8567ab3113037e9238960ec588ac;76a9149a21f8e8c6faec79c99148399ff5bd628a9d104788ac;76a91462165aee6cc8a5f2d56bbd3763edc893812ea05f88ac;76a9149efe425b2b9d9a93193406be426c1535c79759b288ac;76a9145ec88542b09c462be0698f0e722d49d23c641ac088ac;76a914e1cb8e34fe82e24cf6109c4ac29e0d785b051e8088ac;76a9140932caa90e6bf19410722e6c6d1c329c52ecdca688ac;76a9149158f41c817b4ecad0c426f03d7fcd7033b2551888ac;76a914a41d5993e25722908905861fc476dc8181bc6fb288ac;76a914a21a7f3f94a8a4722916e091b3362a63dcf137e888ac;76a914559e0a32a928347d03b3a00c511fb67441a1322088ac;76a914211f7db0be5cb70a2eb215f3ad40d038491d9f9e88ac;76a914f771759b46b2df006e32054d46cacfc077bc639688ac;76a9146dab6093e496b44c96b6c1b0f583ad0af2104b8088ac;76a914db5ba820b041e6f78d2025974e223115ab2ffc2388ac;76a914d0f73bc832b9a59cc9007c285739b07877960c5088ac;76a9143a56aa199d900f9edd4b82a017cf88ecbc0ceb7888ac;76a914c92669252cb230613b0599b7a0236d623a37079988ac;76a914e2b328d04ab31eff8f1d22df592aa77fa7cfd95988ac;76a91499a76fa3b0fc9dc79b2998b2add98b296c3759c888ac;76a91499554aad89abeff33fc6e8028d39558733a03fa888ac;76a914022672185dc989b83a5a74d096578057fba4333c88ac;76a914d72a77e8da58b7f53c517c2ecb6ea810ea6cde4088ac;76a914a5a877efbc8e8f27473b3b24fa3aa3258045003588ac;76a914f68ad01129c037f473edc08f81dec32961e46d0a88ac;76a914241fe794b7d8759331833cc360e37d20712faff688ac;76a914a5702101191681727f991e5f5290e2eb8a2e141388ac;76a914ec7e7c6083ac168c9ec04c56aa71d4e52833bcf888ac;76a914ad3218526c57dc72af780738051f08abe17be48788ac;76a9145cf401d6b9ab93d5b42202d3c0c23cf9060fa09c88ac;76a914b75926530214b7a25f8c14540ff60eb71466accd88ac;76a9149ea23893af1819e384d6ce7698a5d7d98981766c88ac;76a91497addde1d13e6160f494f4ae4dcc83df8ddf015888ac;76a914edd83500dafb645790e05ef700725652c1d0593088ac;76a914cf26e7bbce67ee0cbff1e372eab497158a730bd188ac;76a914c657d70e390a49e1a1e9d4ce5c6c803e20d46a1888ac;76a914f9d6bb0d6aff133877842def7f23c6d8b1d01d2888ac;76a914d525bcfdaaf5efa19bb0a9dca836d2433954982488ac;76a9146717afe0b8f728385f66d38fba50dd6bad2c626d88ac;76a914995289e73f97d29ccad0881a95818a83c711fc2a88ac;76a914674a40b8d46a0ae8a3fd5c1f9c6c4d25a7c3bf1e88ac;76a914e23ed1e938c5ddda4a72c25066a0cd44a5f1356d88ac;76a914261569431ed47dea5f20e0a1bd14f4f46bfa912688ac;76a914801e618138dc2ac21b4d5eafc3a42e67c69b8c5888ac;76a9141b540cc8425ec11a28a42840683d52b0272b45b188ac;76a9149d52bba6f34064b8f68ca23f8cd392b36560196288ac;76a914c62f53639079d02b68661cf1c0beba91bb94990188ac;76a91494b7fb101aa747f9b1ccceb0e4267b26a440cf2488ac;76a914d8fca9f827395a7ae8be9ba50b660abda20f352688ac;76a914ba7026a8a214368cbe36b871d1c86c138eb71c1b88ac;76a91487310baf3d4c90b6f27f62994649e42868f0f28188ac;76a914506e30e09e7f447fbdd41395e163c09c924bdafe88ac;76a914517af7b48f2d01dd33e57ccdbc36a83253e1e9c788ac;76a914c3c1e86580149b7ba221e7b3b4b6f00bc40885d788ac;76a914f2fe7068882c02d87c96dee094fc3f8bbaf3b78288ac;76a914ea027debe6a62e5a9e603334284403a15c10d15d88ac;76a9149154b7c20676821bef4e0071d5ced478fc5dcfbe88ac;76a914ae7ac94e21e4531ddb96cf59bd1914b63c69ebc988ac;76a914229540ef498d0fe3617e5e7dd1baa756f01af72788ac;76a9142f17192fa51aaaf81da0ab8c880d66a5470fd9d488ac;76a914c4380a8a979278fa1a1d4115e258b9379e19531c88ac;76a914d7e7dca86897595da68929ba5160d7675180856388ac;76a914e17921a21103f4f5265c21867d5476148415b8c088ac;76a914f12359ad97be38c04ea997868968158dbd7df12688ac;76a9140b8198ed9da452437b5bab9eaa390a93987f9b5188ac;76a914c81a1454fff16f88a8251d3068204597485bd61888ac;76a914f599f9b4561c8df1f5b700499fdc563a1bb511d888ac;76a9147aced6bb4edf9806b52ecce22aee607542d7223188ac;76a9147243c5b1a9e5dda27e37895cb2ebfc5c23f65bdd88ac;76a914bf57beb05ed5a8ee654bd86a56102cc94a7ce15588ac;76a91473557e070a4bdf35f38d6991dd86292912b87df488ac;76a91481c377142d64cf834ec2b32a15bc3a44ebbb115988ac;76a91489e3baeeb7580e7b27ffb4f2b387753a7a1220e388ac;76a914f46b839319faf99a735ef91cf555628710c1348888ac;76a914a81d979977f19d0e4abc0f712c54e6880706b29a88ac;76a9145dae6bdc2fd5a65a842e41b795a5fb7da17501d988ac;76a9140c0df027d15eaf79c3566e469e7042de7f9f91eb88ac;76a914f63799852fc7b365a117f679dacbb276e9dc66be88ac;76a914aaf138dd60ae35e23d0795ca770b5e251ed2013d88ac;76a914ffb45602b3710e1977b81a27e1ae36e4c169ff6688ac;76a914634fc57b9eb8b2d528b70aeeb0099ad910d32fa788ac;76a9141eda300b746041304bff72b4576aa49319e8555d88ac;76a914844a8ce599c71111bcd453e090cecab866942b0988ac;76a9141a3152d486a48403bf09a9e0856e7f90823638fb88ac;76a914849255f32af12b296682434836c0c9b42a2d374388ac;76a91406215609f23da767b2985e679a9dd6de8171d4b888ac;76a914487bbc5e514b76c1b415911001954bc01f86acdc88ac;76a9141bd1ea9f05ef4e1e5ef7c906cc271635af6d91db88ac;76a914d67530579969ce3ee13b802c1530ad044b8c850488ac;76a914547a3a25e785c0e20a503bc454ecac54722aa42588ac;76a914cd537fd44a6a893f1c77c2768bae26bb819f925788ac;76a914c7e3869f0b0cee1aad3beed3955f2320dc064b8988ac;76a914bb96ba1aa2ef0e4771a330341a2b9e97532980da88ac;76a91488a00e7a4400ad1d021272e7b02acdc01adabab988ac;76a9143101cac6173a99b9b29920b7f68e53878bbcd7c188ac;76a914b042e73ce64bd28287944b1d26e5d9498df90da788ac;76a9145c4b4f42302fdb7a3245a39cdeb33d97784b695f88ac;76a914924e2d9f9aa4cd9506f8b9be184585ab8c9201b088ac;76a914bf7d3e7c5ba3a5fcabe80da42638f6a104b91ee388ac;76a914f895047851e3748f220985526a80a9ea5988ec0888ac;76a914cb1682cb0941a0acf415adfdaec9f67e78f7b25c88ac;76a9146a4c91d5e94c410508bc306ae1cdebec71a3bd0f88ac;76a9146eae9a90481df8549a4d73f26c2a24d1a435260f88ac;76a91414361be369ef8b13f0c163273a40303919e5e0a588ac;76a9142beb91f2a04f2b5093b0a0ee72a739852f13a5a488ac;76a914e84ce0badf8a76c466acf19565d20702c010bba688ac;76a914ee6cc3c3b18fc633afbf386252f346c17c7b481c88ac;76a9140b05c6ac4a32c14966b883ad1c1f62886aab2b5888ac;76a914b33c1105f4e45b31eb2de9fcd561985f092b239b88ac;76a914d5262be1ae9a419b382a27d7f8b6f049958c599c88ac;76a914cce6de334368c59370533fc2a43689e7e569efbb88ac;76a914364234c09c09196b5f6613fd0872bd663e608cb888ac;76a9142a51f6a3a200b97b6ebb62fb9cda4620086d5fdf88ac;76a9140f9221d48ec5003ce23ae380bd35efbeab3f24aa88ac;76a91463a0a5df80b1563c5c3f71027c4345971036301e88ac;76a9144742d13c0d247aae9aed6764160c208c7063634c88ac;76a9148041d74e20e69ebe3ec37c57434cee842ba1bd1688ac;76a9145399c3093d31e4b0af4be1215d59b857b861ad5d88ac,,stale,VALID,1901a36e,,,valid_direct_stale
devcoin,validated_stales,data/devcoin_validated_stales.csv,240,stale_only_publication,repo-data,126329,,286287,00000000000000000ebb080435bf874c8168c156073f032b7ad5226bb978e87a,000000000000000030fdce63160521ca9355c4359ab823a1b413b994d70df4fe,1392602742,19015f53,3293734040,02000000fef40dd794b913b4a123b89a35c45593ca21051663cefd30000000000000000008ddfebfdc8075d6182e7167f47746619d2ac0a1b551e9971720372ccc03bb8f766e0153535f0119986452c4,034f5e04e4b883e5bda9e7a59ee4bb99e9b1bcfabe6d6ddc77423c9b05ae110c8ba6cb06799cf8ca35ec919348b629c5f5f86444e9b2300800000000000000063e348e0000597f4d696e65642062792067786d7132303036,76a914c825a1ecf2a6830c4401620c3a16f1995057c2ab88ac,,stale,VALID,19015f53,,,valid_direct_stale
devcoin,validated_stales,data/devcoin_validated_stales.csv,241,stale_only_publication,repo-data,126339,,286299,00000000000000000114468c1ca7d0a4fba19ba0f7f9e87e9841374e31d7cfcc,00000000000000015d3d9b5d102155811614b190ccb143cf77873da1d7606f9b,1392610121,19015f53,3744136136,020000009b6f60d7a13d8777cf43b1cc90b11416815521105d9b3d5d0100000000000000c26b725cf5cdfca6909705fbe08c30f70e21add535e83e36ad7ea1e1a328002d498b0153535f0119c8fb2adf,035b5e04e4b883e5bda9e7a59ee4bb99e9b1bcfabe6d6d42465c4384c0403f8a5fa130693353476d3c1ae16e8df09297a6fcce3e62c2e40800000000000000aa84a34300003bf64d696e65642062792073757065726c7463776f726b6572,76a914c825a1ecf2a6830c4401620c3a16f1995057c2ab88ac,,stale,VALID,19015f53,,,valid_direct_stale
devcoin,validated_stales,data/devcoin_validated_stales.csv,242,stale_only_publication,repo-data,126398,,286371,0000000000000000abc0aab5990a06dcd313cfa60589edcfb4f4858388dcfe0c,0000000000000000bfba95ff20dc5abc6b03fb2d0763d9910943c562fe95012a,1392653448,19015f53,2631494505,020000002a0195fe62c5430991d963072dfb036bbc5adc20ff95babf0000000000000000a1a594823fd502facbfe3c5bdd5c947cffa9367440105b2597b3ed8feeb7222b88340253535f0119696bd99c,03a35e04e4b883e5bda9e7a59ee4bb99e9b1bcfabe6d6dea60f509a875d617f0458f9de098f7a32f96f7d8e65f1e0c66829e54dc0f8ae60800000000000000cfb6c6a40000100b4d696e6564206279207673646a7673656131,76a914c825a1ecf2a6830c4401620c3a16f1995057c2ab88ac,,stale,VALID,19015f53,,,valid_direct_stale
devcoin,validated_stales,data/devcoin_validated_stales.csv,243,stale_only_publication,repo-data,127213,,287443,00000000000000006cb09a541723399a86bc36a3ffe1624a128d88703ceb0cf6,00000000000000001142365fc27f51b079d1ca0c177d26b34ade59034839fb56,1393190980,19015f53,2375590135,0200000056fb39480359de4ab3267d170ccad179b0517fc25f364211000000000000000014a0735167ee03d4a9afff7a1434b98f3fe820a0116d50e7eef9b3208465915544680a53535f0119f7a0988d,03d36204e4b883e5bda9e7a59ee4bb99e9b1bcfabe6d6d14cadcae8b263ac1a2aea19b8c8cc992041ff84afa7ab11e3f6fd46bf2b453c608000000000000008bd9eae7000000324d696e6564206279207a616f62696368616e67,76a914c825a1ecf2a6830c4401620c3a16f1995057c2ab88ac,,stale,VALID,19015f53,,,valid_direct_stale
devcoin,validated_stales,data/devcoin_validated_stales.csv,244,stale_only_publication,repo-data,127301,,287557,00000000000000002dc2a1b22219e7880f331e6c56662e37b7ebc959d952077e,0000000000000001375286b8d5ba6dbc3ad878adb7d591a526ba73ea09a02bd6,1393240961,19015f53,3563441424,02000000d62ba009ea73ba26a591d5b7ad78d83abc6dbad5b88652370100000000000000d6c0107aea62e7c4c353176b9a59a9d6ed415328a236d71117c1e220c59c6c6e812b0b53535f011910cd65d4,034563040d00456c696769757300530b2b81fabe6d6dad00efecd0837c4d963a795647f817737f0fb26d71540c5a8473a1985581a0ec0400000000000000002f737333342f00100afb0500000000646b0100,76a914b681557e0f977e6c6dcdfefa09f8ae2ecf44392588ac;76a914ffbc737bc169877aa1d0112c7134d8387e44d68188ac;76a914bb637e5e232c61064ab3e2b7dafd2a7a11f3f97688ac;76a9144ceaad76812046605a376e934da9c5e7ef71c1ce88ac;76a9148c1a79a560a0ad8838b5c52d4ef7c195cd3f07cb88ac;76a914f96e758c7d623fddb9b28791bd33a85a78c55c4588ac;76a9145092bdf8b5db0779b2e304d9621c1de729cff9d488ac;76a914fe14cc64463da4f490198e4059ba7ad251d22e5b88ac;76a9140ab40ffbc4b781ee639314b4da8b568e12159a4088ac;76a914532ed123eac5ded68d7f04854286dc37d757590888ac;76a9142c19ce326e803ef020336fa1e0f07d1db9d4827b88ac;76a9140516bcab1bfda2380e286cc6961cc688453443c288ac;76a91482dcad9d4c8cc5aa967b8216b858ce91eec7c30a88ac;76a914cff1deada2a2cf917dfa81a39f603d557209880788ac;76a91475bc0497966450df9feefbf61d5feaa83c14119388ac;76a91499a3a22f8ecb761603b09f512fdf0eac62ca7a0f88ac;76a91409b3e5a5854093639b260ab46954c318e7437cd088ac;76a9148f2dac4db3315d41881820a9f55dfafbe57f686688ac;76a914a7ce557935db625aa6c7b79fb63d95cdc49246a188ac;76a914003e3fdf3770b1703ed681f4e64d69453817d38988ac;76a9142b00905202ac20288c271f4b27b028c3a0fd99d488ac;76a9145df1693fa1d45334003304df52b2bafcad099e2a88ac;76a914db5ba820b041e6f78d2025974e223115ab2ffc2388ac;76a914f1853ce05deb8238946b68f2d1f989e54e68ed8588ac;76a914d4c50aa0d32baa69a33d390e2869182d6ef5f10a88ac;76a914ae24219c2a50601c4c0156261e0cfd80a878caf788ac;76a914e5ad69fcb1a3568b20c8e43fb4bc45c1f9226e7888ac;76a914d9d9e1f0c59de90ff4298d1042ac4270668d9de688ac;76a914276b3cdd23505d58156ba07fe88b878c4276e17988ac;76a914ebd46751f929f61f3e065102b48ff4b154172d5288ac;76a914b6b2a33ba1d19a713b5c2c806c200b26c6157b1788ac;76a914c0eae944a6855a430c756d51eabb57cfe0220e8588ac;76a914d53ace508232d54cc9108048ac8b149199dc57f088ac;76a914b8bc63818161fdbe8c5c30919d8c5ccbd28b153888ac;76a91486d53b01b16389fc69d345aa2601e9a3b8a3857388ac;76a914f65641270e7e5285ae37a74eb482ccde6291351588ac;76a914a475eeae1b256bc8fceee5d4dbc4fd47f7051fb488ac;76a91459f0d21558cbac53910e2efa3f249ca5fc8cff4488ac;76a914d8ee89c2242d794905883e97a7935b165da9482988ac;76a9142d99a8a753926b68ea9b502cf701d049eb4808c288ac;76a914022672185dc989b83a5a74d096578057fba4333c88ac;76a91405c707e43f08f48cc2f40274ec1a30f38256428f88ac;76a914df28bfc96289aa5f35ef9c324a15b9beeb87949388ac;76a9147aced6bb4edf9806b52ecce22aee607542d7223188ac;76a91495bae41c77ed1738d43fd479949f8b9096ffb82d88ac;76a9145be8685f6f766178ddac7067e50eb017963852c988ac;76a9141954e605b648c460103855379a99522e18142d8f88ac;76a914b6930d98cbde147dda48d60a0158bf4f84a3241d88ac;76a9144c8536df14b38abb83920137e5618bac2ac5409b88ac;76a91488957ffcf81c27e71a9bfb007439901c1b0697a888ac;76a91440ab980acf1adb7e42e18fd48eacc3259709f31488ac;76a914fd5e962b99530013e2dca68a9b8cbeb01c17af0d88ac;76a9147a2ddbc4e440c82580f5c1716116bcf14837f89988ac;76a914d525bcfdaaf5efa19bb0a9dca836d2433954982488ac;76a914ab92c27c88b999d6d24df6551f51fb83242c3e9088ac;76a914b38b34e16680f2b3a1ff1c5765d3442e563daf7e88ac;76a9148fc12d563cbd2905d5c82664251d3c29e62bdb4288ac;76a91419e58d44bd045e8d344907dd82111dac2669000188ac;76a914ecf0dfe07072afaed4135e99c70072cce2235a7f88ac;76a9145399c3093d31e4b0af4be1215d59b857b861ad5d88ac,,stale,VALID,19015f53,,,valid_direct_stale
devcoin,validated_stales,data/devcoin_validated_stales.csv,245,stale_only_publication,repo-data,127408,,287715,000000000000000088c4d75005ab588da15ca5b7c6f0223696664336b3e42997,00000000000000000e991ade07a2113c79bd37383fe62f1f6a2071732d181065,1393316794,19015f53,2125501282,020000006510182d7371206a1f2fe63f3837bd793c11a207de1a990e0000000000000000da27a3abbb259d10023385255e0ef769aab568d1cd420ab60654ecd20e610c8bba530c53535f01196293b07e,03e363040d00456c696769757300530c53bafabe6d6da4669527a7a1110fb4f96a1e9db94021709ffe9bc9161efe3d3e41633333251f0400000000000000002f73733331342f0050e9c41300000000480dd405,76a91440762c778af9656217b8160cf7b0b9e0ffcd669788ac;76a914f779d3a86482e176770024ef10f5c913e8f0425f88ac;76a91470f7c18d16b91f906605928772b511b19275159788ac;76a914bdc091392285cfecb57cdce3760375ae16fbf68a88ac;76a914130ab421e157cf03dd218675bf7c59c0729c89a688ac;76a914231480d9670df8f4d82bcbc9d64aef667e2465af88ac;76a9143438fb02ae3bea0c3b6b23f21154abe05b84ad3388ac;76a91438ac6c5c53153646c31454113e9db946dc49a78288ac;76a914807add50207d2ed8ae7eec63c11b939d1c46d35f88ac;76a914b380fc542fc720bb6caa111158d28a8a9b0e127388ac;76a914991b55265292f68c2c21bf29777783662961a6ee88ac;76a914f96fe0f15b59bad73506aac735f5fe4b3c86ba1388ac;76a914b5945df721fd42b339737c07c24ab36ee3e7c1ac88ac;76a91495fc587b7eeafd78e1910e5340dc49c4b3eac29888ac;76a914f23c03be41e15d7e1010a2dce6a246f7953674e488ac;76a91417e2c9507eab839061b6efde4bdd06911cebb6fb88ac;76a91463dd7f90e949f8e354415233e51d3392d4d8f55288ac;76a9145399c3093d31e4b0af4be1215d59b857b861ad5d88ac,,stale,VALID,19015f53,,,valid_direct_stale
devcoin,validated_stales,data/devcoin_validated_stales.csv,246,stale_only_publication,repo-data,128211,,288737,00000000000000007a63e153b46c63e1e15f8b23ae43b5a4172312397355a640,00000000000000003258ec44ea34c98111234904ef7642608922f9b8b296067e,1393853197,19012026,1241078862,020000007e0696b2b8f92289604276ef0449231181c934ea44ec58320000000000000000ad13cdb62d02cc1819e2ef06d709fc3b50e557fe0266a39626d5292ea29889050d831453262001194e5cf949,03e16704062f503253482f0402831453087401b10402271b7e2e522cfabe6d6d3cbb07633a79f7c337abe0ab1f3d0e95dad2d10c782cc056bbb050a7b4cbb8f50400000000000000,76a91480ad90d403581fa3bf46086a91b2d9d4125db6c188ac,,stale,VALID,19012026,,,valid_direct_stale
devcoin,validated_stales,data/devcoin_validated_stales.csv,247,stale_only_publication,repo-data,128319,,288848,00000000000000010bdfaf70e75e00b1cc6fe34ec45b5511d4d77eb906b0cb67,0000000000000000890647bf44e993cbc75c617bd3fb15b82a95bf9048b0ab75,1393916862,19012026,258892149,0200000075abb04890bf952ab815fbd37b615cc7cb93e944bf47068900000000000000000504db22db63929809e8fa29ebca9606fcf932e406709ef711f359da8844a554be7b15532620011975616e0f,035068040d00456c69676975730053157ba4fabe6d6d9e84227dd0d43aa1b73df2b7c6c169d2620a95be6676eea035eead56cec701fd0400000000000000002f737333342f001073430a00000000df6a0000,76a914175e124fc68fd793583c64aebea7fbadc2ee018188ac;76a914b6c3b6baec2522bcf6c3b46e6f67a78cdba07e7b88ac;76a914d85f7ee6aab0cd4e88d58ed26dc1496f161d7bfc88ac;76a91449eecc693c076c892389a4412b87519f099e551688ac;76a914da4a2a825753086eb15037e62ed2f3fb02404be588ac;76a9141d5f60b443d3a2cacf7473445c7a8d09bd97a1dc88ac;76a9140c086471055d3984f42028596073c71dac06d4f888ac;76a914c29f1944cd3c7602fa453cfd9662d67c9ed3eb0588ac;76a914735570111c294fa5a8ebc71eadd67a05d32798af88ac;76a914076d4ed7bd7e854cd442addb060e9f3f3bb9166588ac;76a914a5b444eaaff9ebb61a5e95d2769819a42c9fab8c88ac;76a914eee98abdca547a36f79eb1badcfd0cdbcc27ca4588ac;76a91475bed242e9b2cf5b4d45ef9f052be369067eae6888ac;76a9145b6e032009e660b6efcc3be11cc00f588b71048b88ac;76a914621e6a87925527b4fa9808dc5c021c1c85ee37d188ac;76a914a982c0d5f7e9a383fef60ba1c78ca4e95f7b7ad788ac;76a9140e140244b5be7dd833ab77bbb0ad83eae9fa248f88ac;76a914a70482ed65f5cca61d0e6a717cb9e94217881b4d88ac;76a9140516bcab1bfda2380e286cc6961cc688453443c288ac;76a914d3f30addfb4230140ebf720b6b0314144d1f96ed88ac;76a9144d14ff388d47a88dc24b8e14752f76ec0843813088ac;76a9143877b908e3f44445c22f7644a6618f08c8c83c9d88ac;76a914e0ffc260f75f5cae95f9f6dc4fb4c8262c76221b88ac;76a914817fb55106d2a485cf8aab013b4ead28adb6eb4288ac;76a914caeabfcbbf06a3ddfab578d5f50f90de5b9d0ebd88ac;76a914ebb2df59b79c74e34d698bcdfa77b36e72f55f0788ac;76a914003e3fdf3770b1703ed681f4e64d69453817d38988ac;76a914ed518be0a59993ecbf7a5b163db3e2b83a7271a988ac;76a91401e2a11c2fd3e2524f1351282dcb923ab53b0b8a88ac;76a9140919001fdbf65eaca05b0f89bd34263432e6a5c588ac;76a9141f356a8aaf3c9e57f918b284bce9f70f08e850c388ac;76a914cde03d3274ce84fff50699db96eedfbf2d479bbb88ac;76a9144651265cdfb4dc7e562819a11422006287897bd488ac;76a9141217c5c31750df28794b73986d1c94cca87c0eb488ac;76a914d60f066c7a7d73a6fe7f5c0642853a610c1b34dd88ac;76a914074411aa6fed2ec86c39607ebef573dd3c706b1a88ac;76a914fc69216acdb04607df45d1f4ea2ada469fa3dd7088ac;76a91482cab48dd3c757eb3247d2ed0cc4861eece0716c88ac;76a9141be55c6e94e52251d511d9acbdace7f337494b4688ac;76a914c432ac2c2885fb65283648e37ad86e7b5ac46b2188ac;76a91433d93b79e660ed4e33c321667be59097b7b0e20888ac;76a914c29e5ce729a0717bd7f12e3187d41ce942bb4b5e88ac;76a914405f4b5fba6688bc7d52a1d7ef9e154d169634ae88ac;76a91435f209952f1cc87f7a70134940e32a9de39d051088ac;76a914981c3809e789b2e4117aef45aa468fed2a01caf788ac;76a9146824d5232673572e9208eac4de29a5281944ddba88ac;76a9145112f3b62c888bac785033f6fdd4bf1b3ae9c5d388ac;76a91473557e070a4bdf35f38d6991dd86292912b87df488ac;76a914f0a6850442b95b2d385c1dd43aeb8a4d88a6f7a988ac;76a914c6b3c5bd48b31b52f3a80db4349394a330d6feac88ac;76a9143b786b88984011bfc881ea7a5a4eee97033e2b6788ac;76a914402fd7031f1c688f077b7ac275ec1ce821f616bc88ac;76a914db1fbfc063ce564df8a9ac1675b002bd9fb8cc1f88ac;76a914ca0f9bded9efeec601009d494fb83532401ba67b88ac;76a914daeb95cfb906edebb25f14d2393b7074d2fa0fa388ac;76a91411554c7e05dd1291a990a98768f5486f35d6d98f88ac;76a9149e80d51dfd7a520a7bc97a1ba9d2bf695b1bab5088ac;76a914f1b4b3f674f5861087f939a6aa5a9453cf56ff9d88ac;76a914d489ea14b7a96be090243e7c3cbec8fecefd576988ac;76a9141bc30ae9d01ad3f4f953b5d6a5e13bf0942d1a7d88ac;76a914c4e58560e702575fe9c4830ba0af71304d24310d88ac;76a9141c7bcd520759e42f3bf7d08d0929cf1689730e9288ac;76a914558a9c6a0604f479edfa71dd0f17fe5cae23158888ac;76a914a3126eb78d1416fd32d81eb5dcece4f54f27f26c88ac;76a91456feb30d3b351d273f76034928f4e18704ad4d0388ac;76a914ba36181c5d7623298baec7f539f94a4fa781858888ac;76a914bfe1c4ef6b4e79342b938c6073b27b1b54ca64a188ac;76a91454ee68acb507d1155f2266d75c802543f536f00888ac;76a91472b678820308e425bd351985a923a321c731929288ac;76a914f2e95565ed9627ed6dc9503d76476f7a970355a188ac;76a91478eb1834c74c93d844e2f877b0412f54987ec09788ac;76a91426bb52d72de1ca3f30532ff6513f52b1cd950f9688ac;76a914cf058f0510fca45b523505a3cbba385ceaf8454888ac;76a91403fa12f00c3790e4b25a00a15ec7ef18f6105bcb88ac;76a914dde32c97a23abf05bf53cdcb3a491f776fc6de5488ac;76a9147cd16fd12adf908bd4c9af31126f04e6a5e17b4588ac;76a9143518b8c2db41d6f90eaf704ee2193bb35ad6756188ac;76a914096a46308a162824c32eb7a8804c72448d937cda88ac;76a9140b4c52fd172e22663af315f189e251e536d3a17988ac;76a91479c6e8ded0b67410dd59d11a4f34816625e700b988ac;76a914b8c2ca8fa0be60698ae193003f505ba520bab05188ac;76a914995289e73f97d29ccad0881a95818a83c711fc2a88ac;76a914cd1ce00c07c9cc4ff7520fa3d91f04416d48bc3c88ac;76a914487bbc5e514b76c1b415911001954bc01f86acdc88ac;76a9141bd1ea9f05ef4e1e5ef7c906cc271635af6d91db88ac;76a9144a89de28bde600f9e6fdb304051ee3e69a335fd388ac;76a91413b657d8523b3a55121b957d7972e6e5612f1f6c88ac;76a914d6b56bf11374eca67d9b94c9ed686af7e8401f1488ac;76a9148949cba46362f68c1665ab2c4d4a06cb27a05aca88ac;76a91470afd0879f1f51edfcf15fbe6b2b8b21183643c488ac;76a914c4acaa2f0b63c04a4f59cd2c4874365d6b1d16d088ac;76a9147d0f60ee340fdd78f1a39ea815d142c46db06b4288ac;76a9148a014792c51b959f0b6568ac5c3fbd6d9e1be5eb88ac;76a914ac6ff7b58d46b8a722accb8bb8f275fbd5053d3788ac;76a91478846e65fe5eed9b675467bf64d57ce37add633688ac;76a914fd15a0f81935be381236cbf7fd20c1df0dd1146288ac;76a9144177033046fba2e4ec495e23dce34592b2e71d6488ac;76a914d9c3060023896ab4836d2fe72813e657541cf55e88ac;76a914c0add9dd4ccc2e06f75b23814d3e66d4c4e8813888ac;76a9140dfb38f1fab1742e42a742ec8a5e25f394835ba988ac;76a9147987215ba970df26e74c2b2b7f0ea5f760eccc6288ac;76a91472db622ee0ba2e9b069ef170f6db1c7345c50fd188ac;76a91419bc0008448ae6caba0d1a06ebc6de2c8d36d4a988ac;76a914165ef827e9f1343b72a5e75033bafcfcdfca6c8788ac;76a9141f3dfac5997dc2c4562ab10646595c3b75f080fd88ac;76a914f040550482caff84ef536a49c7bc2bd1e37ad55f88ac;76a9148eafb1970e427d4d6ebb213b737b7dcdc96791e988ac;76a9140d37f0f7edeae22e7ab7524db57b3885c0a1844f88ac;76a914a3ad0029fcb8b5ab9eeca0dcd4c929dfa48a155888ac;76a9149894681c17daf0ee1f2d657ac032b58c4376a8d488ac;76a914a324149853252f14c329e7b65d85f40e0f6eb1b688ac;76a9143d8dfebcc9443bce7c7af9d0fe49d05c268bc1c788ac;76a914f3383b6dc550c9da1bb1cb95189d8b535dcbd78d88ac;76a914f379c83fe6b2ce7c8cfc0f9c624d261c3e2ee3ba88ac;76a914aba5db61289444e32c054892e16be595df36c64488ac;76a914f1b236935d2f69575e9726cc707c6078997393be88ac;76a9141d63cc0203a0581d6c6b96a67b93aac299a7332e88ac;76a914ee6cc3c3b18fc633afbf386252f346c17c7b481c88ac;76a914b33c1105f4e45b31eb2de9fcd561985f092b239b88ac;76a91463a0a5df80b1563c5c3f71027c4345971036301e88ac;76a914318348ceade595b7834d72b42666db90083d912588ac;76a9148d1f554623c9980bf19dadab4536b7638268436888ac;76a9145399c3093d31e4b0af4be1215d59b857b861ad5d88ac,,stale,VALID,19012026,,,valid_direct_stale
devcoin,validated_stales,data/devcoin_validated_stales.csv,248,stale_only_publication,repo-data,128325,,288852,00000000000000006f75d48736c4ef373a3eb6bd9541814e3ecb142d028a8378,00000000000000007d99bf5096ae8d30387425187fc20e68de2156ecbbbdffa9,1393922969,19012026,2140841616,02000000a9ffbdbbec5621de680ec27f18257438308dae9650bf997d000000000000000000eb2224be0d46553866b49a168a0e28141ff013c2364e609c09d009fe7346c5999315532620011990a69a7f,035468040d00456c69676975730053159392fabe6d6d3f832b0bc0c0f956b8c4a83267067fffeef0d4a7c9b5a9699d1a8f40d9b1ac880400000000000000002f737332352f00d0a63b05000000009e080000,76a9140493d62912ad4ae27c4dccbbed253cbc711d31a988ac;76a9145399c3093d31e4b0af4be1215d59b857b861ad5d88ac,,stale,VALID,19012026,,,valid_direct_stale
devcoin,validated_stales,data/devcoin_validated_stales.csv,249,stale_only_publication,repo-data,128665,,289235,000000000000000027fe47a3f48bfb6210905e5fc0ccc328592c5905e3f1669f,00000000000000004e3b78bb5bb9bf1eb78f2c538611796e462f12bbfb2315b6,1394132008,19012026,2106656044,02000000b61523fbbb122f466e791186532c8fb71ebfb95bbb783b4e000000000000000040c243e04ef7bd41885f8e89a7dfd0f20145e99d6933f8fcbaceca48a70a091928c41853262001192c05917d,03d369040d00456c6967697573005318c428fabe6d6d7f51899bfc2d97e0882d5fc7910d31e6be198fad19b5c9d5b599a36a6bce904d0400000000000000002f737333322f0090e15a0600000000ba6b0000,76a914042d92f5e973559ad0502ab52d2512264899f5b188ac;76a9148005dbf385fde39336b7ac01890cb466308e94fc88ac;76a9140af5bd863b9c9448db5789099cfe8863d2cbc15088ac;76a9147c183236d90f9fee1868a37b66b93c22c7c6b6c488ac;76a91437acb94f6a212a1ae091945b8fe7f78e01cbb4ce88ac;76a914bee5ecc57749f569f05daf1191547b074a24a81e88ac;76a9145a073a3cdc8c21856930f14596fe1a8e0152d26a88ac;76a9145f1a6dc5a0da0ad4de0ceedd2a3c3d3e7e9ae09088ac;76a914ecf0dfe07072afaed4135e99c70072cce2235a7f88ac;76a9145399c3093d31e4b0af4be1215d59b857b861ad5d88ac,,stale,VALID,19012026,,,valid_direct_stale
devcoin,validated_stales,data/devcoin_validated_stales.csv,250,stale_only_publication,repo-data,129179,,289898,0000000000000000e1e40ee759ed5c23f9cddb3241d50ca8ce7d4adaf74db44a,00000000000000011f6c64032947c1589ad603759d7516a561124f6cdc7487c4,1394474314,19012026,3015605924,02000000c48774dc6c4f1261a516759d7503d69a58c1472903646c1f0100000000000000a1f306f69c2f5d358008c54a4a6a568201f68b07d347e48bc788246270bcc8f94afd1d5326200119a47ebeb3,036a6c04062f503253482f0415fd1d53083f98674b19765ca22e522cfabe6d6d6157c80d07d72af032db7e3714bbc947bc64ff8b9214f871bf23d436258d60e10400000000000000,76a91480ad90d403581fa3bf46086a91b2d9d4125db6c188ac,,stale,VALID,19012026,,,valid_direct_stale
devcoin,validated_stales,data/devcoin_validated_stales.csv,251,stale_only_publication,repo-data,129316,,290091,0000000000000000fbb4218a78acd3ea9941e1d48fd85d30f76876b31691eda5,0000000000000000c1564a9c1bc2cfe2e8e62cf62557b8e77fdcbebc235e9388,1394573652,19012026,3826765017,0200000088935e23bcbedc7fe7b85725f62ce6e8e2cfc21b9c4a56c10000000000000000acb1f070b53c6cd8112cf53c4a8436df8f3821d57a2762a7277a86d53d67ac0e54811f5326200119d9cc17e4,032b6d0438fabe6d6d1634a6ccb6f01370533a4f67636ab1042756cafe4711802850159f46132db40408000000000000009bec02d0839efe240e0f6c25,76a91466589e7031b5bb0a8ed1df0f4a3c273d3cc0f44588ac,,stale,VALID,19012026,,,valid_direct_stale
devcoin,validated_stales,data/devcoin_validated_stales.csv,252,stale_only_publication,repo-data,129382,,290178,000000000000000072cf00ee6784478d9f1c8c07f9d31385a4b9b95b6074f690,0000000000000000afcad9265e8b44bf1171a08165c09b329fab2893bf13ec69,1394617282,19012026,959194647,0200000069ec13bf9328ab9f329bc06581a07111bf448b5e26d9caaf0000000000000000ddf463a289a68fee11ec78c47282f1e6e157e3ab692262c30f486911f6b39851c22b20532620011917262c39,03826d0438fabe6d6d80babee7a01cd0d6fb7383c6ded1781bfed4ab408ad85b0a1f9cb31ad80e89390800000000000000ff956c7d932423afcb2c0000,76a91466589e7031b5bb0a8ed1df0f4a3c273d3cc0f44588ac,,stale,VALID,19012026,,,valid_direct_stale
devcoin,validated_stales,data/devcoin_validated_stales.csv,253,stale_only_publication,repo-data,129683,,290543,00000000000000002420584ef35e70060317168be54aa9e352d0a962c622aeb6,0000000000000000d0fbd457d619fef91eae146d7c60b3070909a6c9a00df4e6,1394818465,190102b1,3370147004,02000000e6f40da0c9a6090907b3607c6d14ae1ef9fe19d657d4fbd00000000000000000202907c49c2915c58982b708c0b88f9de8a671490ce61babe0b137e663f974e5a13d2353b1020119bc5ce0c8,03ef6e040d00456c69676975730053233da1fabe6d6d86cb311c68cff69e72ae3f0c1bdc981697871446eb7518cc0d9ece5c2b426bc10400000000000000002f73733331342f00d098c8060000000023a42f01,76a9140493d62912ad4ae27c4dccbbed253cbc711d31a988ac;76a9148041d74e20e69ebe3ec37c57434cee842ba1bd1688ac;76a9145399c3093d31e4b0af4be1215d59b857b861ad5d88ac,,stale,VALID,190102b1,,,valid_direct_stale
devcoin,validated_stales,data/devcoin_validated_stales.csv,254,stale_only_publication,repo-data,129697,,290556,00000000000000002e2d4915f884569100cb032f9138af42d2f59256e2267d73,0000000000000000254e54667e9de468b555f2fa293b0688081f6128c9587c0c,1394825571,190102b1,763533317,020000000c7c58c928611f0888063b29faf255b568e49d7e66544e2500000000000000000001e97896278101ee3240d2f997b11c889a38d0b680436973e29fb7c0d9801d63592353b10201190598822d,03fc6e04062f503253482f044b5923530835c4b3392e1c00002e522cfabe6d6d1769eb6a3cc161d759e399a56f34d0029a0e6c7d1016c9ce8af3ca3bad4a42d70400000000000000,76a91480ad90d403581fa3bf46086a91b2d9d4125db6c188ac,,stale,VALID,190102b1,,,valid_direct_stale
devcoin,validated_stales,data/devcoin_validated_stales.csv,255,stale_only_publication,repo-data,130249,,291227,00000000000000000f86c4bc2cab38b65ddacddf4394eb17d99953dd45b487e1,0000000000000000d57099fdb3e85bdbc6e2a6c8fdf400e798c14db8f05ba453,1395184591,190102b1,103971942,0200000053a45bf0b84dc198e700f4fdc8a6e2c6db5be8b3fd9970d50000000000000000afbffd87332dab3ef410e9ea31c5fec5abd9101262cc38e24c8ad1e9b0a945b4cfd32853b1020119667c3206,039b71040d00456c6967697573005328d39bfabe6d6d76a348f6384536b24c44a16d3b9429ce48b98fc0911be7581aff3345ccb24bf10400000000000000002f73733331302f005051a40600000000ae080000,76a9140493d62912ad4ae27c4dccbbed253cbc711d31a988ac;76a9145399c3093d31e4b0af4be1215d59b857b861ad5d88ac,,stale,VALID,190102b1,,,valid_direct_stale
devcoin,validated_stales,data/devcoin_validated_stales.csv,256,stale_only_publication,repo-data,130402,,291425,00000000000000006fdd524886d3d4088a4dee7036fff97ee43b587469fda6c6,00000000000000004411b0ba723bce1525ba550dbcf7d154219b1b7880c681be,1395286442,190102b1,3068147793,02000000be81c680781b9b2154d1f7bc0d55ba2515ce3b72bab01144000000000000000085f8e43f1d767469c35034f6c053de91161dd52baa617223333d780df9578d04aa612a53b10201195138e0b6,036172040d00456c696769757300532a61aafabe6d6d108615f81c28524ddea3667b00f6900025b0ddc1906193b2795cd99f5f6d45520400000000000000002f73733331312f00d0b450a2be7f0000f8250000,76a914796da03c2b32c752343e5e91fa10a3906766cd1a88ac;76a91480a26b14e5db6e5712c2e6c511aff1038d49fd1788ac;76a91410211962fc20bc2179a972ebd62deda1a3315ccb88ac;76a914467b987828b69998a0502a4c574c59e305c90fa888ac;76a914534764fb2f6e4fcab01789036135c5b6eb1ffd1e88ac;76a914e791506f74035b3cbf61640fb005eaafd0b2ec7c88ac;76a914cde2b82d6b6a127d22a124718c3c116eade78f9588ac;76a91407c72230d9e5f8c49e1fc8f6cb07951def37ee9888ac;76a9145c2926533f8aa640cbe5de179acc9a153c2aeb9388ac;76a914f6a528b0487d15e27d1a52419d9eee6f0c29824888ac;76a914fcd0ccf250e1e770da66f9950adac14cf31485bd88ac;76a914d020f348e51fde8e88d01fdd4ffc71e1f92c086b88ac;76a914f28d9d43bb08b3ab58886fb165a4ac351c0d4e1a88ac;76a914db5ba820b041e6f78d2025974e223115ab2ffc2388ac;76a914e67973278ca93b879e800df1df2b897842d7a5be88ac;76a914d0028b478f7be775c0454e0a8661053b50fca0cb88ac;76a914c6dc92801e8ba8b292e20da6624fc450243c595b88ac;76a914caee4d2584d10a1355d866a64484aa2dc236ac7688ac;76a914d7f1d7b7ec317178462b7ec5dcf5f9a3727098b988ac;76a914fab533c6b07bbfe3117b2ccae6b71013dca5133288ac;76a914b1b6d12af0550ec718a88d456f106a97d6c59cdf88ac;76a914a6a62ee26d8397e84b85c0b088d7980fa86ec42e88ac;76a914e2c1d89d8cbc75933e2405531f050042e9c37df488ac;76a9147160933ec60760abe81428ed3e7260188599a18588ac;76a914e3d1b8f130e7e4ac2939a40688dfe1769a3e429088ac;76a91412bc2c81a0c6e363be89c4d490a985f72403ad8288ac;76a914d3ffcf31f7dffa5a2be2b452594de515a0a8861f88ac;76a914271b7f0d8a3a9e840f2faff999196cd7c754839e88ac;76a914d3e3c2bfff2a4a6f10deedf34c59fa3854815bd088ac;76a9142dbe71a9afa91d42c352fb458ef06f839a9b0e9688ac;76a914fe439d02dcae5cd17fb2f1668d21d41081bfe14788ac;76a914677fd188b2c1e4c9f9abe4462a16f56b4e7398f988ac;76a914412adff45d7a1b24ffdb9f0cfec9148a955de0b488ac;76a9142d52b327b78d496a1007fdc4c62387665cf4dec388ac;76a91463a1202320392e8a37ecdc3f6209ce8b1f954c0988ac;76a9141cc230eb648d05f05edba19e43c2f4ebf47fb7e588ac;76a91461821a85ba266590910d4fdaa10c87eade4c91cf88ac;76a914690ce9ab2a2f57308228be63d0ad80de6e61cbbf88ac;76a914d0e7f0ce91f4c87598515c1269cdc17cacca122688ac;76a914f1fdf3696e9f6b62c811d4ee8c6609178a2f7d2088ac;76a9141ca21e90f0831c03f56fec746ec8bc3ac55f357d88ac;76a914546fb0e4475702c1cee29fd0667fb4934b26308e88ac;76a91406703902a094fe429626633b630250aebe14ab0b88ac;76a914be4b0a772235381657ccda9fcbc5be09d4e88ec288ac;76a914a6f90d2efe0ac032282aa8be81145d151477ecc188ac;76a9148476b2d5280b2cf23c0d322c14adca7492780a0c88ac;76a914d0f73bc832b9a59cc9007c285739b07877960c5088ac;76a914ba7026a8a214368cbe36b871d1c86c138eb71c1b88ac;76a9145399c3093d31e4b0af4be1215d59b857b861ad5d88ac,,stale,VALID,190102b1,,,valid_direct_stale
devcoin,validated_stales,data/devcoin_validated_stales.csv,257,stale_only_publication,repo-data,130521,,291576,0000000000000000d594aade002752c65ee64b4c3df9aef457b9ddedd3e250a4,0000000000000000619e801b6360102e9654092c21c8efcdcb1e23f3b616b5e6,1395367669,190102b1,2751163939,02000000e6b516b6f3231ecbcdefc8212c0954962e1060631b809e61000000000000000054992c197a65557e108be4cfd776be3e9b17e15fa9909f1d529ee9a7a892b49ef59e2b53b1020119236efba3,03f87204062f503253482f04c09e2b5308508fe628003165ca2e522cfabe6d6de49a296b12fac4abc0f916da27d6c50d1deb739143dab0bad7534610e0280b9d0400000000000000,76a91480ad90d403581fa3bf46086a91b2d9d4125db6c188ac,,stale,VALID,190102b1,,,valid_direct_stale
devcoin,validated_stales,data/devcoin_validated_stales.csv,258,stale_only_publication,repo-data,130634,,291727,00000000000000003f685ba703eb78081a11fc062ffbb1952ee8ee7fa5fc1f24,000000000000000038a7c302265cc30c672f7e67769727a32bd72ef2f36f65f5,1395436481,190102b1,1536056041,02000000f5656ff3f22ed72ba3279776677e2f670cc35c2602c3a7380000000000000000dbc9b3078492f3af79ef016854f0f39691776c2f19d8046b4ee8eb038dbbc869c1ab2c53b1020119e95a8e5b,038f73040d00456c696769757300532cabc1fabe6d6ddddd02d9df3beccbc6e7b06c3f533d0de97368a79ff0e678818bebb48c68629b0400000000000000002f73733331332f005055cd0a00000000197f0000,76a91408a4fae6424e444655f6e8f5d3a31d1a22988cf788ac;76a9147e189033a8411022ee98f3bfc1f3e371a98fc5ef88ac;76a91440e5e935c5ca83cdbdc8b30b8a93d3c7c62b07af88ac;76a91445d375a848dc655611989e4e899fa7c46d0748c888ac;76a914251659f6cd974d5c6a246402065cc828c55366fa88ac;76a914f3383b6dc550c9da1bb1cb95189d8b535dcbd78d88ac;76a9149f13ee2dcb64feca0508129a9885776ff921f78f88ac;76a914090419c763ff4a488cd8f4a354dbad19b6be010d88ac;76a9147cd1325fb028d19d2986275fcc7f0e60d5eed6bd88ac;76a914c6146fec2d2ec4cb914cd86284048b0faf702b3d88ac;76a9147f0a7a147e829ff73814f114f200025c32996de888ac;76a914498ded016123e1f219ee8c2061c5962864b199d188ac;76a914867e3e28492d90198a8e6d14af13ca0fd4c6d97c88ac;76a914e7e95924b77073eba848a66a373bbac99403179988ac;76a914600e1c4ec117101622517eed65eaf9eccdf7586e88ac;76a91412759f2c8ff575ad54b64a77d1709709c02f527b88ac;76a9147d695ddc4026d20aa90901a75bd05d99e4315c4f88ac;76a914d9c0f317e9804e25c9a41b860cc536226c8f089488ac;76a914e1f1ffba349283eebd2ca6a90c08b92f3b6e355588ac;76a9145daa0363886a2fe5282f6313d0afa04796c0855e88ac;76a9142726bf8941d93bb1585b33d49263f05ec14cb37588ac;76a914c544291f2bd04838426911e7e143123c76d64ac588ac;76a914cd671cb8556b1347f9a6dbe2341661723227e0fc88ac;76a91412bffe4c9cfebcc1cffcf2361c8c047d2c496f6788ac;76a914321efd15f25f0a82ac1840c113ffa8d11c937a1f88ac;76a914235e2f9576287da8360e469746c39667a1b0079f88ac;76a9144019f1e1194a53b3daa00079d81833af34857de888ac;76a914f23c0749481ade5c0317a4f93ad86a93e6472f0d88ac;76a9146842185fa08274445666d62296b02bc05c5c02ee88ac;76a914efb51ac5db11f370bc4ad9a989f882fa18012a0388ac;76a9146abdc26cc174424123909380cb89a1bb60c88a2788ac;76a91432ab01e32de47dd690b45958e92c8d02e1611e5988ac;76a9147ed07099e2ed424c6c8c8ce40bcb868652f6f8c788ac;76a914ed6a1ccc7b29af7ff8a2d953c7076e79c923b25988ac;76a914fd5e962b99530013e2dca68a9b8cbeb01c17af0d88ac;76a914ef65ca42f4facaebdaf930203734ba2c828e013788ac;76a914fbd876193504c72e0c9ddd95651c6ac3e7e8353c88ac;76a914e25aed6984c00a602f0f39bace5a74ce052e45df88ac;76a914a5be4d4cc5f6f903e6d117168fa4aeda959618e688ac;76a914276b3cdd23505d58156ba07fe88b878c4276e17988ac;76a91430e9ff30cbb6eac7c7c12ea061a6e81788daf5c788ac;76a9148863139a72782e909522c62dea979a89466f633b88ac;76a9141f0733c81df96f88a2d9a65cb48caf5216d62f2e88ac;76a91445aa20bbb4d1a221ce7fbb1b8c6cc3e71a24588d88ac;76a914d6e209eb20715366f79846e571fc2e397bb4079d88ac;76a914cc921f0575b8163da9bce2d490908132b78bbb4a88ac;76a914f984831651c46563882a1d2554632fde7910ae9288ac;76a9145ccd4402571664e4a502e3037ea56b831beb09c988ac;76a914e707743e043048b2ba33202b9dbd967e73f0379088ac;76a91432d772a3f77c8be19358fd115168a2e9fdc4f27488ac;76a914293a6835ae6095691cc6bfe533f25f10c3616efb88ac;76a9146097003b37289838e392a3144c2d8752e7881cc188ac;76a914ed9c14e130ade41ec5dab3d45d934f9674bcadf188ac;76a914775815131486f51238ff4c64ccadd6549442f14388ac;76a91432291e33e481c0d9bf8cf71e99464c8ac3a8195c88ac;76a91442e73a0cf036aad6d0646693a2df372fa4e5b21988ac;76a914837172434afbb4ed6785eea6a3df149133dfb7b788ac;76a914c7e0603db7e879c1452902fe5c6195e9a394d7c788ac;76a9145399c3093d31e4b0af4be1215d59b857b861ad5d88ac,,stale,VALID,190102b1,,,valid_direct_stale
devcoin,validated_stales,data/devcoin_validated_stales.csv,259,stale_only_publication,repo-data,130782,,291918,00000000000000005cb8ba17f7f86c370ae0edbc6a4f89d538d202c9823022b4,0000000000000000e53b2f16ec6f13a1f3fecb3266ed968eecaa938ca6ee0b53,1395530956,190102b1,2369142978,02000000530beea68c93aaec8e96ed6632cbfef3a1136fec162f3be5000000000000000058d787b7aa2473cea3d7c13b2ae82f92e4c0e2d05e87a5ac1d3a8f2b6cf3184acc1c2e53b1020119c240368d,034e7404062f503253482f04cc1c2e5308e6b3ae2858f402002e522cfabe6d6ddc0a41bee39f4514c793f4b83674f46cb2190e9c62eec29a49edd68b3811dd3f0400000000000000,76a91480ad90d403581fa3bf46086a91b2d9d4125db6c188ac,,stale,VALID,190102b1,,,valid_direct_stale
devcoin,validated_stales,data/devcoin_validated_stales.csv,260,stale_only_publication,repo-data,130980,,292221,00000000000000003ac4b2a1be5367e89a47e35fe48f0488b304e2fcb6473900,0000000000000000754512979301cc88acfe6fae761fc9f34b38a7e69fc6acf1,1395662011,190102b1,937025081,02000000f1acc69fe6a7384bf3c91f76ae6ffeac88cc0193971245750000000000000000d667214864e2ac0bf1d27f65ed4165b3e5bc7d0f389cfed867fac25d8a346fbfbb1c3053b102011939ded937,037d7504062f503253482f049b1c305308c30de628332c00002e522cfabe6d6d6d899201253a6f7c7d4d97549cc47ec5444f7520169433cfb2471e811fe59bcd0400000000000000,76a91480ad90d403581fa3bf46086a91b2d9d4125db6c188ac,,stale,VALID,190102b1,,,valid_direct_stale
devcoin,validated_stales,data/devcoin_validated_stales.csv,261,stale_only_publication,repo-data,131054,,292341,00000000000000002800a499f8f2cb449b7f9393ebe3a9b0c53a99e63048195d,00000000000000004fe980397c0fdbde0c8b7aa4308fb0dfba96731fcf17ff38,1395712878,1900db99,29184212,0200000038ff17cf1f7396badfb08f30a47a8b0cdedb0f7c3980e94f0000000000000000792aea0d9985f0ca1362086e8b3bb5e949b7b75117cee1002d7f701317b6ad916ee3305399db0019d450bd01,03f57504062f503253482f0443e3305308070dc672181000002e522cfabe6d6db475b7bd0b3f1c284bd9e9548914cfe5246be14840b02ec0f76aa9f537fef9a70400000000000000,76a91480ad90d403581fa3bf46086a91b2d9d4125db6c188ac,,stale,VALID,1900db99,,,valid_direct_stale
devcoin,validated_stales,data/devcoin_validated_stales.csv,262,stale_only_publication,repo-data,131119,,292405,0000000000000000d7601b93cbeffd1d6e39da19e8234bb4ed8f4502c8d81cf7,000000000000000070eb5fc12e30608c63213e9edb025e0deef07b99c7e52d78,1395751914,1900db99,4068103592,02000000782de5c7997bf0ee0d5e02db9e3e21638c60302ec15feb7000000000000000002ab62d7de91e4144c6f94c10c507cc37c0b33dbfa6bcc2013231d0f81efeec82ea7b315399db0019a8557af2,03357604e4b883e5bda9e7a59ee4bb99e9b1bcfabe6d6d527b84707fbe6b81f77d466b3bdeca8250c1d6230a197c599da48527836268da0800000000000000fd42ae4a1d1a00004d696e656420627920746d64626b69,76a914c825a1ecf2a6830c4401620c3a16f1995057c2ab88ac,,stale,VALID,1900db99,,,valid_direct_stale
devcoin,validated_stales,data/devcoin_validated_stales.csv,263,stale_only_publication,repo-data,131226,,292533,0000000000000000d75a0713b40e425ec1008e72e5378e20c971380f0ddbf51f,00000000000000003edc04ecb59a874ab4ecaf081841bb611f2fb1735ae4f890,1395824045,1900db99,3092830233,0200000090f8e45a73b12f1f61bb411808afecb44a879ab5ec04dc3e0000000000000000ab51b6595e2fc31a3c474fc005b89a804d4d8d359e4a8296ef904fe0a40f0f42ad95325399db001919d858b8,03b576040d00456c696769757300533295adfabe6d6d4f51fab019cfcdfee072ad224e666ee4eccb1fc01b7b8be5515c327584e4b6d10400000000000000002f73733331312f0090662b1d000000008e540000,76a91406d98700740bba37f4420f5bebc468688da9952688ac;76a914766ae60ba4a05ebfa65ac065c98d48260dea79d388ac;76a914bb1bfd873c38c124f374caa354d62c7c233f935188ac;76a914731b9ab318fc5b9aa4f99698a87d9b93e911020888ac;76a91415fe40b673d0e4fe466b05d9962721da3696999588ac;76a914c7299e73b615dc123888a920a9c843b36e46af0d88ac;76a9144b6a6f357eefd09435297ee1756a4665d3dcef4388ac;76a91471cfe50144919ee5bbe23e37e26dc5805667b3ae88ac;76a9149ff39daec2906bfdd93e570496614280b106412b88ac;76a914a5b444eaaff9ebb61a5e95d2769819a42c9fab8c88ac;76a9149e4ffe058ac98bc9b4fbc9d8e28b9af845d1161c88ac;76a9143f84cf584aff597a314c5976e842645739f34c1d88ac;76a914f410eddcae57068af0976a960e0d21b75d2cea3e88ac;76a9146db52ff2ce8d513da1c3d7a47c42305448650be088ac;76a91443e6acfdc20a2b9a0a6f73e94e372f4fa376b78e88ac;76a914d11abf49eef66197227a7b6010093b930b9e6edf88ac;76a914d0c4c02880379f0f58a3c1e699a5de4de99cc14f88ac;76a9141233cf912d61a06642ec9c06d8a80cf7c11ea06388ac;76a914dff592e46f38d417e33c71da7a605c106cb916e088ac;76a914cf738126712b6dc6da2468a8dd2d7097fdbf737188ac;76a91467df68cec74774accf574b56e24edd28c1aeb8a288ac;76a9144f07494dd3e49a2e1755ed6b8b4813e7dcd3fcb788ac;76a914bb0ff26840a28ce66ed56315c49afe1ad6661d6688ac;76a9147b1518ce6ad2706d265afb1d6c18d3c8c02600c588ac;76a91454f64e9261ed1007b747b73ee7f3e9dd964e159188ac;76a91456b902151f9296a056f23b9bd27b453b520cf1fa88ac;76a9143eeb608c8165a5ccc7aa59921dd6c7130883099a88ac;76a914d03f776816f16c65b60ddfb95d7788ccf701513988ac;76a914acabf96cb1859f37d46f0afe18a6699efe4d051a88ac;76a914eae677a00fbb8b2383dbd16053f7e94327cc12f088ac;76a91409a297d822b2f859fa34ab0728466a5753bdda7888ac;76a9145399c3093d31e4b0af4be1215d59b857b861ad5d88ac,,stale,VALID,1900db99,,,valid_direct_stale
devcoin,validated_stales,data/devcoin_validated_stales.csv,264,stale_only_publication,repo-data,131538,,292946,0000000000000000a9f67abee2f9075e911164abe7ceef0c806610325e20efc0,0000000000000000b6b33228e8caf01e2bd84b8d3f4b6ba70967ab5d3109ad27,1396031643,1900db99,2886743886,0200000027ad09315dab6709a76b4b3f8d4bd82b1ef0cae82832b3b6000000000000000052c5fcf65f6ada850e2444e464dc8b05446266a4b8f4803e182158ba4d53860e9bc0355399db00194e3710ac,03527804062f503253482f0486c03553084603ba721735e7f72e522cfabe6d6d053a0721ae1de0a29a8a529faac3dcd77d3208d4debc0f101ae28fba51db93b70400000000000000,76a91480ad90d403581fa3bf46086a91b2d9d4125db6c188ac,,stale,VALID,1900db99,,,valid_direct_stale
devcoin,validated_stales,data/devcoin_validated_stales.csv,265,stale_only_publication,repo-data,132094,,293653,000000000000000097661098af562ff8e16b41648de530afb1e210815aa1ccab,00000000000000004fb219cb1be32544140912c8d5f64cb6da9f3c07c7a0ec3b,1396396793,1900db99,530994733,020000003beca0c7073c9fdab64cf6d5c81209144425e31bcb19b24f0000000000000000ee65e654fcb3fd6424fda5bfc1a3ce7334eadc86bb69719fbdde56e6c8ed91cbf9523b5399db00192d56a61f,03157b04062f503253482f04fb523b530881cddb2d319d00002e522cfabe6d6d2218fe849d62675fdae1ca495aceee5beb78a3364d4907c81b5991e85c9eb4f50400000000000000,76a91480ad90d403581fa3bf46086a91b2d9d4125db6c188ac,,stale,VALID,1900db99,,,valid_direct_stale
devcoin,validated_stales,data/devcoin_validated_stales.csv,266,stale_only_publication,repo-data,132116,,293684,00000000000000004e086956d305d0f22f1cfbd97cc5953792421d088231f442,0000000000000000749c9230cdca5ffe37cfae6500b69bb88f72698ee9180665,1396416333,1900db99,2394515820,02000000650618e98e69728fb89bb60065aecf37fe5fcacd30929c74000000000000000037919d294dad6822686fe647392e9c8f30c3b5aaf9b0fce160b7b3a0bb77403e4d9f3b5399db00196c69b98e,03347b04e4b883e5bda9e7a59ee4bb99e9b1bcfabe6d6d10786ca2e730352bdf9ee238e4d34957101bbd29a3c29c8be26f491bd72848d50800000000000000baaf5cf5074300004d696e6564206279207a68616e677869616e6675,76a914c825a1ecf2a6830c4401620c3a16f1995057c2ab88ac,,stale,VALID,1900db99,,,valid_direct_stale
devcoin,validated_stales,data/devcoin_validated_stales.csv,267,stale_only_publication,repo-data,132339,,294003,00000000000000002d968f98996f40b11db1b2409be709b332fb3c08bd48028f,0000000000000000af3e9d9855420044791e5c7255a3fe88d3d05c1f47cc6f00,1396548352,1900db99,3588166476,02000000006fcc471f5cd0d388fea355725c1e7944004255989d3eaf00000000000000008770e1529056b22ee0080df02b919ae01f2befa804f93b2090353c61b8ce4e0d00a33d5399db00194c13dfd5,03737c04e4b883e5bda9e7a59ee4bb99e9b1bcfabe6d6d8ea9f4e12791ad99dcf46c3c46ae0c386cad3277d623afdf29373183e313f6660800000000000000bdeda6a63eac01004d696e65642062792061646d696e6c746331,76a914c825a1ecf2a6830c4401620c3a16f1995057c2ab88ac,,stale,VALID,1900db99,,,valid_direct_stale
devcoin,validated_stales,data/devcoin_validated_stales.csv,268,stale_only_publication,repo-data,132846,,294674,0000000000000000a2cc5b9427289b9f1b6aad41d6ede145c20300412d04d073,000000000000000033fa72bfcc8885373411273cade2764817be4e777d0b4e75,1396894888,1900b3aa,622176228,02000000754e0b7d774ebe174876e2ad3c271134378588ccbf72fa330000000000000000505c77cf39dd4a3a2154265a19c62dea01ec48d587f91b351cfb7f475a90501ea8ec4253aab30019e4a71525,03127f04e4b883e5bda9e7a59ee4bb99e9b1bcfabe6d6df5f16fe32d7dbf67d8daf0e84f1e7e388c0115e9d239acc352a32a97d685c6f30800000000000000adc0eab31e7c00004d696e65642062792064616a696c6169636169,76a914c825a1ecf2a6830c4401620c3a16f1995057c2ab88ac,,stale,VALID,1900b3aa,,,valid_direct_stale
devcoin,validated_stales,data/devcoin_validated_stales.csv,269,stale_only_publication,repo-data,133115,,294973,000000000000000043b5a2a51126a77172f928387ac8fa05a4285586a8b2092a,000000000000000021886cc5e583e639ebafef0c51ccb57729d0e5e8c03235e2,1397066440,1900b3aa,2751925318,02000000e23532c0e8e5d02977b5cc510cefafeb39e683e5c56c88210000000000000000f6462b57ea5cc4b145c3bbd55bad10fe4c17fdc3733d629ebae2cb77656972c1c88a4553aab30019460c07a4,033d800438fabe6d6d4ee7c5128bda696b4c8bda20917ec931e482cff9f50e01ba25f424a18c6296330400000000000000d510603de60f25b600127908,76a91466589e7031b5bb0a8ed1df0f4a3c273d3cc0f44588ac,,stale,VALID,1900b3aa,,,valid_direct_stale
devcoin,validated_stales,data/devcoin_validated_stales.csv,270,stale_only_publication,repo-data,133209,,295093,00000000000000008da64c4fb6b9e8175c84b694afa939dc451199ce7465cdac,0000000000000000a833eb7c280e9bb5c8841c878eb4a3f75a7fb84540791ff5,1397126971,1900b3aa,1875098420,02000000f51f794045b87f5af7a3b48e871c84c8b59b0e287ceb33a80000000000000000763a41adf0f14577deb5168631741a7720c5f24c301fc5a59c18b1fe94d72d613b774653aab3001934bbc36f,03b5800438fabe6d6de5cf1c0039cce9f52e698efa6becff3300e3ec5d26fdac289611cf37c7616b910400000000000000ae4cb093328107164e6a64f7,76a91466589e7031b5bb0a8ed1df0f4a3c273d3cc0f44588ac,,stale,VALID,1900b3aa,,,valid_direct_stale
devcoin,validated_stales,data/devcoin_validated_stales.csv,271,stale_only_publication,repo-data,133222,,295112,00000000000000000adcc73e8c62f817aa7b896ff21d48c36fd529701b741d5b,00000000000000001b1f0b0dc2bc0229f23880af06a12a1ae5224fec7cd753eb,1397134223,1900b3aa,2315181449,02000000eb53d77cec4f22e51a2aa106af8038f22902bcc20d0b1f1b0000000000000000c8a8f8cfa076334775b10a602b72e2534d817466c82fa82d19cb6a83e479c5498f934653aab3001989ddfe89,03c88004e4b883e5bda9e7a59ee4bb99e9b1bcfabe6d6d420696ed3833735e48311e7b419afbf82ded51b74d6152ee63a110e3b36d6d880800000000000000a4e1d6db0000503d4d696e6564206279206d6179616f67756f,76a914c825a1ecf2a6830c4401620c3a16f1995057c2ab88ac,,stale,VALID,1900b3aa,,,valid_direct_stale
devcoin,validated_stales,data/devcoin_validated_stales.csv,272,stale_only_publication,repo-data,133367,,295272,00000000000000000c3c02d964698c21d93c179bb1c84bc47b7aa5a753e962d8,00000000000000001d6fc4d834e0824ac0ec2d06f9b35e4f1bc10272bc1334da,1397227891,1900b3aa,3769288767,02000000da3413bc7202c11b4f5eb3f9062decc04a82e034d8c46f1d0000000000000000cb57b0b86702d49129ede1b569a9e9dae17dcae24977826c829aeebfca12e72573014853aab300193fc8aae0,03688104062f503253482f04740148530868d6c672b43701002e522cfabe6d6d0e056ac38e6efaca5a994d76d1a14571c71c3d81da0e324544550d430f5dac330400000000000000,76a91480ad90d403581fa3bf46086a91b2d9d4125db6c188ac,,stale,VALID,1900b3aa,,,valid_direct_stale
devcoin,validated_stales,data/devcoin_validated_stales.csv,273,stale_only_publication,repo-data,133391,,295301,00000000000000005242496b3572f53edf94216915b5eb9954324f59b873f50e,0000000000000000a204daffb6763902a65d56e2fab0bfab3bab4448a71e0001,1397241970,1900b3aa,3236080997,0200000001001ea74844ab3babbfb0fae2565da6023976b6ffda04a20000000000000000359fdc83c1aa17bb605f785543df3bdfa18f7ea3d273b6548844910604c6b23f72384853aab3001965ade2c0,03858104062f503253482f0469384853088691dd2d54c9df732e522cfabe6d6d6eb61a721f8bb4b734d713df1b87dcee45f1f406d6432ef0c52fc5af695aa7bc0400000000000000,76a91480ad90d403581fa3bf46086a91b2d9d4125db6c188ac,,stale,VALID,1900b3aa,,,valid_direct_stale
devcoin,validated_stales,data/devcoin_validated_stales.csv,274,stale_only_publication,repo-data,133666,,295666,00000000000000007ca2ad813979860481e22128420bcd6d47917872b895e07a,00000000000000001e08f06fc78a5008e7cf5bd374b49dd7a77d02524b2f5085,1397418354,1900b3aa,3368393899,0200000085502f4b52027da7d79db474d35bcfe708508ac76ff0081e0000000000000000de69091400f259e0252bb54843f5b95e684348589e422e3ea11a3c83c8534f9772e94a53aab30019ab9cc5c8,03f28204062f503253482f046ee94a530880507a222a0a00002e522cfabe6d6da22fd239151e14d74ac4759416139000af399b995da908eac5969fc22c5fa27b0400000000000000,76a91480ad90d403581fa3bf46086a91b2d9d4125db6c188ac,,stale,VALID,1900b3aa,,,valid_direct_stale
devcoin,validated_stales,data/devcoin_validated_stales.csv,275,stale_only_publication,repo-data,133824,,295900,000000000000000032b45c7d4951bbc5d560affa9b703fc861b2745a7ef0a196,000000000000000078c1c11a5fe121532197d2d44a4822c3421411c4a1a330d0,1397526669,1900b3aa,2431250034,02000000d030a3a1c4111442c322484ad4d297215321e15f1ac1c178000000000000000085f3944653712219e2eba1d2e917ed02b568d2203433781eadfc03dbdd8248b68d904c53aab3001972eee990,03dc8304062f503253482f047e904c5308f2c8c672762869d12e522cfabe6d6dce57e8504b8c7da7590384349eb13efbaa8251b5d896f1cdddd22e6e6d8233fc0400000000000000,76a91480ad90d403581fa3bf46086a91b2d9d4125db6c188ac,,stale,VALID,1900b3aa,,,valid_direct_stale
devcoin,validated_stales,data/devcoin_validated_stales.csv,276,stale_only_publication,repo-data,134023,,296161,0000000000000000afbc381b26db4edb92ca1bad0cc93be4435ae5439c638f76,00000000000000001ecc1dd8af2820d382416c4807226f29c5b5930dd61bd858,1397659691,1900b3aa,1390862347,0200000058d81bd60d93b5c5296f2207486c4182d32028afd81dcc1e0000000000000000b90ecf3b75d29587d4bbba574b184f068f9a0577ab56baab2987adf1fba3e1b62b984e53aab300190be0e652,03e18404062f503253482f042d984e53083563d94a000096d62e522cfabe6d6db51ee2a05118362bb2ede4139d44e713f100365e414f796dfa80c30c3bf76a020400000000000000,76a91480ad90d403581fa3bf46086a91b2d9d4125db6c188ac,,stale,VALID,1900b3aa,,,valid_direct_stale
devcoin,validated_stales,data/devcoin_validated_stales.csv,277,stale_only_publication,repo-data,134078,,296226,0000000000000000a0aaf4a5f8111aa4d7f53d93d3d4c1655b0b3968bbeca281,00000000000000006000bf9b3ccc4ccbfb319a9c41d7c7212e453312e654c3e1,1397695322,1900b3aa,4131873960,02000000e1c354e61233452e21c7d7419c9a31fbcb4ccc3c9bbf00600000000000000000bb2731531f30a88ae5dade5fead676df61e75c8c225421036e900802be3ae9955a234f53aab30019a86447f6,032285040d00456c696769757300534f235afabe6d6dc2f9311c92dcb97d528a896896bf276c01619b8652f655c4b941e4468088c7cd0400000000000000002f737332372f0090e8e738417f000000008163,76a9144b4a109065f4c1afc71c028c314ef779007d95e488ac;76a91443e15ff383c52d0ded0825e9ce1340ec0650a93f88ac;76a914e4d6013f989fc869df2f4eaab384bfd1a46a5bac88ac;76a914916c4eeebaba31331d2cb282c38005cca376537388ac;76a914abefff9f8d056d455c807a53db58d3262adde73f88ac;76a9143b91a062cfb205f84fa5cd0e9a65d78f09c964ef88ac;76a9145eacb27a213f414fd94a8f752cb3dd732513146a88ac;76a914c590518dfc221f1bb96eb6b3128a7f6ca0d18d6388ac;76a914f6ae1d618ea891c6fa16fc77d77eb08e0816365d88ac;76a914732fce8ac9f74cba5b8f2cfddb0b200cfcbae40988ac;76a914fe6a428fc84b89230384058ceb4b94cfe913233e88ac;76a9145175cfaaf8e0cc37db7d727e645f1116f515b79f88ac;76a9144906c642cc482a7a43eab7c13e0c86f4aa48f66188ac;76a9140e140244b5be7dd833ab77bbb0ad83eae9fa248f88ac;76a914fd364b9e24d0af655dc194129cf26d22684a168688ac;76a914e6d948b17c65b24481ff203d9573ef17740392ab88ac;76a914feefe124e0907b3037a154683470459c1250d42d88ac;76a914059eecf044be42ba9889aafbbafaff1a115279d788ac;76a914dd1ab807583c6fb6a12acc425e49cc211826550f88ac;76a914851b0cf10ffe55612a353bd773760a4fc2936b5388ac;76a91483e077f6c056c848cb1d73ff3105d9b3be40cf9c88ac;76a9141d5f60b443d3a2cacf7473445c7a8d09bd97a1dc88ac;76a9140abe82a2c0f0a796e0c4ff2cc8314b0a484e0c4788ac;76a914d2abc30f9712050a45c7a418a9e9f0b3fc46e97488ac;76a914df86de984dadb5ec17e932316d72326561ede11c88ac;76a914d11abf49eef66197227a7b6010093b930b9e6edf88ac;76a91405f03bcfefcf9a07e858c3b0437a97e14730588988ac;76a9143a6bf55c1835f59beba2aa08b660ba0e4e7baf9588ac;76a914704c03454e5e92d6cb9c9304a4ddf5a8f971277b88ac;76a914505fa9a05afd16042a48713ca50cc8b8b08ea6ea88ac;76a9143d387285741c3387adf93d9ec1cfdf92dcacb16988ac;76a91432d772a3f77c8be19358fd115168a2e9fdc4f27488ac;76a914436b07912c570f053696eada41d9cb616263bfa388ac;76a914ee415024d43d72a8c62f14c4f50309f2a3fc5bd588ac;76a9145be7b15aede6577bff0c3adf3276d4d4a3f184f788ac;76a9142eed1777c71c633f94ce5e6d66fa104371e8d7bb88ac;76a914c7c16cd2321394cbec87347ef29aebf06cdcfdd888ac;76a9140959710553839a8e514a0f3bae988ed62c7cb9c588ac;76a9147202e32d83d4b01bb1f68df23186d86bce1c6ec488ac;76a914685359042ed95c2c0b7446fe7e1d72b2c8cc91ec88ac;76a91487008c1ec5da2780a7bd6e34925fb4c6fe574fdd88ac;76a914a84d255a71c86094eec2ebf6260acfc8e3f9ae9388ac;76a914188ace844405a34636bb516efa262c8a71bdb4d088ac;76a91429df51331e7356a0eb24f6a7d7ca5fe31d25cc5088ac;76a9149711f6a4f2226e03d713fe9cfead992bf04fbc0288ac;76a914c5fe7ec7b7f510dfa827da98026229553d25bc9d88ac;76a9145681e29915472dbe8ebcc5642bbdbf0e27706bfd88ac;76a914f7b16ed55f2aa04605e3e923602fc6184e62bc7388ac;76a91408e36bbe9c5f3c72db8e955fadf20622998c382e88ac;76a914f594a90b49d85ab21d01631ce2bef7b034ba4f2788ac;76a9142fa6292b6151abf166914188f6a55f449585b5a788ac;76a91497a8b3304d167fcef320136c67b44ae9ea97aefb88ac;76a914eb0b7bc004e34fdf41d96a626267f6098e5e4e9e88ac;76a9144ad14ad7ca019a2fd488afa1b4776f9df0b075e088ac;76a914909f3d2cb42d555a284913cc429492ae5087cd3e88ac;76a91469c83a7cadde76859582f3e6ebb9ea5633052b7f88ac;76a914d669b74d07223ccccdfc0e741f3d8e0fe9e31fee88ac;76a9147bc0ccfc329c0fc0aa6fa819a2ebbc9fb35b602a88ac;76a9147856bba1568af4eaf1bda5e72e23b13d5d05f97988ac;76a914092b82bb64c63b55224d87caee2e161108dbc9eb88ac;76a9143c732691ab2511e30ec00c7439e3b61b1797ca5788ac;76a914ba649f6e851763be1a91e30bb1b5ea454dfd6a3e88ac;76a9147f22c569eddad9d97a4c35191bedf0eba909c8a388ac;76a9145f8cfd655688b0b7fddbce47c8c9969c0de15b8088ac;76a914d818f554439adcb5f83b46cd403ae2797bf6bfa088ac;76a914dc8d87d2990235e934b1941f9888d862971742ee88ac;76a9144ed8783c3aaa6b8f839f867a1a2ae605a419ffc488ac;76a914f2fe7068882c02d87c96dee094fc3f8bbaf3b78288ac;76a914fbeb141b6ffbfaa7eed04f4c9ced53b3165e2c0188ac;76a9145aacc0f92e26bea9b2541fa19a98692254eb406b88ac;76a9141be55c6e94e52251d511d9acbdace7f337494b4688ac;76a91437b09748ce31e5e3e6df90d013846643d0907d4788ac;76a9144d251d98b4517f0574f102cee862ff0768d6fae588ac;76a9144fe89f472147c6403467519bd2261f06fa6adedd88ac;76a914dcc602184984906ebbe20e0d82c5a54a06f0359788ac;76a914e8a2093b356ae28c2441eea2ca38197e2ecd8d2688ac;76a914c29e5ce729a0717bd7f12e3187d41ce942bb4b5e88ac;76a914882255fa305c50afa82e0fc88cd2e17b65d9965988ac;76a9147d6c1a05e158ae3d3b3e74c3fef5c70c1baadb7888ac;76a9140e1e1f05a8fbe95035023f9ae069a599cfb7df5a88ac;76a91496c3271e19eb22fdbb4e942104968b744b3b350688ac;76a9140e6a76eacfedbda6508f6bca3c2ec573a233671488ac;76a91408752f2f47d0fae0c8e6b96ac96d5042d009e0bb88ac;76a914dc834faace4226125451e2f27b0cf8f98242112988ac;76a91417e2c9507eab839061b6efde4bdd06911cebb6fb88ac;76a91439ad3cba1f48912e188b608f7691bd0e0a152b5c88ac;76a914995289e73f97d29ccad0881a95818a83c711fc2a88ac;76a914edcfd05728f67c7194320fd1713304d5dd3f551c88ac;76a9148cbd26d73e8eb5bc4ad21520b6e5e0bea9edb75388ac;76a91463b7a3eaf8aa21ddfbf488f8d13f493ebb78169088ac;76a91430b50016ba521f64507da9f169c5b7c0266753ad88ac;76a914b6ffd9baba9b3c34487fde7f94b6f9311d8936fe88ac;76a914db5a17f89994cfefd43307d8942d5a589f991c6188ac;76a914f610913889c4d59518a4f08524d3a4746b95878a88ac;76a9143cc73618ae3ceda77ecf693ce56af21becfb9ec488ac;76a9146f69f2caa6264a776ea4b2458781cd46c0e6b3ef88ac;76a914145312acefef3fc7c092cb9bf1a6f87b5e269bb588ac;76a9148fff1f94b3f43370e1df706efa89e389fd4f577988ac;76a914af880a611c8014bab9081510fb85caa0f61c163188ac;76a914e82ce2358c547a1a4c42d09c69efc4966d7b97fe88ac;76a914644a7139c49c376218cea11865eab95b0d04da4c88ac;76a9148d08bd78f2ff77f3678df15183616b0052ffe03888ac;76a914c56cca1343f5553837aa7013833af23a72c82b5b88ac;76a914e7e9813cbb138b1700f1cda906df5b843fc7b26b88ac;76a9142777c4c7c3cf23252409247d8d70952ad5f4435588ac;76a9144955c2db0ed5388a1a6a71829a394e2a7c88673e88ac;76a9148921b3528dc6ffecbe58010514f47208386c11b688ac;76a914f4b3400c79315100e9aa475c18a1ace399dd948388ac;76a9147d3ca1727928b0e2ff362d1b88b5dcbf2442edca88ac;76a914753bbf2d6b2b4dd82bff6657d623244b77849b0188ac;76a91439857ac788c5302c782c1f99eb5e0d7fc27616aa88ac;76a914ae20303e77e73059e62024289fb51a4d62730a4788ac;76a914fa476d3359fef5d45ee15296b4da893291d7323888ac;76a914e79a16757b3625933c5211c6cd1021ed6e0ca65888ac;76a91463e82efffb142d8d9c0474fb8e0cc482dde7c67e88ac;76a914e18078b6dcf34834e8da4acb750884904de3e7f188ac;76a914e35d8a8bbe734683843688bac14e905626037a1688ac;76a914cf4870debb2bb91753a48d6474bb3568e779d90188ac;76a9147318d24224a3d5f45ff23506f95555eec3b161d888ac;76a914001fdccfe8f214a8956eda57557eaa8225aa3dba88ac;76a914c97431f2108b90fd13d8dc49886febd12ace2b0588ac;76a9142d772d70eff3dd59bcb1657c79c46d5dc69f76b988ac;76a9142ed6d8d12575d83274515bf73ac72285495dcfe788ac;76a91401f8b26eb2aade5b0eeea552d660d255c22642e188ac;76a914f5556105749d463ccb07e927be666a90069156fa88ac;76a914b2e495ee2f9809f6be812f7a11925eeded8b8f0588ac;76a914f6f669cf9b1df045db98426fbcecbc9dc31f1e9f88ac;76a914cf580d7ba9f2cc84c430345e83508153108f128088ac;76a914fbb303e75603ee516b4ff6e13f3c39244b118ce988ac;76a914cec3202a062bf3114449f3c2e9625263c0bcfb2a88ac;76a914daf677cdd1eaee8f3998e8f25e7be76fa0488dfc88ac;76a914aef2efa49115ac6e0be394c6b7925050b7b0189088ac;76a9149e05758c5cb9e9746dd58a4b27bdb25068290a5b88ac;76a914f590a4f304cc1c3763bb7865ced6f35fccc64f3888ac;76a91449a223b56ae2214fac64b330682a60d9fde363cc88ac;76a914b0c5c31463d3511e0307324a90cdb8ab96107a1888ac;76a914d17a870f886e7094016e1db200b3a25c9745719f88ac;76a914d7f1d7b7ec317178462b7ec5dcf5f9a3727098b988ac;76a9142c71ffdadbce5970fde4404da9c8bab8d2153b8488ac;76a91461821a85ba266590910d4fdaa10c87eade4c91cf88ac;76a9148f25fa0823a7232c94341c354e3c7cd8320c554888ac;76a914f4d8f534a439a7bc36fd8a58dba2bbf18bfb26b988ac;76a9148041d74e20e69ebe3ec37c57434cee842ba1bd1688ac;76a9145399c3093d31e4b0af4be1215d59b857b861ad5d88ac,,stale,VALID,1900b3aa,,,valid_direct_stale
devcoin,validated_stales,data/devcoin_validated_stales.csv,278,stale_only_publication,repo-data,134180,,296359,0000000000000000057f4e286bc2c6344a05c2125631c7b3315468a3dc51b819,00000000000000000360973f8db61a329b0e5b6f4d0da9438c0b104bc763beaf,1397759317,19009d8c,2799802265,02000000afbe63c74b100b8c43a90d4d6f5b0e9b321ab68d3f9760030000000000000000f31da8af3de7698864b163887cf0115b6c0cf77a16e397dc6067007a68942d4b551d50538c9d00199997e1a6,03a78504062f503253482f04531d505308ba8dc672e60a00002e522cfabe6d6d949f6d3b20cb08c7029259b0a1f3296f8a5700017dfeac79e854f9938fbc20170400000000000000,76a91480ad90d403581fa3bf46086a91b2d9d4125db6c188ac,,stale,VALID,19009d8c,,,valid_direct_stale
devcoin,validated_stales,data/devcoin_validated_stales.csv,279,stale_only_publication,repo-data,134299,,296499,00000000000000004e045128b2f7695fae773c14e8ca94807026b38f6a98f48a,00000000000000006b378b4479668eb96f4b0180c4c6964c6e8bf36c643b60e9,1397838601,19009d8c,3035237421,02000000e9603b646cf38b6e4c96c6c480014b6fb98e6679448b376b000000000000000038ae4089572f273d608e096f7762fb81fd96a742e76800dcf0ed3c78c8756375095351538c9d00192d0ceab4,033386040d00456c69676975730053515309fabe6d6d235efe391c1c3447c44f43b1856bcd415f6d53c47096ca483d3a503377664c980400000000000000002f737332312f0010a733030000000002940000,76a9140493d62912ad4ae27c4dccbbed253cbc711d31a988ac;76a9145399c3093d31e4b0af4be1215d59b857b861ad5d88ac,,stale,VALID,19009d8c,,,valid_direct_stale
devcoin,validated_stales,data/devcoin_validated_stales.csv,280,stale_only_publication,repo-data,134633,,296922,00000000000000005047574561883122b470408975759da3a3aaa427b26348a0,00000000000000008b441ec12984f2e973b7b510c63c180f6a3b8b232055debc,1398054683,19009d8c,2641207678,02000000bcde5520238b3b6a0f183cc610b5b773e9f28429c11e448b00000000000000002a4efa8b4c6678f1dfd64b9bc61b00d3c83b4a984eef18e4a3e42d73496fd7a11b9f54538c9d00197ea16d9d,03da8704062f503253482f041c9f545308cb63de2d9b2102002e522cfabe6d6d5f36ea39098eeb3e043b8c2f770cad37e7b1c997abbedeaaa7a746b101620c840400000000000000,76a91480ad90d403581fa3bf46086a91b2d9d4125db6c188ac,,stale,VALID,19009d8c,,,valid_direct_stale
devcoin,validated_stales,data/devcoin_validated_stales.csv,281,stale_only_publication,repo-data,134758,,297091,00000000000000005c205efe9c6b494bef8b5aea12354332fdfe2756e684b0af,0000000000000000814eb65078f51c6a6b55af41624306fa4c50e3e0e8e31ab7,1398138262,19009d8c,3258843431,02000000b71ae3e8e0e3504cfa06436241af556b6a1cf57850b64e8100000000000000005c8938a7e3dbee5987484dd9e74a7652598b06fe34897c60fe5086bef7944e9596e555538c9d001927013ec2,03838804062f503253482f0498e55553087e33e24a8e9e00002e522cfabe6d6d5aff53ccd6f253474e5f16e76eb4529901e934209d35cd546480d06ef5465ff40400000000000000,76a91480ad90d403581fa3bf46086a91b2d9d4125db6c188ac,,stale,VALID,19009d8c,,,valid_direct_stale
devcoin,validated_stales,data/devcoin_validated_stales.csv,282,stale_only_publication,repo-data,134927,,297295,00000000000000000e83c18d7d7d26761e66186c763fd908d6f70155cf32eb49,00000000000000009a24efb01826bcdc976e9745a7859eb692fd3646b271ccbd,1398249892,19009d8c,3177126844,02000000bdcc71b24636fd92b69e85a745976e97dcbc2618b0ef249a00000000000000006ba6b50bc1447358d3fa95431f25944fa7a7ea94110d399a77adeff8ff15f69ba49957538c9d0019bc1b5fbd,034f8904e4b883e5bda9e7a59ee4bb99e9b1bcfabe6d6d24ec607d4ffec698aaab35a10f7537f8f7414cd9629376a8b425ab3e90637829080000000000000065820bdfa3f206004d696e6564206279207a68616e6777616e7a69,76a914c825a1ecf2a6830c4401620c3a16f1995057c2ab88ac,,stale,VALID,19009d8c,,,valid_direct_stale
devcoin,validated_stales,data/devcoin_validated_stales.csv,283,stale_only_publication,repo-data,135053,,297469,00000000000000001bb1e7050f0a7c3285a13367b155792f5ded9763e7b8045a,0000000000000000721c64bbd8e457061f0e28da050351c43a9a6568a3c7570b,1398339578,19009d8c,1550457520,020000000b57c7a368659a3ac4510305da280e1f0657e4d8bb641c7200000000000000004ae8eb0e35358ef74ffbf912937aeb221f99c9339fe9813541ca7713c181aadefaf758538c9d0019b01a6a5c,03fd8904e4b883e5bda9e7a59ee4bb99e9b1bcfabe6d6df17fb1532a7df51ff06418b2d1a821625b7c8c2c393a5bd2388a6420c5700eb10800000000000000dc6c7c30fc2600004d696e6564206279206a69616e67333738,76a914c825a1ecf2a6830c4401620c3a16f1995057c2ab88ac,,stale,VALID,19009d8c,,,valid_direct_stale
devcoin,validated_stales,data/devcoin_validated_stales.csv,284,stale_only_publication,repo-data,135293,,297744,000000000000000078a7de80aa512e5681bcc1bee42de562dbe021e06f8fec0b,00000000000000009c5981937a6975edd5082305741a7df2c3c74aece80b31a8,1398485528,19009d8c,2620817352,02000000a8310be8ec4ac7c3f27d1a74052308d5ed75697a9381599c00000000000000003ecba9f0c2e177ae3475eca9153dcfe5f830af38e08a187555e36b617ec79c4218325b538c9d0019c87f369c,03108b04062f503253482f04f6315b5308f94ddd2daf2b00002e522cfabe6d6d977c985ae2e41252318f349b184338e8e5030b6fd3185be42494f8fc85ed6ed50400000000000000,76a91480ad90d403581fa3bf46086a91b2d9d4125db6c188ac,,stale,VALID,19009d8c,,,valid_direct_stale
devcoin,validated_stales,data/devcoin_validated_stales.csv,285,stale_only_publication,repo-data,135355,,297835,0000000000000000783d0e4d291fab910e1fe95b82e6b09cbc2bb8cdcf52d110,00000000000000006838c5a6a66ce1a0c97a417128a02570bdf82e9c322bef5a,1398536555,19009d8c,1604627685,020000005aef2b329c2ef8bd7025a02871417ac9a0e16ca6a6c538680000000000000000c573e9c0a09755c3be888ac579879d6d4abde6fa6bd2d59a23f42b0e6eb092596bf95b538c9d0019e5aca45f,036b8b040d00456c696769757300535bf96bfabe6d6d4ce2a281c3b7cf44238b32d4d26e487702a5710c6b373d4551df770fbd3d848f0400000000000000002f73733331312f0010eccb01b47f0000953e0900,76a914b0814ac93643b1cbfa73d64bd58637eb80885f7b88ac;76a9142bb47d7608e7c2d514ee8a8acd1afd1c4647842888ac;76a91416723f70ff1f4439ae3c688c66099aad4a698c4888ac;76a914908829b27204f71809c359f89f9d1c3590f0508788ac;76a914c590518dfc221f1bb96eb6b3128a7f6ca0d18d6388ac;76a914d0bd7eac395f8316129a9a68f84340cb7ab1b4c488ac;76a914114dd5fbb60e66c281e96cf674f032b40562295c88ac;76a9144a9490f3656b83d3222db7e62a5ec6c71a1e57f088ac;76a91406b1db45bcf5caf599f7b91bfc304453c2115bda88ac;76a9143555531625b81825968f20c38e49490e320e16b688ac;76a9141ac5a3eb2af82f89ad4e562224fa0f459794296688ac;76a914ae4b8b44acb3a19fbfd2f0f1f233de7b07ab289088ac;76a91436a5417e9003741d1bc5fa3ef28740459ea412af88ac;76a914bb0eba5207c1329ec60785663dad49546cf49d5188ac;76a9147cd1325fb028d19d2986275fcc7f0e60d5eed6bd88ac;76a9146f8adeadb15716dfe0a31f7c9933cb6e5bcaa69888ac;76a9145ba86204c6fdc2c79389d67ddc2e293c41df328388ac;76a914ed8414a52318288de5e2d11bab3d83177f8d22b788ac;76a914cd537fd44a6a893f1c77c2768bae26bb819f925788ac;76a914206040d75486f4faf1a68fb26b971eb403fa65d988ac;76a914c454ed37c978787c8e24fd431d9b77214f35183688ac;76a9147a7ca0a19dd7601e837e76c5630b7a9a3c8cac6588ac;76a914d4ee0d5ae5a1246c2fab3b5896fd895300ae32c188ac;76a914ed97ebb9d874957be7efb32da292422fbec546bf88ac;76a914090e58aa6f9433e234e51b5d7cf2468119a9068a88ac;76a91433c3193517ee24b3f21bec093baff531bec018cf88ac;76a914eaa723393315b93fab25876dd10ae1c00df052f888ac;76a91424e70dc938e2b706c29af7fb9e588d641f411c6a88ac;76a914b94bc706ef9a2286bfa86969d5e838dd250e6b1388ac;76a9147051e038e82a1a071d8d8f880765180a82f0121088ac;76a9149c0493647b3f0ee0835d9e348dd68818a2c8429788ac;76a914ca13ef66b62219c1311dad0f072b022b17f63e3088ac;76a9140a9d8ed62999e840f5b965f2643fc545227b81a488ac;76a914acbe511aa41e43bcd80d611f2e305e2a61ff8f6d88ac;76a9147b262c86798a2737c437ab1883cd5bb73888bd8988ac;76a914ef43227283a49db952070017699488cb1836242888ac;76a9146112cdd25565d2f10899820c94c6ed4f5feb43cf88ac;76a9148bea2742e07ef1256480e10cd2a8b94f7747189888ac;76a9143681b53903ed68ec566216ce982430de50cd50f688ac;76a9145ad4df36c38579badb7113919d5664ff24d8c30b88ac;76a914cc29f90d3e4416379eb729c7fca68c9bc8fc356f88ac;76a914ea027debe6a62e5a9e603334284403a15c10d15d88ac;76a914ffdb1410f4f2403efef2880be39592c623a757de88ac;76a91472d5a84340deea9fca1bc3c0c38c4380fa0d443188ac;76a914d9d52a45e26bf6c4b7ab25acd7d498c4260217ff88ac;76a914df13f97de8cc3b7a8ccaf0a0d4036f46b16ac60488ac;76a914d6c9fe353f4f13cf551b906218ef40389563367888ac;76a914588237acdddd62bc0dc04a4107427af801deb92288ac;76a914dc5acdb03888e7cb5bda6d72c79f6aacf18d314388ac;76a91460b1c81996692ba9e1d4d631ac257bbfe8a11f2388ac;76a914d88a913ce9f1cf3a399ee0008173300f8b15a91888ac;76a91495e672679c3411fc6153750d8ea563bf73c5c51a88ac;76a9144d8c69eadc5f42b327e79a5e087b1d6e5fcf8c8f88ac;76a9144d0ece7ef3153fa7862021fa9355012748ce234b88ac;76a914a5be4d4cc5f6f903e6d117168fa4aeda959618e688ac;76a914f3f8ac4cb19be14b290e51d67a5a1ee5617c7c7788ac;76a9144dae82571e001f38707ed7cbd5b35659366f68bc88ac;76a9146eda84e95661c3560ab18c38f9bd496eccef2a4c88ac;76a91409a297d822b2f859fa34ab0728466a5753bdda7888ac;76a9145399c3093d31e4b0af4be1215d59b857b861ad5d88ac,,stale,VALID,19009d8c,,,valid_direct_stale
devcoin,validated_stales,data/devcoin_validated_stales.csv,286,stale_only_publication,repo-data,135358,,297835,000000000000000053b3fce44eaa50c0dca6d6c5d2d63818e08ae72b9894a5fe,00000000000000006838c5a6a66ce1a0c97a417128a02570bdf82e9c322bef5a,1398539797,19009d8c,2838959008,020000005aef2b329c2ef8bd7025a02871417ac9a0e16ca6a6c538680000000000000000d446d26320257283994cfb9b03867c75cfdb6f624f040f0edca5cc932ab588f615065c538c9d0019a01337a9,036b8b040d00456c696769757300535c0606fabe6d6dc2bf5b54fd3ef632987703e880f6a168f38f9a519a182e7a5d484d3374d45bd00400000000000000002f737332362f0090be43030000000045340100,76a914b0814ac93643b1cbfa73d64bd58637eb80885f7b88ac;76a9142bb47d7608e7c2d514ee8a8acd1afd1c4647842888ac;76a91416723f70ff1f4439ae3c688c66099aad4a698c4888ac;76a914908829b27204f71809c359f89f9d1c3590f0508788ac;76a914c590518dfc221f1bb96eb6b3128a7f6ca0d18d6388ac;76a914d0bd7eac395f8316129a9a68f84340cb7ab1b4c488ac;76a914114dd5fbb60e66c281e96cf674f032b40562295c88ac;76a9144a9490f3656b83d3222db7e62a5ec6c71a1e57f088ac;76a91406b1db45bcf5caf599f7b91bfc304453c2115bda88ac;76a9143555531625b81825968f20c38e49490e320e16b688ac;76a9141ac5a3eb2af82f89ad4e562224fa0f459794296688ac;76a914ae4b8b44acb3a19fbfd2f0f1f233de7b07ab289088ac;76a91436a5417e9003741d1bc5fa3ef28740459ea412af88ac;76a914bb0eba5207c1329ec60785663dad49546cf49d5188ac;76a9147cd1325fb028d19d2986275fcc7f0e60d5eed6bd88ac;76a9146f8adeadb15716dfe0a31f7c9933cb6e5bcaa69888ac;76a9145ba86204c6fdc2c79389d67ddc2e293c41df328388ac;76a914ed8414a52318288de5e2d11bab3d83177f8d22b788ac;76a914cd537fd44a6a893f1c77c2768bae26bb819f925788ac;76a914206040d75486f4faf1a68fb26b971eb403fa65d988ac;76a914c454ed37c978787c8e24fd431d9b77214f35183688ac;76a9147a7ca0a19dd7601e837e76c5630b7a9a3c8cac6588ac;76a914d4ee0d5ae5a1246c2fab3b5896fd895300ae32c188ac;76a914ed97ebb9d874957be7efb32da292422fbec546bf88ac;76a914090e58aa6f9433e234e51b5d7cf2468119a9068a88ac;76a91433c3193517ee24b3f21bec093baff531bec018cf88ac;76a914eaa723393315b93fab25876dd10ae1c00df052f888ac;76a91424e70dc938e2b706c29af7fb9e588d641f411c6a88ac;76a914b94bc706ef9a2286bfa86969d5e838dd250e6b1388ac;76a9147051e038e82a1a071d8d8f880765180a82f0121088ac;76a9149c0493647b3f0ee0835d9e348dd68818a2c8429788ac;76a914ca13ef66b62219c1311dad0f072b022b17f63e3088ac;76a9140a9d8ed62999e840f5b965f2643fc545227b81a488ac;76a914acbe511aa41e43bcd80d611f2e305e2a61ff8f6d88ac;76a9147b262c86798a2737c437ab1883cd5bb73888bd8988ac;76a914ef43227283a49db952070017699488cb1836242888ac;76a9146112cdd25565d2f10899820c94c6ed4f5feb43cf88ac;76a9148bea2742e07ef1256480e10cd2a8b94f7747189888ac;76a9143681b53903ed68ec566216ce982430de50cd50f688ac;76a9145ad4df36c38579badb7113919d5664ff24d8c30b88ac;76a914cc29f90d3e4416379eb729c7fca68c9bc8fc356f88ac;76a914ea027debe6a62e5a9e603334284403a15c10d15d88ac;76a914ffdb1410f4f2403efef2880be39592c623a757de88ac;76a91472d5a84340deea9fca1bc3c0c38c4380fa0d443188ac;76a914d9d52a45e26bf6c4b7ab25acd7d498c4260217ff88ac;76a914df13f97de8cc3b7a8ccaf0a0d4036f46b16ac60488ac;76a914d6c9fe353f4f13cf551b906218ef40389563367888ac;76a914588237acdddd62bc0dc04a4107427af801deb92288ac;76a914dc5acdb03888e7cb5bda6d72c79f6aacf18d314388ac;76a91460b1c81996692ba9e1d4d631ac257bbfe8a11f2388ac;76a914d88a913ce9f1cf3a399ee0008173300f8b15a91888ac;76a91495e672679c3411fc6153750d8ea563bf73c5c51a88ac;76a9144d8c69eadc5f42b327e79a5e087b1d6e5fcf8c8f88ac;76a9144d0ece7ef3153fa7862021fa9355012748ce234b88ac;76a914a5be4d4cc5f6f903e6d117168fa4aeda959618e688ac;76a914f3f8ac4cb19be14b290e51d67a5a1ee5617c7c7788ac;76a9144dae82571e001f38707ed7cbd5b35659366f68bc88ac;76a9146eda84e95661c3560ab18c38f9bd496eccef2a4c88ac;76a91409a297d822b2f859fa34ab0728466a5753bdda7888ac;76a9145399c3093d31e4b0af4be1215d59b857b861ad5d88ac,,stale,VALID,19009d8c,,,valid_direct_stale
devcoin,validated_stales,data/devcoin_validated_stales.csv,287,stale_only_publication,repo-data,135362,,297835,000000000000000007b28cb11b554efb34d62d51b13a1bb84a37ac1a80e5704b,00000000000000006838c5a6a66ce1a0c97a417128a02570bdf82e9c322bef5a,1398541359,19009d8c,3692631350,020000005aef2b329c2ef8bd7025a02871417ac9a0e16ca6a6c5386800000000000000008fe71b7794f8fe4133ad969a265c2de119764aac7b37abbfb10049024e80bd8c2f0c5c538c9d0019361519dc,036b8b040d00456c696769757300535c0c2ffabe6d6db97e71226d4a5fbf79012ad4856a9b1be84e65d7ee34f489f5c9b982bd0875530400000000000000002f737333332f0090bbcc020000000047192200,76a914b0814ac93643b1cbfa73d64bd58637eb80885f7b88ac;76a9142bb47d7608e7c2d514ee8a8acd1afd1c4647842888ac;76a91416723f70ff1f4439ae3c688c66099aad4a698c4888ac;76a914908829b27204f71809c359f89f9d1c3590f0508788ac;76a914c590518dfc221f1bb96eb6b3128a7f6ca0d18d6388ac;76a914d0bd7eac395f8316129a9a68f84340cb7ab1b4c488ac;76a914114dd5fbb60e66c281e96cf674f032b40562295c88ac;76a9144a9490f3656b83d3222db7e62a5ec6c71a1e57f088ac;76a91406b1db45bcf5caf599f7b91bfc304453c2115bda88ac;76a9143555531625b81825968f20c38e49490e320e16b688ac;76a9141ac5a3eb2af82f89ad4e562224fa0f459794296688ac;76a914ae4b8b44acb3a19fbfd2f0f1f233de7b07ab289088ac;76a91436a5417e9003741d1bc5fa3ef28740459ea412af88ac;76a914bb0eba5207c1329ec60785663dad49546cf49d5188ac;76a9147cd1325fb028d19d2986275fcc7f0e60d5eed6bd88ac;76a9146f8adeadb15716dfe0a31f7c9933cb6e5bcaa69888ac;76a9145ba86204c6fdc2c79389d67ddc2e293c41df328388ac;76a914ed8414a52318288de5e2d11bab3d83177f8d22b788ac;76a914cd537fd44a6a893f1c77c2768bae26bb819f925788ac;76a914206040d75486f4faf1a68fb26b971eb403fa65d988ac;76a914c454ed37c978787c8e24fd431d9b77214f35183688ac;76a9147a7ca0a19dd7601e837e76c5630b7a9a3c8cac6588ac;76a914d4ee0d5ae5a1246c2fab3b5896fd895300ae32c188ac;76a914ed97ebb9d874957be7efb32da292422fbec546bf88ac;76a914090e58aa6f9433e234e51b5d7cf2468119a9068a88ac;76a91433c3193517ee24b3f21bec093baff531bec018cf88ac;76a914eaa723393315b93fab25876dd10ae1c00df052f888ac;76a91424e70dc938e2b706c29af7fb9e588d641f411c6a88ac;76a914b94bc706ef9a2286bfa86969d5e838dd250e6b1388ac;76a9147051e038e82a1a071d8d8f880765180a82f0121088ac;76a9149c0493647b3f0ee0835d9e348dd68818a2c8429788ac;76a914ca13ef66b62219c1311dad0f072b022b17f63e3088ac;76a9140a9d8ed62999e840f5b965f2643fc545227b81a488ac;76a914acbe511aa41e43bcd80d611f2e305e2a61ff8f6d88ac;76a9147b262c86798a2737c437ab1883cd5bb73888bd8988ac;76a914ef43227283a49db952070017699488cb1836242888ac;76a9146112cdd25565d2f10899820c94c6ed4f5feb43cf88ac;76a9148bea2742e07ef1256480e10cd2a8b94f7747189888ac;76a9143681b53903ed68ec566216ce982430de50cd50f688ac;76a9145ad4df36c38579badb7113919d5664ff24d8c30b88ac;76a914cc29f90d3e4416379eb729c7fca68c9bc8fc356f88ac;76a914ea027debe6a62e5a9e603334284403a15c10d15d88ac;76a914ffdb1410f4f2403efef2880be39592c623a757de88ac;76a91472d5a84340deea9fca1bc3c0c38c4380fa0d443188ac;76a914d9d52a45e26bf6c4b7ab25acd7d498c4260217ff88ac;76a914df13f97de8cc3b7a8ccaf0a0d4036f46b16ac60488ac;76a914d6c9fe353f4f13cf551b906218ef40389563367888ac;76a914588237acdddd62bc0dc04a4107427af801deb92288ac;76a914dc5acdb03888e7cb5bda6d72c79f6aacf18d314388ac;76a91460b1c81996692ba9e1d4d631ac257bbfe8a11f2388ac;76a914d88a913ce9f1cf3a399ee0008173300f8b15a91888ac;76a91495e672679c3411fc6153750d8ea563bf73c5c51a88ac;76a9144d8c69eadc5f42b327e79a5e087b1d6e5fcf8c8f88ac;76a9144d0ece7ef3153fa7862021fa9355012748ce234b88ac;76a914a5be4d4cc5f6f903e6d117168fa4aeda959618e688ac;76a914f3f8ac4cb19be14b290e51d67a5a1ee5617c7c7788ac;76a9144dae82571e001f38707ed7cbd5b35659366f68bc88ac;76a9146eda84e95661c3560ab18c38f9bd496eccef2a4c88ac;76a91409a297d822b2f859fa34ab0728466a5753bdda7888ac;76a9145399c3093d31e4b0af4be1215d59b857b861ad5d88ac,,stale,VALID,19009d8c,,,valid_direct_stale
devcoin,validated_stales,data/devcoin_validated_stales.csv,288,stale_only_publication,repo-data,135367,,297835,000000000000000064cb2f55ea3758db22489b77997a1a198d1cc3a249820ec7,00000000000000006838c5a6a66ce1a0c97a417128a02570bdf82e9c322bef5a,1398545829,19009d8c,2031855196,020000005aef2b329c2ef8bd7025a02871417ac9a0e16ca6a6c538680000000000000000ac550c14e1fb678c08addcb4377d4e1ff2c122986ad190b75b8cdfe83aa20661a51d5c538c9d00195ca61b79,036b8b040d00456c696769757300535c1da5fabe6d6d246cc166438a82666c1ea753f122c51a179829c1fb23e1a583d33fee9368d3630400000000000000002f737333362f0090dc6208000000004c2b3700,76a914b0814ac93643b1cbfa73d64bd58637eb80885f7b88ac;76a9142bb47d7608e7c2d514ee8a8acd1afd1c4647842888ac;76a91416723f70ff1f4439ae3c688c66099aad4a698c4888ac;76a914908829b27204f71809c359f89f9d1c3590f0508788ac;76a914c590518dfc221f1bb96eb6b3128a7f6ca0d18d6388ac;76a914d0bd7eac395f8316129a9a68f84340cb7ab1b4c488ac;76a914114dd5fbb60e66c281e96cf674f032b40562295c88ac;76a9144a9490f3656b83d3222db7e62a5ec6c71a1e57f088ac;76a91406b1db45bcf5caf599f7b91bfc304453c2115bda88ac;76a9143555531625b81825968f20c38e49490e320e16b688ac;76a9141ac5a3eb2af82f89ad4e562224fa0f459794296688ac;76a914ae4b8b44acb3a19fbfd2f0f1f233de7b07ab289088ac;76a91436a5417e9003741d1bc5fa3ef28740459ea412af88ac;76a914bb0eba5207c1329ec60785663dad49546cf49d5188ac;76a9147cd1325fb028d19d2986275fcc7f0e60d5eed6bd88ac;76a9146f8adeadb15716dfe0a31f7c9933cb6e5bcaa69888ac;76a9145ba86204c6fdc2c79389d67ddc2e293c41df328388ac;76a914ed8414a52318288de5e2d11bab3d83177f8d22b788ac;76a914cd537fd44a6a893f1c77c2768bae26bb819f925788ac;76a914206040d75486f4faf1a68fb26b971eb403fa65d988ac;76a914c454ed37c978787c8e24fd431d9b77214f35183688ac;76a9147a7ca0a19dd7601e837e76c5630b7a9a3c8cac6588ac;76a914d4ee0d5ae5a1246c2fab3b5896fd895300ae32c188ac;76a914ed97ebb9d874957be7efb32da292422fbec546bf88ac;76a914090e58aa6f9433e234e51b5d7cf2468119a9068a88ac;76a91433c3193517ee24b3f21bec093baff531bec018cf88ac;76a914eaa723393315b93fab25876dd10ae1c00df052f888ac;76a91424e70dc938e2b706c29af7fb9e588d641f411c6a88ac;76a914b94bc706ef9a2286bfa86969d5e838dd250e6b1388ac;76a9147051e038e82a1a071d8d8f880765180a82f0121088ac;76a9149c0493647b3f0ee0835d9e348dd68818a2c8429788ac;76a914ca13ef66b62219c1311dad0f072b022b17f63e3088ac;76a9140a9d8ed62999e840f5b965f2643fc545227b81a488ac;76a914acbe511aa41e43bcd80d611f2e305e2a61ff8f6d88ac;76a9147b262c86798a2737c437ab1883cd5bb73888bd8988ac;76a914ef43227283a49db952070017699488cb1836242888ac;76a9146112cdd25565d2f10899820c94c6ed4f5feb43cf88ac;76a9148bea2742e07ef1256480e10cd2a8b94f7747189888ac;76a9143681b53903ed68ec566216ce982430de50cd50f688ac;76a9145ad4df36c38579badb7113919d5664ff24d8c30b88ac;76a914cc29f90d3e4416379eb729c7fca68c9bc8fc356f88ac;76a914ea027debe6a62e5a9e603334284403a15c10d15d88ac;76a914ffdb1410f4f2403efef2880be39592c623a757de88ac;76a91472d5a84340deea9fca1bc3c0c38c4380fa0d443188ac;76a914d9d52a45e26bf6c4b7ab25acd7d498c4260217ff88ac;76a914df13f97de8cc3b7a8ccaf0a0d4036f46b16ac60488ac;76a914d6c9fe353f4f13cf551b906218ef40389563367888ac;76a914588237acdddd62bc0dc04a4107427af801deb92288ac;76a914dc5acdb03888e7cb5bda6d72c79f6aacf18d314388ac;76a91460b1c81996692ba9e1d4d631ac257bbfe8a11f2388ac;76a914d88a913ce9f1cf3a399ee0008173300f8b15a91888ac;76a91495e672679c3411fc6153750d8ea563bf73c5c51a88ac;76a9144d8c69eadc5f42b327e79a5e087b1d6e5fcf8c8f88ac;76a9144d0ece7ef3153fa7862021fa9355012748ce234b88ac;76a914a5be4d4cc5f6f903e6d117168fa4aeda959618e688ac;76a914f3f8ac4cb19be14b290e51d67a5a1ee5617c7c7788ac;76a9144dae82571e001f38707ed7cbd5b35659366f68bc88ac;76a9146eda84e95661c3560ab18c38f9bd496eccef2a4c88ac;76a91409a297d822b2f859fa34ab0728466a5753bdda7888ac;76a9145399c3093d31e4b0af4be1215d59b857b861ad5d88ac,,stale,VALID,19009d8c,,,valid_direct_stale
devcoin,validated_stales,data/devcoin_validated_stales.csv,289,stale_only_publication,repo-data,135515,,298036,0000000000000000953037bbfd2ad63cbe1c08c957f530aea03016b695cba8a6,00000000000000008043230e6ab6adb8a04e0f0765689bedc65876aac996b0b2,1398634395,19009d8c,1700049618,02000000b2b096c9aa7658c6ed9b6865070f4ea0b8adb66a0e2343800000000000000000508acab7f7c2044f09a305b340bf331e38b856f5dd92c56bf01ce2a77f7a22c49b775d538c9d0019d2b25465,03348c04e4b883e5bda9e7a59ee4bb99e9b1bcfabe6d6df45b5a7ec02195728d0787b4a38bd274a76c25f891c9faf0bf218c2b2c0d51e51000000000000000be0ab35bf54001004d696e6564206279206c686872,76a914c825a1ecf2a6830c4401620c3a16f1995057c2ab88ac,,stale,VALID,19009d8c,,,valid_direct_stale
devcoin,validated_stales,data/devcoin_validated_stales.csv,290,stale_only_publication,repo-data,135765,,298362,00000000000000001b84252497963c317807092497b328a64afeb5a14bad2f1b,0000000000000000718cf5dfd9df045ecd8722f92e7f4e042e1c8baed5b6bdf0,1398808143,19009d8c,3048357798,02000000f0bdb6d5ae8b1c2e044e7f2ef92287cd5e04dfd9dff58c7100000000000000008609ec8a1ef071c724a4cb870b081b922755baca0a619c6ad69285b6021d5dd74f1e60538c9d0019a63fb2b5,037a8d04062f503253482f04511e6053080e9247010000c0e82e522cfabe6d6dafde56e1fde4d5db2dccbc36c0725641151881dd68279717353c789fc18d6b520400000000000000,76a91480ad90d403581fa3bf46086a91b2d9d4125db6c188ac,,stale,VALID,19009d8c,,,valid_direct_stale
devcoin,validated_stales,data/devcoin_validated_stales.csv,291,stale_only_publication,repo-data,135791,,298392,000000000000000032d2d9009f73816c838dbc77880fc9c5efb84f2720c80050,00000000000000006271da01fb4207cf3bfbf7c036d0737918138adcd8021b10,1398826079,1900896c,2298646949,02000000101b02d8dc8a13187973d036c0f7fb3bcf0742fb01da71620000000000000000e24f47010694c58d571fabfe0a24bb1597a936bedbc58bf796d72f188996cb565f6460536c890019a5910289,03988d040d00456c6967697573005360644bfabe6d6dbee0b146a18877be4703806b029b1c7c014cf55f598c5d19d3030154f5ea6c620400000000000000002f737333342f00507d09eb8e7f0000420d0000,76a91429cb0b4547cb3fda3ad997a57477d59f50185fcc88ac;76a914ab802f32cc259fa55dea5297086760c34770303188ac;76a914a3f911708ffd74d137f0a0eefd5adb3b057b0f5e88ac;76a914cd18ab64db5116d3f7090415468bfd536c9df7f188ac;76a91434e48f0d72aba30d9d624f107598021b1e0ba89e88ac;76a91477a0d5eb02bb3ba8cbc2d4b91b7668b57df7da6288ac;76a91461096b90355194ebb72199bc6719bb82113fc8fe88ac;76a914bf091da58204250bfead89b49bc4fa9d24b14dc388ac;76a9148ba61dad91f29d7085c7b91fd9f2294ca53b8e5a88ac;76a914756ebb6a273a7f6b0f86be2f3d378300aa44cb3788ac;76a914d1d7d1286c71d3cfc45f54769d26f97985781d6788ac;76a914c5f03f9c1ee8ab59064ca0021b5a5ca0ca909ebd88ac;76a9148883436ced98b8d655126d0d9be195edac8b0ab288ac;76a9143e3c8d0f97c0dd7ed1dc82c5b4237946d0ab139288ac;76a9147745bcf580aaa296eb4e73fc841e589b564cddbd88ac;76a914f133796a3b95510815cf28aefee2a3dc1d6ff3c788ac;76a9143db0fadee264106075949ba21b3de7f5fa3d42df88ac;76a9149527c666f4325173df3a4e9500f97016fe5a7aea88ac;76a9148225e2e6899028606f01df2e74c4d7685ee338d088ac;76a9149e7d5d80d48bcb2300ac48f342d309f63222a31088ac;76a91417bda7dc28ec6a22516607fff66d85313bdd596888ac;76a914647d22acc5d2810d692f80599d9e2ce75786d67d88ac;76a9146600497772598e752e748c6a98303d044b3a1cd488ac;76a9141922d15c6aed5b4cdfb32fd5c190c981ccd7bc2588ac;76a91452b601629910e3373e5f73d34b09d2ccd77f08f988ac;76a9142489ff92f5043d17c6b828d007b1f3058948914788ac;76a9148c073be8f5f1aff6a4d612444754189ea040d05f88ac;76a9144c7fb388b5dd5e66a5c553e33821794659c151ef88ac;76a914fcaec1138cb64a089430ce0bbd2d659021ed161088ac;76a9140a340daeafad21abfbb919214b8d03f28fc51ceb88ac;76a9143158bccd48f9bd6e55048e2a4ff6cfaa9406c54488ac;76a914b60a94f9fc79f949fde504463917889d1b840f4888ac;76a914501baa9779abc8424a482821c74c40cd17ed85b788ac;76a914db748e1c94de2641394e7c33402960183c44e60a88ac;76a91468b8645a130599da4e32a3008126554adbfa306e88ac;76a9145c8ecc5771e402d8f9b9a2ea20a711ab10af2e2b88ac;76a914f2ca0d291199713129a082b69717cf62e2eb7f5a88ac;76a914505b78def98356455c86e7a42404b9b7f03500b588ac;76a91414951ae0f112168ac68483646c2b96a1101b336e88ac;76a9144175a5a2bbe043650dabd4df588c74fedbc3826f88ac;76a9145ad4df36c38579badb7113919d5664ff24d8c30b88ac;76a914cc29f90d3e4416379eb729c7fca68c9bc8fc356f88ac;76a914ea027debe6a62e5a9e603334284403a15c10d15d88ac;76a914f3f8ac4cb19be14b290e51d67a5a1ee5617c7c7788ac;76a91432b2a3e66f878d9504987197ae0d01c2f04d9e4f88ac;76a9144dae82571e001f38707ed7cbd5b35659366f68bc88ac;76a9148bea2742e07ef1256480e10cd2a8b94f7747189888ac;76a9146eda84e95661c3560ab18c38f9bd496eccef2a4c88ac;76a9144d924bd9df5b3ac45b7dd992f5a94dae64f146a388ac;76a9144d0ece7ef3153fa7862021fa9355012748ce234b88ac;76a914d4ee0d5ae5a1246c2fab3b5896fd895300ae32c188ac;76a914ed97ebb9d874957be7efb32da292422fbec546bf88ac;76a91433c3193517ee24b3f21bec093baff531bec018cf88ac;76a914eaa723393315b93fab25876dd10ae1c00df052f888ac;76a914b94bc706ef9a2286bfa86969d5e838dd250e6b1388ac;76a9147051e038e82a1a071d8d8f880765180a82f0121088ac;76a9149c0493647b3f0ee0835d9e348dd68818a2c8429788ac;76a914ca13ef66b62219c1311dad0f072b022b17f63e3088ac;76a914acbe511aa41e43bcd80d611f2e305e2a61ff8f6d88ac;76a9147b262c86798a2737c437ab1883cd5bb73888bd8988ac;76a914d9d52a45e26bf6c4b7ab25acd7d498c4260217ff88ac;76a914df13f97de8cc3b7a8ccaf0a0d4036f46b16ac60488ac;76a914d6c9fe353f4f13cf551b906218ef40389563367888ac;76a914588237acdddd62bc0dc04a4107427af801deb92288ac;76a91460b1c81996692ba9e1d4d631ac257bbfe8a11f2388ac;76a914d88a913ce9f1cf3a399ee0008173300f8b15a91888ac;76a914083482f6f46735ae600231602ee5341d274432d088ac;76a914ffebbcc85540d6ed1099bc2864b39ef158d00de088ac;76a914e707311239e3660f6053cc23fd66e8ab44beb48588ac;76a9146308d61bded9d8a60fd1116ced3d3c5164fe866788ac;76a914232c9f1cbdb614a06565672ee3f7d915de93409888ac;76a9145cf9c9f6ec6b439aded357df4039be82f92828b288ac;76a914bb50c24c357455eb7341df1ed2ba74503cee694388ac;76a9146498057fb0b3dd40197f0b0436773d4b464c7e4d88ac;76a91409a297d822b2f859fa34ab0728466a5753bdda7888ac;76a9145399c3093d31e4b0af4be1215d59b857b861ad5d88ac,,stale,VALID,1900896c,,,valid_direct_stale
devcoin,validated_stales,data/devcoin_validated_stales.csv,292,stale_only_publication,repo-data,136143,,298782,00000000000000000356d0f6bf86d75b2787b0a73d2e1b17b8a53d7bd6309fa8,000000000000000052c98f6b9d5b5ca0912045d83e53b4e0264224e0dfaa01ad,1399039294,1900896c,3862466566,02000000ad01aadfe0244226e0b4533ed8452091a05c5b9d6b8fc95200000000000000007494e234e008d7a9fe0fa097aec4813a476f4f7c466cfe45ede3342bdf97a8243ea563536c890019069038e6,031e8f04062f503253482f04d7a46353081a9010030007a1dd2e522cfabe6d6d06c4760cb9368386b533cd73eae806c2cd9e984bafede2d6f13528fa217454200400000000000000,76a91480ad90d403581fa3bf46086a91b2d9d4125db6c188ac,,stale,VALID,1900896c,,,valid_direct_stale
devcoin,validated_stales,data/devcoin_validated_stales.csv,293,stale_only_publication,repo-data,136147,,298793,00000000000000004af04afa9b53b1a9bcfcb146199446b7f6df4ca67f405aa7,00000000000000001db80f64ec60609943e4dbf7a4af634e49bb4055d076bad3,1399044404,1900896c,3937307096,02000000d3ba76d05540bb494e63afa4f7dbe443996060ec640fb81d0000000000000000401b683bf94cecc940e74898cdf101d954874be4d0e9c934208fdd21b2e3ed5934b963536c890019d889aeea,03298f040d00456c6967697573005363b934fabe6d6ddc5a9dc2a886be49dbe688813667d9772bb8e2fc3d5c7e48ae7b369236f24ea30400000000000000002f737332382f0090e1f7d0b07f0000cb400500,76a914e876b8ae8973087da15cba399e0dc06b343d4ea188ac;76a9141fe1d19e13e3a846c080ee735e39e973ccb16d0488ac;76a91415b7c62564484644a8af02767d41a7cb1e4dc4b888ac;76a91421ca711917d5b22832af6bc8a50fde2799b7584088ac;76a91410326a4cece21dc408d45de0084451f9a1f87da888ac;76a9144de8f817af51f9d0cf56528ec6c98a6857d77ef088ac;76a914dfc375aa51a8d0423d687e75c2ec6af846ae7ce288ac;76a91479e04ff8b6e7f623a751a3cab4e91caa2de7ef4b88ac;76a9148b936eb63c3b35c4709d2390cc6da5c2a98b676c88ac;76a9140919b1029e7ff2de4d080b21c921994a33872f8888ac;76a9140515f7f0bf83c8d52cc8361d71d559a3f17cdf9c88ac;76a9147befcd88d35f34dd7bbd0ac433548c056a9b871a88ac;76a914fadecaa1b51586430385980c893a031919511b2a88ac;76a9149e789e2eacfa932b6c646dcaa2ea31a29524fffc88ac;76a914ed8414a52318288de5e2d11bab3d83177f8d22b788ac;76a914156b3c60b576b724f8e92b13adee6ab6c72e24ce88ac;76a914530f71e8baf36b5dfb6b3d9818f76bf43df4b50b88ac;76a914dd755ad40e310c1626a20bf4f4e1d730bf73f5ee88ac;76a914f4684ca53effa6021007bec8ae16eca6d34ed05b88ac;76a914dafc0645d469b8f03e583187c596c6aca4a040cf88ac;76a9141604da8ce0a8f73f8852d64c4399b847ae8f8f4088ac;76a914d8ef63afb732602a7163828beeb25ec52686398588ac;76a9141d8154493a8c5ad3883d12cef7aa181e04be142688ac;76a9149c658ed9554dc266cb37387af654f814e1fac7b388ac;76a914d83bb539ee207d5f1b18017bfaf9150f0a1cc16b88ac;76a914ccb7afde4559867fc9f434fde42440a4adada5e888ac;76a914def562128b6b45d9c686151bbdbcff3c7b6cd89488ac;76a914c5f2282cd82217789437250ea36e5f62f54aceb288ac;76a914574b5347649566ca0d441287af4395797860f8ff88ac;76a914a9762da692e143a650a40bd14ce850f92d24bf9888ac;76a91471b4779484bffc16bb940f39c64cffa3462eb44b88ac;76a91497427e0755deaa650cadd5782647de077790200e88ac;76a914cacbbbe902bb24fc1c584f788fb72fad17118e4488ac;76a91458574a7a638975b96754a1e0a22b2f726432f06e88ac;76a91404d651f9014485feace88ef3c8d4d57f3b0edd1788ac;76a91406215609f23da767b2985e679a9dd6de8171d4b888ac;76a9145399c3093d31e4b0af4be1215d59b857b861ad5d88ac,,stale,VALID,1900896c,,,valid_direct_stale
devcoin,validated_stales,data/devcoin_validated_stales.csv,294,stale_only_publication,repo-data,136465,,299176,00000000000000001f620c64e6c9a56bcbac52bcca074a9d8b291028ee4f0c03,0000000000000000305609112292e5b19feb79eadaf85eef8ef33e1667c1d5e9,1399270886,1900896c,2073494951,02000000e9d5c167163ef38eef5ef8daea79eb9fb1e59222110956300000000000000000351a7531544f3322aed7cc81fa2149810c79cfb1e36c2d0d7cd6ee2abe6c1f37e62d67536c890019a705977b,03a890040d00456c69676975730053672dbefabe6d6df26019cd90b8e1c326afb848ccfa03ac85c7120287e8f04b3b0fbdbab79e8f7d0400000000000000002f737332372f00d00daf0600000000ea370000,76a9144087322d25928c320c86f4fe81d6ef47f69b39eb88ac;76a9141739a5a8a30397c2468d6a6b96cf1e7e16fc2a4588ac;76a914a9ccd5ff8e99e0deccb78aceadec74107805f0d488ac;76a914143e8bb56f73ae0723b5fcba8ebfce0260bfa72d88ac;76a9147c6a3674d21446b767a8c7ff1f27cd5d5de517c788ac;76a9147eea5b5b312be638c98f583d630b9c9ee198c8b588ac;76a91492ab931067c388bd048ae1ece3f3d1a090c22d9388ac;76a914134d9625e439b0cf8395f05e8c80e7d245e73f3a88ac;76a9147938fafbdd16e754787c90ab8713ec632bbdcb0388ac;76a9146acfc14d22cf586aa30c8f72e3f390a1495b65be88ac;76a914f379c83fe6b2ce7c8cfc0f9c624d261c3e2ee3ba88ac;76a9141d7cef5f17ca4959264c79e8ab4c45fddb5539a288ac;76a914bde2ca09175b4a254a47c21453d8b3d60e07050788ac;76a914ac77d7b46822dc0a342ac92be92704266043243b88ac;76a914c0dc4bbe4382f9d28f7ed1fad17770ef77f1095688ac;76a9144ad14ad7ca019a2fd488afa1b4776f9df0b075e088ac;76a914909f3d2cb42d555a284913cc429492ae5087cd3e88ac;76a91469c83a7cadde76859582f3e6ebb9ea5633052b7f88ac;76a914d669b74d07223ccccdfc0e741f3d8e0fe9e31fee88ac;76a9147bc0ccfc329c0fc0aa6fa819a2ebbc9fb35b602a88ac;76a9147856bba1568af4eaf1bda5e72e23b13d5d05f97988ac;76a914092b82bb64c63b55224d87caee2e161108dbc9eb88ac;76a9143c732691ab2511e30ec00c7439e3b61b1797ca5788ac;76a914ba649f6e851763be1a91e30bb1b5ea454dfd6a3e88ac;76a914b2322fff5f923c62cab3177eaead3e3bf59b440b88ac;76a9147f22c569eddad9d97a4c35191bedf0eba909c8a388ac;76a9145f8cfd655688b0b7fddbce47c8c9969c0de15b8088ac;76a914d818f554439adcb5f83b46cd403ae2797bf6bfa088ac;76a914dc8d87d2990235e934b1941f9888d862971742ee88ac;76a914f2fe7068882c02d87c96dee094fc3f8bbaf3b78288ac;76a9142b265956af4e4d2fd9080c2b015df8821687aa9b88ac;76a914fbeb141b6ffbfaa7eed04f4c9ced53b3165e2c0188ac;76a9145aacc0f92e26bea9b2541fa19a98692254eb406b88ac;76a91437b09748ce31e5e3e6df90d013846643d0907d4788ac;76a9144fe89f472147c6403467519bd2261f06fa6adedd88ac;76a914dcc602184984906ebbe20e0d82c5a54a06f0359788ac;76a9149860ea02c9d681161c0e41b099461ce4dfcaf71f88ac;76a914c29e5ce729a0717bd7f12e3187d41ce942bb4b5e88ac;76a9147d6c1a05e158ae3d3b3e74c3fef5c70c1baadb7888ac;76a91496c3271e19eb22fdbb4e942104968b744b3b350688ac;76a91408752f2f47d0fae0c8e6b96ac96d5042d009e0bb88ac;76a91417e2c9507eab839061b6efde4bdd06911cebb6fb88ac;76a91439ad3cba1f48912e188b608f7691bd0e0a152b5c88ac;76a91400aa9be54bdb2656f6c1c8dfbb0715c6beeeb57888ac;76a914995289e73f97d29ccad0881a95818a83c711fc2a88ac;76a914227eddda04df7f4afb0374f43b25d91c6171802b88ac;76a914f6027878e49199f840c3c4fbeb7859b16444f6bd88ac;76a9148530fffd67700432a39eea4480485d957adaed9088ac;76a9143cc60fef0539cc6c686f785acc889aacb7b7a47d88ac;76a914b1ef9372209b3c6182c99f736f20087468de579d88ac;76a9148df647389e5c3a0388de3a4d04bf74af2488895988ac;76a914c4fcd4aa736bca803469329f5dd98d5eee293ed188ac;76a91415fe40b673d0e4fe466b05d9962721da3696999588ac;76a914ab92c27c88b999d6d24df6551f51fb83242c3e9088ac;76a9143bdb1296b66a679705636ff0d9b9864ea2eae90b88ac;76a9149d99c7ff68e7b5754648c891835a2fa163af52f888ac;76a914df8908a79c83c6e28ec6673f01530b460cb6041388ac;76a9140e4bd59948c3d8a17f350fc26ceee375eb7551b188ac;76a914a53527e4d6acad425607a2992f1639de7bd9559188ac;76a914b7735765765c7955e8adfe1b27a94b579bb5ee1588ac;76a914897ed1381c4b4a905723427a63dcd46f396842b888ac;76a91469c72bae406f1cef3146d02b26cea773f62cc71d88ac;76a914f3ca4dee949473254e621d17efd6a7a6d408767088ac;76a9140445769c73e40081eb5ad6b83c9e435b737c910e88ac;76a914f069fbaf88008fc16a8476561061450ba878b12188ac;76a9148e2cc2ac93fbf9f1ec00a9530d098fb4c502d6d088ac;76a914d668a39767bd5fd2e51caac61ba2d10d3a26956088ac;76a914481c9ada76536c39c5411ef1e4ad4441435f146288ac;76a914ee7e0f547926b995429201c46a5e7b50c430063788ac;76a91498f99f8f12133289b41d8d60f0ac1d16547f6e6088ac;76a9145899f56e378df27c7fe85259f7fb2da531e66e6f88ac;76a914ed5841e23c0904b6df2c2e5f91cee93865bc17c688ac;76a914d6dd28ecb7e19eb4e09bdcd5c21b641aa21ef3cf88ac;76a9142b475494c64fa2cd31e10dbf40f2017f6ef61e1b88ac;76a91406a9effabee8660cfff87d089510b5e0ede07e4988ac;76a914bf7d3e7c5ba3a5fcabe80da42638f6a104b91ee388ac;76a914adad53090e5a9ea3ab66615748e21fec80fa115888ac;76a914313294102a633c0557f46797b60e01f4f4ea441a88ac;76a914e5e077c93926800f8928bcaf96bc3df174a1d08288ac;76a914fc642e1b24d020388cd11d28a83098a1e0ca2c7188ac;76a914eaad5d00816689f190f50a8e131500fd32891a9888ac;76a9146598ce517a2d48846d1e2c51f9cec502b53a118688ac;76a914f927d19066495857624b3f4019486e524d7672c888ac;76a9144abdc649165b3cfda0051691fcd621eb2c7982e588ac;76a91478499edd740770572e29a995d6c19d0aec1dbc6a88ac;76a914095c01c21ee606bbc464f260c8919ec52cd2249e88ac;76a9140893bec6bebf66a55c094970d5e8921f8ada7b1288ac;76a914f895047851e3748f220985526a80a9ea5988ec0888ac;76a914e28b92c1d3a6cfdc4a35e24cdd3fdf7080b35eaf88ac;76a9148da79641b910d69ef5573e13a930983a530824ed88ac;76a914894be756bca10279ada7e2c6f5cd57c94a399f9c88ac;76a9149d2b25eaa8a7c265f49b9ee10eea302347f88d7388ac;76a914e3d77f2bb8d9df671b2005020e32b06c3ef8dae188ac;76a914f428c456c2720c93ef5d016ff70737df9ece990688ac;76a914883ba7268570761f95c4c6e3ec794eea56ae1b4088ac;76a9140d97796b13595259414069304afa98828eaf83d488ac;76a9145399c3093d31e4b0af4be1215d59b857b861ad5d88ac,,stale,VALID,1900896c,,,valid_direct_stale
devcoin,validated_stales,data/devcoin_validated_stales.csv,295,stale_only_publication,repo-data,136571,,299266,000000000000000050d44bb0998c41f89f850efa05aca23432e3d05ab290f6a5,00000000000000005995b4e7667873e86d6af637c043db8159b91c592a0b3ff1,1399332261,1900896c,2087646548,02000000f13f0b2a591cb95981db43c037f66a6de8737866e7b4955900000000000000000e443ef480a1f7b8e11106e5176bfa283058855d5517c60bf37066ba6b27dd30a51d68536c89001954f56e7c,03029104062f503253482f049d1d68530878510f030500019b2e522cfabe6d6d59cf3c1acd2f9fbcfb36eb028a8063210909575fe3f723777de144d8d09717740400000000000000,76a91480ad90d403581fa3bf46086a91b2d9d4125db6c188ac,,stale,VALID,1900896c,,,valid_direct_stale
devcoin,validated_stales,data/devcoin_validated_stales.csv,296,stale_only_publication,repo-data,136618,,299334,00000000000000001f64a823735f212b3d8d09740d1a4b8b82531ac04b416f0f,000000000000000024494238068cd2539c35f7103327dc561ed04727294c1a53,1399366059,1900896c,1464439112,02000000531a4c292747d01e56dc273310f7359c53d28c063842492400000000000000000473e80335ec32881f00756d0faa30e10070a3b198ca8bb720fb32e35d528a92aba168536c89001948914957,03469104e4b883e5bda9e7a59ee4bb99e9b1bcfabe6d6d46cedf433e045b93072be00bf465e4959e275bb3c45e24971bb5b00986ce1277100000000000000062f422a0739e00004d696e656420627920686d71686d71686d71,76a914c825a1ecf2a6830c4401620c3a16f1995057c2ab88ac,,stale,VALID,1900896c,,,valid_direct_stale
devcoin,validated_stales,data/devcoin_validated_stales.csv,297,stale_only_publication,repo-data,136690,,299426,00000000000000002dc88dbbefaa1dd6a0f195bfd8a97bff0fe10e66d2518638,0000000000000000278d885bedea24d1a7b3aba44b4682db7f48346b57e5dadd,1399401260,1900896c,1228288725,02000000dddae5576b34487fdb82464ba4abb3a7d124eaed5b888d270000000000000000f577d8eca915e31e325a4503fe6ba1c20c43ad760a048f0c522e2a9db6a3a0a72c2b69536c890019d5323649,03a29104e4b883e5bda9e7a59ee4bb99e9b1bcfabe6d6dbe16cb37dcc1e50352ef4481f52cbe3816f7756aeb4457fb55f7bcf0786e8fc01000000000000000a2c44b85d61c01004d696e6564206279207171343032323433393830,76a914c825a1ecf2a6830c4401620c3a16f1995057c2ab88ac,,stale,VALID,1900896c,,,valid_direct_stale
devcoin,validated_stales,data/devcoin_validated_stales.csv,298,stale_only_publication,repo-data,137418,,300362,00000000000000007a55a477c9843c6ec39d0dec23b408666cfa4505438be310,000000000000000086a02fbbc7f381ebc27d09b8f48bb668813c0b6d089f168f,1399892922,1900896c,2694375238,020000008f169f086d0b3c8168b68bf4b8097dc2eb81f3c7bb2fa08600000000000000000f55e6a8664b740c6ee9d3bd7274aa92a2507528d36cb59898a42881f835ae6bbaab70536c89001946e798a0,034a95040d00456c6967697573005370abbafabe6d6dd33a5b3125626ecc6572044ac49c8cb64e64e66374425360ac3d11a1bd562f240400000000000000002f737332312f0090e8940c000000000001b483,76a914d4b7a02d6faccec92ef5f583e36b832bed940e3388ac;76a914f43bf25e0a57e4e4e1087c77c896e95c57abd60288ac;76a914c6a5c276e7792b5a1e939e26982745ee7448d99a88ac;76a914b724e7ee2abe1a92f5c042584fed2ce03836c7b388ac;76a91447581d8ca4e7394322a3ed8410259ac07e5e4a2588ac;76a91441a4d1870b6bc1fbd38732634c2daf6c9a8d59e788ac;76a914818ef63e0b7ae665b1bf59cfe393705ee95f90b388ac;76a914f53fd6bab066af874e2d47b2b785f75c66313e8488ac;76a914883577ac158ff2c641cd3302b02b7292d001cc5488ac;76a9141e3b4a424e0f6b7ea6b4c15a83e9af97d3b52e0f88ac;76a91415cbc770e2edb7f2351ba0d9914b09b189c69c1d88ac;76a9148d16d39a0a64ce20a24701fe5df86e3f0a8b562888ac;76a914d2d886eccc6a2e092a8c59c6af2be5d38971690a88ac;76a914bac44d78bb193ef6aa62e1b6fc09ba569645a76488ac;76a914fac9b583ef22d7924841dcb8d8fb65e471e74c7888ac;76a9148cbdacb0ce0b2c2f3d054bcb34088dc04626bc8a88ac;76a9140333f863ca407f5c854d52b6660682c208b3fd1f88ac;76a91471308f9bca77e2035ee276553459ba54fe0b85ab88ac;76a914668ed515f5ee2526b6c7d9796b35cc48de24e84e88ac;76a914e9a4de7c41ee123b05019856b9a1c565ad8da54c88ac;76a9144ad14ad7ca019a2fd488afa1b4776f9df0b075e088ac;76a914909f3d2cb42d555a284913cc429492ae5087cd3e88ac;76a914db71f51c44ef2a4f444087462c7d9ad2faa8c6a788ac;76a914e349adce45a8d4b8b65747c52be60615e537838d88ac;76a91430301bc2865cf20e0dbc76cd555ec4aefccbf07288ac;76a914126116c8d4ecf84618ef3724a19c1d97286a17c088ac;76a914690ce9ab2a2f57308228be63d0ad80de6e61cbbf88ac;76a914ce8510ce3900bf181365c683e183c7da5d8982c088ac;76a9143655f34de5154db28128f0058ee0ee851a92e4dd88ac;76a9149921e1ff17564eeb986d3dd811ba87f1b272811d88ac;76a914c3c5a945c7df55d6dd7feade093f600071b996e588ac;76a914f599f9b4561c8df1f5b700499fdc563a1bb511d888ac;76a9148fcb369ddcbe0f08a748409a99d9dddf7d37023f88ac;76a914f861809ea9fbb6b151dc7125aab49889165e3e7a88ac;76a914fc2f9ac77191ea7f5247112b4dc7f9d4f693ced988ac;76a914405301202e2f822cae963c4232ccfe779cd9011988ac;76a914bafca326e8761b07e5966714f42f1b22bc9a13ef88ac;76a9142d772d70eff3dd59bcb1657c79c46d5dc69f76b988ac;76a9149d022073ff3f9f437bc949225cc54dff0df02b3388ac;76a914a62327fb4cf3b876fe6f3b48f20393e22af3899088ac;76a9142cf687813605548345d3449b9f9256cc164f2f3888ac;76a914f754aa5dadb498fd05179417228c077f20dcabcd88ac;76a914fab533c6b07bbfe3117b2ccae6b71013dca5133288ac;76a914f048512219ecf7dd140f3860cf5aae1ccebd0dba88ac;76a914e5bf3f704509af8f3312fa063d76986b9a3db21b88ac;76a914a0d0610aef84ef7fd47bc9d51b53c6689646933c88ac;76a914a43e804f7d069e2033c03936d7f20130b5a50a4b88ac;76a914f4b99b9147350e8af2dfc59467772471f7e9204688ac;76a91429dc15aeca6d06a648f0c1d4289970b924ec13f588ac;76a9149c665ebc712e5a07aef472524f4e1778be439f2f88ac;76a91440ed2326aeab7818e1246b1c11620f6928812a9888ac;76a914690b16608cef01f58c5c442bc0b82d646e281c6788ac;76a914c14d105cf1283ed4f8d3b391157f8dcc300b654c88ac;76a914c5014c37a606b435ef35e74d6d2f518484fa5cfe88ac;76a914f7a30981ef8169778d581a6d61ce1c45acd28ffe88ac;76a91425eb3005c62355ea4de02c314ac44e62ef8f462688ac;76a9146e44aa3655c40d676a4ec43ac2a87469e53bbcc888ac;76a914f3c0128c452a6c5c5ec92f687cd23fed1b306c2488ac;76a9145432998452ade49adfd19311b8902365bd9fe54e88ac;76a9149495d515f68f1fe5fc15a9208c3645728212898088ac;76a9140139bf39a0861ec1509cc1fec531d93de875bb0d88ac;76a914ed1ef87e79885e15652b3ff6559eff55dfc533ab88ac;76a9149b2203a0b2552965071d2ccf4a3aa5a681d4b23988ac;76a914bfe1c4ef6b4e79342b938c6073b27b1b54ca64a188ac;76a914a6bcd6884bac3f44ef5b19476c1f417913653eea88ac;76a914ba442272fd8138e801510686a014625eb5032dc488ac;76a91480f742a8b48308d24a1e533f23279fb21a3e65a388ac;76a9144ed349881d0d9619323080db55464370e7d9ec3288ac;76a914d5cd21a9d58f69fb84867fbdaf5276149a19e09988ac;76a914b7c3abdf09422e16a5a563e3680169238a88b65688ac;76a9144dae82571e001f38707ed7cbd5b35659366f68bc88ac;76a9143d46591b7c7686de78a6478f32c0539a023219b888ac;76a9141d647b73465082bad6457cec119de5beb450e08988ac;76a9146d2999a7edda7c6c8829ffbd60f9358ed18fe5f588ac;76a914ddcc117f0946d5c947dfd5c0bd46864787d86acf88ac;76a91469d6eefb3e120edf408baa759fc37d7d5c3ff9e888ac;76a914d7c0695c92ae9df66f625e270fe7225d9ededc0388ac;76a91408be7f988da2cb8e6793cfdfdc8fc52a17a6689a88ac;76a9147cf0e94d5d719d0f505c297434f28357e398876b88ac;76a914557748b7f4ce66843710ba8e18cd9266367087ad88ac;76a914d2b442ee975c6ada809ecde79714b84d61e8547488ac;76a914f35cfef85f82c861f5cd8d81a2d263afab5a5abf88ac;76a914c222e9a6835196592ce591d0ec7a645058942d0488ac;76a9144421c694cd12f6585d99570ff7bad2aad0670c3c88ac;76a914bb057a37d1268cd454969fa36ebad166361e883788ac;76a914e60e3eaac408ffbc515e21e0f631985c6eca12d288ac;76a914ea89e0a923633ffcf57ea8b9ee1f16c305e6781988ac;76a914588b28c84f54a7b2d4f5549174f749fa7d20988f88ac;76a914292f61295b394fce4d796cdca5e73a0b8588d4e488ac;76a9140f5e439e9cf381f87d21978302494e151aee481288ac;76a9140704d290a10b9ec00749234923dd49922b2a361f88ac;76a914a6fd2cce1b7ff44d2c4ba96d6a479399e62b724988ac;76a91432309140464dee6ab449e64c626131ac043818e988ac;76a9147ef29380fdae6079ef8c52685c730032de688ec588ac;76a9142523a199d25c56bd2307bb284ff264ea9c99e7d788ac;76a914faba52384bbb190dc0705b013f7080730a38324e88ac;76a914db5a17f89994cfefd43307d8942d5a589f991c6188ac;76a91469ca1acab0691fb88996f15c3b6251c2e840f31a88ac;76a91481b0f0cd27e35d72d95b707f7a707eda1874787d88ac;76a9148471395fc37970e3d398a8aa5ecdab21c9258f1588ac;76a9140075c3f07b405e6af7b332456ed3a8a55b8a8ad988ac;76a9148d13fcbb537eb4cc7f7cdfda1f98897f06f86d2e88ac;76a914851a2899652e2b6be411ead8bd2e28347466e6ff88ac;76a914257fc5087b6d232d138832e4c6b157aa52d8016b88ac;76a91457d53a57f489c555c99bacbf3de7dcc891e8eaf588ac;76a9144f1776b36e31839ef81c5f73712b257f2e2c1c0b88ac;76a9146bff1c08de019598026d28b978f9f45c445db17888ac;76a9144d5f1f22a1b579b28c6e7efe572a9ad41171426888ac;76a914b142ce7d1c20d01e05a36d153c960604dcb41e3788ac;76a9144f9720f7392854d8035d885a45312d5c10d5497d88ac;76a914c0222e85f09543e7047fc91dc9988280804bae3f88ac;76a914b7bc0e733f7270f2ce5120484a6e9f8684812de988ac;76a91463e9a11ca447093e81bf0ef6099ee9c87141ca4088ac;76a91475e6e71e1043e354138473148d3244888d532aaa88ac;76a914a74390292f1bf2fe31a9864611df11fdee435db288ac;76a914ed97ebb9d874957be7efb32da292422fbec546bf88ac;76a914dd78ed97658c39e02b5dc542343a5841d37bad5988ac;76a914e0e8a0fc2355a8c731762202c3e73e1a5ed42a1888ac;76a9140ca572e89d480a7575ded85af24b78baf400bb4588ac;76a914df13f97de8cc3b7a8ccaf0a0d4036f46b16ac60488ac;76a914d1ff47d208b12ea0de141853b3a99170254c53d288ac;76a91401fcd19191f4d263f5115c1c96fb793f277c64df88ac;76a9145c8ecc5771e402d8f9b9a2ea20a711ab10af2e2b88ac;76a914fd93dde2bf23334a589c9d9887ff6edc0be9318988ac;76a91407fda489322d1dc0bb97d92148ed193cf883972b88ac;76a914e7572ae780efecf318beef1a78747e3255dbb9e588ac;76a9142c502538eb869361685c60e6b822ee6b5f7b136b88ac;76a9145dfae39b14a09e9493fc6f95019fc1d8d1c9258088ac;76a91493dae3b47cfa6f99db8bd50410bd857950e5d07188ac;76a91419d855f336fef4fa2d1b10b13155062fcbee4ec488ac;76a91413eec7044fc7a5865600fead3373e0cf45cc347188ac;76a9149c507adc04219cc2008c5b9d88cd73f647c2ed7888ac;76a914a7e12603f9e9d92dc222816e1afc3dc5cbee6d5a88ac;76a914162de76a7692f6ebcf5f25be0d561ee508fc541d88ac;76a914a46a740dce151d9327bf6f9b05c3035a50f8680f88ac;76a914fab8ad4e3c1575e654394bba6aea9ce848d5ac6488ac;76a91415228319e71a2da09d1fa1b0b000e261a30075ab88ac;76a9147ade9b6b92ed71ae05127d33682f67cc14e7cf0a88ac;76a91403db942b69a4689906c6fc00a7afb111ed8930df88ac;76a914f1b3095922050dab53ec601547262d53e792c0c188ac;76a914530f71e8baf36b5dfb6b3d9818f76bf43df4b50b88ac;76a914ba7026a8a214368cbe36b871d1c86c138eb71c1b88ac;76a9141720040df6bf4b94eb77adae9825e5280742722688ac;76a914e4f35f098e10f9b5699ae8f4859e4ddeca2f1bb688ac;76a9148041d74e20e69ebe3ec37c57434cee842ba1bd1688ac;76a9145399c3093d31e4b0af4be1215d59b857b861ad5d88ac,,stale,VALID,1900896c,,,valid_direct_stale
devcoin,validated_stales,data/devcoin_validated_stales.csv,299,stale_only_publication,repo-data,137825,,300860,00000000000000006e12e045b7876f64e87a4e74f6734726a96106dfec685fad,00000000000000005bc1391aecd43606f12bb404f47dafafb80ff15b6e055fb3,1400159362,187c3053,168468281,02000000b35f056e5bf10fb8afaf7df404b42bf10636d4ec1a39c15b0000000000000000d324c92a97e5d5d738e0c9e9fd835e7c8c448458a293d2f031175f961eed79ed82bc745353307c18399f0a0a,033c97040d00456c6967697573005374bc6cfabe6d6da4db8b8c341db062966cc66319c3b980e09759a31d0b46ca792f7b1981089af90400000000000000002f737333362f00d06f8f06000000008a060000,76a9144687d7c9967b52ac07f5df571ba1ecde60b787e688ac;76a9142af3843f9b6c840fdb1f2c868858fd7cc9b553fb88ac;76a9143ae505a26b1f5e82d99f2ccb7c1239dd91251dfa88ac;76a914fbe478b03246798b56f5f3a7e5dd8d4c8eba091188ac;76a9145aab6bae3a88d1ca8442a8548bea66e7ef28257488ac;76a914a9d8810a396e9ba36be63f487380a01615697a1788ac;76a914308955ce55e167129c65969f47abadc6f3fedd0588ac;76a914fd0e8512a768c0dc63fd9217a28fb6d63319e2a388ac;76a9142df88f2654a24779b294e4c139bb402173f7accd88ac;76a914648a6f6c00435c45b7992725761426a3b843dec088ac;76a91492726ee51ab5744c527193a6b32d62a96f6a5b3488ac;76a9143c03234acb61b991ec3f0bf41c50e851de6d02d388ac;76a914b673f34ecfbd02c3bc38e2f2ce709f8a3d9121e188ac;76a914a0271002047c4707aa705e4e3ec33eb6723275c988ac;76a914ed8414a52318288de5e2d11bab3d83177f8d22b788ac;76a9146c18185d207f431da498583204d73b98bd2f4e5788ac;76a914823356f2b9f45ac490a4beac1217c7aa51cf869b88ac;76a91475ecab69d230a697a86e4955dce6840e5618366188ac;76a914c9199898270d66c85c89e26368726d0ce89ecc2688ac;76a9148b5d7ba0fafef1ecdc1c9a5e3efbaa978232655488ac;76a9140b6e5da804311be8a48cd417c494f1bd97f881fd88ac;76a914c8dc5c4d5c2049e5f8ab9587c62bcfe3e7b7825c88ac;76a9145a97bdd68d6a7f353b07426e047f5c1b5d6a09e688ac;76a91413d7968b6bd966065801d1f468e3463f1206cea588ac;76a914b9295c9ce07e49eb51467de4e1ee5ad60ae47fa788ac;76a914082db6a8d3a8437c33f128099984ee5c00795b4c88ac;76a914f598db89452e9731419e8002f430e30606e76ee488ac;76a914ac03fd6e3bbd722671ec914a795ddc42aadf94b688ac;76a914201496592cd0c6c0cbb2eec4d50aa839d85dc31c88ac;76a9145cd2d90d32d313caf626296d90f6f9c72a46674488ac;76a91484e705d241d137ec6496c9243d6452165544bc5088ac;76a914d972eb1e068c3d04a7c469cfe8efb634f2dc92df88ac;76a9144aeca67439ab2ddd9fe33bde1dc83d6982c580ca88ac;76a9144aeb32af344d7a2aef2be58ed2b83e33d11e912f88ac;76a91493f4fbc1ca773c4ca18806b94d1e4e9a965a8a7b88ac;76a914615799bd59051ae8f18ff0a95ecbc280e76cd39d88ac;76a914f0822a9e60068b76c9341243e9dc53a70cd2c89088ac;76a914715c1bcf69c36f9c50085fc2c9fdf9df6558732988ac;76a9146350c5c6da05bec3b4adec30f6e8f4a82806dac288ac;76a9145087db55f70fb8560a61ffa24267ec9a2f48f00c88ac;76a9146884abbfdbc6b8e9d8e69172bb0e43cf5c0a7a1988ac;76a914d4721a81b46876af2233f7f68c09175302633aa988ac;76a914c51c1d4c7da09a8866bf45f42115871c27f4655d88ac;76a914ef6d7227f34ff068e8d7bdb7a6a77520d150d1d288ac;76a914fae4ca36e260a1ea0105553ec35e251f515a62f188ac;76a914a374b3a1fb9b24a388c0d5090c20c99e66c3a17988ac;76a914d50b62e76bb161128a1f4dd8938f7e8c5a5b117988ac;76a914db5a17f89994cfefd43307d8942d5a589f991c6188ac;76a914d6350511ac7fa88e6b5503b14461a09b8957be1b88ac;76a914618d22071853b199573579e7ed1dd50b531163f088ac;76a914590ac6bb79a58707f43544924b825934a5374e4788ac;76a914313dd450f18b4f71772bbda206168e35fa3db0d988ac;76a9148e182e71c09ee4e5184c49dc2613bda33e774b7e88ac;76a914d63bb838ff1f92df112cfc536a2d5a77aca3b38088ac;76a914ba02ad6669f03b31af41501bb92efd73e1cb902188ac;76a9145cad3e8c9bb4dbebc6f712d51780a4d6b038dc3488ac;76a9143761a51dc424cd41c8b53ebede7843154e87129788ac;76a914a6ec92001e4932ff1d128c380ce7bc2015a6843188ac;76a914ab6a38db871b64dd2cd4200a54e8902c065374fb88ac;76a914df3671334c726b7aa9c4277a502c9a7834be64b888ac;76a914de6f624ca8bb2211d0c705cbe2f75267e847b98e88ac;76a914fe392c9fa3ccf82c2675b119abec64e62794efd688ac;76a91452b601629910e3373e5f73d34b09d2ccd77f08f988ac;76a9140bd0bd6bec4919456488896ddbce585572aa5e3d88ac;76a914c4acaa2f0b63c04a4f59cd2c4874365d6b1d16d088ac;76a9146f69f2caa6264a776ea4b2458781cd46c0e6b3ef88ac;76a914e078ecbed20e721047e5e2603886c5ae4f5ffae788ac;76a914ebdeefe567e1977f29d299c0456016e8cf83866088ac;76a9147f468305ef0c9fcdf1763bae4ddd16242a7d48d088ac;76a914d727d03dd4b850451d9d298338d786a6a7a4a4a988ac;76a91481b0f0cd27e35d72d95b707f7a707eda1874787d88ac;76a9148677eb5772202af3c9a76d416f63697cbf4f791e88ac;76a914f78657baa0e2c0ee187866e40ef478bb5fe35c4088ac;76a9146f86bf5ea47fc190dd0e73ce691f2e942a98032288ac;76a914818ef63e0b7ae665b1bf59cfe393705ee95f90b388ac;76a9143565e38a1537ccd64f77cfceb7b8113b296f69c388ac;76a914a80673537e0f49c5e88dfedf5375ce20e933ecb088ac;76a914c3c5a945c7df55d6dd7feade093f600071b996e588ac;76a91419d855f336fef4fa2d1b10b13155062fcbee4ec488ac;76a9149c507adc04219cc2008c5b9d88cd73f647c2ed7888ac;76a9142d40c839d2dfe38767cdb3370823e5bc0321b3c688ac;76a9148f4a83ee9df6c7d16dcf736935e2a2c2a8e62a4f88ac;76a914e5bf3f704509af8f3312fa063d76986b9a3db21b88ac;76a914a0d0610aef84ef7fd47bc9d51b53c6689646933c88ac;76a914a43e804f7d069e2033c03936d7f20130b5a50a4b88ac;76a914f4b99b9147350e8af2dfc59467772471f7e9204688ac;76a91429dc15aeca6d06a648f0c1d4289970b924ec13f588ac;76a91408752f2f47d0fae0c8e6b96ac96d5042d009e0bb88ac;76a9149c665ebc712e5a07aef472524f4e1778be439f2f88ac;76a914f861809ea9fbb6b151dc7125aab49889165e3e7a88ac;76a91440ed2326aeab7818e1246b1c11620f6928812a9888ac;76a914690b16608cef01f58c5c442bc0b82d646e281c6788ac;76a914c14d105cf1283ed4f8d3b391157f8dcc300b654c88ac;76a914c5014c37a606b435ef35e74d6d2f518484fa5cfe88ac;76a914f7a30981ef8169778d581a6d61ce1c45acd28ffe88ac;76a9146e44aa3655c40d676a4ec43ac2a87469e53bbcc888ac;76a914f3c0128c452a6c5c5ec92f687cd23fed1b306c2488ac;76a9145432998452ade49adfd19311b8902365bd9fe54e88ac;76a9149495d515f68f1fe5fc15a9208c3645728212898088ac;76a914162de76a7692f6ebcf5f25be0d561ee508fc541d88ac;76a914a46a740dce151d9327bf6f9b05c3035a50f8680f88ac;76a9140139bf39a0861ec1509cc1fec531d93de875bb0d88ac;76a914ed1ef87e79885e15652b3ff6559eff55dfc533ab88ac;76a9149b2203a0b2552965071d2ccf4a3aa5a681d4b23988ac;76a914bfe1c4ef6b4e79342b938c6073b27b1b54ca64a188ac;76a914a6bcd6884bac3f44ef5b19476c1f417913653eea88ac;76a914ba442272fd8138e801510686a014625eb5032dc488ac;76a91480f742a8b48308d24a1e533f23279fb21a3e65a388ac;76a914d5cd21a9d58f69fb84867fbdaf5276149a19e09988ac;76a9144dae82571e001f38707ed7cbd5b35659366f68bc88ac;76a9141d647b73465082bad6457cec119de5beb450e08988ac;76a914d6cabcfe359830cb66fc5043c4d190e7edfe187388ac;76a914ddcc117f0946d5c947dfd5c0bd46864787d86acf88ac;76a91469d6eefb3e120edf408baa759fc37d7d5c3ff9e888ac;76a914d7c0695c92ae9df66f625e270fe7225d9ededc0388ac;76a91408be7f988da2cb8e6793cfdfdc8fc52a17a6689a88ac;76a9147cf0e94d5d719d0f505c297434f28357e398876b88ac;76a914d2b442ee975c6ada809ecde79714b84d61e8547488ac;76a914f35cfef85f82c861f5cd8d81a2d263afab5a5abf88ac;76a9144421c694cd12f6585d99570ff7bad2aad0670c3c88ac;76a914fab8ad4e3c1575e654394bba6aea9ce848d5ac6488ac;76a914a9c88a75acc004f1fadebf79315319f65eede46088ac;76a91443c3f96616b4b31cfa78f013e153325feb1becca88ac;76a914e60e3eaac408ffbc515e21e0f631985c6eca12d288ac;76a914ea89e0a923633ffcf57ea8b9ee1f16c305e6781988ac;76a914588b28c84f54a7b2d4f5549174f749fa7d20988f88ac;76a914292f61295b394fce4d796cdca5e73a0b8588d4e488ac;76a9140f5e439e9cf381f87d21978302494e151aee481288ac;76a9140704d290a10b9ec00749234923dd49922b2a361f88ac;76a914df9b9fc16d6f0bbb4d4c521f1c2f6c07f716c35588ac;76a914a6fd2cce1b7ff44d2c4ba96d6a479399e62b724988ac;76a9147ef29380fdae6079ef8c52685c730032de688ec588ac;76a91471308f9bca77e2035ee276553459ba54fe0b85ab88ac;76a9142523a199d25c56bd2307bb284ff264ea9c99e7d788ac;76a914faba52384bbb190dc0705b013f7080730a38324e88ac;76a914668ed515f5ee2526b6c7d9796b35cc48de24e84e88ac;76a9143cc73618ae3ceda77ecf693ce56af21becfb9ec488ac;76a91469ca1acab0691fb88996f15c3b6251c2e840f31a88ac;76a9148471395fc37970e3d398a8aa5ecdab21c9258f1588ac;76a9140075c3f07b405e6af7b332456ed3a8a55b8a8ad988ac;76a91413eec7044fc7a5865600fead3373e0cf45cc347188ac;76a914e61c42b9840aa528c8d091b2b9b50bd8dfd154b188ac;76a914c3594a3897c505764ddac9ee40a4d45598127a4388ac;76a9148041d74e20e69ebe3ec37c57434cee842ba1bd1688ac;76a9145399c3093d31e4b0af4be1215d59b857b861ad5d88ac,,stale,VALID,187c3053,,,valid_direct_stale
devcoin,validated_stales,data/devcoin_validated_stales.csv,300,stale_only_publication,repo-data,138191,,301337,000000000000000038f5f0e13b2c3308d82132cca6815e525caf54134036767b,00000000000000005dbd70ad33173a3e3c280a204dce819a4201790318ecc88f,1400395561,187c3053,106442639,020000008fc8ec18037901429a81ce4d200a283c3e3a1733ad70bd5d0000000000000000d63667591ceda1cc588cacbd5a544881af66cbb7c7596cd7d9403a391029aa8d2957785353307c188f2f5806,03199904e4b883e5bda9e7a59ee4bb99e9b1bcfabe6d6dbd7364ca3288669d8498d3249a75fe1963d1e9854cb858ab0d41e1634ef371dd100000000000000048520240620600004d696e6564206279206c777a3938383836,76a914c825a1ecf2a6830c4401620c3a16f1995057c2ab88ac,,stale,VALID,187c3053,,,valid_direct_stale
devcoin,validated_stales,data/devcoin_validated_stales.csv,301,stale_only_publication,repo-data,139157,,302550,000000000000000003e81411059d48dffac2ce17b1c78982aecabe4b6a113cdb,000000000000000023a116ce986b64ffc4bf9a205a55143d51119d3958df05d6,1401018292,18692842,3261552208,02000000d605df58399d11513d14555a209abfc4ff646b98ce16a1230000000000000000af27b8a5e8da67df14d8a575531f72b0d3e0b4c577e5434a16c4e5fd0d1153a0b4d7815342286918505667c2,03d69d04e4b883e5bda9e7a59ee4bb99e9b1bcfabe6d6df2a22eab739e3312efd989a08f6ed47e0d9e2291434c19326a017697471ed8061000000000000000c2c3656b460d00004d696e656420627920796e616e6731323032,76a914c825a1ecf2a6830c4401620c3a16f1995057c2ab88ac,,stale,VALID,18692842,,,valid_direct_stale
devcoin,validated_stales,data/devcoin_validated_stales.csv,302,stale_only_publication,repo-data,139202,,302610,0000000000000000119027845b411e5711fc5e281b93da1efb1acb9f808fa935,000000000000000032b40daa825192e123699ed11283a3b33062f688bc462e76,1401052329,18692842,3817364749,02000000762e46bc88f66230b3a38312d19e6923e1925182aa0db4320000000000000000f3082bc8bf03ad7760e96a4e77de361d21e26e134104b508fb825186a0580403a95c8253422869180d5d88e3,03129e040d00456c69676975730053825ca9fabe6d6d837ecbc483e86cf1e0da2d374885587118d69ed72d58628e40706fe580aab8fe0400000000000000002f737333382f0090d0163f397f000058fb0100,76a914fe660d58c840714fcd053a215c53316a44e8a41188ac;76a91469f7e9567147a62d643719efc664acc574810c5e88ac;76a9146a166ffc6a5097c424c0d06b87dcc19ba898381488ac;76a9144752a8301b918b8e6a70b502948d3f3602f63a6788ac;76a914a3da9f8c37aeef160160de35091036cfd762fcd388ac;76a9144061187be5bffe3412aaab40cfa7f0ba90dd353988ac;76a914ddcf848303c67f5cc2c22819a4dcf6600bcd6f0988ac;76a9148bb252e65b9f199dee3c0f7f498a9f4facd647d088ac;76a914d2d886eccc6a2e092a8c59c6af2be5d38971690a88ac;76a914512fe364168d51895cf5d12825eb8478a021bc8c88ac;76a914ac8edff2a906772fab15ac791c9c7000d007225988ac;76a91471831020ee0eca10337b47ee4e0c637cc54956a888ac;76a9143db0fadee264106075949ba21b3de7f5fa3d42df88ac;76a914dd652a396131e10757b954667d8964ad7b58196488ac;76a91450e78d14bcb68551aacd3ba1acbb781b4b20eea188ac;76a9147e5288843d9889c9adbc691d4ef0eae93883052188ac;76a914b9163cd32b3deb33319f0579c5c7ea0dc0210fb888ac;76a9143a5b33568aefc1f4dc99bb7906a2660d7c45ec0b88ac;76a9140b0648737ebc2d6a2cce04824b8fccdd342d1b9988ac;76a91451d95df619c5f9dcdd5a51b4de75033b6b59dffe88ac;76a91445aa759dd3f92a346f3f29ff150576f114c9afa888ac;76a914f43c065c3dadc5a6de286ef13141c52fc73c305888ac;76a914b43a041179f0d40c86696f11dd79a997b34a507d88ac;76a914e4870f5b0684864a1da9aa1b52849d7e1175344088ac;76a9145be8685f6f766178ddac7067e50eb017963852c988ac;76a914d9043c7ccf45b5dc41d36870a311d0cb1cb9c4c788ac;76a914fe5ee97d8c651d7b1fefe7144520de364480a3b788ac;76a914592db1f31de69621379ab6abde1daf165cc487b288ac;76a9146d57c6fe555cada416fb1672f93fcb4e2acd988888ac;76a914b2d1a3679877d1ea904db2058861203d59322e7188ac;76a914f47e0a924752c23e1296702c668edc3069cb474b88ac;76a914ce456f436229255f31842eb6137d143af0ff953c88ac;76a914b6ffd9baba9b3c34487fde7f94b6f9311d8936fe88ac;76a9140bb48363a42026d53c575f4c0eafdd049ab9364088ac;76a914febf52ebc732d4352ee3c027f951177178143e9788ac;76a914b802e4319a0fbec5036c03294cdbb93ebdc3af3488ac;76a914f0f78f50e6381a010888409a31102c6969c98fa488ac;76a914a7f50663a5535316b742169adb514823bcdb299488ac;76a914fd364b9e24d0af655dc194129cf26d22684a168688ac;76a914dabcad8bbf085c4266b6fe983e175118b37a8c4988ac;76a914729ccf8b0e4314b1fa227f9f2f5ff2d3b8f11e7b88ac;76a914d0528895ea16a10e0c76088ade2eddddfd043af888ac;76a91452b601629910e3373e5f73d34b09d2ccd77f08f988ac;76a914b1fa051a564ead7a73dcb32935d47b66ae1341fa88ac;76a914d89d855ae8f2128eb13ef19054dd393d2ae4ae2988ac;76a914b7bc0e733f7270f2ce5120484a6e9f8684812de988ac;76a91463e9a11ca447093e81bf0ef6099ee9c87141ca4088ac;76a91475e6e71e1043e354138473148d3244888d532aaa88ac;76a9147051e038e82a1a071d8d8f880765180a82f0121088ac;76a914680c80312265736ccbfd601d6b30d70e33548e9388ac;76a914acbe511aa41e43bcd80d611f2e305e2a61ff8f6d88ac;76a914ea4c265e3fba6f8ad532ade113dbed2f4f3ed06188ac;76a914f96fd36cfa14ead00e683b2809869eb438dad3d588ac;76a9144189702445a7008408eaa40f6c716b4b3358a64d88ac;76a914cd67b649066e7bb153fe4958d8aad748d9ceedde88ac;76a9143ba137be9289221085ace1b45e78739d46fcb2ca88ac;76a91472af46bade2d06c81282630414bba6cca42b5eab88ac;76a9147392bdf6e222042264157a678f738e3b97cb8edd88ac;76a914be60faebb5c8f5233e200375640c3c7dde5a76de88ac;76a914fdf99bbe39f6fe0c4ce903954390362fa84809ae88ac;76a91403b47e8d73ec6a551f787f2e17981d2efec1ce8588ac;76a9148d5dbed0a29245e216469f1b91a77c33fc7931ff88ac;76a91412a45253093c2b8da9131fac35b31b16b85c43cf88ac;76a914a05bb656524d90e1dab989fcd65f5682a8bee6b688ac;76a914adf9c923b4464805e064a87dd2f40c36ce50208b88ac;76a9145d709c8bc69ba27844d37cb805a45dc1c98912a688ac;76a9145399c3093d31e4b0af4be1215d59b857b861ad5d88ac,,stale,VALID,18692842,,,valid_direct_stale
devcoin,validated_stales,data/devcoin_validated_stales.csv,303,stale_only_publication,repo-data,139427,,302879,00000000000000000fc1286af283d6959654b2c32b3a254725cec2cc27792a09,00000000000000002ee0f32ea020697c31926d7f98f3202bff9f0762285920c8,1401207966,18692842,895504120,02000000c820592862079fff2b20f3987f6d92317c6920a02ef3e02e0000000000000000e16b493997aa913df1c8226116591a84c9dc9b3596ceccd9b4f04aa0daed51739ebc845342286918f84e6035,031f9f040d00456c6967697573005384bc9efabe6d6dedea0ecd95cfa56553732aa7248330a7f873b5070f2e38054484cadcfba297c70400000000000000002f737332372f00509e28060000000012530400,76a9140493d62912ad4ae27c4dccbbed253cbc711d31a988ac;76a9145399c3093d31e4b0af4be1215d59b857b861ad5d88ac,,stale,VALID,18692842,,,valid_direct_stale
devcoin,validated_stales,data/devcoin_validated_stales.csv,304,stale_only_publication,repo-data,139987,,303551,00000000000000000b10cb9008b91cdce88d6a1a48a425b5c2afcd72d64e378a,00000000000000000c9fac5a76b74663209895afd0c6173f01278d9a99bc9a4f,1401580590,18692842,3503107904,020000004f9abc999a8d27013f17c6d0af9598206346b7765aac9f0c000000000000000088ff3e4cc798b19ab0cf9ed2058f95100924617719dfa4874d4b6bb1f31e265b2e6c8a5342286918402fcdd0,03bfa104062f503253482f0494688a5308c6044d7c0001d0cb2e522cfabe6d6d8a77ddb791e5f55ae856e17a9e2d5a2b846f7cd63469ff144ea0166f299e863a0400000000000000,76a91480ad90d403581fa3bf46086a91b2d9d4125db6c188ac,,stale,VALID,18692842,,,valid_direct_stale
devcoin,validated_stales,data/devcoin_validated_stales.csv,305,stale_only_publication,repo-data,140047,,303655,00000000000000005ab22e0e66ac5c5173831f2287cece1df2b08bdfcad9015a,00000000000000000d6f4b468261d83207e35e7ecd073ff579b93073c55992b1,1401628220,18692842,790198765,02000000b19259c57330b979f53f07cd7e5ee30732d86182464b6f0d000000000000000041b19074f7c17adab64e9211dbe7ae1b317bcad9fb5895f8f3097b9851004c4a3c268b5342286918ed79192f,0327a204062f503253482f0428268b53080742030700ea0ebb2e522cfabe6d6d4db96443f13e8220f77d57e12d1925cee9012c36d7ffe1a90b29dbc32d72edc00400000000000000,76a91480ad90d403581fa3bf46086a91b2d9d4125db6c188ac,,stale,VALID,18692842,,,valid_direct_stale
devcoin,validated_stales,data/devcoin_validated_stales.csv,306,stale_only_publication,repo-data,140485,,304224,000000000000000031aee069960d1a1c0bdadcb647f169913aab6fa9652caa33,000000000000000014bf07c25415110d1d565cc60db69f5acb3743843ede2937,1401898366,18692842,1045030470,020000003729de3e844337cb5a9fb60dc65c561d0d111554c207bf14000000000000000083598c6594695c42c38fee1c2b0801495d70c2cab0fbe00467b96e59101e930f7e458f534228691846e6493e,0360a404062f503253482f0474428f53084137f0f7000000172e522cfabe6d6d84381583a59ca81102626fd1d7e17390496df8754baf0d9c78b08014752e4be10400000000000000,76a91480ad90d403581fa3bf46086a91b2d9d4125db6c188ac,,stale,VALID,18692842,,,valid_direct_stale
devcoin,validated_stales,data/devcoin_validated_stales.csv,307,stale_only_publication,repo-data,140698,,304488,000000000000000050e59dc009f6be84b117cec1859430df76883558ec8de0c6,00000000000000000a31f7a50afa7b255f9f6bc53045f9ec860dfa2e90e10a24,1402049653,185d859a,1472799319,02000000240ae1902efa0d86ecf94530c56b9f5f257bfa0aa5f7310a00000000000000001a476aa382ddced1e47109c47c86f038e2fe8c777bb09ca3c227a21f7280ed68759491539a855d185722c957,0368a504062f503253482f041a949153083678f1f70007ce062e522cfabe6d6dde1bccf0ca75ac638f40cf996bfedee5cd81f5610999cdd016d5eed8777ee0790400000000000000,76a91480ad90d403581fa3bf46086a91b2d9d4125db6c188ac,,stale,VALID,185d859a,,,valid_direct_stale
devcoin,validated_stales,data/devcoin_validated_stales.csv,308,stale_only_publication,repo-data,141156,,304991,0000000000000000193c08f79d20f5dc8035a5c0508c0668776335aa42cf2be6,00000000000000004693f442b7f34dca4f58217391b623465af516ec961b5c0d,1402347899,185d859a,3126839490,020000000d5c1b96ec16f55a4623b6917321584fca4df3b742f493460000000000000000325e169b594c01e9f3df4453c02a120c660aa569add887b72554cf1e0f3d257f7b2196539a855d18c2c85fba,035fa704062f503253482f045821965308d802f3f7070002452e522cfabe6d6d54536da21ab60f18fb14316c15488c7d020cc63e75ffc7901645a9ec44b9ba860400000000000000,76a91480ad90d403581fa3bf46086a91b2d9d4125db6c188ac,,stale,VALID,185d859a,,,valid_direct_stale
devcoin,validated_stales,data/devcoin_validated_stales.csv,309,stale_only_publication,repo-data,141275,,305138,00000000000000004ac89fdef43340959806c3d71fcbf7dbf9425386c305d0ac,00000000000000000ee502231528afe793636647e92558d841fbf8a0f1015f50,1402421540,185d859a,3101534110,02000000505f01f1a0f8fb41d85825e947666393e7af28152302e50e00000000000000002ccfc5fe44299b24811a1d03daddaf505f423a531a2caa1ae798566bbc26a860244197539a855d189ea7ddb8,03f2a704e4b883e5bda9e7a59ee4bb99e9b1bcfabe6d6dce9d3ca7cd9cb4605524ec6d9ecac715dbb70b23a75fe1c051507a9607c926161000000000000000820b080b258d01004d696e6564206279207363616e79666463,76a914c825a1ecf2a6830c4401620c3a16f1995057c2ab88ac,,stale,VALID,185d859a,,,valid_direct_stale
devcoin,validated_stales,data/devcoin_validated_stales.csv,310,stale_only_publication,repo-data,141293,,305161,00000000000000001a95d811e34fa4025b015ef43be943456e8e604342d45a41,000000000000000001e8e3733ef550be72952ebdc20ec2a1e783b294d2b60d0d,1402432602,185d859a,3189805648,020000000d0db6d294b283e7a1c20ec2bd2e9572be50f53e73e3e8010000000000000000830fa86daeb7278e3c717aa82847bc4304ec7a7007aa5a7c5e86e1a4dbb71ff45a6c97539a855d18509220be,0309a804062f503253482f04546c975308c300a876600000572e522cfabe6d6d48c752e3f30e16068d004f4d1c1e40c968c1ddcad7685fa62121b20a9597fb610400000000000000,76a91480ad90d403581fa3bf46086a91b2d9d4125db6c188ac,,stale,VALID,185d859a,,,valid_direct_stale
devcoin,validated_stales,data/devcoin_validated_stales.csv,311,stale_only_publication,repo-data,141454,,305344,000000000000000023cde5dda5e2fdfa9ae7dba3d484f64288d4add01f92b4eb,0000000000000000073f77716ada54221dd5302560573c65b6ca67189e40244e,1402537706,185d859a,763416217,020000004e24409e1867cab6653c57602530d51d2254da6a71773f070000000000000000b25f44b1e522b48e7089ffbcadd7f70ba08622a224468d6fed02707cec4b7772ea0699539a855d1899ce802d,03c0a804e4b883e5bda9e7a59ee4bb99e9b1bcfabe6d6db3b8e5689f8c83217e84c783c861107a64e3a5dcc4a78a3ce803029839b32cac10000000000000005b5accb2a0de05004d696e65642062792077616e6778696e67736d696c65,76a914c825a1ecf2a6830c4401620c3a16f1995057c2ab88ac,,stale,VALID,185d859a,,,valid_direct_stale
devcoin,validated_stales,data/devcoin_validated_stales.csv,312,stale_only_publication,repo-data,141487,,305382,000000000000000006020e31be1977917edc501fc4d90538e946426c5be95a1c,00000000000000000ffe42f8304b9008d1369823dd2ffd3e99c54aae422b0ff6,1402559501,185d859a,3177668562,02000000f60f2b42ae4ac5993efd2fdd239836d108904b30f842fe0f00000000000000009cf6d7a47de64a39c7495d9d808210c967322138aba0c3fb53cf4e83623bb5af0d5c99539a855d18d25f67bd,03e6a804062f503253482f04e75b9953088051213b100004cc2e522cfabe6d6df38fb55c705fb63bcc49bcf023780c29d596e0715fc875065ef102bc8904d5fa0400000000000000,76a91480ad90d403581fa3bf46086a91b2d9d4125db6c188ac,,stale,VALID,185d859a,,,valid_direct_stale
devcoin,validated_stales,data/devcoin_validated_stales.csv,313,stale_only_publication,repo-data,141659,,305586,0000000000000000115b7a1d1e37245958e398dc306f17f9d27fca4b5d1e1bb6,00000000000000003f507c0bcd7b05dbff00f37a9b6e27809c4476c47bbe2c86,1402666582,185d859a,651078123,02000000862cbe7bc476449c80276e9b7af300ffdb057bcd0b7c503f0000000000000000b1daa3253315388592d3e52323e67a31c08fd747a46d3efcebb06e2f3349ed8256fe9a539a855d18eba9ce26,03b2a904062f503253482f0433fe9a5308b55e48a70094e16b2e522cfabe6d6dcd10a9719d8d8f159f61c2831a1a8f3f0540c324283457dfcfec0269618c6eb50400000000000000,76a91480ad90d403581fa3bf46086a91b2d9d4125db6c188ac,,stale,VALID,185d859a,,,valid_direct_stale
devcoin,validated_stales,data/devcoin_validated_stales.csv,314,stale_only_publication,repo-data,142103,,306221,00000000000000001e3e4553b8f9e2f260c90c8bf26198e8f3a883fca31cbc2c,00000000000000002d6911a02f6266e509a56ba2fe31933dec79583789ffa35e,1402963481,185d859a,1299948754,020000005ea3ff89375879ec3d9331fea26ba509e566622fa011692d000000000000000076fe0b6615aa22fbd33994b8cc7cdd74fcbc8f899090d44ea5005fc51f818d7819869f539a855d18d2a47b4d,032dac04062f503253482f04b0859f530862026343001773d52e522cfabe6d6d6e4fa939cb361ad28684d9bf9fdce21ea0d7bfd100cccd16bc22aedfe0998e150400000000000000,76a91480ad90d403581fa3bf46086a91b2d9d4125db6c188ac,,stale,VALID,185d859a,,,valid_direct_stale
devcoin,validated_stales,data/devcoin_validated_stales.csv,315,stale_only_publication,repo-data,142196,,306359,000000000000000050fba9c95ab8950f95307bc345b0f8694ccfc4828a5802ce,000000000000000005af7340be7b55731937179dc24212d6d53f85ba1f72afff,1403027632,185d859a,2052286613,02000000ffaf721fba853fd5d61242c29d17371973557bbe4073af050000000000000000b860a5adc18789307ae27b91a41a8bbe555363635ad4f58d062f08b02e8b132ab080a0539a855d189568537a,03b7ac0438fabe6d6debe81cf5aaa10bc57ca7dcd05711f029f634b8fe40b4f1435b87963a4a850cab08000000000000007e45fc7f4625d3079f0e0000,76a91466589e7031b5bb0a8ed1df0f4a3c273d3cc0f44588ac,,stale,VALID,185d859a,,,valid_direct_stale
devcoin,validated_stales,data/devcoin_validated_stales.csv,316,stale_only_publication,repo-data,142448,,306673,0000000000000000292d779afaa73d3cd1f1c579e0552a52c4b6e2dea695037e,000000000000000027a80278c01ec7d71f680e80f4ae632414bffceceb2363a5,1403195203,1851aba2,2577786146,02000000a56323ebecfcbf142463aef4800e681fd7c71ec07802a827000000000000000076a10d94ed2a4c75412ac9d6ac34909898975d90b45ae24e88b5024900595145430fa353a2ab511822e5a599,03f1ad04062f503253482f04320fa35308407d2c48005468f82e522cfabe6d6dc539e309052890c221bf481ffd50c2581abd7c4cd723628d2ef86a48ec5fab230400000000000000,76a91480ad90d403581fa3bf46086a91b2d9d4125db6c188ac,,stale,VALID,1851aba2,,,valid_direct_stale
devcoin,validated_stales,data/devcoin_validated_stales.csv,317,stale_only_publication,repo-data,142636,,306939,0000000000000000370ce651fb8d420f57a3f6983393fc679071cb7d496e5f4c,00000000000000004a36fd48cb95e808a2449139bb7fc8edc4c73dd420c689d9,1403321575,1851aba2,3040382856,02000000d989c620d43dc7c4edc87fbb399144a208e895cb48fd364a0000000000000000c992f084088a547c2cb9da5391832d3b880bd1fb89af1926ae61d7fd5d6aa9dde7fca453a2ab5118888f38b5,03fbae04062f503253482f04e1fca45308ce15f07c3000008e2e522cfabe6d6de1dd798e1bb0ee926529753729ada14a65212c631575c78f423b4f42aaa2a72c0400000000000000,76a91480ad90d403581fa3bf46086a91b2d9d4125db6c188ac,,stale,VALID,1851aba2,,,valid_direct_stale
devcoin,validated_stales,data/devcoin_validated_stales.csv,318,stale_only_publication,repo-data,142762,,307110,00000000000000003a3ce878311c7b99118f217895ca7bc10aa9b8107f032ed8,00000000000000003a4a3c6f0f0c056971772f7041e35633625131154e59ad35,1403398260,1851aba2,2278636210,0200000035ad594e153151623356e341702f777169050c0f6f3c4a3a0000000000000000851e2c2a97146dc62cabf919776b850a0b68423e898637e760e1cd2d993056e17428a653a2ab5118b23ad187,03a6af04062f503253482f047428a65308b1120c09fe0800002e522cfabe6d6d6d46eb694d83ff7460e25f6bdc0828b92b536d5e0af7d500e5fc84ccc81d5dd80400000000000000,76a91480ad90d403581fa3bf46086a91b2d9d4125db6c188ac,,stale,VALID,1851aba2,,,valid_direct_stale
devcoin,validated_stales,data/devcoin_validated_stales.csv,319,stale_only_publication,repo-data,143010,,307439,0000000000000000033fae9b137892253ac7d1142e91579a604e8e8926100992,00000000000000000e9e1364065771f46076840485abfca13a03481f0f775816,1403561356,1851aba2,982067250,020000001658770f1f48033aa1fcab8504847660f471570664139e0e0000000000000000d2b536127eb24c36bf91c2ae3835b711780ed6c420eaa5eb45ae0fdb23bd993d8ca5a853a2ab51183228893a,03efb004062f503253482f048da5a853082c065b0202bb00002e522cfabe6d6dab574103a8dc5d56d9f2a58683570337a66eb4401de8d95c7100aecce6a157210400000000000000,76a91480ad90d403581fa3bf46086a91b2d9d4125db6c188ac,,stale,VALID,1851aba2,,,valid_direct_stale
devcoin,validated_stales,data/devcoin_validated_stales.csv,320,stale_only_publication,repo-data,143089,,307543,00000000000000003679064241b30ebc57cd6e843d4a4e9b7b848b60c937e2ab,000000000000000003dc46e93dc66fb7faea086f27cc947c2c92a6b5571d93e8,1403604790,1851aba2,4056639961,02000000e8931d57b5a6922c7c94cc276f08eafab76fc63de946dc030000000000000000e424629e76b85c474390b4285af5a2c6c3de02b51e0b4572444d27603cba7b7e364fa953a2ab5118d969cbf1,0357b104062f503253482f04224fa95308e8f1536f600001722e522cfabe6d6d6aa0c6182fc8cad07f3b1cbe2113b052c3b977f496249bc2091ddf42c9b9fd3d0400000000000000,76a91480ad90d403581fa3bf46086a91b2d9d4125db6c188ac,,stale,VALID,1851aba2,,,valid_direct_stale
devcoin,validated_stales,data/devcoin_validated_stales.csv,321,stale_only_publication,repo-data,143122,,307595,00000000000000001caecf150fbf67bc36817309ddf7825d15087c7d720ad21e,000000000000000048213f62d36e87ae04881dcb465ff06074ef112ba51d4cb4,1403629700,1851aba2,1242048598,02000000b44c1da52b11ef7460f05f46cb1d8804ae876ed3623f21480000000000000000761048a8a8d5507ace54fc0f5e21efa59773ff2ed5bbe86da6857bd79819053484b0a953a2ab51185628084a,038bb104062f503253482f0468b0a953086d61176f500003bd2e522cfabe6d6d71f1ad37320810ac0f570aa30693745c138b7526e7903614ce6933ea3d8de34b0400000000000000,76a91480ad90d403581fa3bf46086a91b2d9d4125db6c188ac,,stale,VALID,1851aba2,,,valid_direct_stale
devcoin,validated_stales,data/devcoin_validated_stales.csv,322,stale_only_publication,repo-data,143525,,308169,000000000000000003a5bcd0365369631f84c2a30aaee48e406eb0491c843e4b,00000000000000001eeaf706ebd178a826ace2d264e04ecdb2c455e9ac42c475,1403903155,1851aba2,648362849,0200000075c442ace955c4b2cd4ee064d2e2ac26a878d1eb06f7ea1e00000000000000004f85c2c9dc23ca7ae85faeec1d76c9f2a3ad36e35e444b797ec1c9ed8095c8ceb3dcad53a2ab5118613ba526,03c9b304062f503253482f04b5dcad53083ef074702c8f02002e522cfabe6d6d0bcb216a4ada1a59a4d4f4ffaf2d8e9ef806e0063a9fe0f9bb108d31b88d4d370400000000000000,76a91480ad90d403581fa3bf46086a91b2d9d4125db6c188ac,,stale,VALID,1851aba2,,,valid_direct_stale
devcoin,validated_stales,data/devcoin_validated_stales.csv,323,stale_only_publication,repo-data,144169,,308912,00000000000000000a0617d23c98a524081a6707e2628e4a2553bcfc466ca065,0000000000000000339038c7909605775fce90ae7c7587ce570ec7f51c3386eb,1404324774,18415fd1,1744413381,02000000eb86331cf5c70e57ce87757cae90ce5f77059690c738903300000000000000001b5cb07f8eef9691ff05776fcce4ebb178f1ba44f715a813cbc03c9b0b3e5439a64bb453d15f4118c5a2f967,03b0b604062f503253482f048d4bb45308c203176f2000019d2e522cfabe6d6d6184bafe5005ee8f036aafb1d26e777c8e93558a44431a610cf9014fdf1624e50400000000000000,76a91480ad90d403581fa3bf46086a91b2d9d4125db6c188ac,,stale,VALID,18415fd1,,,valid_direct_stale
devcoin,validated_stales,data/devcoin_validated_stales.csv,324,stale_only_publication,repo-data,144179,,308926,000000000000000007f396de4e4079872aa77a2d961710c9d602fdd5931cc388,000000000000000028ef2dff705d59b56d3635ce66b14d7c877b40a1e83e2d57,1404336142,18415fd1,3935085602,02000000572d3ee8a1407b877c4db166ce35366db5595d70ff2def28000000000000000072c5ef1452ad26a8909f543c9bb780c43bc8dc0813c320b3aaad233818d6ca2e0e78b453d15f411822a48cea,03beb604e4b883e5bda9e7a59ee4bb99e9b1bcfabe6d6d84901964b683c709716184678b650a248bc84542d8b13ed5bc0b8b1823110a0510000000000000009f6837c96a0e02004d696e656420627920756d69736f6f,76a914c825a1ecf2a6830c4401620c3a16f1995057c2ab88ac,,stale,VALID,18415fd1,,,valid_direct_stale
devcoin,validated_stales,data/devcoin_validated_stales.csv,325,stale_only_publication,repo-data,144397,,309168,00000000000000000554ff99d26252caf3248f5eab7b3730c1f38e84c8a6d93c,0000000000000000114fe36fc22c399041690fc50ad79bc102e2167de82e64bf,1404477663,18415fd1,1792693449,02000000bf642ee87d16e202c19bd70ac50f694190392cc26fe34f1100000000000000007232e5e389901f2ac2e9658cba6321c3fb4408952043eab92c6369fec25f33a0dfa0b653d15f4118c954da6a,03b0b704062f503253482f0485a0b65308a1a8416f700005eb2e522cfabe6d6dfbc005f0319c6386533f36259f10eb0efc3790bd4df4a8ef5be5179612fb60020400000000000000,76a91480ad90d403581fa3bf46086a91b2d9d4125db6c188ac,,stale,VALID,18415fd1,,,valid_direct_stale
devcoin,validated_stales,data/devcoin_validated_stales.csv,326,stale_only_publication,repo-data,144533,,309343,0000000000000000322c819a508e8fca8fda8221a8d5b422a34b7a6423403d04,0000000000000000287bfb771589560f37536326664ffab929cc8ba870e3c3b0,1404571303,18415fd1,69571689,02000000b0c3e370a88bcc29b9fa4f66266353370f56891577fb7b28000000000000000028a3c05599a8944efa95cbe30f881bdc3355e5874b82633e206ab07af1b32eeea70eb853d15f411869942504,035fb80438fabe6d6d3205b85848c8789d7ca63878446186b7992425d53531bc93fad5aeb1ae6c5d870800000000000000489cdfe7a9df3fe3ec2e0000,76a91466589e7031b5bb0a8ed1df0f4a3c273d3cc0f44588ac,,stale,VALID,18415fd1,,,valid_direct_stale
devcoin,validated_stales,data/devcoin_validated_stales.csv,327,stale_only_publication,repo-data,144702,,309514,000000000000000024c4ee27077e037c21b9f854171b10b8ce0aaac3dc1bbad5,000000000000000010d12d4ef0d5663ea97cc0c020d75ddf5519b70dd0bb0f57,1404674923,18415fd1,520962542,02000000570fbbd00db71955df5dd720c0c07ca93e66d5f04e2dd11000000000000000007f935fad144e182c88b7870ad6e70038eb3b90a298676310776354c2d34a34a86ba3b953d15f4118ee410d1f,030ab904062f503253482f045fa3b9530810f5c6021a0500002e522cfabe6d6ddd61c2d776a7488e876f77676114f1f266b0f718cc469b1915b98f3847d598f40400000000000000,76a91480ad90d403581fa3bf46086a91b2d9d4125db6c188ac,,stale,VALID,18415fd1,,,valid_direct_stale
devcoin,validated_stales,data/devcoin_validated_stales.csv,328,stale_only_publication,repo-data,144755,,309582,00000000000000000cb4bd3b238a8de5a79abcdc5387006eba53ad8f4c7b7b03,00000000000000001258d0c192406d7967b7e080abebe7ac3056c941250686d3,1404713354,18415fd1,1037960629,02000000d386062541c95630ace7ebab80e0b767796d4092c1d058120000000000000000664d73221b27e622497961aea6886295347912c80091b996d6dc76584a02bb258a39ba53d15f4118b505de3d,034eb904062f503253482f048b39ba5308fc560110082901002e522cfabe6d6d72e84ddd258db9fe5a9a22965440c1155d12a17bf697fd005857c8b4e0b285fd0400000000000000,76a91480ad90d403581fa3bf46086a91b2d9d4125db6c188ac,,stale,VALID,18415fd1,,,valid_direct_stale
devcoin,validated_stales,data/devcoin_validated_stales.csv,329,stale_only_publication,repo-data,144819,,309645,000000000000000011e9f7502f1c9d83996d7c64ca9135cf15332fa1436d8e2a,00000000000000002039d4495ffa1b7b2651dff3864677dfd9b3bfacd4e4419d,1404756678,18415fd1,1693839403,020000009d41e4d4acbfb3d9df774686f3df51267b1bfa5f49d4392000000000000000009d0107d05ccf2cbfd2e2bdac9b96bf646999a4a1678c737ba5c703d1d061d13cc6e2ba53d15f41182bf0f564,038db904062f503253482f04c2e2ba5308d881176f100000152e522cfabe6d6d2309c878baf1683a04d9a2a8dea92565670a8c2f0e6acf6b169f2073c1db9bf50400000000000000,76a91480ad90d403581fa3bf46086a91b2d9d4125db6c188ac,,stale,VALID,18415fd1,,,valid_direct_stale
devcoin,validated_stales,data/devcoin_validated_stales.csv,330,stale_only_publication,repo-data,144898,,309744,00000000000000002ca6ba366977a434ad12913cdb10f2b1df56bafb1fd2c0da,000000000000000032c15d009e3a498a329948457657092cc3f8c59fc9be3335,1404806763,18415fd1,2783159140,020000003533bec99fc5f8c32c095776454899328a493a9e005dc1320000000000000000ce3469b1e73747f89176a0a64b0343de6bab5785b7801c32b305bf7357109e516ba6bb53d15f411864a3e3a5,03f0b904062f503253482f044ca6bb5308aabb416f000001fc2e522cfabe6d6d0e8b8cf2e500faa4ea1a0622ce0f181551857df00552f3b75c05e1ade41d8ca70400000000000000,76a91480ad90d403581fa3bf46086a91b2d9d4125db6c188ac,,stale,VALID,18415fd1,,,valid_direct_stale
devcoin,validated_stales,data/devcoin_validated_stales.csv,331,stale_only_publication,repo-data,145428,,310376,00000000000000002f22e9a5da2ed813666ae4d4e82abb2b2936f5ec3e7953c9,00000000000000003d98f8641329d6fd5bf36534ba19aeb874b6e1736efc9787,1405159733,18415fd1,3977761961,020000008797fc6e73e1b674b8ae19ba3465f35bfdd6291364f8983d0000000000000000eb2fef0af3e34569f40ea19e25491ceaa8447b3291d7207ffa7e898e673b40cd3509c153d15f4118a9d417ed,0368bc04062f503253482f043709c153085c7a476f2d1a1f492e522cfabe6d6daad99f4ffe350141eea86d4a4b8dc518ae645f773c20818e5103f81e6461c58c0400000000000000,76a91480ad90d403581fa3bf46086a91b2d9d4125db6c188ac,,stale,VALID,18415fd1,,,valid_direct_stale
devcoin,validated_stales,data/devcoin_validated_stales.csv,332,stale_only_publication,repo-data,145699,,310699,000000000000000026064b6fd43979764ae4149d6ccb97c8cea3769419a78577,000000000000000037a7503bfe9d18113459c73cf21a3761c5da1b8ebd347a64,1405343925,183f6be6,1345206069,02000000647a34bd8e1bdac561371af23cc7593411189dfe3b50a7370000000000000000e0cec1ce16501c8ffad24d363382ccfaf6239941937791e550c9d3c4785767cab5d8c353e66b3f1835372e50,03abbd04062f503253482f049bd8c35308f2cbf01200001c852e522cfabe6d6dd0ca55c584e6de5d92f29d1245b4d24384b2e7ef2a3df6efb33818de46ea21c80400000000000000,76a91480ad90d403581fa3bf46086a91b2d9d4125db6c188ac,,stale,VALID,183f6be6,,,valid_direct_stale
devcoin,validated_stales,data/devcoin_validated_stales.csv,333,stale_only_publication,repo-data,145899,,310914,00000000000000002bc4cd66a5818ccf9b33f8ed864e6a6d3ab5a0b957101079,00000000000000000bede3d056da9a7e256b50f299cf1f526193f32d8355fd23,1405466657,183f6be6,1243648581,0200000023fd55832df39361521fcf99f2506b257e9ada56d0e3ed0b000000000000000034f24653c71618d6e724002a89215d7d58d7348dba2f8711c2382286e1bcc57e21b8c553e66b3f184592204a,0382be04062f503253482f0407b8c553087b9c416f3000031a2e522cfabe6d6da0f5e1d1309141d1e769dee21a83abf36d44b9b4a8f21bd237243ac3f82fef090400000000000000,76a91480ad90d403581fa3bf46086a91b2d9d4125db6c188ac,,stale,VALID,183f6be6,,,valid_direct_stale
devcoin,validated_stales,data/devcoin_validated_stales.csv,334,stale_only_publication,repo-data,145910,,310928,00000000000000000ad5816f6b4d9d9ac7f96d4a08d3c53c2096407fb44f326f,00000000000000003253a0b8cd1568628e8bd5ab6a48bd83bb40bfd9dcbde8cc,1405472442,183f6be6,2942264984,02000000cce8bddcd9bf40bb83bd486aabd58b8e626815cdb8a05332000000000000000002f2b4c9cc94f990a444870d79b65abf52ccf0d56cb8959a7179adc077548439bacec553e66b3f1898665faf,0390be04062f503253482f04a6cec55308072c416f000001382e522cfabe6d6df6cbf43af055d05a6a5c1756384998d0a3dc686d85fc4c157e4d02c089a9614e0400000000000000,76a91480ad90d403581fa3bf46086a91b2d9d4125db6c188ac,,stale,VALID,183f6be6,,,valid_direct_stale
devcoin,validated_stales,data/devcoin_validated_stales.csv,335,stale_only_publication,repo-data,145977,,311023,00000000000000001fe002705867108b54e4f532f78358040c7d2c0e6611a24e,0000000000000000315e48ba270f40ddc085dab5e84aabb8314f16689ad6fc44,1405526199,183f6be6,1949952564,0200000044fcd69a68164f31b8ab4ae8b5da85c0dd400f27ba485e310000000000000000ff99d3876db6f1cefb5f7e01e5c0c3f2ce314e603df6e3bd31054b98a74e81dcb7a0c653e66b3f1834ea3974,03efbe04e4b883e5bda9e7a59ee4bb99e9b1bcfabe6d6d2fdee2b02540350ff70a89346c894bf35002887f47ea7bad407eee7cbe2d64df10000000000000006a61cda09f520b004d696e656420627920636c616d,76a914c825a1ecf2a6830c4401620c3a16f1995057c2ab88ac,,stale,VALID,183f6be6,,,valid_direct_stale
devcoin,validated_stales,data/devcoin_validated_stales.csv,336,stale_only_publication,repo-data,146281,,311386,000000000000000011f5b1aabff033b1973bc970188ed765806f399ffd18dabd,0000000000000000397a924cd422849dcb5538f390acac3fb21ae621d13ea758,1405716164,183f6be6,3664600896,0200000058a73ed121e61ab23facac90f33855cb9d8422d44c927a39000000000000000019ddd91d7ce18e844fc50f4504eb892afa6d1ce81e5dac749cff9ca028f8b243c486c953e66b3f18405f6dda,035ac004062f503253482f047e86c9530889f4e50f004252b62e522cfabe6d6d176dac0e1d7f72448ec11e4638362c7ae2c2bdd4e40c87126fe6d3d08bd2e8df0400000000000000,76a91480ad90d403581fa3bf46086a91b2d9d4125db6c188ac,,stale,VALID,183f6be6,,,valid_direct_stale
devcoin,validated_stales,data/devcoin_validated_stales.csv,337,stale_only_publication,repo-data,146603,,311796,00000000000000001fadcf195706d944e0ed801957bc4e173fa5f824a8d3ec06,000000000000000031723e6b0fa56901e774528c7036c1315ad00fec05a62be7,1405931090,183f6be6,75808160,02000000e72ba605ec0fd05a31c136708c5274e70169a50f6b3e72310000000000000000ad7b09414b4fcebb52c7abb2c32a08d9acd2eaa00d9ebe0ba87c5f6d39c31f5152cecc53e66b3f18a0bd8404,03f4c104e4b883e5bda9e7a59ee4bb99e9b1bcfabe6d6d27dee74181ce10240c881963c06043dc5821734025d855e0af8aefcb05d0faae1000000000000000bb462a50ac0900404d696e656420627920746974616e35383737,76a914c825a1ecf2a6830c4401620c3a16f1995057c2ab88ac,,stale,VALID,183f6be6,,,valid_direct_stale
devcoin,validated_stales,data/devcoin_validated_stales.csv,338,stale_only_publication,repo-data,146992,,312238,00000000000000001c0176302d6479bf444f4e0e606b00e0e940daa14b2e802a,00000000000000002adfcbdd30601665ddd1d65da418490ea03adf51a1f85fd9,1406189165,183f6be6,1460926674,02000000d95ff8a151df3aa00e4918a45dd6d1dd65166030ddcbdf2a00000000000000005b35f5742bd64e40d0fe9adeee6531e4158b64db6cf76a138c9ab70244ae700c6dbed053e66b3f18d2f81357,03aec304534f434bebdd1000b175c9d7522cfabe6d6dba1b3c72fca97352b4001b2f39b7592481375756af204a64b39a1a62b9cafb2508000000000000002f6d6d706f6f6c,76a914b2d6fdc393fa06c65e5e8c75a29557fc192393ab88ac;76a914cadfabf6075da6a10cba21b148aef907f0d209f688ac;76a9144e1280da2a1487b5877be30817164e707e654fa388ac,,stale,VALID,183f6be6,,,valid_direct_stale
devcoin,validated_stales,data/devcoin_validated_stales.csv,339,stale_only_publication,repo-data,147043,,312289,000000000000000029c96db2925ae8459b78c4244fa06f8033709c585c4e7a15,00000000000000001488167dc75c6ce202f7a21f4138876db1da4bbaeb83753d,1406221912,183f6be6,3083259968,020000003d7583ebba4bdab16d8738411fa2f702e26c5cc77d1688140000000000000000d4538c08084c47972896cab4907540db67baa974d6e69f1977d5a6424baccbb0583ed153e66b3f1840d0c6b7,03e1c304062f503253482f044f3ed153083c0a189cc30101002e522cfabe6d6d8fd5d6570600d03b93b72a421f7e0ca5e000b9fe6612e0d74ee446d758683cac0400000000000000,76a91480ad90d403581fa3bf46086a91b2d9d4125db6c188ac,,stale,VALID,183f6be6,,,valid_direct_stale
devcoin,validated_stales,data/devcoin_validated_stales.csv,340,stale_only_publication,repo-data,147068,,312318,00000000000000000aab7a95f7732344c075e80c88fc71efd719c6d790a62384,000000000000000030bb7d93e0bbb7d0fed32f4b12de5c387fe49a9fd187531a,1406240368,183f6be6,2231277616,020000001a5387d19f9ae47f385cde124b2fd3fed0b7bbe0937dbb3000000000000000000a887ac3b764219f2a9f7eadd58422b461f8b1df51a2f658cef8f33fedc3ce027086d153e66b3f183098fe84,03fec304062f503253482f044186d15308ca900f9d6000038f2e522cfabe6d6d139c985e34becca6b572e0211b659abd6f87946ebc6cb59a0c221a9310d5129a0400000000000000,76a91480ad90d403581fa3bf46086a91b2d9d4125db6c188ac,,stale,VALID,183f6be6,,,valid_direct_stale
devcoin,validated_stales,data/devcoin_validated_stales.csv,341,stale_only_publication,repo-data,147372,,312668,00000000000000001cc50e6b364dd2e0077e934bcb76d36ecdf404eba28c7ab0,000000000000000028655721b7fee645ff2d64fb1cf55ac6deee36be07273392,1406436997,183aaea2,3090271585,0200000092332707be36eedec65af51cfb642dff45e6feb72157652800000000000000007f27a0aebd3afb5ba20d015c8506aa54f7ce19ca4acd910ca7d1182c3425fda58586d453a2ae3a1861cd31b8,035cc504e4b883e5bda9e7a59ee4bb99e9b1bcfabe6d6d4e9235e177ad63ed61f484ce2f5fb5231adeb853991367b7d122786a2d0c6a7e1000000000000000a12e7512b21502004d696e65642062792071713731383030313131,76a914c825a1ecf2a6830c4401620c3a16f1995057c2ab88ac,,stale,VALID,183aaea2,,,valid_direct_stale
devcoin,validated_stales,data/devcoin_validated_stales.csv,342,stale_only_publication,repo-data,147542,,312854,00000000000000001542b206cbe722c16fc1412edc4e4beb7cbf1f64d06dba23,00000000000000000e1b88d77f26b106ac59c010d0c82a581be0eb2423c84230,1406549249,183aaea2,2211067317,020000003042c82324ebe01b582ac8d010c059ac06b1267fd7881b0e0000000000000000b174b64d79366834bee860e8c5d475dc598ae7ff2c6568ccc783708a490b00ae013dd653a2ae3a18b535ca83,0316c604062f503253482f04013dd65308b1d5519d975c00002e522cfabe6d6d8ea985025dbef93219094b74c518738a50a73e218817417b7a5634ec5369b8d70400000000000000,76a91480ad90d403581fa3bf46086a91b2d9d4125db6c188ac,,stale,VALID,183aaea2,,,valid_direct_stale
devcoin,validated_stales,data/devcoin_validated_stales.csv,343,stale_only_publication,repo-data,148283,,313751,000000000000000011beddc6aeaba12bbfdfb4d531e84e30074745669931a97f,0000000000000000128ffe94bedebfc5689e3b4f1443d3adfa4f4571d11f54bb,1407038237,183aaea2,2252598290,02000000bb541fd171454ffaadd343144f3b9e68c5bfdebe94fe8f1200000000000000000783a1f731798705f66d6343f8105f6bf7c4448d8399845aa4a6e2055464cab61db3dd53a2ae3a1812ec4386,0397c904062f503253482f041eb3dd53087f6a3a9d325d01002e522cfabe6d6de1ba23c08163c715e52af244c9a385a4963b65ce2e6a30ede44bef2ea2629d5f0400000000000000,76a91480ad90d403581fa3bf46086a91b2d9d4125db6c188ac,,stale,VALID,183aaea2,,,valid_direct_stale
devcoin,validated_stales,data/devcoin_validated_stales.csv,344,stale_only_publication,repo-data,148755,,314252,00000000000000000a5d973c1a2089a3c6d451cd7b1cbb7f8f13d71092532565,0000000000000000398eba49d4930fa0b2d18053c029ce8efe93e49108372dc4,1407343563,183aaea2,3967420211,02000000c42d370891e493fe8ece29c05380d1b2a00f93d449ba8e390000000000000000c3fdadeb039b9fd0489bca7864a7ff3590d5d971a18e75d5c9df9e1cf755f5f4cb5be253a2ae3a1833077aec,038ccb04e4b883e5bda9e7a59ee4bb99e9b1bcfabe6d6deb8e2ccadf0d63bf4f64350c895965507c307dd3eee15f0f4b3e48e65bd1b5c710000000000000007b1115583e0b00804d696e6564206279207a68616f646f6e6731393832,76a914c825a1ecf2a6830c4401620c3a16f1995057c2ab88ac,,stale,VALID,183aaea2,,,valid_direct_stale
devcoin,validated_stales,data/devcoin_validated_stales.csv,345,stale_only_publication,repo-data,148766,,314268,00000000000000000a5752e8c268eeb99a7dfe4cc7c5834274de168a598664cb,000000000000000010bac6ff53ec34af9c946e29347dd9bf67d94305dd820781,1407353975,183aaea2,1913309974,02000000810782dd0543d967bfd97d34296e949caf34ec53ffc6ba1000000000000000005932d515d503b1680efd4b0d2512afaa23904986d1b9114523895045c83a586b7784e253a2ae3a1816cb0a72,039ccb04062f503253482f043e84e2530817a55a9d500007af2e522cfabe6d6df95893b4251edd8094b3f424ad6c4b0d1b3efe5c7a92b04cda5ff2a93e2ab88e0400000000000000,76a91480ad90d403581fa3bf46086a91b2d9d4125db6c188ac,,stale,VALID,183aaea2,,,valid_direct_stale
devcoin,validated_stales,data/devcoin_validated_stales.csv,346,stale_only_publication,repo-data,148893,,314429,000000000000000017915d6c3952310d824001f706c56365583aa099f6933643,00000000000000002aa9005779220088289fbf911d3c3c84d8384c2dbdf31565,1407439719,183aaea2,1268079360,020000006515f3bd2d4c38d8843c3c1d91bf9f28880022795700a92a0000000000000000c2fd422e8309eacbd6d3cbf1d42ef68094fb6e22b19d7c17b192259d81e0adce67d3e353a2ae3a18005b954b,033dcc04062f503253482f043ad3e353082d04cd47001a55cb2e522cfabe6d6d6c4c88ce12cfb1094800ca064fdb2f735b6853ca3ae27f0df821f840b40551b90400000000000000,76a91480ad90d403581fa3bf46086a91b2d9d4125db6c188ac,,stale,VALID,183aaea2,,,valid_direct_stale
devcoin,validated_stales,data/devcoin_validated_stales.csv,347,stale_only_publication,repo-data,149144,,314736,000000000000000017a237f325a3d91fb6ce30f749acb72cd352be83f17a6ac9,00000000000000000fd6d787f52c51d772b9da9f3cc4d6f51cd978632110b4cf,1407597827,1837ba62,1942859243,02000000cfb410216378d91cf5d6c43c9fdab972d7512cf587d7d60f0000000000000000053c6d0f7277a6f4f27541a4762f6e9b022d38bd0a1e3c8b707fe18402237a03033de65362ba3718ebadcd73,0370cd04062f503253482f04043de65308b5e70c9cd2bf02002e522cfabe6d6dbf1de122b96feca211c4f0d0034d8d934c60eab601279c86853ee265040403b00400000000000000,76a91480ad90d403581fa3bf46086a91b2d9d4125db6c188ac,,stale,VALID,1837ba62,,,valid_direct_stale
devcoin,validated_stales,data/devcoin_validated_stales.csv,348,stale_only_publication,repo-data,149742,,315531,00000000000000000f9fa64db62b347043ca892bb190bf6820a49c02d982d741,0000000000000000092f07869c4c809bc5f31d02510e1e8d27fd1b2df21c3f35,1407999630,1837ba62,4207770361,02000000353f1cf22d1bfd278d1e0e51021df3c59b804c9c86072f0900000000000000009d286ba21f8979b48df3c113def39364d18126b598e9939e2520a8aa4c3eb6048e5eec5362ba3718f97acdfa,038bd004e4b883e5bda9e7a59ee4bb99e9b1bcfabe6d6d86e51c33664163dee742d9c42a6111b6dd2f7017139846b50a92b7ba6f0d240c1000000000000000a5f34f108c2203004d696e6564206279207171313233343536,76a914c825a1ecf2a6830c4401620c3a16f1995057c2ab88ac,,stale,VALID,1837ba62,,,valid_direct_stale
devcoin,validated_stales,data/devcoin_validated_stales.csv,349,stale_only_publication,repo-data,150498,,316527,00000000000000001e7900a63f3badfc25bd336ac163c0962e8efc49c7b34ce3,00000000000000000184387ce361fb76731b50ad3c3cf352ea1b8b64797d4f0b,1408486398,182e1c58,2085575848,020000000b4f7d79648b1bea52f33c3cad501b7376fb61e37c3884010000000000000000feb590b102364db4ee64bbe2e03452352823f9b7169f3a21b0f6498a4447b144fecbf353581c2e18a85c4f7c,036fd404e4b883e5bda9e7a59ee4bb99e9b1bcfabe6d6d5872ca50a2b44cae83f940570c978b01f06eff0b835902b80f8e13adcec39d8510000000000000004fd3d3e34f6c00004d696e65642062792077616e6765726a696e67,76a914c825a1ecf2a6830c4401620c3a16f1995057c2ab88ac,,stale,VALID,182e1c58,,,valid_direct_stale
devcoin,validated_stales,data/devcoin_validated_stales.csv,350,stale_only_publication,repo-data,150663,,316734,000000000000000021209eb135494f353799e0ae42b42074350a084afff9e8a7,00000000000000000765d7fd333146af4bad884408b01038807cc96581ce4c60,1408593839,182e1c58,1792190728,02000000604cce8165c97c803810b0084488ad4baf463133fdd765070000000000000000f800855ffe15dd3f97d3f7f07cecdf415ba233bed145ed8d21c4dbe12d97a806af6ff553581c2e1808a9d26a,033ed504062f503253482f04af6ff553080919575d193301002e522cfabe6d6dd697b1859b376d1770c3a4cd88907884a1393f501d27e588d6c5ac23d7f9dc5e0400000000000000,76a91480ad90d403581fa3bf46086a91b2d9d4125db6c188ac,,stale,VALID,182e1c58,,,valid_direct_stale
devcoin,validated_stales,data/devcoin_validated_stales.csv,351,stale_only_publication,repo-data,150865,,316983,000000000000000029000da8903b3df605b111e91b9f18bea9503e53c22b3091,0000000000000000174fd2b47b1a8420217b7cdb3d2269c521cb9f35d06afeb2,1408727311,182e1c58,923419588,02000000b2fe6ad0359fcb21c569223ddb7c7b2120841a7bb4d24f170000000000000000bbc9b81dd58e29c6b5cab702823717cbba154da80db4d1a39f522f20f83a154d0f79f753581c2e18c4430a37,0337d604e4b883e5bda9e7a59ee4bb99e9b1bcfabe6d6d1549767fe9b6309c5c2e03b98de49b64e490829c7dc6cb643afb2ae93e5f07391000000000000000179b1c94cc2b05004d696e6564206279206461716934616e74,76a914c825a1ecf2a6830c4401620c3a16f1995057c2ab88ac,,stale,VALID,182e1c58,,,valid_direct_stale
devcoin,validated_stales,data/devcoin_validated_stales.csv,352,stale_only_publication,repo-data,150932,,317071,000000000000000000b300a71978d268a1018b7bd9a89f25729fe6e77b9b011d,000000000000000024280ad3985dfd712ba7bb8ee35373d71426d68fe5764a93,1408773203,182e1c58,828331544,02000000934a76e58fd62614d77353e38ebba72b71fd5d98d30a28240000000000000000c754cc682c8fa1242259d3844e3205d5e5ee32a235161317ddbbd62299ab4cb9532cf853581c2e1818565f31,038fd6042cfabe6d6dacad19fc9b2c1683498eb9e76e0ffce599c86f12017338db7cc22bd100192fae0400000000000000062f503253482f,76a914ad065cffc71256bb73c0432be6b8ded4f2d3ed3f88ac;76a9146e02aa5a2ea1b748a0cf0a4142ebbd8470e503b788ac;76a914d349566225b01fe76e18e36bda10ff54d24dc38a88ac;76a914850d52e39f80ab472361cc6083d3b93e9741baf188ac;76a914cc7d7636f74c0b648409d3a870e669b485727f4388ac;76a91404f3749bc46c8fb584fa09a78d6a502bc068b6d288ac;76a914f58bb17052b9aace90a077dfac3aa38aa4e726aa88ac;76a914003c4841c203357bb8d769317bacb110431c1d1588ac;76a9144c99ac6ed4ea8d06a375d05836777c6d6bdcba8b88ac;76a9140969e872cc9ef390e3848ab8c3f0588cfbc7bdff88ac;76a914b5cbfac58dc9711dacaa9ce28ad7e6f6e17d231e88ac;76a914fb33fe8bb00297104cc3937690cb82c1fdd0794188ac;76a9147a0ae03b8d092d6277f0390975d3df52c2497b7888ac;76a9143c509d74dd7eda5591cb09b86ee94ff117acf24888ac;76a914bb5f123e6893602f5a110949165a81924745f11588ac;76a91442f3f5d6497a46a5bc379b918708d08c22a5184d88ac;76a914c29e0ae4812542b701d51631a3b0074cebc74b8e88ac;76a914f54e8b762ff17c06a71f2a523dbe51238d523cfd88ac;76a914d7ae7c25a60ec8917f9f4f1c3e3a9cf84f43485488ac;76a9142428187c77e2295673a7663a4a1b999af3e3cb0588ac;76a9143c3652d84892326e9b202db3f2481566b8950bd888ac;76a9146e3b41a0afdec71752dad40acca6fba35a7b37b188ac;76a914f90e010727a26afb51ad6a71622427887bb3adc088ac;76a914ba9414905cc15c7b4fd431711c20ac56e920cf5b88ac;76a9143ca1e43f17a4131db6613dc5f1010da23e5b8cc288ac;76a9146a3d6d9872f21ff951a78040f98c53066d69881488ac;76a9147e3d1dfc5a7837ad6392d780b5b8b06b322613b588ac;76a914dbcf1848cc613e026870cef9f6124878c290d14088ac;76a9141bc67f0fa2f845e1f58cd127a813518ebb391ef888ac;76a91401643c8b04d770631386ab4dcbfeac6c8ba0743588ac;76a9147c64ffb5eddd64502a08d4c3a5c94add9fb9684c88ac;76a9141479b9c0a16967fe5e8aeaed60a67a7d8332532688ac;76a914a7d6f1e4df74bbb4f5950883adde01447ced46d888ac;76a914d1746a8e92995d954e00f7fec5f8b121ddd9e68d88ac;76a914503bc391d017d0dd4927fba6a928ffcab8007f0c88ac;76a914de3f43472af4c79ef2263167304bdc7ae38856b288ac;76a914dc140e5c0aafd82514c1a6f8315843ebe9a05b4a88ac;76a914406e5d742ad93eb3eb2f68886199caf569cdc9b788ac;76a9141230e8c7031ab3015f479926bbdfa9e3d12b242688ac;76a914cc997f3a273f6d33d45b43cefcc228d38f82c9b288ac;76a9149783d7d745f2c9a4649f12afa417c18b89afd10988ac;76a914a583108f5ccb6ef25c1684549ab7bf4c69f3bf7a88ac;76a9142e157e9c9923a09b1697a4aecd52014fd4f6d0d488ac;76a91404d6b174978fa483e8f8546362def58caaa4d07288ac;76a9143439d2929cd3288aeaa1ac9a7351ef4d5a6cbe0688ac;76a91459043a0c237f5d6882367c1abfef9a28e116684d88ac;76a914b2f2373d4befb690fa5e6780d156fdbe5020501e88ac;76a914052a67d334c55a38fc825ae04da75034470d85b088ac;76a91410a299f39fe38def6659752a3a156c5082b2036c88ac;76a91482d7868c8987af8c158c3ac266ad84bb6782862288ac;76a914fb252750cbd022b6095938011ad80b600af38cb388ac;76a9140a4c6aadabb5f131ce5b2683d4e4e806ef558c9c88ac;76a914abaf964ab587edb815992d372a2886930e548c9a88ac;76a9146fa218f2b4a2231b3f5e2faa3b90631a67f5789788ac;76a914d6606ae4a61537970c44de9825fface7e36aa65088ac;76a9141eaccd53ac23d9c811476c86d62022e2f2314e2288ac;76a914a8debd763308770750198f3e7a0bfac581c4bcb988ac;76a91490aaa24c4b3ae1938706c4cc42ba9b74710d75ba88ac;76a9142d1700667aa0fe43365d019e5109baaf817e47b088ac;76a914815f111bb4c1fcad9d781da054f4f431adc0983b88ac;76a914a74f2777accf2241fe72abff8de02a25fd6f7fd388ac;76a914efee340f91e5f67d169bb868d19b79009812b96188ac;76a91453b1bff7ec4caeb1f1fc12018afe7d92049b323388ac;76a91495f0f830bdbabacc335617035a3dd35de03a158b88ac;76a91462fa0404a9444d023c127067ef5ab83dd644867488ac;76a91482ec1ebd965168ef27fa09fc907b3bc7f47808e588ac;76a914a6910929ef578c3336590e68e4346cdcbbf9034d88ac;76a9142b8799ecc8bfc3a2fff3a63f3a32d2ce4f8c489b88ac;76a9148dce2da1143dcb6e1e234567c340a4f057f9bdba88ac;76a914fa26d78d7a348292908048ccec98097a6051cd9688ac;76a91466ecbfd997d7b0b25804075197ff8106c887828f88ac;76a91401ecf635d440f067c55edd3ed2757f3fa9f0d8bd88ac;76a914ecd0ec81c84b91e932bee0a4f1e1343dc0b7992988ac;76a9145d2041ba815d8d18c78bd441935e548ea59d761b88ac;76a9142eaa95a014f29633c9480cf5a8b0afa628010e9f88ac;76a9146a1effd52216a255cfb2e24cf92cd0d03fcdfb3288ac;76a914b205453a309f586e271b7a91debe05877cde237b88ac;76a914815571a865d87e4dc98e1ccc528d9cfd4ece2b5b88ac;76a914758609ddf67cb4f29016501d0dd85acde32d640388ac;76a91493d988f2aee6eacbfe873e9183d981a09514ed5488ac;76a9143128f6a315dab37abc8668d42923ab919eb86d1488ac;76a9146e6d3a76fbcc0c380d7dfbbda6058afd768366dc88ac;76a9149e3e3d87107de041efac7e280bcf30939dc6fb4d88ac;76a914247586e5dc95599d5bbd78222070325a5e041d3488ac;76a914bc8d7e42b9994d3acfae6b2753a0f0684df0fdf188ac;76a9146c2c84b8e33f5688a3684e1d02630f74cb32273588ac;76a914c5db668f06d667cc88bd66c84ab02c21af5ea7db88ac;76a9146b249beba599fb66aedb511971d2fe84d118dd3d88ac;76a914f0cb584a054379513be977c1622ec0108b59824288ac;76a914d2bfa1339dd5b3454354ebb4eb7844ce3a4bd02c88ac;76a914dddc8d721decec019f67c99ebb9533205763ab1488ac;76a914c72cdb4b8aec562908cce1c1ff1e756874a106ec88ac;76a9141d21971677e4e80b04df2ddf3190a29d65b6376088ac;76a91429fb6d52dc3c0f1891332a8ead38eba44f0e588688ac;76a91428fe426c21d41924e20103eb6e81c9ab221fa9c688ac;76a914da9b4ce057dcd9ec21aef266fdc4591bfea2664488ac;76a914dfaae5d15c4a5111e6366647a8b4a2fdfb51f1a088ac;76a91474fab9f3c693fa75378fe79c743950589bb7af9588ac;76a9146eb2ee7f56e52c580bf72717a91be08ae62cbfa288ac;76a9145af6c6b027d7f4195207d4dcdc6fd8d238eb632988ac;76a914a0df41ce35a8539296740b6563dfac54b1b5468f88ac;76a914180787c53d364ce0406d1a6ed42075709415d6f788ac;76a914432a03d2cdd836a03c7ce6a35e4940a04e32292788ac;76a9146f636cfd78b030fc9b47aad83b8dec06dc52fee888ac;76a914ecf1b9b0c12e636023ba90f0a99b9311c0e719b588ac;76a914c76f88bf65abcee037ca39602179f2b75b3e66af88ac;76a91411016c8992a55d6ba09e190c6f13ce4e0f5abf7288ac;76a914acabf96cb1859f37d46f0afe18a6699efe4d051a88ac;76a914620197879f87f9190c4b6ee7cdbf36c2ebc8c3fb88ac;76a914aa4f799053820c21ba049cd9cb601e123ddbce4588ac;76a91421cc90728814aea8fe88eedf2ec1c3bddaf3781f88ac;76a9142d1a5f7ecb5bfec24fdff5e77118d766e8fc938088ac;76a91435fabdb395ddfcd6082d58b305050d130392837a88ac;76a9142ac597345093b7b211e0c41a1224fe274af9365488ac;76a914c5fbbb935570a2873ab64ef180dfc5136f80298688ac;76a914c5df9c01cb9786d1f97c45b5108e2dd96a4879ff88ac;76a914f25911996d2a39c781d81f44afde7714f4ef78f388ac;76a9145ad95839ba6597b51766d5c9960941c1cc2d2ded88ac;76a9147e0baf33409cdaeaacd0a6dab152c52230d487bb88ac;76a9149020d47be104ea42fb0bb89e003deea3d969e64488ac;76a914e349add064e761d1018be16da0b754941cdf86ce88ac;76a9141c3c33bc3d2ee9647d096bb62d33b90ec67260f988ac;76a91420b4bd8ea6383f117fb786ba822c5f0c4e583bde88ac;76a9141eaec2683b7253db3e89da7f55daf6e4845e947e88ac;76a9146c75e32c00fb45c914dc69022ccb96e2553f6c7288ac;76a914e99a28fc7b0c786c7a888df4e0072591b36178cc88ac;76a91406ebf01ee928d407bb659f8aed8f01ccdc32726c88ac;76a914179daf855d486f5c8e23b69aa7458e5e0629987588ac;76a914bb5174c26e38ca8f5e728f53a065cd1f600dd3a188ac;76a9148851546bff4fd0338fa0814b531cc7aa15429a2e88ac;76a914dfbd25a8369e9c7acaee6d70c1745fa2bd0c3f3c88ac;76a91459a955107e778d8f5bac018e317a40e2da6b934788ac;76a9145e41a8f98dca79397452b25bac7fbdc38777665f88ac;76a9149093d0372cc7aa2f2ce410eb8182fbbc42090e9688ac;76a914f5f500b8cbf7256ad42f6f532488747d13e76df988ac;76a9146dbe6383f4f271e35c7841c0662c76f45bac765d88ac;76a914dd0a49505d476bdcbd61fec3e7103b26e46c4e9988ac;76a914f5477f01cf459cca4bb15941edbff10bc90902c588ac;76a9147f22dc87c89f026ff2366292bb5e11e421941f3788ac;76a914f62a112c448d3fbe761db7601fd8cec96c373a4688ac;76a9149fe77aefb5534589eaafd39172f428196c0d0d5a88ac;76a9144d37c8ee26e908afad1a7913645ac377e59c852d88ac;76a91462006d59117bcbe664bcd15b4e5f56e5b158aa2788ac;76a91435a7f41507e1489b8ccb8bef1f596c6716a91faa88ac;76a91465388b67a195fbd7dfd159daa6082661a7e5085388ac;76a914ea406c7d8dbb4c3fb30e6320ec85cbf6b77a862a88ac;76a9142a7f6751bab3fb66d73edfee3ea6796404e46cb888ac;76a9142d9cc98e22475be0b361c8258278d9ddd9c7edc888ac;76a9140a3e2a73c168fcc466521107fd4f60e97a5974cf88ac;76a914daaaa390a43d799ace003c2ffa9097816415028c88ac;76a914089a7f72111206e4c4e515dfc4483d7e78c4653988ac;76a9143ceb5b0acc3259b392667e3a555fd3017864d39988ac;76a914545824f44d8b87dad83ad06a6506035cf0be387788ac;76a914bd50057b57b5b44c56da410233b3d424b61ac8af88ac;76a9141507cfd069bed0357e6b15fdcdd25aa76b46245788ac;76a914b405ab1c5ca388d5a4961acee4530da57e3555c588ac;76a9143e534256a61416ee3e3424488c0dbf5f60d42a9588ac;76a914f85615e6c68722a319d878ed251387f487955f8f88ac;76a914278f9362b6c25e3240d1f6fe70f15e0a6c9e65e888ac;76a914a7fd062107448acb6f18d3c9c6d83f81892f8af588ac;76a91477be437ef8f247020caa32f1169f3ec3d5822a2a88ac;76a914b964d8dca685ec7d030bc05469a3d5ac6d36681288ac;76a914b7b8237b079f5d0d4838965fb1282412580c210a88ac;76a914dc435232986b554853bfad03fdd492a3e733b1e888ac;76a914962e4e7de24ea7fc646157324b039afbad74a38a88ac;76a914934e4275ba75db9a6275b0c649f92f7e61c5507a88ac;76a914ecc2daa40af28fdcb4c9df4fb9af829330b24e4988ac;76a9142a6a6b050cd4b9640a5f1ede9fc5e1dfb771441688ac;76a914b007f6984cc7dbd3fc9e25a9a6274c508e2928e988ac;76a9148409e9ff8ae89ecce5436e39a3377be8e8b6c4d088ac;76a914913b69f5816cd4d254f7570d53754e41462e5dc888ac;76a9146f1bff0c0ff365772a4c56b14173295df11d626688ac;76a914ba56e18a9f7f5d4ee0e6e6c48e62a1bb11a27fc788ac;76a9145c340513fd5e1d2f34c28a0000e83512e20f2b8488ac;76a91440998dac0a6440fb8a6ee606f0e89936e2f448c088ac;76a9140387eae6ef1a721bf4d5209a6b2d6d19f88a93fa88ac;76a914fd7f1ff1dc342469f8fc619afc5272969a0931ee88ac;76a914b91600a4f918dcf152a74a5cc1930a66cd40e0ef88ac;76a914fa108bc5830d3118e7d3a51fccb625a0bee07d5d88ac;76a914121f043be3762630d3fda1c6b15be1df111bf13c88ac;76a91483415ca1b4fa6cff95ca1dd2d6849e2fe31a98e688ac;76a914722e649799025ee87593240b503d2f2310bfe7d888ac;76a9146c25a616145325a410ed813b400521331417048388ac;76a91455b02eaf0c7feecae37491dd9a0fed90acc7321f88ac;76a91435fa0e55de190028dc8a2ee3d54d39c9cb9112f088ac;76a914c0c0980b7927fd9ccddd06fdc58016ba091a3f5888ac;76a9145e3fcd21c86f34244b93c50596cb8aacb5620f9488ac;76a91426f90644d1e37d20911d957bdac78b40380c18b288ac;76a914b0a08b4690e577490c9c3772325c3a6ba763a2d588ac;76a914efdd9e6ad79733b07be1e2f1b75c8108963dfc5388ac;76a91449b2f5403c26624eed7df36c7095344ad72d04c388ac;76a9146910d2bd166714c5a6b898afd737b302dbf5b50a88ac;76a914d68c02f1b04149d07a8d6ea3f306ba3b7571a0ce88ac;76a914de8495904f8b20645d81e19401ae36bb7e7c83a788ac;76a914c61b11b67e930b10d055cdc3a63ff3c3d4bcdea688ac;76a914de545592a387da678a0a652d98428bc48f8b48d188ac;76a9142b96402b63dda7eace48030d5210308291322c0988ac;76a9149ea9d4606701789b1bf9b6de867d4ce38fc33bf288ac;76a9143b3e8afb9fc1ed0c4dd933159e5682eedb09a7ad88ac;76a914e10a964a8e58132c37b4b9b56059bc8f73f553b488ac;76a914691035f346e5ff6af3ea46da3cfe3a4b50cad20a88ac;76a914dffa206473de7ed9377fd4abfdc91d365d7cf30a88ac;76a914f84358b7e709440ff8c301ede851bf08fc9ff66888ac;76a91464f974b033e8271eb475d9909387dd4e6f24186488ac;76a9149cbd4d55d63456fbc170ca0874141e6fd0edbdb888ac;76a9141f6695c151296b9212bb29cf0187adbb7dd7ba7688ac;76a914bebafd7b8c8e970926e648e12bee2c3d4f9b8bcc88ac;76a914d202d60e98f54fb47d41376b66f833ee93ff54c188ac;76a9142657dfc961a6ffb5b852eb47bf297782920fd0b388ac;76a914df17879a5a1101985e218bbb454c89e3b997c77088ac;76a9148ca84f05b65e84a2096642e04ddc77ffbd87cb2688ac;76a9141f9c85f4c7a487b875d5332b40ee245fe9e12d2d88ac;76a914dff89a61c267000f5b6963c300efbe4f64cba1ec88ac;76a9141c129ebe35bb02e32a02b25d8d0988c8b7ee835c88ac;76a914ef510f898abf63878543d06d9d8ae811c396691088ac;76a9144358ba389d4db823f4c68035b08bed7124b86dfd88ac;76a9142600a4921baf711dc30a47705b6012bda87388da88ac;76a91496c500ce0f85ea8b8373987269a906de20472b2c88ac;76a9147af0c226fcb613079a4226d41f1d80dee5b9b59b88ac;76a914185239a34dd982531024eec58e6f613f81588be488ac;76a914e3784db5a5a05e9199c79099f2e3a1f35f03022a88ac;76a914cabb743de125be0fa89c4a1dd6fd475fffb98c1a88ac;76a914bd5538dc95d60d8d8fe9d9d798f16361dfdf017f88ac;76a914c2a17364d2dfc4d24462f9290055a5d998344db888ac;76a914f795442cccafd90fb25f19bf501ba8c8fd52e32188ac;76a914f1b236935d2f69575e9726cc707c6078997393be88ac;76a914e979e03adcc9dd859994315146e88dabcad949b288ac;76a914e7a47bf4045f07c304383a018c7c6a0ce4a168d688ac;76a914738bba49e7cd241c92d42a62f9348e9eeb177c6088ac;76a914cf41e238bb7bfda3fc9b20d264f925caf459a2ea88ac;76a9145e72eeabd1341c502d05e876759ac780677d306088ac;76a91462bd0b95b498ece9f9cc53f2a83a1524573d949a88ac;76a914b764dd0a8cc279f9715670c2d741e4bb95b58eb388ac;76a91490bff9e1c85b7f7e8b35b5e2193acd1bcd1944be88ac;76a9149f6619f0462e417fb5d389f29c7fc75e662cc20388ac;76a91450ab156a1fe6bfc8485145fb7dbc4c0cf26b958788ac;76a914d37101d9e945d89bb8ae5e1715da9ecf229e595288ac;76a914e1a243869430b8261752d951de1df742412ae6a488ac;76a9147496b28faeda07805552a135f80d720d5c4756ad88ac;76a914459192206f4e42e45024d4644f0f7b853af1b01888ac;76a914aa59df7c39e0f359ca499d104f10aa39c1610da988ac;76a914c723eaf634af5873c2e49861fb3d296096f34fbd88ac;76a914a77641643b0769c0f09c4ed1b66451e35852fe6788ac;76a91482d603bc21d1497175d9a6fe179b8caed2283e4d88ac;76a914825facc692010a5131b0174b585157b45d02531688ac;76a914c44e86e65f45ab53373ac5dac68f0f7898bb37e888ac;76a914cdc9913348403c94685e9ec571a898ca703d399a88ac;76a91432746e1f7cff012a23debf2669f9fcdc2db3f4b688ac;76a914afa5452ebdfb318b025fa40fcf744e0e8a8961a788ac;76a914ce1bfaea48543d6b5ca35a4b3efebe9e5c551c5b88ac;76a914fe28d50d4ff1b30de779c9c7d6b5882298b60e8088ac;76a9146f6aa8e188e6cc0b7afde34091b5d0690ba6ce9988ac;76a9140157526e2d1ede799cb85534c8e84fb80504148f88ac;76a91407d1a6b4c7868291f217a0dc5bec029ec98018c588ac;76a9142e66df7163166ac7339c9a4306ce7a1a3b9d61c788ac;76a914a158475caa4a5ce3bcef837b7df59f9b4a8ecc1e88ac;76a914ec9668cbde4a7f9c12b22943911e93c67510412188ac;76a91483d884f35c8b2b1ad9a890275f7ddcb9ef10063988ac;76a9146f7772ada2bc75da05753af9fe0f8ed3da34805488ac;76a91467d29891184fdec9f9c2890f10473e24da9147c588ac;76a91451ad7f9e9f7b3eda044f39602b762d3a3f7479ba88ac;76a914f36619c94e4110371ba90a2d8306f3f32abd11e288ac;76a914de682e5df435b1773983dca8ae9b14faf408919488ac;76a914203530905d565851499c1067e6c40d607c6e975f88ac;76a914f4d14260bed5a0b8fc359922ed4af3a2f5fb506c88ac;76a914299d664e90609454ba9f141c8ed3269687a8627b88ac;76a914fe3a8f7134bea3b92f2e6bd95ca77c5e0162956988ac;76a914de8f7ff94c1b8b0daee75bcc04f55bb48d37451788ac;76a9145f0b2970b87c58f85cbbf483599f2e5cf90de8cf88ac;76a91467a9a1f2bd8e5110c89ad2b7cb82f132b38d8f2a88ac;76a914de8cdcf59591560814479a08e5cf887022b7dc9288ac;76a9141064c8c615a30ee9c40f0899860506e2ffd0064c88ac;76a9145efa1c070598c07748c8918ed32fa46962cd14f288ac;76a91469d0ca70b0e2535033d2681bf4461b231825bce288ac;76a914d17440876def2b18e34d47ec3e06b6ed92d3025488ac;76a914002238099fae35fa7e169fc241da502d1c341e7488ac;76a9143b552f3afbe14e578bbea88b8c06c1019c112e9b88ac;76a914a23dc667376a7abf048327958b9f9155e7dcec6988ac;76a9146ad798d913b91084410069ae66103a19ed1d9f6088ac;76a9146817d2015c8ce9e674838ffc61bdc0f6e3f67a9488ac;76a914da9ea1eb16e296682dc35b6fc9f73f8c45e57a8888ac;76a91480bd6a2c9206688eda1e40d4306d64f8b798c41f88ac;76a91431674c8f1898a1d59a0c342f612a34063385bb1288ac;76a914f64883043af498f8f60ba6256bae346360a2e4f388ac;76a9140cb6f1c0e7e968a543379bb5ce61d388c127a94488ac;76a91461e0d04de24e29246c4f683fb6b599d781efebd088ac;76a9144283846b7a9c98b45f205200454fa4bd842d2dda88ac;76a9146d9e7d1760fa99085c3120bebee0e07f8826f28e88ac;76a9145e6251cff2771235dbd8e97e54e214e4bfcc240b88ac;76a914f3975426c6c14877f5bea6a0ba1ae54fcbd5d86688ac;76a91429b0e0cfbedd4c850840e09442469e179fa5722088ac;76a914a61a59ceec700a228a94c08c47bd47072a6a50a788ac;76a914d3e78bb3fdfd2b4bd5507e601d661fee57c0a9cf88ac;76a9141d3d9c19c4cd4b6db56d9a7eca92c3a6f0973c5a88ac;76a9147938dbcb0f6226e74633043cb4d873a80bbb315888ac;76a914934fee29dc25a7cecc9f049bfa88dae15ef4718688ac;76a914d3300a2aaefa7fe611c3b3ec1bcac48cf6237e5c88ac;76a914e02cdb93ad9cf1fa7f7dbf7c175429b08c5711c888ac;76a914f86782a71890f8bba70ce7e19d06a5b20b96bf2d88ac;76a914cbed625eadee78fdb39429034b9d3bd66d8cabd988ac;76a914a6993db1ed1c50b78967fd1b9afe3a97a9b049ef88ac;76a914fa668451c4c7e44a5081f72efa6c8b0c7df088d088ac;76a9141ed619578d7fbafada88df94286c094e7c067c4188ac;76a914f3387321d53cca2def484717a3360ef196c42cef88ac;76a91449a5cf7b95617550e3d4d68f11bf45738e0c2a6f88ac;76a914ba73c923576c15a522d5d928fbae9cc070cb2b1888ac;76a91417f202f8aad88fd504885267221689bf683ed1bc88ac;76a9140a7073eb96e97fbab974b11d5dd55c2a221f46b188ac;76a914d390c1d5b98ff4fd0875ff79e3c3d4b66886697d88ac;76a914a8889a489e3e56a9912068326af5aedd319886e188ac;76a9148ab88cc2aa9bb97a82943a725f8749a01940291888ac;76a914ec896b7ae45736ca91c08ae402792a508fe1943288ac;76a914fa089d8e95b4a3eeb8cacc61253d6ba3987ab85b88ac;76a91416fbe15c33405eb42a0db1a62bde83f95cb3621088ac;76a914f8f6e6859276c22c2c95a4298ab20342122b620288ac;76a9149c8ee56bf02d8a771f405ebcf982a772f7d5d10088ac;76a9144ccfc84876a1cd1e184faf5c59e1c214cfc6c19b88ac;76a9141a72ed035b55372cbbd941cc36b147e233f8471f88ac;76a914a9482884de96f4172966ff8400a25d53a8ffc9fb88ac;76a914664cc855824871f25f34c36d582239037be1295e88ac;76a914ae919b9db9d61bba04c5c840f650b79c915878a088ac;76a9140bb1bfde9ce80ee04ffa0bc660a9f4a377e449b988ac;76a9141ea984a3a554db68186cdf9b9caf7a6245e51ad688ac;76a91492ae6b4f830f7132b51fce4eca982eed7b2120ff88ac;76a914e0f3eec6dcbf0f1f60541d2ca7fde4657d2a879188ac;76a914d1b5a3c69e606e5eaa3a98732035b7810c4626cb88ac;76a91418e459a595e88f33800f8a3ea3ffe52d8debf90388ac;76a914dfbd3423f035b36cc6c95ec5ebd2a2169fe9eba588ac;76a914f3ec028fe9c603ab3ae710348062a4c895147c0488ac;76a914e873b891c97687d70aa0612e81994abd2b83f73488ac;76a91437faa77a599f894323f79d1e64bf5ec8ff93b67488ac;76a914d1331f7c8b4a1ef0b26567c453d4977918ffb3b788ac;76a914a58ebfe7ee0b184900bc89fc9a453f3e3a9b8a8988ac;76a914047c7e4eb419cbc07dca912352d5a44ff1dac4d088ac;76a914d150e2a8176ed4f5047478c29db664f0cac58c4f88ac;76a914e57206eb099e43f3c0f1a549b659a5df84ebf75f88ac;76a914813bd8c4b6f5fa3dc378cd6a2f20949cd43cc32e88ac;76a9149ae7306eabba02e583e4fc7479802243b7a70f9688ac;76a91427b4668a922eecb79411cc168475ef029b820db188ac;76a914dff217455adfa182949d06482101b0ba555246b488ac;76a914d9fbda9a52506944259801a39c2eece1b1e9d6f288ac;76a91430b42114ed074e0eadb3c047dd4d2deb6ea8b4fd88ac;76a914a5b5c97c942b3566dfc07eb9a14987f492d0b8ab88ac;76a914d0568cd5ae52155a416d5173260c30ca7dc1380a88ac;76a914d8a9c4fc1b0a04b80ad5bb1eee254f579c67023688ac;76a91431e158326102c7405557d6b0ab858b4db5093d9a88ac;76a91440939606735903b99f2b275290703bf859d0f97e88ac;76a914c8dc0484c24ef5021eea1d2d2d298340cb36fd5688ac;76a91474e6c10c0cf0585cf3e094bd791bef300659da8d88ac;76a9140b0648737ebc2d6a2cce04824b8fccdd342d1b9988ac;76a914e38c141fb3e01d449df5569e91f2016ce371337e88ac;76a914ffd6dd27f737986aba1ae3c104f8678a4bc88eb088ac;76a914b7d9988bb583c36532dfde7064fbf30e6985d05388ac;76a914788c666826576e16705a3f2d2038c3f0c0558ac388ac;76a9143ae0c73d66407ddf23f7af4143e00f0d0a9c387e88ac;76a914e806dfc0ebee2334e363e797ceb334f1a36eef6388ac;76a914493372daebba957d2a304b0df7e7695c48cdae8b88ac;76a9142e16053883a40855d6ff26e9b30d4b0d7c8918fa88ac;76a914aca476c8e8540434fc77230b84972754857723d088ac;76a9148bf9f6a28cf99079248c830b083e007daba22aac88ac;76a91455699605fd4867a75ccd3e99b2daa89aaa1b340488ac;76a914647bb11ff6064fea68225d15a9799e5a8dd9b5b188ac;76a9141921ba232fb2f0883355afad28bbaa28dd918f9d88ac;76a914f19638af78701da3383fc08ebeeccab8161dd31788ac;76a914d4664c074c3eef74f871ff1a275af0eb84b69c5a88ac;76a91487c51a0c174d08b865cc4feee5ad6d10d7b8deb188ac;76a9142e4a567f8a8d04bc17a388b120e393a3de0fc5c188ac;76a914dbee77d2aaeda4f7eda3ba483fe3fa0b87efeb9388ac;76a914838151b12bbba4e843aa878ad4cabea5ddae016488ac;76a91494d37ad51a8d8b6a0a5db17262ed14e3796688d488ac;76a9145e7517f4279c74eb7ac0295861f51b2db9ff43c488ac;76a914d56ef17895e2c47f16d1ca42f7e028f46671d7b388ac;76a914952b50d6d5afc6cb648b56156c60da28677b1c1b88ac;76a91493df7b945b8835646dc504bae226cf7949228ccb88ac;76a9148924c9f53a65addb00aed2be3d256089baa4dc3a88ac;76a9140cd91b00b18807d3183c108506695cf335eb311888ac;76a91467ae05dcb071ecff7f9d1ef9b437f8ae2c7def0688ac;76a91421773647eec10ff78ffba7fc6dfa86bf6ea04a6088ac;76a9147f6860101ebcac25ee56f1644d8f438707379b7288ac;76a9143d238df8a0e61a0fbf77d4cb4d0b2fb3ddb2f99b88ac;76a914500e6efec7d465dcee0c7dd9fbeae5849ff73b5e88ac;76a914a805c167378f5746d756d328dcfe82956de6745988ac;76a9146619a9d00e54f92e24f1bff32433db5ad202f4d188ac;76a914b7b897690dd52d40f87ecb3df741713459b1153988ac;76a914c393c462d26a76faf727c6240c747b85fe7fe11688ac;76a9140b872e112112e192dc07b61b19d216337f2cb76288ac;76a91449ecc4148a1145ce04e04f37a6e94c07ecbb9a3788ac;76a914135215e79c66a76f8c3bcbbdb6962d6e9e8dab5788ac;76a91482e1d02fbed2de89f3d31eaaa470277b0ca5343a88ac;76a9141f35b249a791e42af4efb8efa43f0ec0f9a5243688ac;76a9147731d7917256daefc3e40737d77899f62980493388ac;76a914fee68502c17bc289c022f838cd66f7efd5b4dc6688ac;76a9141d27cdd4a421b60a71b7e9220cf52ac4547dabd788ac;76a91415e3eeed9c696a5592a9736a783345fae335dffd88ac;76a91402d56f4015e7d8aef9672734112bfc6908a63a5788ac;76a914c5fa952803b7836eb6229030390a5644e1f6d61488ac;76a914e2ac824b44867967c0f2d36983fb7afc94f8667e88ac;76a914da3d5b08225168e4b394815698e579d62e67b8bf88ac;76a914b7be034e1056b2da795ca8d16a233b13c1e7459188ac;76a914d2e0ff022f87d63512d9cf7cc033ebd4abe7ea5788ac;76a914a7a247a6167e6dbc94487acc3a668a138f82d03088ac;76a9146d4f7a5ea8fda8243cf79837e623fa6d9885409c88ac;76a914967f79a3e4001191cb97fd361b1998e902729ff588ac;76a914fa44259e2f82a166bf08bf2e70eb1ac084b939bb88ac;76a9148e088763115f71022b2aafc63ba14a72a2dbfead88ac;76a91481d60fab7a7fd53868829e390f8de4f510cef57488ac;76a914e1ab7fba0dc3a192ae4536cc14675a9dcc235c1e88ac;76a9149c90dd0bb4b6b3b28586df258913c12661a0e3e088ac;76a914e36d121f1461d9840c379161a1f5e861db1f590488ac;76a9148ced4ac095c35a89472a03433d507265d06f393188ac;76a91447282423f2c559ada869771d504718da93a5703f88ac;76a91460ce12b7b5f1a8d036b641e15fe8060a22eb9b6888ac;76a91444c10c299c02c1a16d6adef56e81df11600ccc0088ac;76a914dc31f1f160c1133edd864f6bb686999380b0d9fa88ac;76a9145e83b2ef86170a96dd373edc71d454ab8d561a2888ac;76a914f45665d0872132820275ab96ee1bd50d31216df688ac;4104ffd03de44a6e11b9917f3a29f9443283d9871c9d743ef30d5eddcd37094b64d1b3d8090496b53256786bf5c82932ec23c3b74d9f05a6f95a8b5529352656664bac;6a28e6b052c00a067d83d12eb746e8c5b126685817f9fcf36cbea6dfbe369116efca00000000a51b0000,,stale,VALID,182e1c58,,,valid_direct_stale
devcoin,validated_stales,data/devcoin_validated_stales.csv,353,stale_only_publication,repo-data,151379,,317590,00000000000000000839507dc27f974b2380dde870a3dc637986e32a8e00e379,0000000000000000012b4ba80f671c7a19c17b02bdf8ef85daf3b0dd8ac886af,1409069502,182e1c58,3194768710,02000000af86c88addb0f3da85eff8bd027bc1197a1c670fa84b2b010000000000000000b9f469d18b48d4dfd403b575cdc4dfa52bfff7c54506761d0d0615f17a7101c5beb1fc53581c2e18464d6cbe,0396d804062f503253482f04bfb1fc5308cd25a586783600002e522cfabe6d6dc2f5d095adbe2cd484fe8cef5028b870e43089cf6d0b15eea045e595fd4dc00a0400000000000000,76a91480ad90d403581fa3bf46086a91b2d9d4125db6c188ac,,stale,VALID,182e1c58,,,valid_direct_stale
devcoin,validated_stales,data/devcoin_validated_stales.csv,354,stale_only_publication,repo-data,151531,,317793,00000000000000002da02640fd585d6fa7b13e97378048c67df3d84f810d098e,000000000000000018b01e93c7caaed765b7ff478f2dcc7ae6364bfcf97fe2f8,1409173537,182e1c58,1344485740,02000000f8e27ff9fc4b36e67acc2d8f47ffb765d7aecac7931eb018000000000000000002806026fcd0e256f9726d2f4a8e17a3cd9929980a20fde6d49e2834e5f293592148fe53581c2e186c392350,0361d904062f503253482f04f347fe530833138b86e42200002e522cfabe6d6dc3a72e58b6b244f9d619b6e5f37571ba0a432ed1eef55f77880905364d040dfc0400000000000000,76a91480ad90d403581fa3bf46086a91b2d9d4125db6c188ac,,stale,VALID,182e1c58,,,valid_direct_stale
devcoin,validated_stales,data/devcoin_validated_stales.csv,355,stale_only_publication,repo-data,151608,,317890,00000000000000000a5cd4d20b932ecf2e4abe17ed1e6f47344ad4e31ede4d0c,000000000000000026c313635ea51a6a5c196e470d9a5b4185ece33d9e8ee470,1409220074,182e1c58,4270082108,0200000070e48e9e3de3ec85415b9a0d476e195c6a1aa55e6313c3260000000000000000b2b5a065377da7fbf92ecbe355b42a21405e1b943f3458faad9920783663a619eafdfe53581c2e183c4884fe,03c2d904062f503253482f04a8fdfe530869ee9586000000372e522cfabe6d6d227294e08c854193640198be272c79e42cf2da2bf52becae076db9cd459c7fce0400000000000000,76a91480ad90d403581fa3bf46086a91b2d9d4125db6c188ac,,stale,VALID,182e1c58,,,valid_direct_stale
devcoin,validated_stales,data/devcoin_validated_stales.csv,356,stale_only_publication,repo-data,151642,,317929,000000000000000014d6004467849e6268c79e1f8195af6c5417b8d6b5357205,000000000000000001c63baf5c18525fc8cf69b8eceb187b4bd8a804060301c8,1409237425,182e1c58,2944130287,02000000c801030604a8d84b7b18ebecb869cfc85f52185caf3bc6010000000000000000f5824e884546cc3dbdaf30c266a6c0a0fd520e5dd8206dfb260eedd54726ff86b141ff53581c2e18efdc7baf,03e9d904062f503253482f049841ff530882b15d86401700002e522cfabe6d6deb92aa170306c923e6701a249351fee58589a6d634d5789992509082c132cf520400000000000000,76a91480ad90d403581fa3bf46086a91b2d9d4125db6c188ac,,stale,VALID,182e1c58,,,valid_direct_stale
devcoin,validated_stales,data/devcoin_validated_stales.csv,357,stale_only_publication,repo-data,151661,,317948,00000000000000001c19bcad23428a18e0f6a03b06ab8a1384f71a0d3386a79f,000000000000000015b343d750945640d16f473b14f690eeab9bb85496fd31b2,1409250077,182e1c58,3086748829,02000000b231fd9654b89babee90f6143b476fd140569450d743b31500000000000000007533a8dd67838d5f1fd44ea811331d8d7e008888f22f522a94e048e8d5cb05aa1d73ff53581c2e189d0cfcb7,03fcd904062f503253482f041f73ff5308f6cf838685bbaa2a2e522cfabe6d6d54c3670fe1bfcecae8fd1edd3c5d3969e6b679771de568431990d397fed7c0de0400000000000000,76a91480ad90d403581fa3bf46086a91b2d9d4125db6c188ac,,stale,VALID,182e1c58,,,valid_direct_stale
devcoin,validated_stales,data/devcoin_validated_stales.csv,358,stale_only_publication,repo-data,151856,,318202,000000000000000010508990102a18f532ffdc2576fa6b858b60574441f8ebf4,000000000000000022c7d67b95f914d7f755b2470b0e44626bd944038ca22156,1409379400,182e1c58,3583673253,020000005621a28c0344d96b62440e0b47b255f7d714f9957bd6c7220000000000000000827e9cb607836e4622a685d7b154b1bfe9132add5730460e94a66d5e0b9154d7486c0154581c2e18a5839ad5,03fada04e4b883e5bda9e7a59ee4bb99e9b1bcfabe6d6d6d2ad029c4ea289b270c6279346e96e5f1018e1d382b0742ea516dd3f84eb7541000000000000000af86b326830900004d696e6564206279206c69756368616e676361697069616f,76a914c825a1ecf2a6830c4401620c3a16f1995057c2ab88ac,,stale,VALID,182e1c58,,,valid_direct_stale
devcoin,validated_stales,data/devcoin_validated_stales.csv,359,stale_only_publication,repo-data,151883,,318242,000000000000000015882e950a271ba3efeeaed31788fa85026e8f2d37b057f1,00000000000000001cd8ea387d5cdf61de69c334e5f3e2c3ccd53141dece3e75,1409400816,182e1c58,251463302,02000000753ecede4131d5ccc3e2f3e534c369de61df5c7d38ead81c00000000000000008f1b27bed33feb31062c6beb754e45f0d97a692dc447f823c62d284cf783cbc2f0bf0154581c2e188606fd0e,0322db04062f503253482f049abf01540893d68e8600de07542e522cfabe6d6dea460758411c4b2747a408e9756e7df2225f72fbd606588ecb86a576466a73e90400000000000000,76a91480ad90d403581fa3bf46086a91b2d9d4125db6c188ac,,stale,VALID,182e1c58,,,valid_direct_stale
devcoin,validated_stales,data/devcoin_validated_stales.csv,360,stale_only_publication,repo-data,151915,,318295,00000000000000002110e6c2417fa596d13ea555206698593344735d12f79d66,0000000000000000191f701d7ed9a4dfb46d7a0b2b01e7e2f547d5043f132c67,1409423556,182e1c58,2241267332,02000000672c133f04d547f5e2e7012b0b7a6db4dfa4d97e1d701f1900000000000000000de14700ffabc1d3ae71fd1246ba77e9c4ff83ad96d2ca9566c15e885aae8cf8c4180254581c2e1884069785,0357db04062f503253482f04a418025408ebed3832502400002e522cfabe6d6daa80ff801811beba8ca10aecb75c1ea0ef8060866a0488110b9d35c2082bd5ea0400000000000000,76a91480ad90d403581fa3bf46086a91b2d9d4125db6c188ac,,stale,VALID,182e1c58,,,valid_direct_stale
devcoin,validated_stales,data/devcoin_validated_stales.csv,361,stale_only_publication,repo-data,152125,,318577,000000000000000007bb6c08b5494a30a9a234ab66fc9da209e17fd13bafd965,00000000000000000af18d6c4765be3a842205d3cb1534cfde0853037d366f25,1409562915,182815ee,3380389447,02000000256f367d035308decf3415cbd30522843abe65476c8df10a00000000000000008921ed3a81d6803c62dfdd83b384a68d7e25e6ffc6d7d9772f294061b7ffb59b23390454ee15281847a67cc9,0371dc04062f503253482f0425390454082ec02a3266f100002e522cfabe6d6d1b9aa47e0c94d3e74ce54479ff774359ab3c468f980ef830dd38c2db2ded3b740400000000000000,76a91480ad90d403581fa3bf46086a91b2d9d4125db6c188ac,,stale,VALID,182815ee,,,valid_direct_stale
devcoin,validated_stales,data/devcoin_validated_stales.csv,362,stale_only_publication,repo-data,152214,,318677,000000000000000001602493a0776fddc7b785256fbdebcf92bf7b6bca9c06c6,000000000000000019195bba1763ea495b10a55aad4eb7671945b0c1d1a4b7a0,1409623479,182815ee,3632558091,02000000a0b7a4d1c1b0451967b74ead5aa5105b49ea6317ba5b19190000000000000000f4d8733f2755da787aca1110b48d6fd0781f9c5fe23e3d0ab40f561cfa0c927fb7250554ee1528180b7084d8,03d5dc04062f503253482f0492250554081f04d6db764300002e522cfabe6d6d56e868e6cf564aae9691515a538b02277f5b6a49163a7700fcf29fe4fd9f2b040400000000000000,76a91480ad90d403581fa3bf46086a91b2d9d4125db6c188ac,,stale,VALID,182815ee,,,valid_direct_stale
devcoin,validated_stales,data/devcoin_validated_stales.csv,363,stale_only_publication,repo-data,152583,,319112,0000000000000000169a76e8bcf8a3d3d1e04d4ec071fd66ea6d62ab28924b86,00000000000000001b7ca4e751fca1d7bf42c4ab5455658fb67b238753545856,1409858939,182815ee,4285572290,020000005658545387237bb68f655554abc442bfd7a1fc51e7a47c1b0000000000000000e3a8ead9c37e502754d4e52791178df0cf34f9f96323af12a5f0ae452c630c587bbd0854ee152818c2a470ff,0388de04062f503253482f0447bd08540829007630001643742e522cfabe6d6dc924f33d5a492c4303a230bb6dfde6373e4ee9aec04f17a4b16f3666bbc2d53e0400000000000000,76a91480ad90d403581fa3bf46086a91b2d9d4125db6c188ac,,stale,VALID,182815ee,,,valid_direct_stale
devcoin,validated_stales,data/devcoin_validated_stales.csv,364,stale_only_publication,repo-data,152790,,319352,00000000000000001b87a6cb14765775131522df7a1131c4861e331588171f59,00000000000000001d4496a70b12805b8e2130bfd47dc869ca02af57fed8e2ba,1409994409,182815ee,654499774,02000000bae2d8fe57af02ca69c87dd4bf30218e5b80120ba796441d0000000000000000949fe5a10d14f066457155acc5ae3df66da0598323e44d8a6806fada9e7faeb2a9ce0a54ee152818bedf0227,0378df04e4b883e5bda9e7a59ee4bb99e9b1bcfabe6d6de8f28571de5c96b11876257caa80511cd694404a763cc4ef33281b817d9886721000000000000000b94e607d33e6388e4d696e6564206279206f6e65616c,76a914c825a1ecf2a6830c4401620c3a16f1995057c2ab88ac,,stale,VALID,182815ee,,,valid_direct_stale
devcoin,validated_stales,data/devcoin_validated_stales.csv,365,stale_only_publication,repo-data,153073,,319702,000000000000000011edd563092bc2745a7ef3afef1cc9a7677b771f8cf6abd5,00000000000000000c2937881ce1560ee047ff195d40dfe07722e646956ddde6,1410179960,182815ee,1952139293,02000000e6dd6d9546e62277e0df405d19ff47e00e56e11c8837290c0000000000000000294c118c9c09335196b116499be649329fb5ca2195900c2532593f91c102775678a30d54ee1528181d485b74,03d6e004062f503253482f047aa30d540855136af66feb03002e522cfabe6d6de70fd3ff2111416992f0e8355ebf6b4598432249965762820f4c5794b6b451b40400000000000000,76a91480ad90d403581fa3bf46086a91b2d9d4125db6c188ac,,stale,VALID,182815ee,,,valid_direct_stale
devcoin,validated_stales,data/devcoin_validated_stales.csv,366,stale_only_publication,repo-data,153639,,320385,00000000000000001af016dd744624803372985edda587f0bf5d9689118cdae8,00000000000000000c5d9b233c06ce92cf241fc32599c4b2a17368d658e35ee5,1410563519,182815ee,1656167514,02000000e55ee358d66873a1b2c49925c31f24cf92ce063c239b5d0c00000000000000000c6482357543addce9008fe7be35db4ff5aa59d6b05173bf0d5bd5eeaaeeffb5bf7d1354ee1528185a1cb762,0381e304062f503253482f04be7d135408d4d89b3abfab000c2e522cfabe6d6d2d2e0e47876133b06257ee0e52cd951aa8b35f13ec6dd67a171845fa28c5fa6a0400000000000000,76a91480ad90d403581fa3bf46086a91b2d9d4125db6c188ac,,stale,VALID,182815ee,,,valid_direct_stale
devcoin,validated_stales,data/devcoin_validated_stales.csv,367,stale_only_publication,repo-data,153993,,320820,0000000000000000028ac57f96a4426284c6cb08f0e455ca47c7b20db9d72709,000000000000000010314701742b982b880b0f900a63c81a38dad80b208a9812,1410791116,1824dbe9,3475046250,0200000012988a200bd8da381ac8630a900f0b882b982b74014731100000000000000000310607e311df14417ac119e1865fc2a3ea6bae3a2d6c68a87e1d48b40e5b1a6fccf61654e9db24186aff20cf,0334e504e4b883e5bda9e7a59ee4bb99e9b1bcfabe6d6d7f0f335a3446194652ef62812bcd2883059e50fd62cf64d14944e6ee72397eb210000000000000005705682a0eb901004d696e6564206279207a68616e6c6f6e67636c616d,76a914c825a1ecf2a6830c4401620c3a16f1995057c2ab88ac,,stale,VALID,1824dbe9,,,valid_direct_stale
devcoin,validated_stales,data/devcoin_validated_stales.csv,368,stale_only_publication,repo-data,154101,,320934,0000000000000000154d0a1e766fb686e807741afb29d963b5affea821408c69,000000000000000018af1a69762518260be7319463b70aa70171cd1b9e34062a,1410851830,1824dbe9,2385017437,020000002a06349e1bcd7101a70ab7639431e70b26182576691aaf18000000000000000027249a7ba67840d5dc74acf9d53857950874094a45fd64fde103049762baa459f6e31754e9db24185d7a288e,03a6e5041b4d696e656420627920416e74506f6f6c20000000005417e3f60ddcfabe6d6d28c3842a551069df2c7a0b16746d81be37b1bbc4a1f2d1031a3a2d70c44215e3040000000000000086090000e5dd0f00,76a914e44839239ab36f5bc67b2079de00ecf587233ebe88ac,,stale,VALID,1824dbe9,,,valid_direct_stale
devcoin,validated_stales,data/devcoin_validated_stales.csv,369,stale_only_publication,repo-data,154510,,321504,0000000000000000058969095ceb8a4c55a434e27ed2614881a155f482705d44,00000000000000001a61ee54acdbbd001875da79872eca6270048325f75a43db,1411124110,1824dbe9,758641494,02000000db435af72583047062ca2e8779da751800bddbac54ee611a000000000000000087751894d95fea0036bc4a52399c03c7cf3461dde0936d67f3a7571bdf189d1f8e0b1c54e9db241856f3372d,03e0e70438fabe6d6df31fab6e77baa66116528dd549a9b4848981004233de0f2ff970ac5da6fd0eef04000000000000004d5f1b4683d21ed93270dc7b,76a91466589e7031b5bb0a8ed1df0f4a3c273d3cc0f44588ac,,stale,VALID,1824dbe9,,,valid_direct_stale
devcoin,validated_stales,data/devcoin_validated_stales.csv,370,stale_only_publication,repo-data,154651,,321675,00000000000000000e0e4dbd2c33b0b909109f4bb9afa8d6dcf5a55bb3fd6256,00000000000000000d8c6efb690945c26f99778533972910b45e7b0930e5684c,1411215936,1824dbe9,3716796361,020000004c68e530097b5eb4102997338577996fc2450969fb6e8c0d000000000000000012c366c54e68e9530e0d0f37795906fb5d09a459368468c7d3ddcda69660458640721d54e9db2418c9cf89dd,038be804194d696e656420627920416e74506f6f6c2000000000541d7240fabe6d6dd966569ffd441a98bef561eb6a85fb4000adc53d90c3ce281a16dd1db5939596040000000000000013000000372e65ad,76a914e44839239ab36f5bc67b2079de00ecf587233ebe88ac,,stale,VALID,1824dbe9,,,valid_direct_stale
devcoin,validated_stales,data/devcoin_validated_stales.csv,371,stale_only_publication,repo-data,154861,,321959,0000000000000000232f0f338b4468727d10636d920711e95bd73e187228302b,00000000000000001f43401ec87e5110ce8d5e0cebcf5f506902c2cc0b02934f,1411360978,1824dbe9,4017883713,020000004f93020bccc20269505fcfeb0c5e8dce10517ec81e40431f000000000000000023303f6d1bd3b8bbdfc03a666fef6de20caa9d79350d2372b51c43960702f70dd2a81f54e9db2418410a7cef,03a7e904062f503253482f04d3a81f5408505ff657cd6605002e522cfabe6d6dc2176da88ad83aefaaa8368c669b0789991f93539bbf3880ddc8baa4f8a77d6b0400000000000000,76a91480ad90d403581fa3bf46086a91b2d9d4125db6c188ac,,stale,VALID,1824dbe9,,,valid_direct_stale
devcoin,validated_stales,data/devcoin_validated_stales.csv,372,stale_only_publication,repo-data,155218,,322382,00000000000000000e27b632d82097b7f1c280d255f2465f62e31c63281dd470,0000000000000000103fb56a44bdc0e869a4559fb433cd41bd0cd3b9dbe36e62,1411591656,1824dbe9,2777456901,02000000626ee3dbb9d30cbd41cd33b49f55a469e8c0bd446ab53f100000000000000000c8eb65bdde6d123a67edfa5d7189d110e46b1816866e72e4dfa4f49acc6dd603e82d2354e9db241805a18ca5,034eeb04e4b883e5bda9e7a59ee4bb99e9b1bcfabe6d6daf1ca77423e3311770f915c624fd3e59b3526dcbacbe881ab01858200c71104c100000000000000060ed38766ab203004d696e6564206279206a6572656d7961,76a914c825a1ecf2a6830c4401620c3a16f1995057c2ab88ac,,stale,VALID,1824dbe9,,,valid_direct_stale
devcoin,validated_stales,data/devcoin_validated_stales.csv,373,stale_only_publication,repo-data,156039,,323288,00000000000000000e3a50d56c770ee252204c449aca63bf500280a383b417a4,00000000000000001e077401afb99f574c18168b316fc012dfbf43ede8294a87,1412131381,181fb893,1084165272,02000000874a29e8ed43bfdf12c06f318b16184c579fb9af0174071e0000000000000000809b23a37243b531bb4f27b2328c5c6ca8c506284dec72501ea2dee059b075e5356a2b5493b81f18980c9f40,03d8ee04194d696e656420627920416e74506f6f6c2000000000542b6a35fabe6d6d548124401781e644c4d075e73593ea591dfba9659f3e27e8d32b1f7ca222428404000000000000000a050000c79b0100,76a914e44839239ab36f5bc67b2079de00ecf587233ebe88ac,,stale,VALID,181fb893,,,valid_direct_stale
devcoin,validated_stales,data/devcoin_validated_stales.csv,374,stale_only_publication,repo-data,156196,,323463,000000000000000008b86e0d34675f2aa917fd42c152b391966533dad5df431a,0000000000000000197f07142db900d17ee3df0e4a1b919e4759bd97d66e0f02,1412229939,181fb893,3873692665,02000000020f6ed697bd59479e911b4a0edfe37ed100b92d14077f1900000000000000005ebfa5335d067cc2714efc2007c0bd97d958e5280f95fb28500d4eb2c4b19ff733eb2c5493b81f18f9dbe3e6,0387ef041a4d696e656420627920416e74506f6f6c2000000000542ceb336afabe6d6de991d34cb459c532837047d3ede0a6d85e89e1f4a594971dce52aa46dbdcf8de0400000000000000260000006f5036e9,76a914e44839239ab36f5bc67b2079de00ecf587233ebe88ac,,stale,VALID,181fb893,,,valid_direct_stale
devcoin,validated_stales,data/devcoin_validated_stales.csv,375,stale_only_publication,repo-data,156504,,323801,000000000000000008399be6802cfb59e419f115dba911596ec725cfb3ad262f,0000000000000000084b0c04a20a38af8d838b46a67e98b75a6e83076aa57d11,1412437427,181fb893,721515212,02000000117da56a07836e5ab7987ea6468b838daf380aa2040c4b080000000000000000fddec1a401b5df91da67a45441dabd88ff01126d55eba15b9c60d0bdf076d252b315305493b81f18cc72012b,03d9f004062f503253482f048e153054081b4c5a70000000332e522cfabe6d6dfc6f37cb21e80825789fc0d0f018ff7a897c5825ee9c1e3ea64db7f7a03a23570400000000000000,76a91480ad90d403581fa3bf46086a91b2d9d4125db6c188ac,,stale,VALID,181fb893,,,valid_direct_stale
devcoin,validated_stales,data/devcoin_validated_stales.csv,376,stale_only_publication,repo-data,157154,,324559,0000000000000000039cdd2b92f5e860d97b341c6dcb41ba88d1fd8c1e364b07,000000000000000018cd0fdc79ef0fc292270a2c34a7b3947ad4bdb014766046,1412869871,181fb893,2150515133,0200000046607614b0bdd47a94b3a7342c0a2792c20fef79dc0fcd18000000000000000032e98afaaa1e7b9c0c1a031f03452831e009988496e28f9b2cb30f13f6d53488efae365493b81f18bd412e80,03cff304062f503253482f04cbae365408293a83f61c0450622e522cfabe6d6d8040b7240208356cf963ba57c21b600a3c83a8634dc9247791eeb353caf220790400000000000000,76a91480ad90d403581fa3bf46086a91b2d9d4125db6c188ac,,stale,VALID,181fb893,,,valid_direct_stale
devcoin,validated_stales,data/devcoin_validated_stales.csv,377,stale_only_publication,repo-data,157164,,324569,000000000000000015d0d17b2f534e9b7e0889740c313a84e5b1be7afaaddd19,0000000000000000108466fc2f03446f07bd2c98429553353217f4efb26f71dc,1412873764,181fb893,3319359394,02000000dc716fb2eff4173235539542982cbd076f44032ffc668410000000000000000081956213b908118a924c9fd8ee637606310da43d22772b1291b241b342bcd2bc24be365493b81f18a267d9c5,03d9f304062f503253482f0426be365408991056f6afe701002e522cfabe6d6df8a0be5a0c24ffc7e784a269fa5747c8f17028a33e59f8cbe7855d93fd998eb30400000000000000,76a91480ad90d403581fa3bf46086a91b2d9d4125db6c188ac,,stale,VALID,181fb893,,,valid_direct_stale
devcoin,validated_stales,data/devcoin_validated_stales.csv,378,stale_only_publication,repo-data,158531,,326108,00000000000000001b9c713b9fc7fc30102601ee2018ddfbf99b5e95a4cc9a24,0000000000000000038a24d97e4b806f901616e55ea23c0f89e4a0839cb4ce46,1413773863,181f6973,3638173266,0200000046ceb49c83a0e4890f3ca25ee51616906f804b7ed9248a0300000000000000001d16ce8c63e7a45ed261b1422566bbd8fd3ef3793a4a119e692d8383805a1604277a445473691f18521edad8,03dcf904062f503253482f04cf79445408f8877efd009202d92e522cfabe6d6d54391feb33e9372a41547f8490f80ce22b286186a79ebaa2e7ff4a763cbc7be70400000000000000,76a91480ad90d403581fa3bf46086a91b2d9d4125db6c188ac,,stale,VALID,181f6973,,,valid_direct_stale
devcoin,validated_stales,data/devcoin_validated_stales.csv,379,stale_only_publication,repo-data,158763,,326341,00000000000000000a9895ee1692a52dfa2e4f839023ac66d21cb662c381ffa5,0000000000000000075801d50a3ed675d4eeec576f12746cedb7fc084e1c5e5f,1413921620,181f6973,1186053847,020000005f5e1c4e08fcb7ed6c74126f57eceed475d63e0ad50158070000000000000000f4c121045a1ac69d43bde61b83dcba53459bd43ec0177cf1eefa0ea9ffd004ed54bb465473691f18d7beb146,03c5fa04e4b883e5bda9e7a59ee4bb99e9b1bcfabe6d6d31bf2e9abb1c517273f75aac3f799cef82f37cb0507bb54b5ea31c586f9e669b1000000000000000bf6ef214110b00204d696e65642062792077616e796f7579696e6c6931,76a914c825a1ecf2a6830c4401620c3a16f1995057c2ab88ac,,stale,VALID,181f6973,,,valid_direct_stale
devcoin,validated_stales,data/devcoin_validated_stales.csv,380,stale_only_publication,repo-data,158839,,326453,00000000000000000c55f51615e0ac7d5f415347f0cf19053cf126935c8a9e9e,00000000000000001438f2b710da2fce57362e3579cab34a216baff6f6a1a726,1413977678,181f6973,1194778902,0200000026a7a1f6f6af6b214ab3ca79352e3657ce2fda10b7f238140000000000000000d4a26b23d50507b267abdb5d30872ca79ee0496d0e51c506c7564baf1b418e4e4e96475473691f1816e13647,0335fb04062f503253482f045096475408610468f6dcab00002e522cfabe6d6db2a77bb470ed6411e9c308c294d44bfcc3ef4be38a7eb8304df948f6add6d5430400000000000000,76a91480ad90d403581fa3bf46086a91b2d9d4125db6c188ac,,stale,VALID,181f6973,,,valid_direct_stale
devcoin,validated_stales,data/devcoin_validated_stales.csv,381,stale_only_publication,repo-data,159062,,326720,0000000000000000065a49f38a370dd2b08228a3fdf08d983b863bc88f897d4d,0000000000000000187510557a846367ab0b95724ccf9fb50ddc4f7c7bff6436,1414122912,181e8dc0,681837927,020000003664ff7b7c4fdc0db59fcf4c72950bab6763847a551075180000000000000000e6ae4e45c9175b9452191ccabbd2c001ba1791c3d9feff5660dd2a670431026fa0cd4954c08d1e186705a428,0340fc0438fabe6d6d2066f707af083a41e4dc64970ae22d6956c28ed6d70c90233ae82e593c04b54d04000000000000007273cef51b549c81177760b6,76a91466589e7031b5bb0a8ed1df0f4a3c273d3cc0f44588ac,,stale,VALID,181e8dc0,,,valid_direct_stale
devcoin,validated_stales,data/devcoin_validated_stales.csv,382,stale_only_publication,repo-data,159625,,327369,00000000000000000b4f877a4419a65f700c346c0e9fa316ee44b4fbb3573bac,00000000000000000c23bb9f9464fe87bc77cdb80b5f82de18caff2bd451b68b,1414509557,181e8dc0,4284840768,020000008bb651d42bffca18de825f0bb8cd77bc87fe64949fbb230c0000000000000000997e860f7581a5bed63f7f6cfa1186776a579be3aa2ee946a76d0bc468b04665f5b34f54c08d1e18407b65ff,03c9fe04062f503253482f04d0b34f540873824562000d3e7e2e522cfabe6d6d4a86fa7f112cfb5ba6090273b5b844eb7ae40dfa6d4485fd877060dbb6f234850400000000000000,76a91480ad90d403581fa3bf46086a91b2d9d4125db6c188ac,,stale,VALID,181e8dc0,,,valid_direct_stale
devcoin,validated_stales,data/devcoin_validated_stales.csv,383,stale_only_publication,repo-data,159774,,327524,00000000000000001c45c913ce30ebe44f63d49098b320db5a8fc71e1dcfca16,000000000000000019c87bee93a006b658e2b6b1199e8f821a76f8150192467d,1414596875,181e8dc0,597607478,020000007d46920115f8761a828f9e19b1b6e258b606a093ee7bc8190000000000000000ab27da032c5ea3288da0e2794090c64972eee7fbdc2292ace1b7aec2aa05e0d90b095154c08d1e1836c49e23,0364ff04e4b883e5bda9e7a59ee4bb99e9b1bcfabe6d6d7ab180c54ea735a7c91cdee3294711eae8621bbc890184d254e08a948e9610311000000000000000c6156ac90b7a01004d696e65642062792078696178756566656e6739303130,76a914c825a1ecf2a6830c4401620c3a16f1995057c2ab88ac,,stale,VALID,181e8dc0,,,valid_direct_stale
devcoin,validated_stales,data/devcoin_validated_stales.csv,384,stale_only_publication,repo-data,159908,,327686,00000000000000001e54e72f3bddb8a011b26a467a11237f18ea176fd13a0119,000000000000000018542d33e4881a37a052e3a9adfe6f0d79a73a27ea93add0,1414678757,181e8dc0,1288155465,02000000d0ad93ea273aa7790d6ffeada9e352a0371a88e4332d541800000000000000006d5ddb002508f9c4712cc28fecc8a1d2d8d483db68e40614f4190afb4bb011a8e5485254c08d1e1849b1c74c,03060005062f503253482f04e748525408eb74444a01b800002e522cfabe6d6db58448897fb7cf62396e2c7e0568bb58ad2beed19b575048380f6fac9336b6d10400000000000000,76a91480ad90d403581fa3bf46086a91b2d9d4125db6c188ac,,stale,VALID,181e8dc0,,,valid_direct_stale
devcoin,validated_stales,data/devcoin_validated_stales.csv,385,stale_only_publication,repo-data,160535,,328504,0000000000000000197d0b847ed26805302eec9f5d2dcc87f095bc79f920d451,0000000000000000038836a36181a0990c94cc22b271a554542a58ebea8b7583,1415104247,181e8dc0,896497012,0200000083758beaeb582a5454a571b222cc940c99a08161a336880300000000000000002c2b406f1671f9ad5762cb4cb9d9ec99ea9b28880096acc7c8529810e15ada53f7c65854c08d1e1874756f35,03380305062f503253482f04f8c6585408962faf092b0701002e522cfabe6d6dc5c7251a19719e59ccc57c635f3c5c69b9f9ff2726aa0b47ad66cc51d8bec2db0400000000000000,76a91480ad90d403581fa3bf46086a91b2d9d4125db6c188ac,,stale,VALID,181e8dc0,,,valid_direct_stale
devcoin,validated_stales,data/devcoin_validated_stales.csv,386,stale_only_publication,repo-data,161732,,329838,00000000000000001132ee7db295e56abccd687fa2fa2790831e501445defd24,00000000000000000c46b513e2bec4dab3442315825abe7aeeabf1b36225d4bb,1415892244,181bc330,473055606,02000000bbd42562b3f1abee7abe5a82152344b3dac4bee213b5460c0000000000000000475565a2e9f0285d5fe86e4f22dffc990fc9d79add887fd17a0db168b319f2b414cd645430c31b187641321c,036e0805e4b883e5bda9e7a59ee4bb99e9b1bcfabe6d6d5555bb208ebc405e3523cc41324a8d77ebeff4781b24d3a1f644969dafbd096610000000000000000006893b134f03004d696e6564206279206461716934616e74,76a914c825a1ecf2a6830c4401620c3a16f1995057c2ab88ac,,stale,VALID,181bc330,,,valid_direct_stale
devcoin,validated_stales,data/devcoin_validated_stales.csv,387,stale_only_publication,repo-data,161936,,330060,0000000000000000176cc9a8c769af145f3ed9aae9c4230424cffe786feaeeb3,000000000000000004570e903e3d9b81ec1b6be76fbf67f33537e77ae756b822,1416018622,181bc330,58759229,0200000022b856e77ae73735f367bf6fe76b1bec819b3d3e900e57040000000000000000f2417d59cb597669aab340717c3178ab609aeb0eab28b7af85fe7591894b55dfbeba665430c31b183d988003,034c0905062f503253482f04c0ba665408d8f0ae1bc69a02002e522cfabe6d6da5509425fa9587db5680f1f880f0778e79d8a61458d780c53b2a0c0b8b013e760400000000000000,76a91480ad90d403581fa3bf46086a91b2d9d4125db6c188ac,,stale,VALID,181bc330,,,valid_direct_stale
devcoin,validated_stales,data/devcoin_validated_stales.csv,388,stale_only_publication,repo-data,162367,,330561,000000000000000019c45d0aa0a6833352af6f30f8fdf554e271f84db9bca530,000000000000000013832c459fc0a11288f5567f56bba144b818a41c5e1888cb,1416307123,181bc330,1762065208,02000000cb88185e1ca418b844a1bb567f56f58812a1c09f452c83130000000000000000654b95393b7883e01010b7a0b5e22656dbbe0adf5f47a2372e8e2176ba33a400b3216b5430c31b1838fb0669,03410b05062f503253482f04a8216b54088fb7dd4d91c000002e522cfabe6d6d815ad245657dcfd3dd4b10cdad464c37b3fa249a45c1940806838dfe052fcae70400000000000000,76a91480ad90d403581fa3bf46086a91b2d9d4125db6c188ac,,stale,VALID,181bc330,,,valid_direct_stale
devcoin,validated_stales,data/devcoin_validated_stales.csv,389,stale_only_publication,repo-data,162713,,330937,000000000000000012ac8cec3a9454ded9b2d754ce4c89ee3f5e7e49428a6d3c,0000000000000000116abffe3dd3473b03596b2c06f713d5fc43e64a15434d77,1416541471,181b4861,564957721,02000000774d43154ae643fcd513f7062c6b59033b47d33dfebf6a110000000000000000fb6ac5ba2b5267fa3de1f528e127870fb2a4853166b7df5deeaaa3ca7fa118e01fb56e5461481b181992ac21,03b90c05e4b883e5bda9e7a59ee4bb99e9b1bcfabe6d6d350fbc2dd94efca26f834c72c22491b70fd0ea7a5f41f87efafedb7ab2fc1503100000000000000000b93b51155800004d696e656420627920726f73653132,76a914c825a1ecf2a6830c4401620c3a16f1995057c2ab88ac,,stale,VALID,181b4861,,,valid_direct_stale
devcoin,validated_stales,data/devcoin_validated_stales.csv,390,stale_only_publication,repo-data,162764,,330989,0000000000000000100222909a335d030af3270e6b829b3db2de020208163552,00000000000000000dbed5627495a6d602e60c4ae97c9048c06e02ddc4985e00,1416581350,181b4861,3707352802,02000000005e98c4dd026ec048907ce94a0ce602d6a6957462d5be0d0000000000000000ea97aa1b40c352b7fc490ac244e1aced68739b8a8a2e835a99c76151f6498196e6506f5461481b18e2b6f9dc,03ed0c05e4b883e5bda9e7a59ee4bb99e9b1bcfabe6d6d3bdd186f5760d75e38929ef01e07bbc16aa447a946afc562a1c49bb92571262d100000000000000000fd8a2200005fbf4d696e65642062792077616e6778696e77616e67,76a914c825a1ecf2a6830c4401620c3a16f1995057c2ab88ac,,stale,VALID,181b4861,,,valid_direct_stale
devcoin,validated_stales,data/devcoin_validated_stales.csv,391,stale_only_publication,repo-data,163003,,331253,000000000000000010cbe5d07e24931233c909260aa9c635b15a3a22098cecc9,000000000000000005ece24ab187b6956dd818e573dac6c68f51f158f94e201e,1416733411,181b4861,1678946198,020000001e204ef958f1518fc6c6da73e518d86d95b687b14ae2ec050000000000000000cb4d668e96c23b502fb538215a7487c468a66fcd24edf9c829cf9ae97528ac85e3a2715461481b1896af1264,03f50d05194d696e656420627920416e74506f6f6c200cd9af8d5471a2e3fabe6d6d37ca5ad151a3e78c48427329246889d527de354afb162a222e230fc88b29839704000000000000000e0c000087c71100,76a914e44839239ab36f5bc67b2079de00ecf587233ebe88ac,,stale,VALID,181b4861,,,valid_direct_stale
devcoin,validated_stales,data/devcoin_validated_stales.csv,392,stale_only_publication,repo-data,163381,,331655,000000000000000016c6596f6e3972236b53fa37af60687ba9ad25eca441d46f,000000000000000015aab736f48f8955a671ec49dbe6ed22a8eb1c36a76a0a9a,1416980873,181b4861,3168554187,020000009a0a6aa7361ceba822ede6db49ec71a655898ff436b7aa1500000000000000000c977dbb3acaa83666b5c7faf99cb6b7b7fbeb1fce6a2005d4fddbb4c92f568d8969755461481b18cb4cdcbc,03870f05e4b883e5bda9e7a59ee4bb99e9b1bcfabe6d6d71f3ab5da1adeda617656809abc6f425a5376d521d0e9c687e8fcbf8b361099210000000000000000047669ecf0f03004d696e6564206279207171313233343536,76a914c825a1ecf2a6830c4401620c3a16f1995057c2ab88ac,,stale,VALID,181b4861,,,valid_direct_stale
devcoin,validated_stales,data/devcoin_validated_stales.csv,393,stale_only_publication,repo-data,163465,,331739,00000000000000000341ad06d0b0af1122db2c741032579b4739eb7b51fc2643,00000000000000000567c0934cff835d4493c04eecd9ebd2802c0c4de7599518,1417035235,181b4861,2089598882,02000000189559e74d0c2c80d2ebd9ec4ec093445d83ff4c93c0670500000000000000003ffa072f46b4f7ec605fc3c66bb2ec6773535c8bddb619d0641bac191bced294e33d765461481b18a2bf8c7c,03db0f05062f503253482f04b03d765408e9e744760000006d2e522cfabe6d6d445a8646fa63f8d11b7adce51525fbd6e653ae0b4db034b80a6e1dffaaf99caa0400000000000000,76a91480ad90d403581fa3bf46086a91b2d9d4125db6c188ac,,stale,VALID,181b4861,,,valid_direct_stale
devcoin,validated_stales,data/devcoin_validated_stales.csv,394,stale_only_publication,repo-data,164139,,332515,0000000000000000161ec18d24d950f70e8c1624e4623dec1dccd1550d588871,0000000000000000136512ec33d9810f6922ece4b01386fa4198801a18d92d8f,1417489358,181b4861,2305707972,020000008f2dd9181a809841fa8613b0e4ec22690f81d933ec1265130000000000000000326b49566024a8f6822a01880b417e0d23c0bc5f901c3c49369b0e57d7a57e75ce2b7d5461481b18c44f6e89,03e312051b4d696e656420627920416e74506f6f6c20304bb114547d2bce0b00fabe6d6d43d463c42d0b4bf82d2cab1632c2bee29dc63f51481da7ff9859f524272a2d1c0400000000000000ee080000ac550100,76a914e44839239ab36f5bc67b2079de00ecf587233ebe88ac,,stale,VALID,181b4861,,,valid_direct_stale
devcoin,validated_stales,data/devcoin_validated_stales.csv,395,stale_only_publication,repo-data,164349,,332702,00000000000000000a3ecd216041408fcfcb878ea231ba8bc571b1e1e53365a3,0000000000000000081ac26cb5200ca59a684970b0416a1839295f2a14108df3,1417619901,181b7b74,265847850,02000000f38d10142a5f2939186a41b07049689aa50c20b56cc21a0800000000000000000aec801ef2fb03f2438e4814c573ae99f6a369e97ed8ccdc21dfc08cd5fa2f62bd297f54747b1b182a84d80f,039e1305062f503253482f0497297f54083606ba49000001fc2e522cfabe6d6d877650cd5ff3c71930a0f5b9bcfef3ba8d5eb4208d232ed56e7f5fe337a0cfdc0400000000000000,76a91480ad90d403581fa3bf46086a91b2d9d4125db6c188ac,,stale,VALID,181b7b74,,,valid_direct_stale
devcoin,validated_stales,data/devcoin_validated_stales.csv,396,stale_only_publication,repo-data,164858,,333279,000000000000000011a9947e415dac9b52c56160159f842c2af6fc22b62bc720,00000000000000000f54d250b20918b17b12c71a26a762e31879100ab647f76c,1417964091,181b7b74,833895535,020000006cf747b60a107918e362a7261ac7127bb11809b250d2540f00000000000000001bb756bfe08660d46b048d823f4ffb5a86eb53a36c92528b460dd5b724b3949e3b6a8454747b1b186f3cb431,03df1505e4b883e5bda9e7a59ee4bb99e9b1bcfabe6d6dc32c1e7d99f1a308e91b1b64c9b739a197b2eeb3ea10c3f66ba5572a171d93071000000000000000011e806f5ac601004d696e6564206279206875616e67797568616e67,76a914c825a1ecf2a6830c4401620c3a16f1995057c2ab88ac,,stale,VALID,181b7b74,,,valid_direct_stale
devcoin,validated_stales,data/devcoin_validated_stales.csv,397,stale_only_publication,repo-data,165557,,334042,00000000000000001539e9d5343d300f0b2084d708f810bbc4a1b0413a75a346,00000000000000000dc0ee8b1b5ee7613fc814c9c8e49ea06ef2aff8b9a9bd9b,1418417414,181b7b74,611322707,020000009bbda9b9f8aff26ea09ee4c8c914c83f61e75e1b8beec00d0000000000000000557a65f7c45a8426dd3f2e3c0b03f5483ba666bd2ed02fe6c41ca5db01f5498406558b54747b1b18530b7024,03da1805e4b883e5bda9e7a59ee4bb99e9b1bcfabe6d6d979ad8164e4ba7e87e1f2cc6d179bd1c19dc216574d144e5245dcb4e68dd7e80100000000000000000d99546970300f84d696e65642062792068756a697169313838,76a914c825a1ecf2a6830c4401620c3a16f1995057c2ab88ac,,stale,VALID,181b7b74,,,valid_direct_stale
devcoin,validated_stales,data/devcoin_validated_stales.csv,398,stale_only_publication,repo-data,166057,,334591,000000000000000003d8461c3e92466d125b170cd0119a428766502183d5fcd7,00000000000000000f2335a1a3318649bfca2808874565919e30896d40332b63,1418753037,181b7b74,1476459427,02000000632b33406d89309e916545870828cabf498631a3a135230f0000000000000000d3daa5ab1e7ee3c907defeec2b06e10b9dca1a1849838b4428a62c9bc403bfd70d749054747b1b18a3fb0058,03ff1a05e4b883e5bda9e7a59ee4bb99e9b1bcfabe6d6df8423571a806029f002b0f1d0c2bbaa5b31c41a1a4b57718e808a4830f64f603100000000000000000ba98f6c53502004d696e6564206279207a68616e6c6f6e67636c616d,76a914c825a1ecf2a6830c4401620c3a16f1995057c2ab88ac,,stale,VALID,181b7b74,,,valid_direct_stale
devcoin,validated_stales,data/devcoin_validated_stales.csv,399,stale_only_publication,repo-data,166670,,335236,0000000000000000183586e0f63a2effdfe692ae6b48ec67c467d8b5d82f57d9,00000000000000000d1192d16b957a34267c623f50f87cedbbccb43dfab31315,1419166898,181bdd7c,2729222306,020000001513b3fa3db4ccbbed7cf8503f627c26347a956bd192110d0000000000000000fd1413f23b0552ce6525714470a9ed10e0db484092f296942a278408e9061276b2c496547cdd1b18a2a0aca2,03841d05062f503253482f0487c49654088e386d4a700002d22e522cfabe6d6db5edea13cc199c0a7adadfcd20a6983dc2ad40746c18d63adf5184dae80af78a0400000000000000,76a91480ad90d403581fa3bf46086a91b2d9d4125db6c188ac,,stale,VALID,181bdd7c,,,valid_direct_stale
devcoin,validated_stales,data/devcoin_validated_stales.csv,400,stale_only_publication,repo-data,167124,,335742,00000000000000000c40362958d0f1193cfb4501d17d36f31e18a1b63a772f24,000000000000000006f3f7cf54ad6d9eaede4c334f8bbc43450925adadb43617,1419455387,181bdd7c,3660835125,020000001736b4adad25094543bc8b4f334cdeae9e6dad54cff7f306000000000000000090e5896db0a8fb3f583729bd663ade4384dcb3eb375037c12f0c66ded749ecf09b2b9b547cdd1b1835e933da,037e1f05062f503253482f049d2b9b540821591c0b8aee01002e522cfabe6d6df2a4dabe4ccba2b712e6b306b19768b0d321bd5522d514b69bf7b005ee9ced350400000000000000,76a91480ad90d403581fa3bf46086a91b2d9d4125db6c188ac,,stale,VALID,181bdd7c,,,valid_direct_stale
devcoin,validated_stales,data/devcoin_validated_stales.csv,401,stale_only_publication,repo-data,167725,,336494,00000000000000000fd967e156c653626dff832374fe226902d1f504e1ca92f6,000000000000000008f893e7e4e706bd7432505e1a322b752e8a23f171573aa5,1419864052,181bdd7c,2242660220,02000000a53a5771f1238a2e752b321a5e503274bd06e7e4e793f8080000000000000000d50821751a68929e33ef812b6a8dfbbe8d6c442df7a5b4beb21549cf4aaf5a24f467a1547cdd1b187c47ac85,036e2205e4b883e5bda9e7a59ee4bb99e9b1bcfabe6d6d79739c4ddfb6d4bcda1c87eb4be58bee93a697daf265e46e429581df56b5a5f4100000000000000000cccd352d1602004d696e6564206279206b616e6764696e673031,76a914c825a1ecf2a6830c4401620c3a16f1995057c2ab88ac,,stale,VALID,181bdd7c,,,valid_direct_stale
devcoin,validated_stales,data/devcoin_validated_stales.csv,402,stale_only_publication,repo-data,168075,,336914,000000000000000008a17e661da2b994b7e9f1a669cb0be0da6793fbf42ed69c,000000000000000011db6d2d7846f6013c8fa97fa6018c1d8fb66f470d0b15fd,1420095198,181b0dca,707812205,02000000fd150b0d476fb68f1d8c01a67fa98f3c01f646782d6ddb1100000000000000001e5e867c2aabaa5d0fd3545dd15ae09d5a36fcd8440d6b921fd22dc35865f666deeea454ca0d1b186d5b302a,03122405e4b883e5bda9e7a59ee4bb99e9b1bcfabe6d6d78f0779fa9dc78e63d99ba36f1728877b921529c09856df7b753d0ed37519e161000000000000000007ecf6fd41304004d696e65642062792077716c32303038,76a914c825a1ecf2a6830c4401620c3a16f1995057c2ab88ac,,stale,VALID,181b0dca,,,valid_direct_stale
devcoin,validated_stales,data/devcoin_validated_stales.csv,403,stale_only_publication,repo-data,168551,,337487,00000000000000001aad4da61bba2d712f43226c439ce55c8336e659e81aadb4,000000000000000007954fbe13ccc810f07be4a34b19bff55f738c351a23dcf4,1420398628,181b0dca,34423032,02000000f4dc231a358c735ff5bf194ba3e47bf010c8cc13be4f95070000000000000000dd1a4b0a2c52a4bbc42ac6727edb85a334eb4ed35740a0aef5468d7b8e0528412490a954ca0d1b18f8400d02,034f2605062f503253482f042590a954083a03b4797f9700002e522cfabe6d6de9e907361714c9df779ab9b1cafcfffbc345f97fa267fe65a0b0b7cb857f73830400000000000000,76a91480ad90d403581fa3bf46086a91b2d9d4125db6c188ac,,stale,VALID,181b0dca,,,valid_direct_stale
devcoin,validated_stales,data/devcoin_validated_stales.csv,404,stale_only_publication,repo-data,168614,,337573,00000000000000000ec6188f240f1c24e264376231648188d00c2839654c1896,0000000000000000068554fc96a3d25ac9858160bd18d859de1c092de2675126,1420445485,181b0dca,1124513259,02000000265167e22d091cde59d818bd608185c95ad2a396fc5485060000000000000000e882e7cae3644b732f16fa4d0c85c7decaa969351f26659a1b0f01363ab558832d47aa54ca0d1b18ebb50643,03a52605062f503253482f04e146aa54081604bc79000000152e522cfabe6d6d48093d758ee15c05c05aa928adf91d308008d561245ee9e123aff08387f170920400000000000000,76a91480ad90d403581fa3bf46086a91b2d9d4125db6c188ac,,stale,VALID,181b0dca,,,valid_direct_stale
devcoin,validated_stales,data/devcoin_validated_stales.csv,405,stale_only_publication,repo-data,169578,,338682,0000000000000000054047b6edb2bbebf9b6f1b08c03be231154a8c4eb6053f3,000000000000000001fa6e15f214f8b8339e8ccc90d6c16b45c574b349cd554f,1421082033,181b0dca,1997335605,020000004f55cd49b374c5456bc1d690cc8c9e33b8f814f2156efa01000000000000000076374d6d325cb1700ff56fca6c1ebe960a5450aa78b67d22fd2458dc3e86f9c1b1fdb354ca0d1b1835ec0c77,03fa2a05062f503253482f04b3fdb35408a153b421dd0203002e522cfabe6d6d61855a1688b0813b51ad4e1eb9a7b52077394a4732d0ba6fb75d81c4cf2769170400000000000000,76a91480ad90d403581fa3bf46086a91b2d9d4125db6c188ac,,stale,VALID,181b0dca,,,valid_direct_stale
devcoin,validated_stales,data/devcoin_validated_stales.csv,406,stale_only_publication,repo-data,170385,,339562,00000000000000000cea0bee1bfff976275a414a9928bed62c891bf541b5ff0c,000000000000000017255f99db4ceef7f1c281fa6bfc336137252557d033eaaa,1421624124,1819012f,4289396264,02000000aaea33d0572525376133fc6bfa81c2f1f7ee4cdb995f251700000000000000005dac3562c75cf3a1bf307312774adc31aa16669d687292b864e78a8f6e16e88c3c43bc542f01191828feaaff,036a2e05e4b883e5bda9e7a59ee4bb99e9b1bcfabe6d6ddc9e747b98e31ad8ca370af24059671f45810d4c8501a2754a263a4e9882a086100000000000000000f6d513404d04004d696e656420627920706573686576,76a914c825a1ecf2a6830c4401620c3a16f1995057c2ab88ac,,stale,VALID,1819012f,,,valid_direct_stale
devcoin,validated_stales,data/devcoin_validated_stales.csv,407,stale_only_publication,repo-data,170814,,340008,000000000000000014b67c5ae5be78ec976f78a541ebc7cf84b6997e548dc7c3,000000000000000012874f66f79aabd38b56f4be80830ef9410ad4a2814341d3,1421904151,1819012f,3351777451,02000000d3414381a2d40a41f90e8380bef4568bd3ab9af7664f8712000000000000000009224362285657ae53ed5f8f4fcf16af3b9f6fbc55eaa21a5d7bdf95b06d6cc41789c0542f011918ab10c8c7,03283005062f503253482f041889c0540844a8c17952f700002e522cfabe6d6d394223c06be30bb22eace1199fca88fe58c6543170074d0c5b028b989bd0226b0400000000000000,76a91480ad90d403581fa3bf46086a91b2d9d4125db6c188ac,,stale,VALID,1819012f,,,valid_direct_stale
devcoin,validated_stales,data/devcoin_validated_stales.csv,408,stale_only_publication,repo-data,171262,,340444,0000000000000000172c3254ec8c9b0b45ee6accf734928181fcdf0ccbd11326,0000000000000000000f9913c2b3e673489a33d528e1082f53949482400b4139,1422200770,1819012f,401039407,0200000039410b40829494532f08e128d5339a4873e6b3c213990f0000000000000000006940a72354762ac3c812114d960bec72e5a2be3458d6141f4020a9a514d698d6c20fc5542f0119182f60e717,03dc3105062f503253482f04c00fc55408b7a0cb18d42400002e522cfabe6d6d391433ac503a8ff28771edf6c157b226fc97ae69f6ccd1ff6bfb252cb51e2e9d0400000000000000,76a91480ad90d403581fa3bf46086a91b2d9d4125db6c188ac,,stale,VALID,1819012f,,,valid_direct_stale
devcoin,validated_stales,data/devcoin_validated_stales.csv,409,stale_only_publication,repo-data,171815,,341174,000000000000000004e621b6cadbce028f845cd435351630bc45ed74db8642ff,000000000000000004abccc09e2f5809d1c42ce7cb5c7556c0dbe0f117809612,1422629365,181aa3c0,370099788,0200000012968017f1e0dbc056755ccbe72cc4d109582f9ec0ccab0400000000000000008eaf8ae5ee5f1a80c0057d8abbf09df746ee8f8983998bcd4c127512a6951acdf599cb54c0a31a184c460f16,03b63405062f503253482f04cb99cb5408aa6e1e0f830600002e522cfabe6d6de069e8afc3cc60b964d12ec0208401ac3954fef9cadd180e4463a50cf5a461cb0400000000000000,76a91480ad90d403581fa3bf46086a91b2d9d4125db6c188ac,,stale,VALID,181aa3c0,,,valid_direct_stale
devcoin,validated_stales,data/devcoin_validated_stales.csv,410,stale_only_publication,repo-data,172088,,341517,0000000000000000036cdca9dacebc0c4adda60fe356bac499e4d68f26c4fc17,000000000000000003092c1a9d38009374fb504466fcf41feaa5b129c07df97a,1422813830,181aa3c0,1612634253,020000007af97dc029b1a5ea1ff4fc664450fb749300389d1a2c090300000000000000005cb6f8ae81db814fffe90cd619aa60ea5a04b97621d2741dc8ca9ed3b2f74cb2866ace54c0a31a188dd81e60,030d3605062f503253482f04246ace5408b55108c1000000482e522cfabe6d6dbf40c89b456b5c109353c8e3eddfe1d4d7a28be27a846b9481f4c270326fa7270400000000000000,76a91480ad90d403581fa3bf46086a91b2d9d4125db6c188ac,,stale,VALID,181aa3c0,,,valid_direct_stale
devcoin,validated_stales,data/devcoin_validated_stales.csv,411,stale_only_publication,repo-data,172242,,341680,00000000000000000bbe7f9a603b32669954156b29c991321c628c5164b05a83,00000000000000000acd8b034a89ec60f34f4654fb34e4fb6b39b0c4354776db,1422911104,181aa3c0,4233639006,02000000db764735c4b0396bfbe434fb54464ff360ec894a038bcd0a00000000000000002a378be992fdc7fdfbb7825acab5df09277e8cdb75a7d3454421080e371884eb80e6cf54c0a31a185e3458fc,03b03605062f503253482f0420e6cf5408e10fcf563e0600002e522cfabe6d6d031730042311dfd49d88675911ae610ccce011f942bb6505623a69ef03a23f870400000000000000,76a91480ad90d403581fa3bf46086a91b2d9d4125db6c188ac,,stale,VALID,181aa3c0,,,valid_direct_stale
devcoin,validated_stales,data/devcoin_validated_stales.csv,412,stale_only_publication,repo-data,175727,,345711,00000000000000001607d9d8e49e3958923f1b6a4ebd465dea0fc5f92596c3a1,00000000000000001551121416ad4a07dcb904cb6fafcddc268b9e0a569821b1,1425224319,18178d3a,2980175369,02000000b12198560a9e8b26dccdaf6fcb04b9dc074aad161412511500000000000000008f45cf769f9da8b0f659b85bd6b4e002a8a217c1c08f34c617f27b268ae333687f32f3543a8d171809dea1b1,036f4605062f503253482f048a32f35408207009c1c57100002e522cfabe6d6ddad8fbc5d09845370f7b6369137116d33f14d56c94be016223e351665d9b24660400000000000000,76a91480ad90d403581fa3bf46086a91b2d9d4125db6c188ac,,stale,VALID,18178d3a,,,valid_direct_stale
devcoin,validated_stales,data/devcoin_validated_stales.csv,413,stale_only_publication,repo-data,176169,,346310,000000000000000000853b74b4ba57ffe5a5bd711e298c615ffbece916e43805,00000000000000000fbed10ce1f06a69d821b4a98a86cb3ac7d5d23e779af8a6,1425585900,18178d3a,1570339430,02000000a6f89a773ed2d5c73acb868aa9b421d8696af0e10cd1be0f0000000000000000426ce4b7a69560901af7ef528ead69104b7887e716f98efd6beedcaa6ddd1cb7ecb6f8543a8d1718667a995d,03c64805062f503253482f04d2b6f854089f3e58aeb20500002e522cfabe6d6d3e753d58115737006dbb9939a422709d88a1bfd24fb397ea7f62058be11159b00400000000000000,76a91480ad90d403581fa3bf46086a91b2d9d4125db6c188ac,,stale,VALID,18178d3a,,,valid_direct_stale
devcoin,validated_stales,data/devcoin_validated_stales.csv,414,stale_only_publication,repo-data,177117,,347295,0000000000000000142c8fa8984becbe71c90658c89c3f77490bc40ad2b9be0b,000000000000000007a67a0dabaf9679e16579352068ad0620fe09e31714b8c7,1426162984,18172ec0,3848709470,02000000c7b81417e309fe2006ad6820357965e17996afab0d7aa6070000000000000000f391e748d00590ce3003c860cf40f6fc9d2556993e8d5637d71e30a16f7c69e528850155c02e17185ea566e5,039f4c05062f503253482f04298501550815050cb2e15901002e522cfabe6d6d4ad645c100615eca26f60137b9f4e6d957f052557040cb75c603c5891cdc36940400000000000000,76a91480ad90d403581fa3bf46086a91b2d9d4125db6c188ac,,stale,VALID,18172ec0,,,valid_direct_stale
devcoin,validated_stales,data/devcoin_validated_stales.csv,415,stale_only_publication,repo-data,177297,,347508,00000000000000000f329e6fb8d85af6096ac0beeba36cb7cee27d6b72584c6b,000000000000000004935de51a08113bb0b34669c3348bc0e68d4aff7a9765dd,1426290521,18172ec0,1376848649,02000000dd65977aff4a8de6c08b34c36946b3b03b11081ae55d93040000000000000000ae79108c85e1098fd567e8782ecaa4781c44a7fb1bccfee5bfc589f3edfd3ce159770355c02e1718090b1152,03744d05062f503253482f045c77035508c61432b2a7cc0d002e522cfabe6d6d16b6021f65835f48925d25301d12891fd26bddd6f67949ee96cc6b2d964df6c60400000000000000,76a91480ad90d403581fa3bf46086a91b2d9d4125db6c188ac,,stale,VALID,18172ec0,,,valid_direct_stale
devcoin,validated_stales,data/devcoin_validated_stales.csv,416,stale_only_publication,repo-data,178006,,348267,00000000000000000d69185e568cd0d6bc1a6d7ec73d9d33f630393a89b2c2fd,000000000000000014abebbaadc3c7d494e6e0047a2c5ecfc52add3daf7f48f3,1426757642,18172ec0,3502082567,02000000f3487faf3ddd2ac5cf5e2c7a04e0e694d4c7c3adbaebab1400000000000000009934013d1720c515b5b9a45286a2ce3a97503762ee5f2688e9be874dad1c5d3b0a980a55c02e1718078abdd0,036b5005062f503253482f040d980a550847fd20b2de6207002e522cfabe6d6da594a016ea93af4b9fbbf1596dcace134a826f8037d35d09bb25314cdc9821c10400000000000000,76a91480ad90d403581fa3bf46086a91b2d9d4125db6c188ac,,stale,VALID,18172ec0,,,valid_direct_stale
devcoin,validated_stales,data/devcoin_validated_stales.csv,417,stale_only_publication,repo-data,178433,,348708,000000000000000003871bc2a34c1245956eb8a7134eb52c2f53af8fc0246202,000000000000000011cd5f2162237b35515e3429c3542dda348de61039d3d194,1427038488,18172ec0,1966407869,0200000094d1d33910e68d34da2d54c329345e51357b2362215fcd110000000000000000fb901de639d894d3b8c1267563738abb511fafb232aa0add1b512c6f1382f9d418e10e55c02e1718bd003575,03245205062f503253482f041ae10e5508a64e00348cbf02002e522cfabe6d6d90ffb88b9199163dfd0a4d9bbe65ddde04e128cf27aa4e15f51e8b752d1adb9a0400000000000000,76a91480ad90d403581fa3bf46086a91b2d9d4125db6c188ac,,stale,VALID,18172ec0,,,valid_direct_stale
devcoin,validated_stales,data/devcoin_validated_stales.csv,418,stale_only_publication,repo-data,178714,,349073,00000000000000000814d4017c1e5cb6e0356a0afe3d3c2df9b297f81fb8887c,0000000000000000073c60c027db6ed6d024cd80bcbc1bac5b2e51b262a0be6f,1427234260,181788f2,2929290115,020000006fbea062b2512e5bac1bbcbc80cd24d0d66edb27c0603c0700000000000000000339d3a6bbec3653c5be55b13ffc703c6bbea4c634e89816e60659534205dcc9d4dd1155f2881718836b99ae,03915305062f503253482f04c5dd1155084a41004c151500002e522cfabe6d6d6549d8e8764992755dbe54cb22bc8062903ae6ca4dd12e6c3ad8e93ea1f734020400000000000000,76a91480ad90d403581fa3bf46086a91b2d9d4125db6c188ac,,stale,VALID,181788f2,,,valid_direct_stale
devcoin,validated_stales,data/devcoin_validated_stales.csv,419,stale_only_publication,repo-data,178968,,349381,00000000000000000f96353e54291354c800bb6b7b74b2d50287fe80de630ab6,000000000000000001466efdb880a96f55ed3cb3ee052635ea3c7475275ed060,1427405271,181788f2,1379829562,0200000060d05e2775743cea352605eeb33ced556fa980b8fd6e4601000000000000000056fb4cc5d7fb183aabb64e0e89a7bf740868691dd1f3afcafa459717e9ea64f6d7791455f28817183a873e52,03c55405062f503253482f04d979145508b1680037df1a05002e522cfabe6d6dd3c1a3990d635171b314a3a6dfab060ef07c25be3a296e5366da688a9f2992760400000000000000,76a91480ad90d403581fa3bf46086a91b2d9d4125db6c188ac,,stale,VALID,181788f2,,,valid_direct_stale
devcoin,validated_stales,data/devcoin_validated_stales.csv,420,stale_only_publication,repo-data,180201,,350794,00000000000000000c13c96b89563e0dbc2f97b001d521621e9e4ed22e5e9eeb,00000000000000000068763c0666852b6a5c8c9fa8be462932a01dbd69bdf75e,1428216759,18163c71,1420243911,020000005ef7bd69bd1da0322946bea89f8c5c6a2b8566063c76680000000000000000006bdbf13977c3640073e7054578299bd1661560a0cc9541f6d3af66283e145f38b7db2055713c1618c733a754,034a5a05062f503253482f04b8db205508b32400801c9403002e522cfabe6d6dbc2443523836240dcb435f1d71a0913c66ec2c4525e1ce864eb4d843965855f10400000000000000,76a91480ad90d403581fa3bf46086a91b2d9d4125db6c188ac,,stale,VALID,18163c71,,,valid_direct_stale
devcoin,validated_stales,data/devcoin_validated_stales.csv,421,stale_only_publication,repo-data,182245,,353071,000000000000000013caed588c3fcac1c48a37a65691c3f1a5f6a2518e4b27e2,00000000000000000c19fa9b8a6a2e6ea42df461c6255c20411da7cc0165f51b,1429610739,181717f0,665713991,020000001bf56501cca71d41205c25c661f42da46e2e6a8a9bfa190c0000000000000000dd1dd03b746b6db0ab0748de7a48e5e86f72e3d2159313595cad9eb9915df7b6f3203655f017171847fdad27,032f6305062f503253482f04f420365508610300373af001002e522cfabe6d6dd66c60f58407a3801ce448ae4399889ec1bf1105c19d092b3e5379eae2a9bca10400000000000000,76a91480ad90d403581fa3bf46086a91b2d9d4125db6c188ac,,stale,VALID,181717f0,,,valid_direct_stale
devcoin,validated_stales,data/devcoin_validated_stales.csv,422,stale_only_publication,repo-data,183600,,354533,0000000000000000000d15874fe91d8105912864ab58176dffeb0d8c2471fc30,00000000000000000e4e95b616a67d047676d5f4ade5c532fb9da77525c773a2,1430508267,181717f0,1232249862,02000000a273c72575a79dfb32c5e5adf4d57676047da616b6954e0e00000000000000008d659c45d11315a273fe7fd3fb48690129ba40c3f66aefa40cc68b3ad2694cf3ebd24355f017171806a47249,03e56805062f503253482f04ebd2435508f05f0435694d510d2e522cfabe6d6dd84e1c40b59941edc2261bf2145badd89a5bb32c055b3973c789b14675ac7d140400000000000000,76a91480ad90d403581fa3bf46086a91b2d9d4125db6c188ac,,stale,VALID,181717f0,,,valid_direct_stale
devcoin,validated_stales,data/devcoin_validated_stales.csv,423,stale_only_publication,repo-data,185569,,356803,00000000000000000c14a3a5a3e125199ebc6b9d500af827414c9e8098f8cd54,000000000000000014f9cb6500b045a772007a687150cc5aa41857746a6275dd,1431845573,181713dd,1760002578,02000000dd75626a745718a45acc5071687a0072a745b00065cbf914000000000000000033c84779b02ea2c761a13289189001edd302641fe070987bc9344409747ed1d1c53a5855dd1317181282e768,03c37105062f503253482f04b83a58550881140037962c44bf2e522cfabe6d6dceb83eeab9c7b00e99cb7582c8354b27605d5aa56e76252a2a7b1ccb13076c8f0400000000000000,76a91480ad90d403581fa3bf46086a91b2d9d4125db6c188ac,,stale,VALID,181713dd,,,valid_direct_stale
devcoin,validated_stales,data/devcoin_validated_stales.csv,424,stale_only_publication,repo-data,186448,,357736,000000000000000011e30b09e8b73c2a15de4e016c1579389e1effbc7bbd7c56,0000000000000000048101c70c99903ac31a6d7495025006440074e3e99b8edb,1432422401,181686f5,903316585,02000000db8e9be9e374004406500295746d1ac33a90990cc701810400000000000000008acecc0d81c9f3fe6cc4738cd54b3a24695d071499e58d1efce22246f7abc35d01086155f58616186984d735,03687505062f503253482f04e607615508b42000516f2700002e522cfabe6d6d225b131d06ecb896bf2a5fcd4eeb620f2672388a6a2704c41ea350e54faae4b50400000000000000,76a91480ad90d403581fa3bf46086a91b2d9d4125db6c188ac,,stale,VALID,181686f5,,,valid_direct_stale
devcoin,validated_stales,data/devcoin_validated_stales.csv,425,stale_only_publication,repo-data,189753,,361445,00000000000000000ea97f669cf1bc0966a59e8fcb32166c6ebfcb020ad052ff,00000000000000001146b5dc4d63f51f43be42f45f92368bb6a73977dcd45ee8,1434617912,18162043,4100775297,03000000e85ed4dc7739a7b68b36925ff442be431ff5634ddcb546110000000000000000d09a3bd43488c22f6f97aa1a6d66da7c31e015ce6a90899a6b1e1ee1830f43b4388882554320161881dd6cf4,03e58305062f503253482f04188882550812ff0282183000002e522cfabe6d6dcb8a29ae625175af4c9f3998be9bf3af68a26bc06f0731ac04be0d3cfe31738a0400000000000000,76a91480ad90d403581fa3bf46086a91b2d9d4125db6c188ac,,stale,VALID,18162043,,,valid_direct_stale
devcoin,validated_stales,data/devcoin_validated_stales.csv,426,stale_only_publication,repo-data,191727,,363615,00000000000000000759748838b0f6f43a91730aec3960406b6452fca13dd3e6,000000000000000013fad25c53caf5689f43be7a01ff8b7b3da8eaf0066198e9,1435913178,1816418e,3515755390,03000000e9986106f0eaa83d7b8bff017abe439f68f5ca535cd2fa1300000000000000000e41ca389b945828d69dcbd42eb6e5809fe44523c729d3a52a32dc20d03685a1da4b96558e4116187e2b8ed1,035f8c05062f503253482f04da4b96550872010041e83c0b002e522cfabe6d6d91f70faf4a3aebac4de25be6383d8e8a0be154a81cd7f1ab3807f9b5085714510400000000000000,76a91480ad90d403581fa3bf46086a91b2d9d4125db6c188ac,,stale,VALID,1816418e,,,valid_direct_stale
devcoin,validated_stales,data/devcoin_validated_stales.csv,427,stale_only_publication,repo-data,196110,,368585,000000000000000003b027633988b6685ff7fd8359d19d4b0d38a4719d7c430a,00000000000000000962a48df6e69f05b477b380f5db31eea70eef83320e0b19,1438822580,18150815,1194531104,03000000190b0e3283ef0ea7ee31dbf580b377b4059fe6f68da462090000000000000000feaf701007be9c98d10e5505b63f62f2080f2cab359e8fd0b1fb3c562cb66e71b4b0c2551508151820193347,03c99f05049eb0c2550812030046f22800002e522cfabe6d6da3607af2aa9537517d4cb7611d2f122b912b05900427a5ac92c9b98bb71351ef0400000000000000,76a91480ad90d403581fa3bf46086a91b2d9d4125db6c188ac,,stale,VALID,18150815,,,valid_direct_stale
devcoin,validated_stales,data/devcoin_validated_stales.csv,428,stale_only_publication,repo-data,203112,,376531,0000000000000000053a2646bba33979619bc37a22be86b26a88d85e16305546,000000000000000006db39f06f2f626ccf2f2dafd2410847bed49522c6983f5f,1443455941,181287ba,2983314613,030000005f3f98c62295d4be470841d2af2d2fcf6c622f6ff039db060000000000000000468724b0c4349c25b218c3de8345b6f2016163c45ec2a3749215c6fb8eb30752c5630956ba871218b5c4d1b1,03d3be0505560963b802fabe6d6dd769eda3ea31de30f343cb59681aaa0e0493d01a687e5ed7da54151e496bfd37080000000000000000454d433a20555331000a04000095450000,76a91450988a4f652ae78cf8749dfbc9e260e66067603d88ac,,stale,VALID,181287ba,,,valid_direct_stale
devcoin,validated_stales,data/devcoin_validated_stales.csv,429,stale_only_publication,repo-data,204769,,378401,00000000000000000f7a35f6e4a3624b5d796b6f1ab9c941608034a6d3c2d241,0000000000000000118e6211b60940f00f35153001f9a27f481da7d963bac1fa,1444553304,18121472,1609920529,03000000fac1ba63d9a71d487fa2f9013015350ff04009b611628e110000000000000000cc542e589d09d4802af628328aa7f9270a36a32b3097175666dc2a2d600a3be158221a56721412181170f55f,0321c605042d221a560848050041351600002e522cfabe6d6d78f97055ce03c0283ea8f312ffcd55677df8292b08d3bc915d2057762ca77a630400000000000000,76a91480ad90d403581fa3bf46086a91b2d9d4125db6c188ac,,stale,VALID,18121472,,,valid_direct_stale
devcoin,validated_stales,data/devcoin_validated_stales.csv,430,stale_only_publication,repo-data,205552,,379279,00000000000000000826881227cf6a1d472b608f6d62384828034082f35c8fc2,000000000000000007e79bd066549934cd658eaac86101ef7cdaa8eba533c1c3,1445065705,18120f14,548984066,03000000c3c133a5eba8da7cef0161c8aa8e65cd34995466d09be70700000000000000006badb2ec115afd8905003792bde201aad1298b9853fec3f4f0bf8d47dc051ef7e9f32156140f121802d5b820,038fc90504e9f32156080b82014407a206002e522cfabe6d6d364ab3868d4a7702dd6c2d5bb6a7409d1d258e2b49db829c7d50d6dc0d7337cb0400000000000000,76a91480ad90d403581fa3bf46086a91b2d9d4125db6c188ac,,stale,VALID,18120f14,,,valid_direct_stale
devcoin,validated_stales,data/devcoin_validated_stales.csv,431,stale_only_publication,repo-data,205710,,379454,000000000000000010e2e74380cf4a4874437ed2fb35f8a11b233c1ab09b6713,0000000000000000094cbbf5d91185a6c8e26de9a266fe530898199370b8207b,1445179603,18120f14,87764803,030000007b20b8709319980853fe66a2e96de2c8a68511d9f5bb4c090000000000000000d1f951550eb7c15fca41d46eff11a153e2dfe9bb24056a466aeb86ca046d86e1d3b02356140f1218432f3b05,033eca05045623b0d3fabe6d6dda096a0b6c0c3be650009befad7516ed44bf9653d77a93f6754ca1b44e6b9906080000000000000000454d433a20555332000c080000f7550400,76a9146e768549728921680d294afb1f3dd0496218920488ac,,stale,VALID,18120f14,,,valid_direct_stale
devcoin,validated_stales,data/devcoin_validated_stales.csv,432,stale_only_publication,repo-data,207051,,380957,000000000000000005757d161119cf89ac8379462031c533be600f5cace8803f,0000000000000000106ab9e35d835296de8e22787981d1640010e3cc886da050,1446049365,18120f14,3979948020,0300000050a06d88cce3100064d1817978228ede9652835de3b96a100000000000000000a3ed85e29d4e4430a63bbc33a15e5137a997a335958095d8c397fafd0182dc3055f63056140f1218f42f39ed,031dd0050444f63056084e010040074fcf1c2e522cfabe6d6d31319e4010d85b636376186ce1bcbd3a7c5b1a5db99e704b1e045fda13e6d1a40400000000000000,76a91480ad90d403581fa3bf46086a91b2d9d4125db6c188ac,,stale,VALID,18120f14,,,valid_direct_stale
devcoin,validated_stales,data/devcoin_validated_stales.csv,433,stale_only_publication,repo-data,209872,,384307,00000000000000000d5c4beec58c98e6f94721fe6e5bc53d73ca697f364d9e6f,00000000000000000f3fc3998ffb48d869d7806f4c910f8edd139170a6df47cc,1447938831,1810b289,2136160625,03000000cc47dfa6709113dd8e0f914c6f80d769d848fb8f99c33f0f0000000000000000694777e3f73d53f254ee5882bfbc40b87ec38dceba2396ad2892ca9a80a176680fcb4d5689b210187139537f,0333dd0504f9ca4d56082522004796d11a002e522cfabe6d6de0547fe939868374732f9f547ad10710b4f56e20208055f328cee470f6e29bb10400000000000000,76a91480ad90d403581fa3bf46086a91b2d9d4125db6c188ac,,stale,VALID,1810b289,,,valid_direct_stale
devcoin,validated_stales,data/devcoin_validated_stales.csv,434,stale_only_publication,repo-data,211938,,386817,000000000000000000b00fd3e4c9cec516db337ea7dd3d2b8d7cbe9e4e0e6f5b,0000000000000000079133b7453624f88ef6325bf181c4167a1294b2142018bb,1449312036,180f1e76,115681045,04000000bb182014b294127a16c481f15b32f68ef8243645b73391070000000000000000d13b89523c4ac2667f81180beda17ac8f22ce2463993dea21a1073be08c07efa24bf6256761e0f181527e506,0301e7050424bf62560873350931c43c00002e522cfabe6d6deb524c62a10a27cf2bf10fac99f40d8901f70332cf9a7b17c68574c0711a3e0a0400000000000000,76a91480ad90d403581fa3bf46086a91b2d9d4125db6c188ac,,stale,VALID,180f1e76,,,valid_direct_stale
devcoin,validated_stales,data/devcoin_validated_stales.csv,435,stale_only_publication,repo-data,212993,,388181,000000000000000006c6918b4a143bf43c866737facd5ce5b9f294c6c888db85,0000000000000000051e8fa8a632e835e43fe86fc1b2f8ebca94216e13659b13,1450011826,180de64f,3058586931,04000000139b65136e2194caebf8b2c16fe83fe435e832a6a88f1e050000000000000000e0e8b2e730a648f45a160bac54d9041b3570ac8ac95860c354d09d2d5b5bb538b26c6d564fe60d1833554eb6,0355ec0504566d6cb2fabe6d6d7673c012224df48c9d83dd80a57d6b7eb0701b143df3bdbc75c71634a6e668cc080000000000000000454d43204555004f02000001050700,76a914fee0e91c58e564e5c6e6e587f8181ac62f25177088ac,,stale,VALID,180de64f,,,valid_direct_stale
devcoin,validated_stales,data/devcoin_validated_stales.csv,436,stale_only_publication,repo-data,213267,,388579,000000000000000001cd55f2e191048bdd506dc741d2d113abb378fa9baf48dc,0000000000000000080c9dfe8a540c81d02f7d4302ec08e613e3878b949a5649,1450199976,180de64f,1368686113,0400000049569a948b87e313e608ec02437d2fd0810c548afe9d0c080000000000000000dc13825144e7610d4bd5493dfd4217000f51be8607728f50a36992a44d8798b3a84b70564fe60d18217e9451,03e3ed0504a84b70560850010043ab820b002e522cfabe6d6d9f12a6ecc88cda6a55e5c74ba7a6a59bd9d13620567421f5f9ec6a5c96fb0a900400000000000000,76a91480ad90d403581fa3bf46086a91b2d9d4125db6c188ac,,stale,VALID,180de64f,,,valid_direct_stale
devcoin,validated_stales,data/devcoin_validated_stales.csv,437,stale_only_publication,repo-data,213582,,388953,00000000000000000b7fb66b80f7a02517b50327a56a4ad0d6357d88d348dec4,000000000000000000d98bb2716eb52e0ecf10e308d9d40d37db7874b7a17458,1450402186,180de64f,2498833898,040000005874a1b77478db370dd4d908e310cf0e2eb56e71b28bd90000000000000000004961db387d0604016b865301f7887d6e3d9a811a6686afa2870a782d84d893078a6173564fe60d18ea2df194,0359ef05045673618afabe6d6dd70f8b4009f826f75ac361a84a2592bc183cf76d1d918b0ef4f73e182f8c2a83080000000000000000454d43204555001f020000c6980600,76a914fee0e91c58e564e5c6e6e587f8181ac62f25177088ac,,stale,VALID,180de64f,,,valid_direct_stale
devcoin,validated_stales,data/devcoin_validated_stales.csv,438,stale_only_publication,repo-data,217328,,393636,0000000000000000013dd087c1a4636a393dcd09f132a5dd380dbe803d10853e,000000000000000008f89e38f4f3c66c269f6b84e462a9d36ac2bbf0673fef64,1453005113,1809b31b,3405911525,0400000064ef3f67f0bbc26ad3a962e4846b9f266cc6f3f4389ef80800000000000000006b92f80ff9bccc90e68544ca0966feaf40089909111146187331bee9096b35a539199b561bb30918e51502cb,03a4010605569b193901fabe6d6d2b551954abacac4c74862ee021ad6dbb2b3d4baa7b80557c90d5c77a035f6ecb080000000000000000454d433a20555332009c00000038820000,76a9146e768549728921680d294afb1f3dd0496218920488ac,,stale,VALID,1809b31b,,,valid_direct_stale
devcoin,validated_stales,data/devcoin_validated_stales.csv,439,stale_only_publication,repo-data,284814,,472975,00000000000000000067a24962827bc94d347066a2acec324625da67a0b10168,00000000000000000133740b831ddbd4f604a85981d664f58e5df89cc5b77c5f,1498489560,18018b7e,1103959557,020000205f7cb7c59cf85d8ef564d68159a804f6d4db1d830b7433010000000000000000ed501cc6f948e3d8fa9e46d297f0091e7f4a65eadd76ce8b73173e8c8a54c239d82251597e8b01180516cd41,038f37072cfabe6d6d9d0ee0285647bd696f02837bcad0144374a50fa5fe370a6ecd5573b50b1f857e8000000000000000,76a91416ae11e7b47ba05a3e495ce47f16b9ab95c3551488ac;4104ffd03de44a6e11b9917f3a29f9443283d9871c9d743ef30d5eddcd37094b64d1b3d8090496b53256786bf5c82932ec23c3b74d9f05a6f95a8b5529352656664bac;6a2878a537202e3e1feb7bb1a183c353a712b495deb95ba4f3434e0495c2dfb17c610200000072360702,,stale,VALID,18018b7e,,,valid_direct_stale
devcoin,validated_stales,data/devcoin_validated_stales.csv,440,stale_only_publication,repo-data,325769,,521694,0000000000000000002296da272a0a6ca7597819a5a7f8460c12daa411209eab,000000000000000000423fe0090b7704727a178866f02a198d392cd619f25837,1525743973,1745fb53,1312958563,000000203758f219d62c398d192af06688177a7204770b09e03f4200000000000000000035f82666f617ee8d3bafbeeca428f8904661a0a6525a391f47316c538dd3ae786501f15a53fb45176328424e,03def50741d6bc405653fd5141d6bc40553dbdc22f4254432e544f502ffabe6d6d13ae8eb6437f380b88e1cd292881e217750e38a96fa479740823210aa451eb338000000000000000c200b26c0000064467acaaaa,76a914ba507bae8f1643d2556000ca26b9301b9069dc6b88ac;6a24aa21a9ed4c07146803e56874a85149aefcdd321374f063d56a6da75df9535ba54813817a,,stale,VALID,1745fb53,,,valid_direct_stale
devcoin,validated_stales,data/devcoin_validated_stales.csv,441,stale_only_publication,repo-data,328855,,525268,00000000000000000019e18acffaaf455b9553d73fadc7ab4a610ab0952b369c,0000000000000000000f915b7b8b61cbeab58eac79ef2947bcbefcaab01541bb,1527763207,17415a49,2021545654,00000020bb4115b0aafcbebc4729ef79ac8eb5eacb618b7b5b910f000000000000000000936a1a27f9b700c9b57e398c6025c27afe52299719423414b599cd39c3d0722707d10f5b495a4117b6567e78,03d4030841d6c3f44230da7f41d6c3f441e91fb82f4254432e544f502ffabe6d6d03437564ded5f9cadadbf2b95d0b693f57dc04733edf9a483617d2041e031caf8000000000000000d300dabf445a010000000000,76a914ba507bae8f1643d2556000ca26b9301b9069dc6b88ac;6a24aa21a9ed544b2c76f9bd6b545a665933b034960212374c104688659e0085820892c6d2ce,,stale,VALID,17415a49,,,valid_direct_stale
devcoin,validated_stales,data/devcoin_validated_stales.csv,442,stale_only_publication,repo-data,335178,,532489,00000000000000000002c993cd9e9b3af3da6c921b5f61765406e1e4c980e674,00000000000000000013424801fbec52484d7211c223beec97f02236a9b6ee03,1531938398,17365a17,1280528520,0000002003eeb6a93622f097ecbe23c211724d4852ecfb01484213000000000000000000da9efa345abbac1078893c05ee94f35812d89f33e499d3974ed1460ef14569495e864f5b175a36178850534c,0309200841d6d3e198c13a8d41d6d3e197947e272f4254432e544f502ffabe6d6dd1a6a8ad33e51cbe6b999d1ddacff4b840606a6d275fb5993dfa2ad57fcc2c868000000000000000c2006de5000004285f0cab6a,76a914ba507bae8f1643d2556000ca26b9301b9069dc6b88ac;6a24aa21a9eda97e4bb35c9ce41396bd3e02e0013800ac249be1d33d9873fff513b57855f670,,stale,VALID,17365a17,,,valid_direct_stale
devcoin,validated_stales,data/devcoin_validated_stales.csv,443,stale_only_publication,repo-data,337642,,535495,000000000000000000115e2f370fad2516f8c847f339044ddd3e2da8555ad168,0000000000000000000f6925097a4ac59b9b9270f9ae140d7fd333f4081868e8,1533564391,172f4f7b,2737990228,00000020e8681808f433d37f0d14aef970929b9bc54a7a0925690f000000000000000000165adbfd5d4080d4117adba0bfa9b89670f703fe603469ba65f68acf4dec1d3fe755685b7b4f2f17546a32a3,03c72b0841d6da157a5c914441d6da1579f665dc2f4254432e544f502ffabe6d6d02daa32a287473ce90ee93effa539827c00b2b98b3bd3659d29a4993e1ee1a2d8000000000000000df004edf7f4e000000000000,76a914ba507bae8f1643d2556000ca26b9301b9069dc6b88ac;6a24aa21a9ed36102c47490b826bca378234f5cd8dbf6f1a0902bbf02d2eda79a66936acae45,,stale,VALID,172f4f7b,,,valid_direct_stale
devcoin,validated_stales,data/devcoin_validated_stales.csv,444,stale_only_publication,repo-data,338362,,536375,0000000000000000001b28064cfbc118875239f2f9f8dbd82f60fb6055029e61,00000000000000000004bb4c3e7ed375c430a03f2ef5118bc0c272fe5f3d7eb5,1534043624,172c0da7,3835071007,00000020b57e3d5ffe72c2c08b11f52e3fa030c475d37e3e4cbb0400000000000000000060dbedc7204cc5e365a8dfc44631428ba57ad791812b1d4544b23df2bc78f424e8a56f5ba70d2c171f8a96e4,03372f0841d6dbe9795c038d41d6dbe9789aece82f4254432e544f502ffabe6d6da06533fc8e5839548709a30358cbf6dd1930f9b8a926e8ec62b253a3e736da908000000000000000da006d521670b6d800000000,76a914ba507bae8f1643d2556000ca26b9301b9069dc6b88ac;6a24aa21a9ed8c53f415f67ca1d560b6702ff8ab0f07f95545d251510f5b8c6a81c369b2d3f0,,stale,VALID,172c0da7,,,valid_direct_stale
devcoin,validated_stales,data/devcoin_validated_stales.csv,445,stale_only_publication,repo-data,339655,,537859,0000000000000000000c734e8e9ac497113aa2419f6bfbf0a5046d8187e137eb,00000000000000000024622c5290c6374587f74f78069406af6d001c1b2fabff,1534891167,172c0da7,2352225943,00000020ffab2f1b1c006daf069406784ff7874537c690522c622400000000000000000007b08f4225bb956f35120096ae7b08716c18dc54217b222489d0b181d8838f399f947c5ba70d2c17971e348c,0303350841d6df25277124b441d6df252718f6c52f4254432e544f502ffabe6d6df230e894adf2e83727eb27666cd7afb7683558069bdb7e57279c83b97cef176a8000000000000000d700f134ae0dabaa00000000,76a914ba507bae8f1643d2556000ca26b9301b9069dc6b88ac;6a24aa21a9ed49b867e1f1ffc66bbcdc0e66fd3d30767f8ddb50d6a1c98fa05f52296b526c9f,,stale,VALID,172c0da7,,,valid_direct_stale
devcoin,validated_stales,data/devcoin_validated_stales.csv,446,stale_only_publication,repo-data,341718,,540230,00000000000000000007a67525e5243b8606ca058bbc767604011fa147f89c32,0000000000000000001e84cc5520bf6dcb06ed63703fa7c407608abb9bd7cf7c,1536258651,1729d72d,1932930412,000000207ccfd79bbb8a6007c4a73f7063ed06cb6dbf2055cc841e0000000000000000005824a29c3079f17e31aa46657e7cfcd584be651b61c25b26fe08fcea3da8b9555b72915b2dd729176c2d3673,03463e0841d6e45c93abd3f541d6e45c92a69f3d2f48756f62692ffabe6d6d9ebb6008f388ba54b396546c64136ccb2e0b3da3ed1f2121f9258d983bf37a798000000000000000c500fcb5ef55551500000000,76a91494155788e7233d7bea9aa29feb2ed37bc878c40b88ac;6a24aa21a9ed00d19e56e34eca2fcdfc98d2a94e24c9e6b389106dfe22c7a0fe65928876c496,,stale,VALID,1729d72d,,,valid_direct_stale
devcoin,validated_stales,data/devcoin_validated_stales.csv,447,stale_only_publication,repo-data,355856,,555155,0000000000000000002fa73d58dbc421939796bc370af1ece833f2d1ff2fdca3,0000000000000000001d25429cf17e36c59f270cb54abef604d68623536d61e6,1545599646,17371ef4,3789498705,00008020e6616d532386d604f6be4ab50c279fc5367ef19c42251d000000000000000000fb8d209c56f4a22ca12f33b826e4b90b2a9c5ad388712b237762613d7bce1e809efa1f5cf41e37175129dfe1,0393780841d707fea8b7932441d707fea7b552732f48756f62692ffabe6d6da042e070d269c02f5ca69e016c921caa202a8baf82dc6304b58fcd4b68165fd98000000000000000ca003bf9e31f010000000000,76a91494155788e7233d7bea9aa29feb2ed37bc878c40b88ac;6a24aa21a9edab40651549a11170e241c779e198165494a15e523b278bdfdc501047d56a86f1,,stale,VALID,17371ef4,,,valid_direct_stale
devcoin,validated_stales,data/devcoin_validated_stales.csv,448,stale_only_publication,repo-data,357362,,556976,00000000000000000004b7c8cd40132c94085abc0bf2448c1696788fb1ac5460,00000000000000000030967160f0687e7fd730783b7ff9fb78349b01d44eff19,1546598964,173218a5,2537400244,0000002019ff4ed4019b3478fbf97f3b7830d77f7e68f060719630000000000000000000b0d692718163526139f2aff6e9af1bbcbf851ee0002297743674b2de42667e22343a2f5ca5183217b4a73d97,03b07f0841d70bce8da349de41d70bce8d10121f2f4254432e544f502ffabe6d6d3402d3e86f3341f50539233704a8bea5d384409525e371cb1f4e4dcf31caa04b8000000000000000e3001fc2abf9000000000000,76a914ba507bae8f1643d2556000ca26b9301b9069dc6b88ac;6a24aa21a9edf34bbe13703de02db920492414591fa2b60aa94889e2617a59c58d30b87d16be,,stale,VALID,173218a5,,,valid_direct_stale
devcoin,validated_stales,data/devcoin_validated_stales.csv,449,stale_only_publication,repo-data,357916,,557619,00000000000000000029ebab8bd47d86043309823f5f1577d881395f292b075a,00000000000000000001866035a5ca39732ea6366fc4fb7ccb05cc477ec5707e,1546961355,173218a5,4264063836,000000207e70c57e47cc05cb7cfbc46f36a62e7339caa535608601000000000000000000da43da9acc84e4285dfe7c32e4e36bc84f9058fcb2f3f24795e9f3c41351b9e1cbc1345ca51832175c7328fe,0333820841d70d306f775a2f41d70d306f6d89f52f48756f62692ffabe6d6d2d4f4323da0ec3267d4a57c5122eecab386fd0b9cbcc574d6cb44ca81fe7a6fd8000000000000000d500c474aa00000000000000,76a91494155788e7233d7bea9aa29feb2ed37bc878c40b88ac;6a24aa21a9ed471e4b2525e13ffbb194568af339d24023120514dc36437d8283b92790602381,,stale,VALID,173218a5,,,valid_direct_stale
devcoin,validated_stales,data/devcoin_validated_stales.csv,450,stale_only_publication,repo-data,364625,,565104,000000000000000000201914202cee0fff4d2c320618c7bd5515a9cda49f7354,0000000000000000000abf97777ae9d54e0b578e76be782ce58e282820e4ae98,1551395706,172e5b50,1402091050,0000002098aee42028288ee52c78be768e570b4ed5e97a7797bf0a000000000000000000d1ce5ca669586efe24e42d33bf847501044f63b57b32be36d06b9e7560ab9afb7a6b785c505b2e172a369253,03709f0841d71e1ae700dd6c41d71e1ade3adc2c2f4254432e544f502ffabe6d6d5cc5cba8fa9960e2e280dada95239c8c4ae8ccacfb3f8e744e192e9f5225b1798000000000000000ee009ed08fe455d500000000,76a914ba507bae8f1643d2556000ca26b9301b9069dc6b88ac;6a24aa21a9ed22e079e88c98ef84c2e78a7b0832714eb4189e3488ece60a64c513b6842f6b4f,,stale,VALID,172e5b50,,,valid_direct_stale
devcoin,validated_stales,data/devcoin_validated_stales.csv,451,stale_only_publication,repo-data,372069,,573380,0000000000000000001cadc54b0486649ddb0e2b7e36c97ae4e1e6a26e1e05df,0000000000000000000771b3a620d64596c746d6928a0f053db4f1ebac768b68,1556316576,172c4e11,2258771290,00000020688b76acebf1b43d050f8a92d646c79645d620a6b371070000000000000000009959d251d07218c5f8ef9f394d02daf52ddc3311b6e49b764836d1a29cd6a93ea081c35c114e2c175a1da286,03c4bf0841d730e068ef7e9441d730e0683be7472f4254432e544f502ffabe6d6dfa77b434da45c857dfc212cd315aae759ef94072e3a0293dfd8315ba269ddab88000000000000000c60085788a73000000000000,76a914ba507bae8f1643d2556000ca26b9301b9069dc6b88ac;6a24aa21a9edeac61f6954cde4394364c2467ea94120d89e48e451dae985d690cc0017eb5a50,,stale,VALID,172c4e11,,,valid_direct_stale
devcoin,validated_stales,data/devcoin_validated_stales.csv,452,stale_only_publication,repo-data,372816,,574287,00000000000000000020d41cb0805977d7f4446684867183f2baf8f0c10ce867,00000000000000000020cc03aa308463cf185b67af7edcff93b395e681cf72ee,1556813564,172c4e11,3064421897,00004020ee72cf81e695b393ffdc7eaf675b18cf638430aa03cc200000000000000000005f7ff2f27f0fe1efc10881623034596fa37df6ccfc9f289eab9c4b4d460d6d92fc16cb5c114e2c17095ea7b6,034fc30841d732c5bc5374b241d732c5bbd359662f48756f62692ffabe6d6d5fb3d8256952795707b6a23d04432301af9c85df05c3c139335dd49922c3094b8000000000000000e700731cc2b1290400000000,76a91494155788e7233d7bea9aa29feb2ed37bc878c40b88ac;6a24aa21a9ed24db124eaf5de27571c02a875ce659fe8f58ccad41a5eb85bbb3950530fb2937,,stale,VALID,172c4e11,,,valid_direct_stale
devcoin,validated_stales,data/devcoin_validated_stales.csv,453,stale_only_publication,repo-data,374119,,575695,0000000000000000002409ed07fdbb1d0359a0c516014115c5451aea724baec8,000000000000000000152f6d484846125ab486ee3de4b9f0addd5b5bebb8aab0,1557672834,1729ff38,1784118994,00000020b0aab8eb5b5bddadf0b9e43dee86b45a124648486d2f150000000000000000006c90a0594f38754ab66865201b98a859d923b04fc1d7f8ce217a098b3e79f9998233d85c38ff2917d27e576a,03cfc80841d7360ce19c6c5641d7360ce0c14b802f45324d2026204254432e544f502ffabe6d6dbf1856fb71bee34a2fbd1aaf1e44e6ccdcde1f4e5cd0cd2bc9d786101d6f863e8000000000000000e50069f9942a000000000000,76a9149eecda14fe314502197be7401f4bc3000d73335a88ac;6a24aa21a9edb7326f141bfc262fba81528e37aa57f406691d9c1dc99b2732786dea2d0f4611;76a914172cc5187962a7255beddfbd99b547ff7a79352788ac,,stale,VALID,1729ff38,,,valid_direct_stale
devcoin,validated_stales,data/devcoin_validated_stales.csv,454,stale_only_publication,repo-data,376524,,578585,0000000000000000000e88c456cb7e52ef5c288cfc30c7cadac12beb50c3b22a,00000000000000000013f1559a8b9ff1c36db55f3a2eca94d3c1dbb43c803dbe,1559253821,1729fb45,4248727457,00000020be3d803cb4dbc1d394ca2e3a5fb56dc3f19f8b9a55f113000000000000000000d6294f8784770af6c35c08923d8351d0f3e1607d82531df0f82bde288307546d3d53f05c45fb2917a16f3efd,0319d40841d73c14cd0fc37641d73c14cce69e812f4254432e544f502ffabe6d6d467a80acf2bd95187abdefd61cae05a5bf51230678e84f8579959a58ed8c64b58000000000000000be00c34b000085d23f0400fd,76a914ba507bae8f1643d2556000ca26b9301b9069dc6b88ac;6a24aa21a9ed454204df3be35cfd2f5ee020efb9ad784f8a6dbbfda86b08a8b3644639e71808,,stale,VALID,1729fb45,,,valid_direct_stale
devcoin,validated_stales,data/devcoin_validated_stales.csv,455,stale_only_publication,repo-data,377114,,579169,0000000000000000000705b5fb5ffadd8bb33bb8e7b0cfd6c9c295fe9267e992,0000000000000000001189cebc9f85d3e7535f283a56a211930ffc9cea3a3923,1559638683,1725bb76,1436700712,0000002023393aea9cfc0f9311a2563a285f53e7d3859fbcce891100000000000000000051c0e247fc48ed3dd5089799108c48f3d6d2a9da67244a8aa3d466bb5ffec1269b32f65c76bb25172850a255,0361d60841d73d8ca7054c8f41d73d8ca6ae653d2f4254432e544f502ffabe6d6d56780691a9ea2ea09ba467d1c9201d13ce451f38775c243f4957f49895f5e7ff8000000000000000d3002cb1fec5def400000000,76a914ba507bae8f1643d2556000ca26b9301b9069dc6b88ac;6a24aa21a9ed3c2cd3cbafe6e723b83de8936ac74cd81ed69129e66575b70d43c928cace2b9a,,stale,VALID,1725bb76,,,valid_direct_stale
devcoin,validated_stales,data/devcoin_validated_stales.csv,456,stale_only_publication,repo-data,383111,,586151,00000000000000000017a3d0245aaf6ea57a78d4cb2f7f61c4e07664105e3407,000000000000000000006447f6c4d727e0efa6a03e815846898170c59fd47d18,1563594240,171f0d9b,3707231732,00004020187dd49fc57081894658813ea0a6efe027d7c4f6476400000000000000000000e4c878e66a5667ef8472fed0b03cfd2dffefcad1eaec91a65868fbc629d0413c008e325d9b0d1f17f4ddf7dc,03a7f10841d74ca3804dd91a41d74ca3801ebe792f4254432e544f502ffabe6d6d474e907d6e5f4e4bdd3551ddb4bb6a1d0547728ec56df39aee91e438ca28b7118000000000000000d200cc6fa404000000000000,76a914ba507bae8f1643d2556000ca26b9301b9069dc6b88ac;6a24aa21a9edfe1c19aa43c7b611207713ef05769395f74de84c6c5a1675d7607207c42145d3;6a24b9e11b6dc53b39730e39dd2b61fd6cb3a7e72441c1851812cf631a31db6b331ce91b9abe,,stale,VALID,171f0d9b,,,valid_direct_stale
devcoin,validated_stales,data/devcoin_validated_stales.csv,457,stale_only_publication,repo-data,384840,,588206,0000000000000000000b4b3daf230a489c3afc7238c1ae788c611e1c6c448ad9,0000000000000000000f0b8240612238429b8b1e5ec276a7e4b41ac867fea954,1564740407,171f3a08,97106511,0000c02054a9fe67c81ab4e4a776c25e1e8b9b4238226140820b0f000000000000000000e1ca226eb5f4053b0b9fbdc46a67d85356c1ed46354b49af5333a559f3e6b961370b445d083a1f174fbac905,03aef90841d75102cf0efc4e41d75102cdd6a8262f4254432e544f502ffabe6d6d134f97cd1a3bbc8b115d8aea45c0051b51010d907be717504317f9486276f48a8000000000000000e3005b88ed55010000000000,76a914ba507bae8f1643d2556000ca26b9301b9069dc6b88ac;6a24aa21a9edc4ef3cee9b5ec76bc9b84be55ef65a5d5b2abe2ba6cfda86027301f55c6af1ee;6a24b9e11b6d0c7c4322b03fcd93268523208df02224091d9361a701ea6c1538942a65861ffc,,stale,VALID,171f3a08,,,valid_direct_stale
devcoin,validated_stales,data/devcoin_validated_stales.csv,458,stale_only_publication,repo-data,385939,,589508,0000000000000000000bb81a2063db16d47ed3c0dcb7000d437abb81a2cb8f0d,0000000000000000000b4c788595dcd5e9f5baa7d39b9deeb998b0844c293fb3,1565459781,171c3039,1910606780,00000020b33f294c84b098b9ee9d9bd3a7baf5e9d5dc9585784c0b00000000000000000006f9be0aba53f6370a437fd24396cba2c76f70d002c6737230ede14eeac35d1245054f5d39301c17bc8be171,03c4fe0841d753c151e7d2eb41d753c1515ee9be2f48756f62692ffabe6d6d62970faf024f3c20256458f936a69107675aca850132bef02871149b04e6706b8000000000000000cb0046722052000000000000,76a91479fc717859bdc1f8980cfaadd133da02fb1a99ef88ac;6a24aa21a9ed396ccdd9604831ea5d2432b99558df9b867084babbdecba1594b84f1106e28f3;6a24b9e11b6d9d270a38faadfdd115c7373b84b6ad9c980ef3cb974f0997b4dcaad9593e1419,,stale,VALID,171c3039,,,valid_direct_stale
devcoin,validated_stales,data/devcoin_validated_stales.csv,459,stale_only_publication,repo-data,392885,,597567,00000000000000000001426527cb1d50ef29977ee242330a6b5149e1bceea29f,0000000000000000000fa3fd7ba71c986736a7edd3bca25fb748bfc7adfd37fa,1570034246,17160f24,1125614927,00004020fa37fdadc7bf48b75fa2bcd3eda73667981ca77bfda30f0000000000000000009209bd704d98bb2a72671e4bd43c385cff8e58eb5edd2c648032e7ca1150129446d2945d240f16174f851743,033f1e0941d76534924c4d3341d7653491a11e5d2f45324d2026204254432e544f502ffabe6d6dc6d4edf965e55feed44d3a5ccaf16695b2d2dd076f9bc1073de7a002244203f88000000000000000e700ee347c8a010000000000,76a9140b904a4a8590d0ccff680bb8adc4ae4fe49f890a88ac;6a24aa21a9ed5c3797f72e8ae7b79d29f38660f105b12062c33d9f152b7fb4290a79ec613fa0;6a24b9e11b6d2db3a67a2aef9f298f69955126f9eea9bc8a7a4beca699f450eb87b788b52e8b,,stale,VALID,17160f24,,,valid_direct_stale
devcoin,validated_stales,data/devcoin_validated_stales.csv,460,stale_only_publication,repo-data,402045,,607673,0000000000000000000fac4555d885511f322497c2f44c6e3db90057f5cfb463,0000000000000000000f330898015fa41ea34d4abcb92c4a77c5b9eaa1c8ac5a,1576084056,1715dbd2,882704522,000040205aacc8a1eab9c5774a2cb9bc4a4da31ea45f019808330f0000000000000000003336bfd313f0ea5008d6f0c1c6891665a8596d994256065b543958b493fe04d75822f15dd2db15178a009d34,03b9450941d77c4896cdfcfd41d77c489647199f2f315448617368263538434f494e2ffabe6d6dd64b71c87fd891bfee7e74b60cacb95d55bd9b18d42095a74fd8c710120a516c8000000000000000dc0062ae1645010000000000,76a9142220867b1e79c403fafe339a809a65ed01cb697988ac;6a24aa21a9ed65b24a73e805e54a430dc90485f4992cd1f9cfae3b4fed7a0406a1f131d0fe31;6a24b9e11b6d35e299b5c78274205bdb85116f025c3407bd1aca019b66cca17ef0d3916afda0,,stale,VALID,1715dbd2,,,valid_direct_stale
devcoin,validated_stales,data/devcoin_validated_stales.csv,461,stale_only_publication,repo-data,408032,,614601,0000000000000000000cd4fe0479cad63e7eb6df154c28dec9d7ed37a510bfbf,00000000000000000002c59d17f75df18dcc621e5d00afe63db0f342a01b30b8,1580026083,17130c78,1846920985,00200020b8301ba042f3b03de6af005d1e62cc8df15df7179dc5020000000000000000005ba257c79b3c211076f77c04a8687508aba344973a6cd4503490cc8a00a8d1b6e3482d5e780c131719c7156e,03c9600941d78b52390a20ae41d78b5238f90b772f315448617368263538434f494e2ffabe6d6d22f4be6071924833524e05fbca87a21745f2db6ad27eca0f4a7e5e781583f47d8000000000000000dc00f4f616d9380000000000,76a9142220867b1e79c403fafe339a809a65ed01cb697988ac;6a24aa21a9edda25e05e67180c6fce7eecbeb2670262d07d9fe06c5e56b0fc6d76df97214566;6a24b9e11b6d36dc696ab83eb3247d9236a69bd20c2c852285cc3e8ce9140c8ae6bedc17fa68,,stale,VALID,17130c78,,,valid_direct_stale
devcoin,validated_stales,data/devcoin_validated_stales.csv,462,stale_only_publication,repo-data,415893,,623024,000000000000000000071cf6bc3703bb4dc24d4a43ceff3a0e6ac86cb74b1b91,0000000000000000000f99ee26d2cf1a45316b5436bb19ddbf9e6794a88e0ca6,1585229427,17143b41,742850753,00000020a60c8ea894679ebfdd19bb36546b31451acfd226ee990f00000000000000000036fc3998e366b8363c2bd3a2be6364b6b822f28ba5f43dd8d7800f37512a42cb73ae7c5e413b1417c100472c,03b0810941d79f2b9c7f1f3541d79f2b9c58cfe82f48756f62692ffabe6d6d5f91efad6b0bda8026fe302cf155809f3634d8d80739f16261ce2b2584fcde698000000000000000dd004fd75a7f00a000000000,76a91479fc717859bdc1f8980cfaadd133da02fb1a99ef88ac;6a24aa21a9edc88a453b86aa05939f04f7c1b83d1d60e019a16db6c3f07389f78c1c85d69458;6a24b9e11b6d49c178ebc60ed3449db0c94d8c2139b84c09df96f8e449315ad935f799a928b5,,stale,VALID,17143b41,,,valid_direct_stale
devcoin,validated_stales,data/devcoin_validated_stales.csv,463,stale_only_publication,repo-data,425720,,633898,00000000000000000006e4f72bf9dda0ee692a4f36bc3562eeae3c259ea449e6,0000000000000000001006e4a292756dd04ef24f6e4901233e4f53224e78e281,1591721252,17147f35,2666031684,0000402081e2784e22534f3e2301496e4ff24ed06d7592a2e40610000000000000000000e34d393dacc407019f1a0b5351b19265d6d58a9db2b3aa0b7bf005b8e5f46b9124bddf5e357f1417446ae89e,032aac0941d7b7ef49c3d52241d7b7ef4917e50f2f315448617368263538434f494e2ffabe6d6dc49ae53b081efd9e7ba69b08570294f000d77c1fdf7683e691bedc458f99bcf38000000000000000fe00e3985abc020000000000,76a9142220867b1e79c403fafe339a809a65ed01cb697988ac;6a24aa21a9ed58247a4280109ca52724847a42e9cf1306cce81eeaa2b9e88db8e2af2496357f;6a24b9e11b6d29e92cef44728e49538da5267e2893b6c5c4b3b7352a539a37eeb1068ad916aa,,stale,VALID,17147f35,,,valid_direct_stale
devcoin,validated_stales,data/devcoin_validated_stales.csv,464,stale_only_publication,repo-data,432804,,641922,00000000000000000006392caf6a894d98483b36f1e057e2a2377ef9db367d23,000000000000000000058dbad1e68259b2335d5e0b3da977ac5d091b43a7c2cf,1596392105,1710b4f8,24173180,00000020cfc2a7431b095dac77a93d0b5e5d33b25982e6d1ba8d0500000000000000000059dd0cfdff1b008ace4af98e8004065bd57005f2d9a96f1066ad7d01c575e487a902275ff8b410177cda7001,0382cb0941d7c9c0ab8f367741d7c9c0aac35fb82f4254432e544f502ffabe6d6deb7569e5b52b2e86989db52b063f07774f1a82708a016f35c923bfbb53e1f7b98000000000000000c4007576c53d000000000000,76a914ba507bae8f1643d2556000ca26b9301b9069dc6b88ac;6a24aa21a9edc0bf0b13a8d6ae7bcf13f4de349e183cd3c1bb1780884004108ac4593301a112;6a24b9e11b6d0969f04dc250504355dde99b99ab5df60c1fd21ba7ffcefd9b433c1ec44d2601,,stale,VALID,1710b4f8,,,valid_direct_stale
devcoin,validated_stales,data/devcoin_validated_stales.csv,465,stale_only_publication,repo-data,433328,,642522,000000000000000000036f762effd9c6879299d358ac41ceb0f445ddb1eda495,00000000000000000005e5a8622735b343980b7b7c7f2f01e2da8f27f33f0377,1596742729,1710b4f8,3759967542,0000c02077033ff3278fdae2012f7f7c7b0b9843b3352762a8e505000000000000000000d179095c5c57fb76382723397d3821dada2768f2232c3e0c6dc84cf098735da0495c2c5ff8b41017368d1ce0,03dacd0941d7cb1713bb3e5141d7cb1712c3796e2f315448617368263538434f494e2ffabe6d6df3841e7836a3548a9b9e966372f614111abb62ba77e9c2228ba52b83b87311e380000000000000008dbf5fd6dfb3000000000000,76a9142220867b1e79c403fafe339a809a65ed01cb697988ac;6a24aa21a9edd6546325817d84d6c39bf384bc5abd7d6db0bf4e128bc6ff7d5a193aa65a3d3b;6a24b9e11b6d3e98b162fc23c922494e1daf1537ab7a3dac08a50461b405ea8ea8d2330a20ba,,stale,VALID,1710b4f8,,,valid_direct_stale
devcoin,validated_stales,data/devcoin_validated_stales.csv,466,stale_only_publication,repo-data,433446,,642669,00000000000000000007959607cb8aa17386a665f0caabdb4e8b69deb635d259,0000000000000000000b81794b3919bf7824a369626ad8f06518afc87da47445,1596827538,1710b4f8,3647931405,000000204574a47dc8af1865f0d86a6269a32478bf19394b79810b000000000000000000e0151f589674b0f6e6353141fd1972e9836539f2dfbcc0cd6857e4a700b3f75092a72d5ff8b410170d046fd9,036dce0941d7cb69e6175a7441d7cb69e4d6f4e02f315448617368263538434f494e2ffabe6d6d4e76a63427231e25025bb4929246f46c400110e48b65ccc7c98cd76cb5d2e5378000000000000000dc00a87e49e7010000000000,76a9142220867b1e79c403fafe339a809a65ed01cb697988ac;6a24aa21a9edd472fe2294d48f6a2485b0f66c411ab979b521d499ecfee3126a9f9d63a001fe;6a24b9e11b6d93eda33cbd98eea284fd6edde2575455c60b87fe41eacd99d4496fee42ab5ff8,,stale,VALID,1710b4f8,,,valid_direct_stale
devcoin,validated_stales,data/devcoin_validated_stales.csv,467,stale_only_publication,repo-data,433860,,643109,0000000000000000000d2f399065ee9be3150a37fd6c9ee1676a7688862ae2fd,0000000000000000000fdb730d07851d873485f5a310d183b3de8b5381441bbc,1597090778,17109bac,1888624478,00e0ff37bc1b4481538bdeb383d110a3f58534871d85070d73db0f000000000000000000c08618dc12e96d23167560558da12fa8451cf4152fe7f265be9da0a0a68309f5daab315fac9b10175e1f9270,0325d00941d7cc6af7e5fecf41d7cc6af6f60cc32f315448617368263538434f494e2ffabe6d6de46b419454eadc8a808a2568ee1c183226fef2aed86518c26616b62b73c87de78000000000000000b400c63812841b0000000000,76a9142220867b1e79c403fafe339a809a65ed01cb697988ac;6a24aa21a9ede61cc6fc5a727d45ec81027fa5fd4c5359a90d0bfe2ebf74e929c79d86ffbaeb;6a24b9e11b6d9f0833a8973afb716455716d4c0dc9d7120346b7c2dc9afd1b5b5b8f10829e4c,,stale,VALID,17109bac,,,valid_direct_stale
devcoin,validated_stales,data/devcoin_validated_stales.csv,468,stale_only_publication,repo-data,435681,,645179,00000000000000000004c1baa2412fd31eb75bbe79def4f66ef97e0e15a20668,00000000000000000001ec87384b890463079ebf7e3b08f4a7c678b03ea3354c,1598297126,171007ea,1762298420,00e0ff3f4c35a33eb078c6a7f4083b7ebf9e076304894b3887ec01000000000000000000065608e9e20e989d83f10c07f27c42557b7b4eb3ef679bbb438193a8f04fadea2614445fea071017348a0a69,033bd80941d7d1050adfa5f341d7d10509e1386b2f315448617368263538434f494e2ffabe6d6d2da96dff193908b0f6e74eacb5fa73811dfd7b5e96d07950ce50906380d08ccd800000000000000078ced65f35370a0000000000,76a9142220867b1e79c403fafe339a809a65ed01cb697988ac;6a24aa21a9ed5bbfc99b812eac1887ecb7105bcd260801e8eb7f619c0c2c748feb3f1b458fe3;6a24b9e11b6d599529783a1f418135ed6f3649f237a3069e08afabc79e8edafd6de05ea3ebb6,,stale,VALID,171007ea,,,valid_direct_stale
devcoin,validated_stales,data/devcoin_validated_stales.csv,469,stale_only_publication,repo-data,450501,,661866,0000000000000000000b0586ccc742cf6ba0f18e37237bbefc6a818dbbecbf27,0000000000000000000a4a8575d5535be7348a71fe17017daca2574c3b3db4c7,1608281468,170f1372,1675033010,00e0ff2fc7b43d3b4c57a2ac7d0117fe718a34e75b53d575854a0a0000000000000000009250f75e6eecd57001fa1e0f0541cd3bbbfb24fa63f2dec21d0c76fb72ee8a477c6ddc5f72130f17b2f9d663,036a190a41d7f71bd2977a0e41d7f71b5f0b88302f4254432e544f502f5355422ffabe6d6dcc4c979deb459c6da2f18d062f530a7cf88cf3253022b2d235664222ef59df818000000000000000c9006ca96dba8c0000000000,76a914ba507bae8f1643d2556000ca26b9301b9069dc6b88ac;6a24aa21a9ed1351ef8e4d74fe7347bf66d80fd494c4982bd703a1e20ad992d18f7593ecbf9a,,stale,VALID,170f1372,,,valid_direct_stale
devcoin,full_inventory,<chain-archive>/devcoin/classified/devcoin_unknown_blocks.csv,47202,full_classifier_inventory,archive,152944,,319569,0000000000000000171c9655aef946d1b428d55397fcadc26f79386ad0fb61ae,00000000000000000731785b96c6d016f077a1fc8acc6b417316dac641722f7c,1410104547,182815ee,2947595561,020000007c2f7241c6da1673416bcc8afca177f016d0c6965b783107000000000000000093451b7b2a6a8ff5ab7d89993643e108200bf70fe30b26f942d9a56abe008830e37c0c54ee15281829bdb0af,0351e0041b4d696e656420627920416e74506f6f6c2000000000540c7ce3010dfabe6d6d0e8bf56c434bdc05312b01a1368aa8b1cc753fa812fa1df23ac83442c8eb1949040000000000000014020000ee3f1700,76a914e44839239ab36f5bc67b2079de00ecf587233ebe88ac,,unknown,,,,strict_btc_orphan,strict_height_nbits_match
