chain,source_kind,source_path,source_row_number,artifact_scope,provenance,child_height,child_block_hash,btc_height,btc_header_hash,btc_prev_hash,btc_time,btc_bits,btc_nonce,btc_header_hex,coinbase_scriptsig_hex,coinbase_outputs,full_coinbase_hex,classification,validation_status,expected_nbits,rejection_reason,btc_stale_relevance,relevance_reason
elastos,validated_stales,data/validated-stales/elastos_validated_stales.csv,2,stale_only_publication,repo-data,360062,,572333,0000000000000000000528b13b09f842b428401ca02f44be163868a8e719bb69,0000000000000000001beb26940418fb628fa28c60da912746861ffbc6d7ea0e,1555689045,172c071d,86489308,0000c0200eead7c6fb1f86462791da608ca28f62fb18049426eb1b00000000000000000014d66b00502bdb9d30f9abe950a33040a852dbc125246bbcba145e905fb6e36455eeb95c1d072c17dcb82705,03adbb082cfabe6d6d6a257c2884908d70a105d4ee3d4022a9dc309ce4236dde1d52ccbde00ce00f3010000000f09f909f00104d696e6564206279206d79726f6f6d310000000000000000000000000000000000000000000000000000000500b3040000,76a914c825a1ecf2a6830c4401620c3a16f1995057c2ab88ac;6a24aa21a9edad2319f257d5eb8d9d87cd37f06a5d7bff6604b79453f3ed231e0851ee7ca94d080000000000000000;6a4c2952534b424c4f434b3a6be2f1d8860d06a4098957e970767d02354434bce2dae92d709aca66d8f0d4d3,,stale,VALID,172c071d,,,valid_direct_stale
elastos,validated_stales,data/validated-stales/elastos_validated_stales.csv,3,stale_only_publication,repo-data,387997,,578123,00000000000000000010fe8e49ae527e56b127f60b9e3135fd4499adb900025a,00000000000000000025451d7bbdf956a44ee9809e2563f88128992d807a19e1,1559012187,1729fb45,119670314,00000020e1197a802d992881f863259e80e94ea456f9bd7b1d452500000000000000000016c808a2a8b5883ca1e6838a6adcd6bb7d82c71bfe8cfe66d1e36a3760a9dbb05ba3ec5c45fb29172a062207,034bd208045da3ec5c642f4254432e434f4d2ffabe6d6d05a6a078cbcec03c1685e22cd7a1567e9f76d2c9cced45c80bd84f939c56fde4080000000ca3d3af472b14f7753873587b830100,001497cfc76442fe717f2a3f0cc9c175f7561b661997;6a24aa21a9ede48dbe976f8f8ebd73ff53c7b1cdc207d6892eaa83e6dbbc90841d7801424eae;52534b424c4f434b3a9941c8a2c2d0d78b144036ddae42ce4c00cb6885cfbb2e1d3418ac703823d93f,,stale,VALID,1729fb45,,,valid_direct_stale
elastos,validated_stales,data/validated-stales/elastos_validated_stales.csv,4,stale_only_publication,repo-data,388081,,578141,0000000000000000001253a5f37d3763dbe928d21f7d72a708f05268c044179c,00000000000000000005819c1a3342dde3774952849d1bda1e5ee6cd5839f27c,1559022857,1729fb45,1615532724,000040207cf23958cde65e1eda1b9d84524977e3dd42331a9c81050000000000000000009b68bd568626d11d2d603967b4a91c01a7df9b7af46a904b9543c4c4873432b609cdec5c45fb2917b4124b60,035dd208172f5669614254432f4d696e656420627920743231346c2f2cfabe6d6d91d092946a5603c4f603e3a4d6c5dea5be76383b22c906771321584dbdb25ac8100000000000000010c172691031e082b742f05080fe400000,76a914536ffa992491508dca0354e52f32a3a7a679a53a88ac;6a24aa21a9ed554059c98bcd6a375fde4a03ee5439c395c4662aefef5a2ecc34bf3ba381ee56,,stale,VALID,1729fb45,,,valid_direct_stale
elastos,validated_stales,data/validated-stales/elastos_validated_stales.csv,5,stale_only_publication,repo-data,393224,,579169,0000000000000000000705b5fb5ffadd8bb33bb8e7b0cfd6c9c295fe9267e992,0000000000000000001189cebc9f85d3e7535f283a56a211930ffc9cea3a3923,1559638683,1725bb76,1436700712,0000002023393aea9cfc0f9311a2563a285f53e7d3859fbcce891100000000000000000051c0e247fc48ed3dd5089799108c48f3d6d2a9da67244a8aa3d466bb5ffec1269b32f65c76bb25172850a255,0361d60841d73d8ca7054c8f41d73d8ca6ae653d2f4254432e544f502ffabe6d6d56780691a9ea2ea09ba467d1c9201d13ce451f38775c243f4957f49895f5e7ff8000000000000000d3002cb1fec5def400000000,76a914ba507bae8f1643d2556000ca26b9301b9069dc6b88ac;6a24aa21a9ed3c2cd3cbafe6e723b83de8936ac74cd81ed69129e66575b70d43c928cace2b9a,,stale,VALID,1725bb76,,,valid_direct_stale
elastos,validated_stales,data/validated-stales/elastos_validated_stales.csv,6,stale_only_publication,repo-data,395691,,579715,00000000000000000012074f5c5506ca0fe5fd10f6b0e67533b2d62c143e7823,0000000000000000001867e90f1eadcd83152b07a5439d223e4bf943487781c5,1559938273,1725bb76,970678446,0000c020c581774843f94b3e229d43a5072b1583cdad1e0fe96718000000000000000000f45420e16b18ff24b1d51cf60a6a1bbef315923c5d8a13b8100ec128d8903b14e1c4fa5c76bb2517ae60db39,0383d8081b4d696e656420627920416e74506f6f6c343523012d032024aa0010fabe6d6dc773c106e63f7c95db06dfc7fcb620a3a2fd6e85dd8ba8509197f29f98e783e30400000000000000dd130000b2720400,76a914edf10a7fac6b32e24daa5305c723f3de58db1bc888ac;6a24aa21a9ed3b22829e2bf0b1ecd16327fc44706d076288ede1800a8e9f2852a3dd65f8b329,,stale,VALID,1725bb76,,,valid_direct_stale
elastos,validated_stales,data/validated-stales/elastos_validated_stales.csv,7,stale_only_publication,repo-data,406172,,581839,00000000000000000015f55314db07fbebd61747a8f6534d32b2ea765cbb4342,00000000000000000006a2009a8992dbfba634bcc9e1649ec569e31918e367c7,1561188661,1725fd03,2582912413,00000020c767e31819e369c59e64e1c9bc34a6fbdb92899a00a206000000000000000000e4aaaef920100dedd713bf8f038887df1479135fa0c5305e2692f20c0c25ad8535d90d5d03fd25179d1df499,03cfe0081b4d696e656420627920416e74506f6f6c3631e300e70120418f56eefabe6d6d3061f0bf92b508f431f3770a3ea0862f38a61ef8a6d218c14bb3e701a6f7a11604000000000000009d030000c2460200,76a914edf10a7fac6b32e24daa5305c723f3de58db1bc888ac;6a24aa21a9ed173401f4b7a19070f7a6dd23aa6dc04954515fecc775971ccd835045c930bf8f,,stale,VALID,1725fd03,,,valid_direct_stale
elastos,validated_stales,data/validated-stales/elastos_validated_stales.csv,8,stale_only_publication,repo-data,417255,,584327,000000000000000000160d6c64bba17309eab4221b959cf188452d458b69b7e3,0000000000000000000fc13c528c1b207b3639ee6a6151bca0c1d155746b93a5,1562506868,1723792c,2282183468,00000020a5936b7455d1c1a0bc51616aee39367b201b8c523cc10f0000000000000000007a5f1b8a47a903cfa5d21d8f890629cd23e58cd46ef845969474c1f1734d827774f6215d2c7923172c5b0788,0387ea080475f6215d652f4254432e434f4d2ffabe6d6d6c3bab058c93e35b637978b69f3c37deb218d0cca9c0618fc9dfc20a48296201080000000ca3d3af138589209187010000000000,001497cfc76442fe717f2a3f0cc9c175f7561b661997;6a24aa21a9edfb62dbc91d1556f9409e80ccb7795b46c817ee27fe9f97e4df7d6a4010d91e68;6a2952534b424c4f434b3a54af8100512e321a26040f6bc32d3ebb1d4846daed1da2cb0ff87a14e46e5e02;6a24b9e11b6df7771c64e96762828ff45d54f73613ef22fcd14c95302028512830f144fd15d5,,stale,VALID,1723792c,,,valid_direct_stale
elastos,validated_stales,data/validated-stales/elastos_validated_stales.csv,9,stale_only_publication,repo-data,418004,,584501,0000000000000000000cec2040cd2a8b80ec7d4434a9aa5ac0fbb7ab57d24037,0000000000000000001b34dc6a1e86083f95500b096231436e9b25cbdd0075c4,1562598044,1723792c,3272002416,00000020c47500ddcb259b6e433162090b50953f08861e6adc341b000000000000000000dca2fe533f00e8e35ac917d1da360041ec542453e25084af5da093458154a0f79c5a235d2c79231770cb06c3,0335eb081b4d696e656420627920416e74506f6f6c393313018701201223b9eefabe6d6d419e18366fa08cac133d714637202ee693c374f0a96e4a130b6afc36c7abd3d40400000000000000597d0000fb830000,76a914edf10a7fac6b32e24daa5305c723f3de58db1bc888ac;6a24aa21a9ed496e1d7fed96762cd64b0c48c1242baae84162fdfc60ee0b4a770848cd8264d3,,stale,VALID,1723792c,,,valid_direct_stale
elastos,validated_stales,data/validated-stales/elastos_validated_stales.csv,10,stale_only_publication,repo-data,418382,,584596,00000000000000000022fafd684ddaa824619a8ba09fad39771662133ba9fdae,0000000000000000000421f955ed711f22a05ad7c6de02aa7d38935b19f734e2,1562643072,1723792c,1747727903,00000020e234f7195b93387daa02dec6d75aa0221f71ed55f92104000000000000000000201cf406a831a6872d0ef3579ebd8d06f4f28c9b821f06cce13c1d03724bc70b800a245d2c7923171f362c68,0394eb0804690a245d424a2f48756f42692ffabe6d6d096c59e1c632115c33859cc5be28ae8dc2dac4d0d16f4a9bdd4a491a443033840800000016ed744804002f141e0000ff00000000,76a914e582933875bedfdc448473c00b474f8f053a467588ac;6a24aa21a9ed46245c72af350678c709bd543044a71b3888dc14649284eb614415c6c511030f;6a24b9e11b6d6db7abcc9675ca276d549671e95e2dcddafb956af7fca4e6203828a8ef3640f3,,stale,VALID,1723792c,,,valid_direct_stale
elastos,validated_stales,data/validated-stales/elastos_validated_stales.csv,11,stale_only_publication,repo-data,418962,,584719,00000000000000000013f5cbd74ef44673d13f424fe96ef65ce21b6fb9b09d2d,00000000000000000008489b642745d61e5e8b19d5d13de96eebb898fcf7101b,1562709154,171f0d9b,3751994136,000000201b10f7fc98b8eb6ee93dd1d5198b5e1ed64527649b4808000000000000000000e424fe8a8117125819d3e0fe19c31994659338ce45156d314712f5210032ac1fa20c255d9b0d1f1718e3a2df,030fec0804a10c255d626a30332f4254432e434f4d2ffabe6d6d58c5efe7b9daa9710d171fc50d93890d9cf210874feb60cd154a9b94c4947907080000000ca3d3af6820f1edec22c77100000000,001497cfc76442fe717f2a3f0cc9c175f7561b661997;6a24aa21a9edb8e3d13b652f65552a0ac128365c7d2731ec97b7f26d80fcecfdaa28fdb46da9;6a2952534b424c4f434b3a4579a6b1375204947082fb567aa90e04bbb12854738202d4e0118e42d0286400;6a24b9e11b6dc7486cb183bbc02de57143f838edcecd7bf12e314e78115de57ce414edc31c84,,stale,VALID,171f0d9b,,,valid_direct_stale
elastos,validated_stales,data/validated-stales/elastos_validated_stales.csv,12,stale_only_publication,repo-data,419444,,584802,0000000000000000000b47042b90c6a893e6e5cdef70c92beefb88f4c5fa5a69,0000000000000000001b253b1fac766189e15d7f7078191002e5427ac7b8f9f1,1562769325,171f0d9b,1839588352,00004020f1f9b8c77a42e502101978707f5de1896176ac1f3b251b0000000000000000007f5a9b94bc04c945693178e32eeae20f5066d7cde08c72001bdd5842da314a7aadf7255d9b0d1f1700e4a56d,0362ec081c4d696e656420627920416e74506f6f6c313132ee003300200f0c9c50fabe6d6dc0ba0d6922d0606afa6321ef35c91f070cb29a0425d4ffef18f70658908db8b6040000000000000033060000b43f0000,76a914edf10a7fac6b32e24daa5305c723f3de58db1bc888ac;6a24aa21a9ede2f61c3f71d1defd3fa999dfa36953755c690689799962b48bebd836974e8cf9,,stale,VALID,171f0d9b,,,valid_direct_stale
elastos,validated_stales,data/validated-stales/elastos_validated_stales.csv,13,stale_only_publication,repo-data,420871,,585083,0000000000000000001d52005a757e38b370dfe86a952f17a1647578546b0635,00000000000000000014223d70882226cdfafb0fa2241d9884adeafbda9f747b,1562940150,171f0d9b,41517264,000000207b749fdafbeaad84981d24a20ffbfacd262288703d22140000000000000000005fef3e51239caf393eb76bf3f95013fd5b17a5926944c7a5faa420de3117b3fdf692285d9b0d1f17d0807902,037bed082cfabe6d6da809e33e16f24e0fe39dcc1052af227c24b0a4d905fab5037a5e44b1916ff1bb10000000f09f909f000f4d696e6564206279206b656e6e7967000000000000000000000000000000000000000000000000000000000500ec030000,76a914c825a1ecf2a6830c4401620c3a16f1995057c2ab88ac;6a24aa21a9edfd100314ed5f7b4191c9ff4520017d8a1488e100b2ffc15504572d53abc16c11080000000000000000;6a4c2952534b424c4f434b3a4d609e9ddde9db79aa96706d9a05f873c41ce18f3056291feea6a7f02125ad39;6a24b9e11b6d2f9ba33dda684fa00bba52293f2286dc40f3b0c2c6974afd30379a55ef26265d,,stale,VALID,171f0d9b,,,valid_direct_stale
elastos,validated_stales,data/validated-stales/elastos_validated_stales.csv,14,stale_only_publication,repo-data,435830,,588206,0000000000000000000b4b3daf230a489c3afc7238c1ae788c611e1c6c448ad9,0000000000000000000f0b8240612238429b8b1e5ec276a7e4b41ac867fea954,1564740407,171f3a08,97106511,0000c02054a9fe67c81ab4e4a776c25e1e8b9b4238226140820b0f000000000000000000e1ca226eb5f4053b0b9fbdc46a67d85356c1ed46354b49af5333a559f3e6b961370b445d083a1f174fbac905,03aef90841d75102cf0efc4e41d75102cdd6a8262f4254432e544f502ffabe6d6d134f97cd1a3bbc8b115d8aea45c0051b51010d907be717504317f9486276f48a8000000000000000e3005b88ed55010000000000,76a914ba507bae8f1643d2556000ca26b9301b9069dc6b88ac;6a24aa21a9edc4ef3cee9b5ec76bc9b84be55ef65a5d5b2abe2ba6cfda86027301f55c6af1ee;6a24b9e11b6d0c7c4322b03fcd93268523208df02224091d9361a701ea6c1538942a65861ffc,,stale,VALID,171f3a08,,,valid_direct_stale
elastos,validated_stales,data/validated-stales/elastos_validated_stales.csv,15,stale_only_publication,repo-data,443534,,589999,00000000000000000014026826002017f841bbbd60384be2cd562dc9b6e96624,000000000000000000019fb4a94294126d9cdf1176d85cf2a26046009b8cb80c,1565742452,171c3039,832989577,0000c0200cb88c9b004660a2f25cd87611df9c6d129442a9b49f010000000000000000008f94c0b1ec0d2b5e03a1e38cb3b62d82c79b8b6f4ed0664ac4402e35034267fe7455535d39301c178969a631,03af0009192f5669614254432f4d696e6564206279207a74777568616f2f2cfabe6d6dc3b73c9a596ddbcf70c1dbb3b5ec1b96eb173761fa771356fad1c4acedcfe13b1000000000000000101329cf00364e66e778d8c35424ad0000,76a914536ffa992491508dca0354e52f32a3a7a679a53a88ac;6a24aa21a9ed60213146231d8432a9b88caae1905964eb40213ee81449fed9292af678c1e36b,,stale,VALID,171c3039,,,valid_direct_stale
elastos,validated_stales,data/validated-stales/elastos_validated_stales.csv,16,stale_only_publication,repo-data,448418,,591031,0000000000000000000c0ca13721964a48358c5e1ed8119b5e2de20ab7d9048e,00000000000000000017393d6381464474890d31425fca4b96f3799e2a983573,1566350267,171ba3d1,1935044144,000080207335982a9e79f3964bca5f42310d8974444681633d3917000000000000000000b0b65dc3ef9670bd499e450ffb84119c1adce04e536495f38665fd7e97558bf0bb9b5c5dd1a31b17306e5673,03b704091a2f5669614254432f4d696e656420627920706972656d6172642f2cfabe6d6d162a6f2edc1226a96d222bd72030383d3dc88fa044923cb8ce6b3631f4492442100000000000000010211c800c383722c4d02b9424d3820000,76a914536ffa992491508dca0354e52f32a3a7a679a53a88ac;6a24aa21a9ed1c0676798ff3376618b7e75e5f12ca6faf5b811c3d398d9543da74b93086f111,,stale,VALID,171ba3d1,,,valid_direct_stale
elastos,validated_stales,data/validated-stales/elastos_validated_stales.csv,17,stale_only_publication,repo-data,455314,,592449,0000000000000000001a4f3ad036ff22bc0de8292a5738fa4dde3de604f52e7a,000000000000000000125dffde35ac9b00f78b08a3a1e375d9481f7af337d182,1567176529,171ba3d1,327292556,0000002082d137f37a1f48d975e3a1a3088bf7009bac35deff5d12000000000000000000d443f27c30b837eb289e95bbbd037ebb757e3eb8506c94f85fb7a513646ebf965137695dd1a31b178c168213,03410a092cfabe6d6d7ba7c52cfec91d2b9163d3ef9d0fbd158ca9b6936748fb01bb06b68d8ce381cd10000000f09f909f00144d696e6564206279206b75616e676a69313932370000000000000000000000000000000000000000000000050027dd0000,76a914c825a1ecf2a6830c4401620c3a16f1995057c2ab88ac;6a24aa21a9ed8ffcdf6062a331644acf81f972da208099d47830f208861c30b50a0c7ddf1776080000000000000000;6a4c2952534b424c4f434b3ad514b35240560925e27eeb2402811618ad9057d8125ca33e70cdee2700197584;6a24b9e11b6d020245062e967bc45fb1915f4c1e5bff39b0583fbc30ab7d80902b3f7ffb12ba,,stale,VALID,171ba3d1,,,valid_direct_stale
elastos,validated_stales,data/validated-stales/elastos_validated_stales.csv,18,stale_only_publication,repo-data,467112,,595045,0000000000000000000d3d23e861fe0f8615320c42ccb263a8e8dd1b807a76d1,000000000000000000057f0a78cd0e5f5d0bfdd363cce90e8573857799628b28,1568589277,1717abf5,3060195301,00e0ff3f288b6299778573850ee9cc63d3fd0b5d5f0ecd780a7f0500000000000000000026ec9f7e56f5c346173a72b66dd440a698976bc0098ca99f991b6c67bf17d88cddc57e5df5ab1717e5df66b6,0365140904dec57e5d535a30332f4254432e434f4d2ffabe6d6d4c08a12c2cd178b73bddb53bd8c513ac0f061610fe7e5d628cc2c797340fdedd020000004204cb9a0e36dad2920a550000000000,a9144ac1ef4cf755bc80f650bb32b9a52776e35b9b4d87;6a24aa21a9ed3509bb45d99a0e2800e9eb4cb7c40c4dc2f0b17af53296cf18627a1ddd2afb7a,,stale,VALID,1717abf5,,,valid_direct_stale
elastos,validated_stales,data/validated-stales/elastos_validated_stales.csv,19,stale_only_publication,repo-data,474404,,596591,000000000000000000136de8d19fe5c250b396233959c0f024db53185e28b1ea,000000000000000000165d1c7a572740397522aec72c976b778cc640f8112b9a,1569456246,1717abf5,3200093265,000040209a2b11f840c68c776b972cc7ae2275394027577a1c5d160000000000000000007205ce0d16927cd610d019067afc869d8e687519f14fe01d56c1e64aad70eacb76008c5df5ab1717518cbdbe,036f1a090477008c5d535a30322f4254432e434f4d2ffabe6d6d002658afb1b698fc69237f8b5c7ecce2ea97ff04874876f37ac6ccbd2f161dfb080000007296cd10852a70453c69010000000000,001497cfc76442fe717f2a3f0cc9c175f7561b661997;6a24aa21a9eda7444734b34df239957a1352ed26211f72373e669cd76e9b07c52a8632e22fdd;6a24b9e11b6d151a2e30971e07eae07cd8d24f9527e0145e936f72337bc7c5b59fc3ba09c49a,,stale,VALID,1717abf5,,,valid_direct_stale
elastos,validated_stales,data/validated-stales/elastos_validated_stales.csv,20,stale_only_publication,repo-data,484988,,598793,00000000000000000003042ad7a7ca619a209e386f16209adea5001e5183a827,0000000000000000000711a4a216b78b7a06508de8fb2a4d342158744d9b98d8,1570736179,1715a35c,3085763573,0000c020d8989b4d745821344d2afbe88d50067a8bb716a2a41107000000000000000000147a48a9a7a25d793ca3f02f9fb5a4aa071703df7245f3091743ecc5b89c731d33889f5d5ca31517f503edb7,030923090434889f5d485a2f48756f42692ffabe6d6d96fa684e21aa8305e93656a57bdd94f75b55f7b78c53f027e191c8ea8d1a892d08000000352a0978175cc3ba00000eb6875a0000,76a914e582933875bedfdc448473c00b474f8f053a467588ac;6a24aa21a9edf4af7e0e57bf6c092856438e3c7671a3a4c631864f6da72e2edcfcddf5cde9f3;6a24b9e11b6d35b888e1eed5b6f6a49683b81f21c868d4b7d7fd32e602b5513064e701872d17,,stale,VALID,1715a35c,,,valid_direct_stale
elastos,validated_stales,data/validated-stales/elastos_validated_stales.csv,21,stale_only_publication,repo-data,489036,,599604,00000000000000000007cab2644261df83f039cf75ee21eb761cd26f4cec79a6,00000000000000000009ce8df8596512cca1beba127b668701094e703354bd30,1571225643,1715a35c,2168953570,0000002030bd5433704e090187667b12babea1cc126559f88dce09000000000000000000afdfede9732627ff4bb02004f2ac95acca288e9a98a44393b7ef5f31616726df2b00a75d5ca31517e29a4781,033426092cfabe6d6d262d0a203654fac31dbd89933363d9f18b7308272e07109f0fb083d862455eda10000000f09f909f00124d696e6564206279206c7363626d79743274000000000000000000000000000000000000000000000000000500b0cb0000,76a914c825a1ecf2a6830c4401620c3a16f1995057c2ab88ac;6a24aa21a9ed123e7344854059b693ea2599cbec51fe2397cd9143156cfa52d8ab8846c7de36080000000000000000;6a4c2952534b424c4f434b3a6f57e9f1e2c103cb09054ab7be2c7643bf8a69d2f69c3bbf75ebab25001b619a;6a24b9e11b6d9c9736b3449f138df306f64736ddc89c12ed9b6a070b59c8e08bd27fba51bd2e,,stale,VALID,1715a35c,,,valid_direct_stale
elastos,validated_stales,data/validated-stales/elastos_validated_stales.csv,22,stale_only_publication,repo-data,491518,,600132,0000000000000000000cbde2cd379631dca3e115b137eebe619f70f801ddabe6,000000000000000000028038e4f027b60debf68e124feb8f83e816fdd2e32acf,1571523303,1715a35c,893271655,00200020cf2ae3d2fd16e8838feb4f128ef6eb0db627f0e43880020000000000000000005fb24b226d9c77821cd2487c9fc2b05aa6cb80665294e2399b94740ed567251fe78aab5d5ca31517673e3e35,0344280904e88aab5d434e2f54545454545432323232fabe6d6d023a300120729f5c01de07e6ccb15cb28d4fed8cff420ba75cb6cd2d9c489a99010000004204cb9a8213f92a87987b5d96ad2f00,a914f870b7fbb0ce391d9ddc16ad98479d8cbbbd5c4187;6a24aa21a9ed1f15af92479074fdd019ade9bc09478a0be70df4e9f1a0cd2258f59be3ed6ff8;6a24b9e11b6dfdefbf657fb23904a8a0988c482c050844dd422c076ce284b2a2008e1290cb7e,,stale,VALID,1715a35c,,,valid_direct_stale
elastos,validated_stales,data/validated-stales/elastos_validated_stales.csv,23,stale_only_publication,repo-data,492384,,600308,00000000000000000012cd51c80d0799f2203524258a8211a70e5b98ea6c8789,000000000000000000024bb45c88bc0ab3ca444211543183206734c9e1bdebee,1571631145,1715a35c,1429208466,00000020eeebbde1c9346720833154114244cab30abc885cb44b02000000000000000000758f810229399dcee5838c89b4a451231b97e0cc0ad0e708906f6c7c8005f6d62930ad5d5ca3151792fd2f55,03f428091b2f5669614254432f4d696e6564206279206461766964343030622f2cfabe6d6d20349e5225923490b93b931249725b0c6372e399b4783e6ba7fdd11f33b6ccb51000000000000000103901d00759a65c62ae584a7c08080000,76a914536ffa992491508dca0354e52f32a3a7a679a53a88ac;6a2952534b424c4f434b3a97bfab8a1564a9f41fd4b14362e459db94badb5ba6a0b0deb19e652d001b910a;6a24aa21a9edf52fae4427e77460c28223273e998c76d708656256d054d6618784bd8bcd8df1,,stale,VALID,1715a35c,,,valid_direct_stale
elastos,validated_stales,data/validated-stales/elastos_validated_stales.csv,24,stale_only_publication,repo-data,504756,,602714,0000000000000000000154625d1aaddb007c78fd2dedd6720413f8de0d5af00d,00000000000000000000afa2f8b1fe34f6ef9cd8f099bf626078c77b41c501fe,1573122804,17148edf,2589982190,00000020fe01c5417bc7786062bf99f0d89ceff634feb1f8a2af00000000000000000000aecf053349f710c9b20cfe43e1d7732e5ef61a3431135befbe5d5ecdf700c585f4f2c35ddf8e1417eefd5f9a,035a320904f0f2c35d535a30332f4254432e434f4d2ffabe6d6d467a464a3faee48a27107bbc80a900f0a2991871a474ac000c5e5bf708cc616f020000004204cb9a0603f5d5a528008000000000,a914c52579bd39c29e2e69da1a15661fb6426897100c87;6a24aa21a9ed74f8d57f00ae4c479e42cd5a0e8e6a341f2b23e76fbbcc131cd865fdbfc344e3,,stale,VALID,17148edf,,,valid_direct_stale
elastos,validated_stales,data/validated-stales/elastos_validated_stales.csv,25,stale_only_publication,repo-data,506755,,603084,00000000000000000003f157f664d073add98ab0ad49b2d56da8b93ee870a854,00000000000000000014e765cabc8e829ab1fd4ab2ab57afa91b8de4184e8007,1573358479,171620d1,199364172,00e0ff3f07804e18e48d1ba9af57abb24afdb19a828ebcca65e714000000000000000000aa35f0b79ff5f52800405d56a8f10fc5d2f277f48ba4557984e3545a9541f3408f8bc75dd12016174c0ee20b,03cc33092cfabe6d6dc5466d36b4fce6761f73cc23811d093f2e0dc4a7efb2fb21814527dd8ba48bdc10000000f09f909f00114d696e656420627920686d32716d3231730000000000000000000000000000000000000000000000000000050075d89600,76a914c825a1ecf2a6830c4401620c3a16f1995057c2ab88ac;6a24aa21a9ed6741f1627051e302292d5bd3ceb801379d1ddf11ee543576b8c9b044f564594e080000000000000000;6a4c2952534b424c4f434b3a36d66e184a9ae30f4648d3347c672c94ce52c539b908bcf0afc28025001c5fb8;6a24b9e11b6d4d1e82cdee93761a8548dc1f666c9c10d7e924760d1ac40177e721db28d818a4,,stale,VALID,171620d1,,,valid_direct_stale
elastos,validated_stales,data/validated-stales/elastos_validated_stales.csv,26,stale_only_publication,repo-data,515574,,604939,0000000000000000000704ee0d64be5764b22536ae0ce616c0c6e1b5dcfc2e29,0000000000000000000180f8a0d6968e8385ea91143b98967068f971b474255b,1574448258,1715b23e,2467079314,00e000205b2574b471f9687096983b1491ea85838e96d6a0f88001000000000000000000fc16dd6d2b42a329fad5641fde557e50031fe87a407b624af8c039990a91024a822cd85d3eb2151792a40c93,030b3b0904732cd85d535a30322f4254432e434f4d2ffabe6d6d8d8f879408a7eb2595409442d4ff11b17f71606d96ed774a259dfcc36e6588fa080000007296cd106449783faabc000000000000,001497cfc76442fe717f2a3f0cc9c175f7561b661997;6a24aa21a9eda2d6d9670b684634d7d94773ab6a12c6c13d961b68a7ba7bbfa0ec94cc1980de;6a2952534b424c4f434b3a787557beefbaa9ee67c24afd1e8c58ecec18acc7a2628ad634ede926001ce643;6a24b9e11b6d91e8b672f94a1d42f36cd834b70a838c5b32ceb52bf3501fa0a42dcaf4f89b5d,,stale,VALID,1715b23e,,,valid_direct_stale
elastos,validated_stales,data/validated-stales/elastos_validated_stales.csv,27,stale_only_publication,repo-data,557882,,613646,0000000000000000000217205d4aad05b44e1658b83c17fce5ad70e8ca2b4482,00000000000000000003fa46aee427aa8d4871c60bbab795482c0832390f530e,1579497777,17130c78,2722732053,000000200e530f3932082c4895b7ba0bc671488daa27e4ae46fa0300000000000000000056e74c2175649a8db21e1aaed70dfd47c973edf01d524d38bf172efc7a73a0ed3139255e780c1317159849a2,030e5d09043139255e424a2f48756f42692ffabe6d6d44f2b1faceefa816106786b98caa4888680a85599ce167b6c4abb4f32e5a01a00200000090fed21804002068bf70000000000000,76a914e582933875bedfdc448473c00b474f8f053a467588ac;6a24aa21a9ed43748264297f8b6fea147dba43a66d852011861d0978036eaf3f7b7609ebd13a;6a24b9e11b6db3df25ac342a78aae8626c57051f172e9da711e97e32bb665b3ce537904845a7,,stale,VALID,17130c78,,,valid_direct_stale
elastos,validated_stales,data/validated-stales/elastos_validated_stales.csv,28,stale_only_publication,repo-data,557947,,613657,0000000000000000000b121355a393ab955f76349412a10cdb9f252a06f08874,0000000000000000000abe0f6730244cc05e1fff93aaaa72c310bd4676996c76,1579505082,17130c78,3909122011,00000020766c997646bd10c372aaaa93ff1f5ec04c2430670fbe0a0000000000000000003b7a2c7b26d89b11d9889ce06e0812ca70a50292fb8f4939b434a9b9eaa2bc9aba55255e780c1317db7700e9,03195d09049855255e424a2f48756f42692ffabe6d6df7c16b8c2a774c6468a9513070c2d5c5c5d2383e0d803944d99a630b332274c80200000090fed21801018c19220d000000000000,76a914e582933875bedfdc448473c00b474f8f053a467588ac;6a24aa21a9ed360788996cdc637bc0b9cd07269c118cfd8b03ed24aac53f860be6881227deb2;6a24b9e11b6db14baf1799e5fc7cd42e14f2ec3553d3ea3d048197c1c461d56069437fc9373b,,stale,VALID,17130c78,,,valid_direct_stale
elastos,validated_stales,data/validated-stales/elastos_validated_stales.csv,29,stale_only_publication,repo-data,558366,,613758,000000000000000000059aebad53ff5045b0ee5b54cd1b0b1bd6ea928aac3301,0000000000000000000283e182b3c6b5681895ffb656202821ef8853478bfcf6,1579557325,17130c78,542343167,00e00020f6fc8b475388ef21282056b6ff951868b5c6b382e183020000000000000000000d22a53e4b08c01c1d2778ea435218567e27df431693900cd27af8df84bbb36bcd21265e780c1317ff7f5320,037e5d0904b221265e424a2f48756f42692ffabe6d6d6d0523130c23ec16644c3d318642312568e7755ee8e0b3bff023cb2d8710b5800200000090fed218040033af093c000000000000,76a914e582933875bedfdc448473c00b474f8f053a467588ac;6a24aa21a9ed45938d038dd0fcc3259512d96bf55f833ed30cf97291061330f3c3a51a844af5;6a24b9e11b6d779d07eb4a292dfb7f559736f77d0f86a33a0817510d2d95194d6a7afe3bd8c6,,stale,VALID,17130c78,,,valid_direct_stale
elastos,validated_stales,data/validated-stales/elastos_validated_stales.csv,30,stale_only_publication,repo-data,560469,,614207,0000000000000000000305f9d4c42f2b52ff4fbdbcc6465f38082467aa31b78e,000000000000000000028a774f203dd848acf80c9c5d0b0bf3f75812861549d5,1579807653,17130c78,3240340198,00e0ff3fd54915861258f7f30b0b5d9c0cf8ac48d83d204f778a020000000000000000001c22774742c209c678881aa8950471d7ac3165dc8967da9044221a443fb3ca9ba5f3295e780c1317e6aa23c1,033f5f092cfabe6d6d339770986173c76ec853d76d7693d8a74f0ff80b4881baff4abf55e9a3f7199a10000000f09f909f00134d696e656420627920737a77777568616931380000000000000000000000000000000000000000000000000500fbb2d45d,76a914c825a1ecf2a6830c4401620c3a16f1995057c2ab88ac;6a24aa21a9ed3b7db5a3b96bef330e0618935137f7046b36c1c51362d8d1f1aada4e9c464c05080000000000000000;6a4c2952534b424c4f434b3a5326d6e32acfa8eebbe71597b56f2a1a84a826ae0d235f6a56c4da2e001f67b5;6a24b9e11b6df7fb453d06fe62e2b3bd402a21104729e47035c92b7f571f038e8eb64f60d61f,,stale,VALID,17130c78,,,valid_direct_stale
elastos,validated_stales,data/validated-stales/elastos_validated_stales.csv,31,stale_only_publication,repo-data,571155,,616393,00000000000000000003702b2d8cdc985ee60c95cb38f81f13b8552e7bcf43ef,000000000000000000077271ec27e8567afec48af20d8f93235cf3431f078eb4,1581090923,171232ff,1271897068,00c0ff3fb48e071f43f35c23938f0df28ac4fe7a56e827ec7172070000000000000000004c1f9f64dbed205187f48e519ce3d6470c51807eae950f48fd88a5268c463b2c6b883d5eff321217ec9bcf4b,03c96709046d883d5e7669702f7777772e6f6b65782e636f6d2ffabe6d6d33f9f930c43553f18861a13b8f21fdf55515ad0d26f7ffb2c4e41be5fd4951c7020000004204cb9a0f0013fb0b143f6c4cf86d00,a914804afd8b3479267b0cd0bb2fa2e217096005fb8d87;6a24aa21a9edd824389caffa9eb568c8ef5970dd3d4671d937c23c2ea9df8280a9fadb0fad2d;6a24b9e11b6d5d2f49f87196a42818cb39704894868ba7caffeaee88d9ac780a0065ff8473e5,,stale,VALID,171232ff,,,valid_direct_stale
elastos,validated_stales,data/validated-stales/elastos_validated_stales.csv,32,stale_only_publication,repo-data,571331,,616423,00000000000000000006d0d410adb0351e136ba991047e92f881cc6c2eef7654,0000000000000000000bf66881fe1d8e3d092d18a2481b394f8cd12ef0f2b47e,1581112344,171232ff,2150684706,000000207eb4f2f02ed18c4f391b48a2182d093d8e1dfe8168f60b000000000000000000af32409ef242217a0558dfbe540b876170a5b70e1ebabb3d30c60cb7bff7fbff18dc3d5eff32121722d83080,03e767090419dc3d5e424a2f48756f42692ffabe6d6d5e2f27b17603d155b878c954c8b03ce1895f92d52e7e35fcd45f079e12c7833c0200000090fed218082b1d04cc4d000000000000,76a914e582933875bedfdc448473c00b474f8f053a467588ac;6a24aa21a9ed8052b9e59a4235690d2c1b05d09b53484531c5feebfac65860f262bfc6168238;6a24b9e11b6d06f230139e04228201cfa41536fec7577d54a7eebfe4f6362b907c486d5b2808,,stale,VALID,171232ff,,,valid_direct_stale
elastos,validated_stales,data/validated-stales/elastos_validated_stales.csv,33,stale_only_publication,repo-data,581630,,618465,00000000000000000005ff1702c937f23d1121b62c483a38722bc4274b4b9675,000000000000000000113ff92747c4dbc06a9f48f7020909314bca044f7526ab,1582351967,17121ad4,3363382472,00008020ab26754f04ca4b31090902f7489f6ac0dbc44727f93f110000000000000000001b06d61a98a3dee90d323e265e5cdb166c27c6da7bfb7e557003278c1bcc598a5fc6505ed41a1217c82479c8,03e16f090460c6505e7669702f7777772e6f6b65782e636f6d2ffabe6d6d5e61c071cc058aac9fd847e549e7044a8534d0b604253d5b9dbd25672a8833a5020000004204cb9a20785d99ae3e030000000000,a914804afd8b3479267b0cd0bb2fa2e217096005fb8d87;6a24aa21a9edcb7bd24829ac1ffbc1a351f17416b9857d82bb9894e284b8216ab3dae82c3696;6a24b9e11b6db7f32c78bafd92d203524e3ad576ea214258cbc785357238208996e3bc54bebe,,stale,VALID,17121ad4,,,valid_direct_stale
elastos,validated_stales,data/validated-stales/elastos_validated_stales.csv,34,stale_only_publication,repo-data,582334,,618607,0000000000000000000970e75c996a01a0dec03709d068124310d0d2dd4a608c,000000000000000000108cfb002f18a6ef5101d7c46d30f847970b18a8831ad1,1582438543,17121ad4,3308729514,00e0ff3fd11a83a8180b9747f8306dc4d70151efa6182f00fb8c100000000000000000003b4859378520bc02a43ed83caadb3e22a83ccacac6d261b6801aaa22fe76363f8f18525ed41a1217aa3437c5,036f7009047e18525e535a30322f4254432e434f4d2ffabe6d6d9f58a62d77c98a89a321a5c4692f8520123836264104443ef8d6c934a780cd52080000007296cd10911d72bd3662000000000000,001497cfc76442fe717f2a3f0cc9c175f7561b661997;6a24aa21a9ed8e9984320faa4ba4ff8b9bb8d8cf42b3631fe13acfa42b27900df1e3383e74e2;6a2952534b424c4f434b3af97a731f5c1f9af6a0d7749075089b631b853405232255fe3b0b193100209bf9;6a24b9e11b6dc62e60a230541f0907a70fd3537e608d309a1156b213b989e9507153611aba1b,,stale,VALID,17121ad4,,,valid_direct_stale
elastos,validated_stales,data/validated-stales/elastos_validated_stales.csv,35,stale_only_publication,repo-data,585115,,619141,0000000000000000000afb64a255edf537c7c90e5d10d62a7743f2d189e9bbc3,0000000000000000001067bb9fb2aac46e14982a4f8594eacce35102bf60a54b,1582767243,17122cbc,1398096028,000000204ba560bf0251e3ccea94854f2a98146ec4aab29fbb6710000000000000000000b8e26202721f9c139b058c7fb5ce7d5fc449f30b30d42e037a89a826bdfd39878b1c575ebc2c12179c405553,038572091a2f5669614254432f4d696e6564206279207a6a6d62746330322f2cfabe6d6d011c924a8ad492cd7bf57f1ea917caad3e136d90a428b2fddb4d5e9a6fb6ef6510000000000000001007714c0409cde3fc7a2637d54dc30000,76a914536ffa992491508dca0354e52f32a3a7a679a53a88ac;6a2952534b424c4f434b3a8583e6aeaf1cf820164a2237900c49a019431bb2de049a0ed5ef6b3c0020c2e1;6a24aa21a9ed7d995c3e7874557cd293f641b8b51d3011afc64bd27aebefd292e91ec6ed97d3,,stale,VALID,17122cbc,,,valid_direct_stale
elastos,validated_stales,data/validated-stales/elastos_validated_stales.csv,36,stale_only_publication,repo-data,606319,,623220,0000000000000000000d6502316008e4aaffe4ff786914d1851da5ae148083db,000000000000000000000e3a370e4d0ceb05e5dc4c85fa4f9190bfca92005755,1585339221,17143b41,2783315067,0000002055570092cabf90914ffa854cdce505eb0c4d0e373a0e00000000000000000000c417fd1fc3b9780cd0e6f24c827844e90dd87d99030f4060b4979372ffc70c76555b7e5e413b14177b04e6a5,0374820904565b7e5e687a30312f62797465706f6f6c2e636f6d2ffabe6d6d2b7af69be5114875338bac2d3bcbeee8b6a8b64c981c528f13f6daf78f8f20fd020000001e34c5f00269eddc3859725e5d608100,a9145885ab54ce79c9384af724709edb2eb08bfa8ff787;6a24aa21a9edabc42309c3bdc6754ad4fdbc019264864b0dc8848ca73cbafd11a91439cbfc11;6a24b9e11b6dbab8e5e400365dc30828557ce754e224866fba520526c595e506f4b2dbf491db,,stale,VALID,17143b41,,,valid_direct_stale
elastos,validated_stales,data/validated-stales/elastos_validated_stales.csv,37,stale_only_publication,repo-data,618991,,625964,0000000000000000000b15f6475c47a75b03ede17498e5075f654c597f57f5f2,0000000000000000000bedef0537e1ad14be6830222377c3e9b2c53ff72bdf2e,1586882782,171320bc,1250654112,000040202edf2bf73fc5b2e9c37723223068be14ade13705efed0b0000000000000000009fff29f5550b8ff5b403ccd87c9dae0b715f171806ec5a04aab9d5ef877f46f7dee8955ebc201317a0778b4a,032c8d091f2f5669614254432f4d696e6564206279206c75636b796d696e65723030312f2cfabe6d6df1ffe74d94ca6d26fffe49badae13de833ee6a0c17fdbf65b2627fd38f57e2dd1000000000000000109b9673170349a5a2495a7fa688210100,76a914536ffa992491508dca0354e52f32a3a7a679a53a88ac;6a24aa21a9edd83066132a8e90bebbfc5b75d0a00be6a9a4582089c92e42c286fd6d3dab1ef0,,stale,VALID,171320bc,,,valid_direct_stale
elastos,validated_stales,data/validated-stales/elastos_validated_stales.csv,38,stale_only_publication,repo-data,619324,,626037,00000000000000000001f905ed555d9024c3c846624992d1c3db29cef59323a4,0000000000000000000627872f5d23b279d32c68f7c1ef66cc0c3d70ac6ca4d3,1586921732,171320bc,3587436944,00008020d3a46cac703d0ccc66efc1f7682cd379b2235d2f872706000000000000000000ee9696efe24a3e8cc3404574896f0d00ed03b8c37a3c9440f53eafd4cdf5d7bc0481965ebc20131790f1d3d5,03758d09202f5669614254432f4d696e65642062792067686f73743139383178787835352f2cfabe6d6da26bf1c0f15598a5a85a5b02ad13defc274bfae5eda38c52e3b55155bcb7aed6100000000000000010471c820cc5ffe35126912e2c3ee10000,76a914536ffa992491508dca0354e52f32a3a7a679a53a88ac;6a24aa21a9ed61df1f85f46e95a58623951f53ba6ebfacefb7125ff63a4c7b249628f3637c30,,stale,VALID,171320bc,,,valid_direct_stale
elastos,validated_stales,data/validated-stales/elastos_validated_stales.csv,39,stale_only_publication,repo-data,629259,,628089,00000000000000000010c4359e2eb26b527b56a44c5dab4fb57635731c496366,0000000000000000000d3cb07a9818f5e16bb75dc973c0e1efd0738633c126d5,1588129324,1711a333,3336359537,00000020d526c1338673d0efe1c073c95db76be1f518987ab03c0d000000000000000000267cd78a6c8e52caccce75de4ed3bf7323786543faec88305f3a24ce6e6dbe222ceea85e33a3111771cedcc6,037995090413eea85e45552f48756f42692ffabe6d6d39e5e54223b32a387864fa9cf1ae429cc3e845e8010e15a2113e63953a4f52d40800000090fed2180c98b9827d23110000000000,76a914e582933875bedfdc448473c00b474f8f053a467588ac;6a24aa21a9eda6b2997edc093a7eeac6a5467295e304e7b324a26ceb8ce41dc6cd015621edd4;6a24b9e11b6d012efb32791b545f4fa9a35c96e4615161acd4d68478b5f5f1dc27b3d2543c23,,stale,VALID,1711a333,,,valid_direct_stale
elastos,validated_stales,data/validated-stales/elastos_validated_stales.csv,40,stale_only_publication,repo-data,647024,,631518,0000000000000000000caff4c4583a66d158d5002d7ea23612b9e0a58467ba44,0000000000000000000e41ad1e4a4ece112ab87b60dd5115499e0f1d62131312,1590309849,171297f6,1584868606,00000020121313621d0f9e491551dd607bb82a11ce4e4a1ead410e00000000000000000033adbf6a954cedf95cc8f9854aa0c340afe91f91117b7bf1b68b60b5f26d6a68d933ca5ef6971217fe2c775e,03dea20904da33ca5e7669702f7777772e6f6b65782e636f6d2ffabe6d6d8d5b131472223be0ef16b0f67585036448ad04776bfa9c1addab9b571bc56a68020000004204cb9a120c7bff5ae1240000000000,a914804afd8b3479267b0cd0bb2fa2e217096005fb8d87;6a24aa21a9ed7ac557f8cbe38aa89c5dcb874edcd8ed37f011cf379bf76b18f8bc48b94bd49f;6a24b9e11b6d6e01feeac949b03b015a7b37ba929c44d15f80493a7cc9078f9bf53f0c50e685,,stale,VALID,171297f6,,,valid_direct_stale
elastos,validated_stales,data/validated-stales/elastos_validated_stales.csv,41,stale_only_publication,repo-data,650255,,632064,0000000000000000001102d5c5e3891ffb14ff61600ba21eeff7d40f3c122459,00000000000000000002f452ffbf940f7b7328be833cfb458b614359a5899498,1590686701,171297f6,3695208292,00e0ff37989489a55943618b45fb3c83be28737b0f94bfff52f402000000000000000000f3e62733213181e54f42812195e5bd8d855544487b842bb7eb4b788bb3345873edf3cf5ef6971217646740dc,0300a5092cfabe6d6d8472cb14f1337492ae3da100e05b7ba780728fec5e358e9d57da9d476b142c0a10000000f09f909f082f4632506f6f6c2f124d696e6564206279206b696e6762746373660000000000000000000000000000000000050014493e00,76a914c825a1ecf2a6830c4401620c3a16f1995057c2ab88ac;6a24aa21a9eddf34db0df780663310acd1a3c94207bbcd1a4bb916b01eb21829d8c588662aa1080000000000000000;6a4c2952534b424c4f434b3a22f13d45296f39a05a84e8efffc0afda0ea85fb8297bc25b5545032000248b83;6a24b9e11b6d667375c7071c40faf73115a08e268a5aa67a608b4ef8e7460f9ab70af111dda4,,stale,VALID,171297f6,,,valid_direct_stale
elastos,validated_stales,data/validated-stales/elastos_validated_stales.csv,42,stale_only_publication,repo-data,657194,,633550,0000000000000000001470238e3b4e880f1608223a2192707ad04cb8d38110f7,0000000000000000000a1d1c2a426c999fbd386524d6e1bfe5ef73626ddd0474,1591526099,17147f35,1600132168,00e0ff277404dd6d6273efe5bfe1d6246538bd9f996c422a1c1d0a000000000000000000e125a05ebbd00a23ffd6e16dfa0446afc51073c7165289a6cd4118e951ca4a68d3c2dc5e357f14174814605f,03ceaa0904d3c2dc5e7669702f7777772e6f6b65782e636f6d2ffabe6d6df00d081bf01675409a3334a38b548795c1c0467b5b5b361613df773b05d1d523020000004204cb9a1e18ff46bb86360000000000,a914804afd8b3479267b0cd0bb2fa2e217096005fb8d87;6a24aa21a9edbcf24258ea1ee282bacd03b4a4b4c9adf4b3014df28b31d3dbc825e53f73d940;6a24b9e11b6d1348ef18dc194eddc472620eea9b876a06a32f2a0bb58c28dcf66a4a8222d3cc,,stale,VALID,17147f35,,,valid_direct_stale
elastos,validated_stales,data/validated-stales/elastos_validated_stales.csv,43,stale_only_publication,repo-data,661351,,634467,000000000000000000068588f0045a0e8da55620a533082279f3cceee4ca1c21,000000000000000000041f76be5283f89c8ee2c818385f17a7e689bc3eb0284e,1592008293,17147f35,55746922,000040204e28b03ebc89e6a7175f3818c8e28e9cf88352be761f04000000000000000000b39f29667f355024f2bbe7bb860cf0b662dd64990b8d7b6359adc7282e539995651ee45e357f14176aa15203,0363ae0904651ee45e626a30332f4254432e434f4d2ffabe6d6d618a8832302f5907514705a4c5ba50f2d8d3f8e14bd6f1d604b1cefeb84ce024080000007296cd10133c13789750000000000000,001497cfc76442fe717f2a3f0cc9c175f7561b661997;6a24aa21a9edb29368c5c9c60d2559656f6bf6131c5392b23a9eac7b3be266ff1d18d86bb5f9;6a2952534b424c4f434b3a2e362e2c5a111082f8c3e417744636aeb94857aa3796b5564c43c625002533d1;6a24b9e11b6dddfb7fe0052c5d3ca2bb2afd87df878d8144cf7dc6a782b3d098d1f9d0a11168,,stale,VALID,17147f35,,,valid_direct_stale
elastos,validated_stales,data/validated-stales/elastos_validated_stales.csv,44,stale_only_publication,repo-data,662385,,634707,0000000000000000000202a9e5a9d6086a604038209d6ce70acae159b252c5be,0000000000000000000d0e5e28aa2471905d6bbeaef3f64f9dde96c7d0d3231a,1592140465,17147f35,3714470328,00e0ff371a23d3d0c796de9d4ff6f3aebe6b5d907124aa285e0e0d0000000000000000008f5ae161b0989319f5f8b843c1caf15ac4358aa5f2fbb51df72ca64b30f9d38cb122e65e357f1417b85166dd,0353af092cfabe6d6d9c4c2e073f9d43651ebb67e5ca6c23e4ff62e95e08bbd6e6ef14e79d3c3beb6a10000000f09f909f082f4632506f6f6c2f114d696e6564206279207375636f72693231000000000000000000000000000000000000050032e02500,76a914c825a1ecf2a6830c4401620c3a16f1995057c2ab88ac;6a24aa21a9eda11781b9f6105a0e81b0192f69fccbbc0721f0cfe599f1a12c0f0a819e30e10d080000000000000000;6a4c2952534b424c4f434b3a4130bff4da2d91213d0af2e52d4456c37a6a4aa5cd94c1fc8619ef2800254403;6a24b9e11b6d236ccfd779d449ad0542814c618a7589b01e497c37bf164ea64b8daf3988e672,,stale,VALID,17147f35,,,valid_direct_stale
elastos,validated_stales,data/validated-stales/elastos_validated_stales.csv,45,stale_only_publication,repo-data,665816,,635366,0000000000000000000e83ae1e2f069094cc1deab4aede641e028df3c8507b41,0000000000000000000acc78d98eb99db8a8023d75d2781dcae1cf6214a5d20d,1592541213,1711d4f2,2398027742,00e0ff370dd2a51462cfe1ca1d78d2753d02a8b89db98ed978cc0a0000000000000000005a3f5751f497ad6d7300f3d7211517eb0bdaee68139239cb590d47769d6d2bd11d40ec5ef2d41117deffee8e,03e6b109044840ec5e424a2f48756f42692ffabe6d6d3a2427be4f4f24cbeff72908af285f167155e1045ce16feb8a9e9eb7ecd3d611080000008911f8d7135317550000ad8417140400,76a914e582933875bedfdc448473c00b474f8f053a467588ac;6a24aa21a9ed88fcd79cdde47b8d01b6372d970eb1016e6775acd61916b83e210a0cdde3a1fd;6a24b9e11b6dc44baef6922d31604e62df4c73b4697e0f08e9e4a9f23814cb2421a44ae0b9f0,,stale,VALID,1711d4f2,,,valid_direct_stale
elastos,validated_stales,data/validated-stales/elastos_validated_stales.csv,46,stale_only_publication,repo-data,669925,,636190,0000000000000000000eb3e017c081b6006fc3138a0b34649219569a9dffc961,0000000000000000000754835bbdc820fabbed7215c83532bb0e2d10018bda56,1593030808,1711d4f2,2315869709,0000c02056da8b01102d0ebb3235c81572edbbfa20c8bd5b835407000000000000000000f0234c84748b6c4305ead65c1151505a8ed8232a6d85e3630323f749ed87e36098b8f35ef2d411170d5e098a,031eb5091b4d696e656420627920416e74506f6f6c3534e900330120a38b99acfabe6d6d411d4587f8a5b0ce4324245f939b44aa9ab87849259cd0fb6235bae88a55667c0200000000000000b5000000b4330000,76a91411dbe48cc6b617f9c6adaf4d9ed5f625b1c7cb5988ac;6a24aa21a9ed44992b69463ff3905bf98040d9f7542d5cd3e2db3ddd7800e9afbda26f02c356;6a24b9e11b6d0e20573a78bb352104adeaeace658216f40ff5bf70eab2c827192b647616a712,,stale,VALID,1711d4f2,,,valid_direct_stale
elastos,validated_stales,data/validated-stales/elastos_validated_stales.csv,47,stale_only_publication,repo-data,703752,,643109,0000000000000000000d2f399065ee9be3150a37fd6c9ee1676a7688862ae2fd,0000000000000000000fdb730d07851d873485f5a310d183b3de8b5381441bbc,1597090778,17109bac,1888624478,00e0ff37bc1b4481538bdeb383d110a3f58534871d85070d73db0f000000000000000000c08618dc12e96d23167560558da12fa8451cf4152fe7f265be9da0a0a68309f5daab315fac9b10175e1f9270,0325d00941d7cc6af7e5fecf41d7cc6af6f60cc32f315448617368263538434f494e2ffabe6d6de46b419454eadc8a808a2568ee1c183226fef2aed86518c26616b62b73c87de78000000000000000b400c63812841b0000000000,76a9142220867b1e79c403fafe339a809a65ed01cb697988ac;6a24aa21a9ede61cc6fc5a727d45ec81027fa5fd4c5359a90d0bfe2ebf74e929c79d86ffbaeb;6a24b9e11b6d9f0833a8973afb716455716d4c0dc9d7120346b7c2dc9afd1b5b5b8f10829e4c,,stale,VALID,17109bac,,,valid_direct_stale
elastos,validated_stales,data/validated-stales/elastos_validated_stales.csv,48,stale_only_publication,repo-data,710630,,644543,0000000000000000000ac8d61492ab76dab7451373c6eaa6803ec0244f623395,0000000000000000000fdca447d48331148b61f39f26a7c4065cc2fe152f5a40,1597923509,17109bac,632577847,00e0ff37405a2f15fec25c06c4a7269ff3618b143183d447a4dc0f000000000000000000833562890bed0a2c1c8a5eb468b9b17a819db14986f2d95a644c0e6c45001f8cb5603e5fac9b1017375fb425,03bfd5091d4d696e656420627920416e74506f6f6c363237a8006501208e51825a01fabe6d6d98a586b87a49b628eba57b144609ee077b6319f06a0ea068807a60869a06c3320200000000000000eaab0000dfe9000000000000,76a91411dbe48cc6b617f9c6adaf4d9ed5f625b1c7cb5988ac;6a24aa21a9edce4aead23fd6782c80041b7c8dde3234b487d9091e64d8024a0c802e888e827d;6a24b9e11b6ddc8cf2c9de6e0118cac1d585758897ba79f502e9adf5692b204f962b4209057b,,stale,VALID,17109bac,,,valid_direct_stale
elastos,validated_stales,data/validated-stales/elastos_validated_stales.csv,49,stale_only_publication,repo-data,711400,,644708,00000000000000000008bd49d6baf8c61bccf4b0b7fd5803df40e5880c73867d,00000000000000000005901ccc2232bfadcfb1d393ec3aaca66df9564947e357,1598014485,17109bac,1336608115,00e0ff2f57e3474956f96da6ac3aec93d3b1cfadbf3222cc1c9005000000000000000000ffe334df49bf399712b8586af0f24f54e9d99d2d68f9bd3abf07511ac41dc1d915c43f5fac9b10177305ab4f,0364d6090416c43f5f7669702f7777772e6f6b65782e636f6d2ffabe6d6dbe9ca80a6565ae27ff5869d1908ecd90fbef7b634e4f61b65a7dc8df201a2cfe020000004204cb9a1c3ea08371d9150000000000,a914804afd8b3479267b0cd0bb2fa2e217096005fb8d87;6a24aa21a9ed84518571325f803b897e45c5136d4a67bd2c3f8049b8dc83159aac2abff1fb2b;6a24b9e11b6d484fac57413ee2bbfca9c810afc06bd5c3e475c48bf9b44279af14bc1a0f253b,,stale,VALID,17109bac,,,valid_direct_stale
elastos,validated_stales,data/validated-stales/elastos_validated_stales.csv,50,stale_only_publication,repo-data,713789,,645179,00000000000000000004c1baa2412fd31eb75bbe79def4f66ef97e0e15a20668,00000000000000000001ec87384b890463079ebf7e3b08f4a7c678b03ea3354c,1598297126,171007ea,1762298420,00e0ff3f4c35a33eb078c6a7f4083b7ebf9e076304894b3887ec01000000000000000000065608e9e20e989d83f10c07f27c42557b7b4eb3ef679bbb438193a8f04fadea2614445fea071017348a0a69,033bd80941d7d1050adfa5f341d7d10509e1386b2f315448617368263538434f494e2ffabe6d6d2da96dff193908b0f6e74eacb5fa73811dfd7b5e96d07950ce50906380d08ccd800000000000000078ced65f35370a0000000000,76a9142220867b1e79c403fafe339a809a65ed01cb697988ac;6a24aa21a9ed5bbfc99b812eac1887ecb7105bcd260801e8eb7f619c0c2c748feb3f1b458fe3;6a24b9e11b6d599529783a1f418135ed6f3649f237a3069e08afabc79e8edafd6de05ea3ebb6,,stale,VALID,171007ea,,,valid_direct_stale
elastos,validated_stales,data/validated-stales/elastos_validated_stales.csv,51,stale_only_publication,repo-data,727751,,648060,000000000000000000018431f759c8a5cdffb59d2d407bfaa8dae1bba1993c7a,00000000000000000000c4357c94c56956f950c6aa36dcee8b51c52ee71281a3,1599983531,17103a12,2309341137,00000020a38112e72ec5518beedc36aac650f95669c5947c35c40000000000000000000070d3f3d2b50cd4d76feb87f88c91acce2140395f7e2cc8693752365bdb12f301abcf5d5f123a1017d1bfa589,037ce30904a7cf5d5f7669702f7777772e6f6b65782e636f6d2ffabe6d6d651fc75822c574f3ca5b1592e3a9b0688866537a193010d5813e3e40bece823c020000004204cb9a02a78a53ad3c000000000000,a914804afd8b3479267b0cd0bb2fa2e217096005fb8d87;6a24aa21a9ed85fdde386f3092b79c1a165b227cdf3e4b1092655502c08f4a73d8d41f8d2585;6a24b9e11b6dcdde4be6c3eec777d96416a8e48f7c65e905d7be27754a5a27fa1fa261b01f2a,,stale,VALID,17103a12,,,valid_direct_stale
elastos,validated_stales,data/validated-stales/elastos_validated_stales.csv,52,stale_only_publication,repo-data,732112,,649042,0000000000000000000ea7dfef484d3097105882330e01f009e89bc8c4fc899f,0000000000000000000aaea8c2d8e836864f01829f871a4767111565fa4b3b93,1600505938,17103a12,3362937857,00000020933b4bfa65151167471a879f82014f8636e8d8c2a8ae0a00000000000000000003f6de7ef028cea19c6bc819f46908f1ae369f06d07266b71df231a756bd772d52c8655f123a1017015c72c8,0352e7090457c8655f65752f42696e616e63652ffabe6d6ddf77c2c465a7a3a6aa27c2da2a1a457ab27f217fea1b6cc8a97498cab4f1fc4a010000008e9b20aa0615866b427b280000000000,76a914887d65fdc11cd8151c92530f323aada252792dc888ac;6a24aa21a9edafb9a0bb539436a3a5c6fbdc0768f90c0c5b8c3d8d34c2689ce465955ffeab35;6a24b9e11b6d67655df0ddd8d0f1cd15d2ac4c8c588c2d5020cd75a734d07ba451f16a180588,,stale,VALID,17103a12,,,valid_direct_stale
elastos,validated_stales,data/validated-stales/elastos_validated_stales.csv,53,stale_only_publication,repo-data,734857,,649585,00000000000000000006c8024fe052b0141339995d8a724450635fbee3eedce4,00000000000000000008c334d8fd0b68956c8ba9a2ef7528d5d2e5e39f54016f,1600836938,170e92aa,1691754824,00e0ff276f01549fe3e5d2d52875efa2a98b6c95680bfdd834c308000000000000000000164f3d2465c3cad6f590adc852daf04ac1ec2cc7df8bfbfb90f5d08fada1c91e4ad56a5faa920e174821d664,0371e909044ad56a5f424a2f48756f42692ffabe6d6d64b232eecd13ef0154f5b5333b309dd8dec9569db560f2c4672d870f4765e47608000000b8b63c8e0cdb726662d6a10000000000,76a914e582933875bedfdc448473c00b474f8f053a467588ac;6a24aa21a9ed4971a6bc5eecd00042bb67d37c7fe4fc12c206136e8366a2bd3aed86e6f55f8a;6a24b9e11b6d7c18891da5429d82ffaf5bd5f265c7d7a011bf0135b541548eb9f870216f4384,,stale,VALID,170e92aa,,,valid_direct_stale
elastos,validated_stales,data/validated-stales/elastos_validated_stales.csv,54,stale_only_publication,repo-data,746139,,651874,00000000000000000008df8e70e629348353dfa586492f91dcec31229dbd1eea,00000000000000000008bb2bc525d97ecd7b698a86e8ea197cd5b4c9ec4a7415,1602196213,170e95de,3334930013,00e0ff3f15744aecc9b4d57c19eae8868a697bcd7ed925c52bbb0800000000000000000001bdcd426ec586818da01879925d9ef44806e3932780944071a43067eaf4225cf5927f5fde950e175dfec6c6,0362f2092cfabe6d6d47823222a4896ac151c044a180b98211081c3562d7560b0bb3193f134514d74810000000f09f909f082f4632506f6f6c2f0f4d696e65642062792077746f697432000000000000000000000000000000000000000005001c56e900,76a914c825a1ecf2a6830c4401620c3a16f1995057c2ab88ac;6a24aa21a9ed5f69fc6424c6677d1dcc5f288337c3d3156c764f3ada3054745d575467b4769c080000000000000000;6a4c2952534b424c4f434b3a4943e7dd9596973070d27add76b56b5de18bd5841e2610f914301330002a2ef2;6a24b9e11b6dcb2e9945a3d297f3b6623e5953869cda11ff6a1bc1211cd24cc4c2cfc237994f,,stale,VALID,170e95de,,,valid_direct_stale
elastos,validated_stales,data/validated-stales/elastos_validated_stales.csv,55,stale_only_publication,repo-data,748616,,652377,00000000000000000003b8dbdcd67824d763a67d20601e251f90e70af19525b8,0000000000000000000caaaa2a5f70e21c1886e3fdb0c9fea6ccb6dbebf1876a,1602499432,170e95de,1368829780,000080206a87f1ebdbb6cca6fec9b0fde386181ce2705f2aaaaa0c0000000000000000003ad90a91b5426c7391055b4cd920e2bbbe4f23c2b1b6c03ad58436e1fac421cc6833845fde950e1754af9651,0359f409046a33845f45552f48756f42692ffabe6d6dac5afbda6fd3c894bf00ad1df396f3c339393312a9ce7bfb7a8c396c31627b4f0800000090fed21805c23c58fc2e000000000000,76a914e582933875bedfdc448473c00b474f8f053a467588ac;6a24aa21a9edf12c1b185ad4f4c19387c7bd206b1d37eb67fa5159087fbdfdb9cd52c60def3e;6a24b9e11b6d3e98b5394b7c43be395fce25616debe8bd876fd4682f23b837a9459467417f60,,stale,VALID,170e95de,,,valid_direct_stale
elastos,validated_stales,data/validated-stales/elastos_validated_stales.csv,56,stale_only_publication,repo-data,749387,,652526,0000000000000000000a858824af67b6e59845b0de48bcac1e8133c5d7411dfa,0000000000000000000742efcfeccb66c9b24b8f70e60905c0ab8422f0940e9b,1602585570,170e95de,234776799,00e0ff379b0e94f02284abc00509e6708f4bb2c966cbeccfef4207000000000000000000bbb08dd57c75a2a3cab3c433a9330c108f90d5616c8590e74ae379528fdf1a35e283855fde950e17df68fe0d,03eef40904f3a6855f687a2f42696e616e63652ffabe6d6d807a65dac3f18d3462a91a6a6dbaf0e5eeaa3efb45759884f54326b6a794b7c3080000002335614b06f135ea00000653e052b604,76a914887d65fdc11cd8151c92530f323aada252792dc888ac;6a24aa21a9ed3c6fad7dfc71d8a7ac88b27f1e23085a78569f602c1783221f173afe6e11681f;6a24b9e11b6df21f25920441ec23ef24547774f3a40c2a3ff0b41bf354007800a88a695660e3,,stale,VALID,170e95de,,,valid_direct_stale
elastos,validated_stales,data/validated-stales/elastos_validated_stales.csv,57,stale_only_publication,repo-data,749855,,652526,000000000000000000073b64e3d8e3f0f2ce2ccc6f63cc04a0a9c7a61092c97a,0000000000000000000742efcfeccb66c9b24b8f70e60905c0ab8422f0940e9b,1602585570,170e95de,4065728721,00e0ff279b0e94f02284abc00509e6708f4bb2c966cbeccfef420700000000000000000035de04efa13bdf1216792add7644b9da5fb9f88f074b2454f67883dd5bbe492ee283855fde950e17d11856f2,03eef40904ba75865f687a2f42696e616e63652ffabe6d6db7d066c63fc352dc5792bb0bd64716af5a0a9712f4ac65c3e4f81dced607335d080000002335614b08186456000046a8807c5903,76a914887d65fdc11cd8151c92530f323aada252792dc888ac;6a24aa21a9ed3c6fad7dfc71d8a7ac88b27f1e23085a78569f602c1783221f173afe6e11681f;6a24b9e11b6d5b863bf973ec7c385661a3611fadf930682fa294ce10b7589637eefdf929f406,,stale,VALID,170e95de,,,valid_direct_stale
elastos,validated_stales,data/validated-stales/elastos_validated_stales.csv,58,stale_only_publication,repo-data,750961,,652526,0000000000000000000600a00a3ce071b98d7c961cabe775c7bb73983d0e961c,0000000000000000000742efcfeccb66c9b24b8f70e60905c0ab8422f0940e9b,1602585570,170e95de,169717340,00e0ff2f9b0e94f02284abc00509e6708f4bb2c966cbeccfef42070000000000000000006bc08068292b17e85244be45f935f3a6482418d4fd1b8ad134d650aa25558b9be283855fde950e175cae1d0a,03eef409044e65885f687a2f42696e616e63652ffabe6d6dd534294ee49c7530568d6cb655a20344cadde35d4cc21d24dc451389ce6a041e080000002335614b01847928ba9c585f5ba75579,76a914887d65fdc11cd8151c92530f323aada252792dc888ac;6a24aa21a9ed3c6fad7dfc71d8a7ac88b27f1e23085a78569f602c1783221f173afe6e11681f;6a24b9e11b6dbeceee9d21aa6bb29925ee59b757b18817bdecb4629d3deffbace3a459c07c29,,stale,VALID,170e95de,,,valid_direct_stale
elastos,validated_stales,data/validated-stales/elastos_validated_stales.csv,59,stale_only_publication,repo-data,751138,,652526,0000000000000000000480c4d9ea36b08d181882f81b00d3c66babe9e3012182,0000000000000000000742efcfeccb66c9b24b8f70e60905c0ab8422f0940e9b,1602585570,170e95de,1901363937,00e0ff379b0e94f02284abc00509e6708f4bb2c966cbeccfef42070000000000000000000bef1c4fe702b9be105aef04937c5415ff2e83c5ca6670ccb380d7bf35337a38e283855fde950e17e1825471,03eef40904f0b9885f687a2f42696e616e63652ffabe6d6d54b7d103093775072aae86b657b76a750f59f7d4d215c520078c3e1ead9f5691080000002335614b02187db4000090b9bc04a400,76a914887d65fdc11cd8151c92530f323aada252792dc888ac;6a24aa21a9ed3c6fad7dfc71d8a7ac88b27f1e23085a78569f602c1783221f173afe6e11681f;6a24b9e11b6d8e147e925197cdb81ee1f631b407c0e6d425d0703f0f245f00821c006a4a6dd1,,stale,VALID,170e95de,,,valid_direct_stale
elastos,validated_stales,data/validated-stales/elastos_validated_stales.csv,60,stale_only_publication,repo-data,751899,,652526,0000000000000000000e42c7e71c09c6e31c6f740d19c22b151242952ebef322,0000000000000000000742efcfeccb66c9b24b8f70e60905c0ab8422f0940e9b,1602585570,170e95de,1798912776,000000209b0e94f02284abc00509e6708f4bb2c966cbeccfef4207000000000000000000d83c3fc625c187f5a946d3e6962e83ee308b892ce88ab76e3f43031a36ce806de283855fde950e17083b396b,03eef40904b6158a5f687a2f42696e616e63652ffabe6d6d98574be231b3415f7b47ce94f289a56609514f86a44a01b7fe9cf250db7cf941080000002335614b081864560000817565c56a00,76a914887d65fdc11cd8151c92530f323aada252792dc888ac;6a24aa21a9ed3c6fad7dfc71d8a7ac88b27f1e23085a78569f602c1783221f173afe6e11681f;6a24b9e11b6d1a9686f8d84fde9ad13a13343830b437aa98338b95d9517d8ba493d627443f90,,stale,VALID,170e95de,,,valid_direct_stale
elastos,validated_stales,data/validated-stales/elastos_validated_stales.csv,61,stale_only_publication,repo-data,755568,,653768,00000000000000000001e103359f810f977e5598c33f058206f8bc239ad11d9a,00000000000000000007e1498a14d7aaae444b2236da100c2338709ffae57de6,1603331644,170e134e,122450889,00000020e67de5fa9f7038230c10da36224b44aeaad7148a49e1070000000000000000000c69cd958b23af68ac6e945ec327e4fb5be8053cc20589793e5ebc149e19a89c3ce6905f4e130e17c9734c07,03c8f909043ae6905f45552f48756f42692ffabe6d6d141fb2293c2ceb31cc8df55a431b6d2bf74070ffe2f98c9805ed60ac1d564b6b0800000090fed2180d5af66e010480656ceaaa2a,76a914e582933875bedfdc448473c00b474f8f053a467588ac;6a24aa21a9ed02162eae4efc9ad3664fef03268b4d05b74bea733b8208c4dfb0a34654f52bf5;6a24b9e11b6d6cf538523d370c94508a21129ae7abe5d15467bd8f073f777390c76d96a2decd,,stale,VALID,170e134e,,,valid_direct_stale
elastos,validated_stales,data/validated-stales/elastos_validated_stales.csv,62,stale_only_publication,repo-data,755962,,653835,00000000000000000003daa47cc9190cb32dcea750dce17684458beabe89fbec,00000000000000000002a0895a18248be699207108f33d042a5ac88033c5c313,1603374690,170e134e,3767376043,0000002013c3c53380c85a2a043df308712099e68b24185a89a002000000000000000000c843cc07158575c3316055bb8db2adf87f0d41174ddfc934e542a993efa13f16628e915f4e130e17ab988de0,030bfa0904698e915f45552f48756f42692ffabe6d6d217351f2886e8c29fc0650273727ecfbbf4c8d71b8b3063481e08ebe58e67e820800000090fed21803dc05325952030000000000,76a914e582933875bedfdc448473c00b474f8f053a467588ac;6a24aa21a9ed3cb305d91282d4e969574d8f155649f5a7a4c5e61348fff4633075a96e551e86;6a24b9e11b6de11471cf0b88bd98560ece4779cd1aa23e4c0335cd68f7602f9be061d0f1e2e3,,stale,VALID,170e134e,,,valid_direct_stale
elastos,validated_stales,data/validated-stales/elastos_validated_stales.csv,63,stale_only_publication,repo-data,759853,,654526,0000000000000000000309d878ee05b72b4b51bbf45f356da00f823b7b369b09,00000000000000000000d66ad3d83ea568571665f5d6033c4dff97c11969b550,1603862364,170e134e,642208440,0000ff3f50b56919c197ff4d3c03d6f565165768a53ed8d36ad6000000000000000000009344b8781934afab546b4e2957db086a61c66e5120280e004d7d4f8dabd99e5d5cff985f4e130e17b8524726,03befc09044eff985f65752f42696e616e63652ffabe6d6d4c6c507727720d5407191abda8eec6cd742dc7d6309db5f6c8600e49b2a79cc2010000008e9b20aa04009149000015aae10b0000,76a914887d65fdc11cd8151c92530f323aada252792dc888ac;6a24aa21a9ed433f71fe3af603ead5e61aeb31dbb357368f2aa174a4e210a37f9d8f332e264b;6a24b9e11b6db77772416ffa889f0b9a13a8875070065ef9858f6e7fbd1ab71f76245925d17f,,stale,VALID,170e134e,,,valid_direct_stale
elastos,validated_stales,data/validated-stales/elastos_validated_stales.csv,64,stale_only_publication,repo-data,759856,,654526,00000000000000000005447f73cb1766c396c9afdca13d76a2bddd0b69afbc6b,00000000000000000000d66ad3d83ea568571665f5d6033c4dff97c11969b550,1603862509,170e134e,33617520,00e0ff2750b56919c197ff4d3c03d6f565165768a53ed8d36ad600000000000000000000564ff4aeb285fec8abad9c6b12a837ce90bd8c0b60e358146e57313c071ce7faedff985f4e130e1770f60002,03befc09040700995f424a2f48756f42692ffabe6d6da40fc3f46317fcf2444149c8a789d7176bbd5fef9d647be450a4e48bfc2b2b1808000000b8b63c8e080002060000f8ee26322500,76a914e582933875bedfdc448473c00b474f8f053a467588ac;6a24aa21a9ed7f1d8d83c42750f1ccac91f9699c292a1eba45c8b2097a210a84b1ce3b2e0ed6;6a24b9e11b6dc140ba3ea4feecbda711b9b2093c778a99ba56555b53f433effeb774a5eca515,,stale,VALID,170e134e,,,valid_direct_stale
elastos,validated_stales,data/validated-stales/elastos_validated_stales.csv,65,stale_only_publication,repo-data,760935,,654683,0000000000000000000a872e5cbdf79938b7fbf429cb63421112a8e919600c3d,00000000000000000003fb8ae0a1dac01e2c387e7e6b52a3ca61ff20e706563b,1603995842,170e134e,1401235717,00e0ff373b5606e720ff61caa3526b7e7e382c1ec0daa1e08afb03000000000000000000a0720e73b775dd3a76a8ce7b94943a2cb991c822e6f7abcb723c977ec4c0c7b6c2089b5f4e130e1705298553,035bfd0904c3089b5f65752f42696e616e63652ffabe6d6dcd26dedfe1ea244f14fa8a3271e00f78ea67ae940aef352fcddc536cc94e4342010000008e9b20aa041804985498380000000000,76a914887d65fdc11cd8151c92530f323aada252792dc888ac;6a24aa21a9ed10c1d1cd4a8057cbb9c0d504369b2b1d01e4ae64ad5108917dd252f28a4da2a1;6a24b9e11b6d2efc48f094af543cab7608fe96edec0d2b703b8a0732ce606f73a00ed3653b65,,stale,VALID,170e134e,,,valid_direct_stale
elastos,validated_stales,data/validated-stales/elastos_validated_stales.csv,66,stale_only_publication,repo-data,764196,,655191,0000000000000000000d84896f7e9ad2c29da4c8bf0766cb167ca7e73e5535b9,0000000000000000000d6a44b46922ebf506f4fb1b9d7914ad3d02f9d5e24c62,1604387891,170e134e,1696642089,00e0ff37624ce2d5f9023dad14799d1bfbf406f5eb2269b4446a0d000000000000000000562ca28e6a2ff72b989e1c3c035cd0498c6ffb9b9d17a11d3256d1d1936e9c4a3304a15f4e130e1729b42065,0357ff09043404a15f65752f42696e616e63652ffabe6d6daacabc65a6547b7eb330ac6713e1fc53a55d81893298ea09c4c6a0467c546776010000008e9b20aa05d7167e3748880000000000,76a914887d65fdc11cd8151c92530f323aada252792dc888ac;6a24aa21a9ed3db2a50a843a67dcbdcc043c83f500c312c27df99b9a4bb2785f2226d9930fee;6a24b9e11b6db1417227b3427b0787900dbf7fad8843810bbf2c953cf0ac7bd5a91dfe652606,,stale,VALID,170e134e,,,valid_direct_stale
elastos,validated_stales,data/validated-stales/elastos_validated_stales.csv,67,stale_only_publication,repo-data,764249,,655206,00000000000000000006dec1e0c6a73fb14a8d3975f7032bf7afe7387cb6613a,000000000000000000086b5f6a11e629cd18391a40aaff74c78812b08d99fe52,1604393937,1710c433,1322700512,00e0ff3752fe998db01288c774ffaa401a3918cd29e6116a5f6b0800000000000000000026dc4ff18ffbfcaf9565e93d7f36a4419c0938212ef82bae978e7aea2e66be6fd11ba15f33c41017e0ced64e,0366ff0904ee1ba15f65752f42696e616e63652ffabe6d6d8c646b1f1e3d668af71e4076ded2d1da29e953c5a70c53ed0c9cfdf2559f03d9010000008e9b20aa04235af70000950c30e90800,76a914887d65fdc11cd8151c92530f323aada252792dc888ac;6a24aa21a9edc5e1f82c30956d93e00ed4dd64ff0c923e9fdac6a183ec6cddc47aaa7e92b1df;6a24b9e11b6d0b75c1701c11065288448405f95af6fc1814efbd1f4c0b4e7435d307f6dcf018,,stale,VALID,1710c433,,,valid_direct_stale
elastos,validated_stales,data/validated-stales/elastos_validated_stales.csv,68,stale_only_publication,repo-data,764805,,655313,00000000000000000003899b4521357c1a914c924d33e370e0a1b1ad0cea67b3,0000000000000000000cd26c1e69946ce6062a28374c160fe05d4e6768061129,1604458799,1710c433,3826759780,0000c02029110668674e5de00f164c37282a06e66c94691e6cd20c000000000000000000c23653cf7aa20c78df3eb25ad6c93ff10b2ecbdaa324cd020fcb5f4df71f327f2f19a25f33c4101764b817e4,03d1ff09043119a25f626a2f4254432e636f6d2ffabe6d6d9f8f8e45f0c946ec1abb23a5b29787b3009ef11ad9150be902029617fa77411202000000020bb56c12c0704319cf010000000000,001497cfc76442fe717f2a3f0cc9c175f7561b661997;6a24aa21a9ed3553b57bc2372d04308156b50de6c8f9d8a33217d76b76cbdf45bba0180adddc;6a2952534b424c4f434b3ad97abfc8461b112d0fff6972da43079e5cdc435faf4fddb7bd2d1d19002b3f96;6a24b9e11b6d2ade50b4ece161746140bf3edca457bbbae30977b041b7371966d2136a6e891e,,stale,VALID,1710c433,,,valid_direct_stale
elastos,validated_stales,data/validated-stales/elastos_validated_stales.csv,69,stale_only_publication,repo-data,764887,,655333,0000000000000000000dbf679191ac4d06fdc2198ff94aa4ffa960617393d905,00000000000000000005c10b1d8159e02e0db27397917d9af63a6cbd232fbb86,1604468117,1710c433,4102830890,0000002086bb2f23bd6c3af69a7d919773b20d2ee059811d0bc1050000000000000000009b0d83e861336542b456c804ef88dd9fccdf7bc0c91df9fb7cc9ee79bc1ec544953da25f33c410172a3b8cf4,03e5ff0904963da25f65752f42696e616e63652ffabe6d6d9d01d92e8e7b536063feec24509da47761b7760f413bd795c0a0271d03d7087a010000008e9b20aa04233e1b37a1400000000000,76a914887d65fdc11cd8151c92530f323aada252792dc888ac;6a24aa21a9ed53a6680f9a8b7e49cf7252643f613dec340fe5a308fe9e501dc3d9eb2e44e802;6a24b9e11b6d9ae4179071f66643e185cd5368ad3d3948ee985a242a9c4af26d6f38fdf12694,,stale,VALID,1710c433,,,valid_direct_stale
elastos,validated_stales,data/validated-stales/elastos_validated_stales.csv,70,stale_only_publication,repo-data,767471,,655864,000000000000000000088692e55a40306e76732be060178ee919aa8f91e4a3c2,00000000000000000006d0642914212d6ce49a5116dc92f5bd8d5b2e9009c9b5,1604771445,1710c433,2036779136,0000a020b5c909902e5b8dbdf592dc16519ae46c2d21142964d006000000000000000000144bc5bac73ba7fd918fcfb70386f10f3aaab3d6a39c369337b214a4c29ba49675dea65f33c4101780c86679,03f8010a0477dea65f737a2f42696e616e63652ffabe6d6d83eb3693174fa67a972ad2e24c12217ba46a7d3cac34b6da44f7cab8fdba6b1b02000000020bb56c1075e2c030c6010000000000,76a914887d65fdc11cd8151c92530f323aada252792dc888ac;6a24aa21a9edd86b5816eca590850a326304a8dd572cb307034c6ad6a71d59a8d3f4e491fb18;6a24b9e11b6dad8dc108fc66efd287fd21ad885f04173ac288a3d4dbdac025bff6e212eba825,,stale,VALID,1710c433,,,valid_direct_stale
elastos,validated_stales,data/validated-stales/elastos_validated_stales.csv,71,stale_only_publication,repo-data,771800,,656767,0000000000000000000d1228138018746b0bea59dff3b7e6de98af0ede293941,0000000000000000000c3140d9d07a376b59461f271cbfb9eb970b8891ee5e4c,1605282231,1710c433,3087521380,000080204c5eee91880b97ebb9bf1c271f46596b377ad0d940310c000000000000000000316ce9a9efeff2896e353bc594ed1686667b2e68eb01e15a9c248c63133b5f4eb7a9ae5f33c4101764d607b8,037f050a04b7a9ae5f62696e616e63652e636f6d2f68682f7a68fabe6d6dede6e4a534845eb40915d62435accaf37ed7b551f054a96912c9ad40b6578e81020000004204cb9a985114d0f449000000000000,00143156afc4249915008020f932783319f3e610b97d;6a24aa21a9edf5b356f2324105161bcfe58339ecb6b04e6ba66e7505408032e27d70c0846450;6a2952534b424c4f434b3ad3b9fa7ed5367d076a85ad7a87bc8f5499abd59d9bd91eef5b3bc227002ba466;6a24b9e11b6d54be5131a64adf570e0421ed01c3db431003cc1fc831f20272e860b1385be7ca,,stale,VALID,1710c433,,,valid_direct_stale
elastos,validated_stales,data/validated-stales/elastos_validated_stales.csv,72,stale_only_publication,repo-data,773180,,657053,00000000000000000000049605d9582b95a7e746c41d56d16550e476e7be3673,0000000000000000000cba17634ab961477603f8fef0a92c6f96a29668c8edc1,1605454685,1710c433,4119512634,00e0ff2fc1edc86896a2966f2ca9f0fef803764761b94a6317ba0c000000000000000000ed61909ff601ddd6e97b9654d949022c401c6e92b19aed53c78995dcad6e72b25d4bb15f33c410173ac68af5,039d060a2cfabe6d6d8325ef3c8cd1059c159aeff8e162391a3718e489ef6a28fc814acec73d194fc410000000f09f909f082f4632506f6f6c2f114d696e656420627920686d32716d3231730000000000000000000000000000000000000500906c8d00,76a914c825a1ecf2a6830c4401620c3a16f1995057c2ab88ac;6a24aa21a9ed5bd38705683cebebf1e30ba4462d2a6d74ccb073c91cb25afa4d2592f1ca5e8d080000000000000000;6a4c2952534b424c4f434b3aff12fdd0c0809949b7249a520189025ada582a2099e8ec51eb2fb029002bb947;6a24b9e11b6db0260808a1987f0f8651cb3405bb54ff8036986da7974db3adae213522551668,,stale,VALID,1710c433,,,valid_direct_stale
elastos,validated_stales,data/validated-stales/elastos_validated_stales.csv,73,stale_only_publication,repo-data,776400,,657730,000000000000000000015311bc1807d4e7a68226b69a3785dbc1a0aa61e80b9d,0000000000000000000abbe0a5c0cef267d24989d7ecf33c0ccec202b1607d31,1605832396,170ffedd,880333314,00000020317d60b102c2ce0c3cf3ecd78949d267f2cec0a5e0bb0a000000000000000000001f432bd22b5311dfe4de2ffce090e23d4ee9465eb58bbc17cf8fbc00ddbceccc0eb75fddfe0f1702d27834,0342090a2cfabe6d6d9ce588a4a823dcd5a9b183d0780842d7cb4740cb533ad57fa91ea786dee3446710000000f09f909f082f4632506f6f6c2f134d696e6564206279207374726174756d6f616b0000000000000000000000000000000005003dac55d5,76a914c825a1ecf2a6830c4401620c3a16f1995057c2ab88ac;6a24aa21a9ed050fffaead5cc89047ef435a165bad18f52cc7505494d36d70b5359bd5144dc9080000000000000000;6a4c2952534b424c4f434b3a37811d05733d321eebb140649354f76e24767560a75172e63c28cb26002be6a0;6a24b9e11b6d4489c1da48771d25f2f12aa38d2b60d8938ddac5043e4007e8001f2bc5f57c95,,stale,VALID,170ffedd,,,valid_direct_stale
elastos,validated_stales,data/validated-stales/elastos_validated_stales.csv,74,stale_only_publication,repo-data,779989,,658550,00000000000000000000615273567268c22eb93d02830e6b82e08c6f3f64bc96,0000000000000000000c92aeb20123ebe5b81e490120e10fad76658f55ee1ea2,1606277583,170ffedd,2881679652,0000c020a21eee558f6576ad0fe12001491eb8e5eb2301b2ae920c0000000000000000006232372eab9921c94df7d64343a70ccd39de51ef8360eb522aabd27dd5ac5835cfd9bd5fddfe0f1724f1c2ab,03760c0a04d0d9bd5f65752f4254432e636f6d2ffabe6d6d934ee460ae3a7f9ef40f9fbd90bb32da19497c63d0d3a809ac7a49610a57dbf60200000076090e70060b2754dd0b010000000000,001497cfc76442fe717f2a3f0cc9c175f7561b661997;6a24aa21a9eda2e5d14b27c3ced2e506d5e55d21fa31665c8d5858d75318fc89c28fc38291cd;6a2952534b424c4f434b3af4a3ddce00ed2480eb6aad52181243b4ae6d39be7dc2c21d7489ce30002c1aac,,stale,VALID,170ffedd,,,valid_direct_stale
elastos,validated_stales,data/validated-stales/elastos_validated_stales.csv,75,stale_only_publication,repo-data,791499,,660840,000000000000000000027d34c43d035676bdc364945809c3f666a25ff73ed357,00000000000000000004a69d0d14a207b89105fb4f1af4934764a24ebb9cb451,1607655640,170eb156,1801462922,00e0ff2f51b49cbb4ea2644793f41a4ffb0591b807a2140d9da6040000000000000000004022cbb7b4f7f0b6a78b8fee7f202c2d66a8cc943c1a154af7fdef5218e95ca1d8e0d25f56b10e178a24606b,0368150a04fce0d25f737a2f42696e616e63652ffabe6d6dce82221f62488540f354d1170db8eb1ee896e07c970620f7246b4881cb3c49be02000000020bb56c10d87964bc29060000000000,76a914887d65fdc11cd8151c92530f323aada252792dc888ac;6a24aa21a9ed47d6de2a79bdf5c00ca690076b64d76a9f8a7c0a22e5902a74c91b75474deae6;6a24b9e11b6dfad468951895be817ac26bd1e0d9ec98990ec53846cae94d3bda4976efe6291a,,stale,VALID,170eb156,,,valid_direct_stale
elastos,validated_stales,data/validated-stales/elastos_validated_stales.csv,76,stale_only_publication,repo-data,792730,,661082,00000000000000000000b38392efc06f7dc7ba0eb962dc2902a37892ef428c63,0000000000000000000dec00cb968ceb818ed4428868b911022029b458844d0b,1607807895,170eb156,3833788218,000000200b4d8458b429200211b9688842d48e81eb8c96cb00ec0d00000000000000000004fbd24bb57009506a0f0fa682dd0acaf88d7f83c5e0b1699ab7d1886400755b9733d55f56b10e173af782e4,035a160a048333d55f65752f42696e616e63652ffabe6d6d109b04ab3e4bef6fbcece09c09e342670d7c93e040cc0e2c9523b633078c7b24010000008e9b20aa07c1a3d3e70e030000000000,76a914887d65fdc11cd8151c92530f323aada252792dc888ac;6a24aa21a9ed3f5e8fd62b13e6894501430bfc62115cc84ad424a67a76ef8d50ca7e1a3a99db;6a24b9e11b6d9634c9169b71b183aef1dd4ae244015018ecaf9a191cc825c25f442288c4f5a5,,stale,VALID,170eb156,,,valid_direct_stale
elastos,validated_stales,data/validated-stales/elastos_validated_stales.csv,77,stale_only_publication,repo-data,792923,,661122,0000000000000000000e0e769652e151ffd7ec27ed7e80288063c4ecbda9cd68,0000000000000000000166a45d8a7e1a539fd71495d51a70ac6a7446438a2e08,1607830896,170eb156,341039998,00e0ff3f082e8a4346746aac701ad59514d79f531a7e8a5da466010000000000000000000830169b3f1f131551df96d12312345125f411b56f6ee4b74b82b2954a10e83d708dd55f56b10e177edb5314,0382160a04658dd55f65752f4254432e636f6d2ffabe6d6d09718a5247d6ea0796aab0529a7fdae9dedd7ab626a5d0604f6dcbfc007e6924020000008e9b20aa1130f84f5e01000000000000,001497cfc76442fe717f2a3f0cc9c175f7561b661997;6a24aa21a9ed6fd41da2de711544dc8ce422e4bdbbd56d45ca3f0b75f385c9e196f1c888ecdb;6a2952534b424c4f434b3a4bb82adbc55e1500ad6d918920420e135bd91310d73421982c5dbb25002cd5ff;6a24b9e11b6d508c7a3968b02bd2429ecc9f193b36eb1edc22e9aa572e16af366a726a88d9d9,,stale,VALID,170eb156,,,valid_direct_stale
elastos,validated_stales,data/validated-stales/elastos_validated_stales.csv,78,stale_only_publication,repo-data,797252,,661983,00000000000000000006d890e1147294bf6d34bff9028d0567f2d48105c7b56a,0000000000000000000a88884710099e2076d1698a880f5252429acf888f329f,1608347203,170f1372,3987102891,000080209f328f88cf9a4252520f888a69d176209e09104788880a00000000000000000061ee37d1c28a4d751150c9a45737f81802e3bcaa7a162e2c554d5d9dfbf37d30436edd5f72130f17ab5ca6ed,03df190a2cfabe6d6d8d9188d98d9470ed94c2cf1d015018bebf70efdd44880a5558257b63ac08bbc010000000f09f909f082f4632506f6f6c2f104d696e65642062792078673132743137000000000000000000000000000000000000000500d44a0200,76a914c825a1ecf2a6830c4401620c3a16f1995057c2ab88ac;6a24aa21a9edf16c5358f6c0cf6edb18cb637147a0aac2c01c7e4b8cb7c9705a9f782dc7894a080000000000000000;6a4c2952534b424c4f434b3a0d1f48d42b7e3f4f5e1588796792e9618c970918198554368034f425002d14da;6a24b9e11b6d7d04497829b17d54060665a561f05f30e8e16375bf27de3474f0573f7e03576b,,stale,VALID,170f1372,,,valid_direct_stale
elastos,validated_stales,data/validated-stales/elastos_validated_stales.csv,79,stale_only_publication,repo-data,804346,,663426,000000000000000000000d691e98e804dcfd8772e6af1bbc63b62d895bbc533c,00000000000000000000f739db13ddaf952848f12f4a889eaf3f408fcd04306c,1609202268,170f2217,328620914,00e000206c3004cd8f403faf9e884a2ff1482895afdd13db39f7000000000000000000001ff460d437d74f36d0b594443bfdccdfc6abe869151ef56cbe46ce0ca96dbd8b5c7aea5f17220f17725b9613,03821f0a2cfabe6d6d5e933b569541550e9af17a93004b50b27e846150024c039ccc39d972335c5a1610000000f09f909f082f4632506f6f6c2f134d696e656420627920766963746f723737373700000000000000000000000000000000050058230000,76a914c825a1ecf2a6830c4401620c3a16f1995057c2ab88ac;6a24aa21a9edcef1d75f72372ebb7d86ce85f1a8d412a168397070111e3434fd2dadbb8e7188080000000000000000;6a4c2952534b424c4f434b3a455053dced2ee6c8ea1def611b6dfc6ad4c6864375f45e6f12e8062c002d7b79;6a24b9e11b6d728e1b2b8ffd021ee721b1277b5401c1f2de9c4b00ae4deb53f1b8fce07ee046,,stale,VALID,170f2217,,,valid_direct_stale
elastos,validated_stales,data/validated-stales/elastos_validated_stales.csv,80,stale_only_publication,repo-data,805941,,663788,0000000000000000000c7727c791fee3cddfc6af91373c70b89aa0765aaf7ba0,00000000000000000007f269700e162d14fe8d45426d887a9a3a0a10a8c26645,1609394295,170f2217,2329412623,00c0ff3f4566c2a8100a3a9a7a886d42458dfe142d160e7069f207000000000000000000ae82040c10bc8fa5bdc64d6408265304bc54141d909b34916c093891b38b3d0e7768ed5f17220f170f04d88a,03ec200a048d68ed5f737a2f42696e616e63652ffabe6d6d2fadd278b13353b8ebb4e447dda9e68682dc17ff90eb88238ef70a10b539cb9c02000000020bb56c04c88ba73c0caa0000000000,76a914887d65fdc11cd8151c92530f323aada252792dc888ac;6a24aa21a9ed132617fc4b2d0f2f4bed495d06adc85bd4c6b795dc2a28b0d62a67836ea5dc34;6a24b9e11b6d1418979f45eb963cfe6d7482a27b6ddd8465edd96411b2ba957639ef24baa5bf,,stale,VALID,170f2217,,,valid_direct_stale
elastos,validated_stales,data/validated-stales/elastos_validated_stales.csv,81,stale_only_publication,repo-data,814701,,665714,00000000000000000003b6f0620ae473583668c8df00979e9e9b55326ce97f6d,0000000000000000000d59ef80388ba380c3bf5c98c8c3d83d360f7946119146,1610445531,170da8a1,1709903894,0000002046911146790f363dd8c3c8985cbfc380a38b3880ef590d000000000000000000ad994528f0143cda014ba912d40df607fb82a7234afc11e18171c872d52eff83db72fd5fa1a80d171610eb65,0372280a04f872fd5f737a2f42696e616e63652ffabe6d6d084ea70e4922619471870df86871b0a45cfbe1a3efb1c1d4d6d46d7f37d3385002000000020bb56c018d43cc00004906d4da0800,76a914887d65fdc11cd8151c92530f323aada252792dc888ac;6a24aa21a9ed51fe8dcddc259dd79e30bed98c91ea612defe9e827151b980c0c3910ee6055b2;6a24b9e11b6de7f36cc80e1c08625493d72427b8cdeb2a2fe3c3c73cd7af2244eb13ce3dfc6a,,stale,VALID,170da8a1,,,valid_direct_stale
elastos,validated_stales,data/validated-stales/elastos_validated_stales.csv,82,stale_only_publication,repo-data,820028,,666793,00000000000000000009c6131c431436862392d7f11268e0fe02ce575cd549d1,00000000000000000005d94a49cba4f2c602fe377ce7aa6e0d0cd680a8562297,1611082710,170da8a1,51109445,00004020972256a880d60c0d6eaae77c37fe02c6f2a4cb494ad905000000000000000000ac0983cac995bc0309c9197c7684b4e6fcb107cf1c83ccfcb15bc7f24407859ed62b0760a1a80d1745de0b03,03a92c0a04d72b0760626a2f4254432e636f6d2ffabe6d6dbafa8099f746289da91e9370ec138f83d93a5a4c989e139e032805f7c5bc8a6402000000020bb56c1bd3d7cf90e2010000000000,001497cfc76442fe717f2a3f0cc9c175f7561b661997;6a24aa21a9ed0062a45eb89c5bd6ead977d872f2f052766afef65914288f7f3ec3aca85763f7;6a2952534b424c4f434b3a88b1f2b32eb58c557418fe79a86f76ae13fd92a2350c7e79847ed425002e5bde;6a24b9e11b6df49a72856b0afef9cb34573038b3949a98ef9a5881246111976e2e162d572c88,,stale,VALID,170da8a1,,,valid_direct_stale
elastos,validated_stales,data/validated-stales/elastos_validated_stales.csv,83,stale_only_publication,repo-data,820210,,666833,00000000000000000005e086e9e74aae37139ba27c5ba8b50ba5c773e22c6b61,000000000000000000083f28f919f6c8181e0cec34a469af2ce5b1c07affd259,1611105457,170da8a1,141879236,0000002059d2ff7ac0b1e52caf69a434ec0c1e18c8f619f9283f0800000000000000000090b5e4b78945bc932e166ba509f8b1dc53d9b6edfd8935e55e831a918e29b032b1840760a1a80d17c4e77408,03d12c0a2cfabe6d6d796b60690999fa8b47785fe002e54e3a3326813a00aaf9c3a3e3086e7a4412da10000000f09f909f082f4632506f6f6c2f104d696e656420627920796863327431370000000000000000000000000000000000000005006f000200,76a914c825a1ecf2a6830c4401620c3a16f1995057c2ab88ac;6a24aa21a9ed469afbf767e018e39733a1ccc4c8ace0453ea10661a8bae08bb1cf00ba46b3d2080000000000000000;6a4c2952534b424c4f434b3a4382d8e886878afef646c31f536668003bc0d699ec6ae03753bfda34002e5e73;6a24b9e11b6d962d4a08e55f3ce806fbc8ed209f2398deba855148040d88f6f568d4e408e3e5,,stale,VALID,170da8a1,,,valid_direct_stale
elastos,validated_stales,data/validated-stales/elastos_validated_stales.csv,84,stale_only_publication,repo-data,829507,,668666,0000000000000000000717ffae6ff8e585fe50e2f358e3e197d26e88cd19eef3,00000000000000000004db69daeb0422cb4ee110787d6c86827166594347aa59,1612219735,170d8457,4289336378,0000802059aa474359667182866c7d7810e14ecb2204ebda69db040000000000000000009ad549d916a4d54c8081a4b961cb03d7f7a667de4f4d222831472b275b4b79b05785186057840d173a14aaff,03fa330a045d85186065752f4254432e636f6d2ffabe6d6db4889f7b7326a68cb25d61976652312fb0218c4dc3ea8151ed1a69d2ba2009e1020000008e9b20aa01d3850e3f3a010000000000,76a91474e878616bd5e5236ecb22667627eeecbff54b9f88ac;6a24aa21a9edde44a0999da9f41dee2ade50958895609bc7fbf6337c942d98efda31ad134245;6a2952534b424c4f434b3a525816609b654fa9c15d1c45233a51bbf2f9ad259a70e46f04223129002ee1f9;6a24b9e11b6d1a0fbf7fff04f9afeb921679d8bd9644af1bc082547a39c8fa9a4f702c738219,,stale,VALID,170d8457,,,valid_direct_stale
elastos,validated_stales,data/validated-stales/elastos_validated_stales.csv,85,stale_only_publication,repo-data,835324,,669918,00000000000000000002d0b9fc2eee0c71ef035b7d066c067cb494b3462a9ca3,00000000000000000007336cd192c7c8960ff85b53f4df461763b4ac390c80f9,1612915235,170d21b9,3505276043,00e00020f9800c39acb4631746dff4535bf80f96c8c792d16c3307000000000000000000467c9aee1b20774f3f656e16951c9771196479d08eb898377c7346d3b11b922323222360b9210d178b44eed0,03de380a042e222360737a2f4254432e636f6d2ffabe6d6dac24fb60b577a2fe9072ac37ff9fd97268f72843c2e5dc3e12a997c00e7d087f02000000020bb56c065d8bd68b15000000000000,76a91474e878616bd5e5236ecb22667627eeecbff54b9f88ac;6a24aa21a9edcb279e55d06b65db45d0536d8ef69914dcd2ca6f0d761f15979672a216a82f51;6a2952534b424c4f434b3a699a67a65d6b15e0a35f4e1caf8535ad68b18b0ba417d290f72e6c4b002f07ad;6a24b9e11b6d33f91a0e769990a2abc3dc37955e305a26feec46dcf62dd8fd055cd02174bafb,,stale,VALID,170d21b9,,,valid_direct_stale
elastos,validated_stales,data/validated-stales/elastos_validated_stales.csv,86,stale_only_publication,repo-data,835372,,669930,00000000000000000006d7f67388bbd5570ce1c7c06b738ecb4b70d0a30ccf08,0000000000000000000b1bd5dedcabaf0358cd17c380f4939abed9ed8a3cb6d7,1612920851,170d21b9,2199162852,00000020d7b63c8aedd9be9a93f480c317cd5803afabdcded51b0b000000000000000000af90d4ed969158b743122965e06491ac3d1586f4a586cf2508dacca3ebcfbbd113382360b9210d17e48f1483,03ea380a0427382360535a2f48756f42692ffabe6d6d4c2860ef6a882ff79fb1ab17035fe0c835837e4843b2dffed1e15c05cbbc8a5101000000020bb56c046cae0ef4a1090000000000,76a91452f43a457374d1a0a3e58d23ec7b5576c4eb649c88ac;6a24aa21a9ed25e3e656acd816d1ea0e2635e4cbdc6ea353f44d6efeb63f4e42c0322f38e4ce;6a24b9e11b6d1a141a5359dd492391af8fbc8511bc7b370851d7e746e24345e334a1d6d461ac,,stale,VALID,170d21b9,,,valid_direct_stale
elastos,validated_stales,data/validated-stales/elastos_validated_stales.csv,87,stale_only_publication,repo-data,841927,,671216,00000000000000000005c71f3a13da52116b8924740d39b4a52a2a7cb3988bfc,0000000000000000000c4fe6d2477e3b55c87b9089848ee7298205cd46a5eb6a,1613712498,170d21b9,2085186188,00e0ff276aeba546cd058229e78e8489907bc8553b7e47d2e64f0c000000000000000000197e708762acaf34109aa6aa3f2badf80d6cc3fff5c626f23a9732cf6b2a3da5724c2f60b9210d178c6a497c,03f03d0a04a84c2f60535a2f48756f42692ffabe6d6d42d71ba50f12deacba0dcc8d8316f4d1a3110a4cbfcdf02957e1ffc36a5b787d01000000020bb56c030ffa000538040000000000,76a91452f43a457374d1a0a3e58d23ec7b5576c4eb649c88ac;6a24aa21a9eddbaa5414d7eb8a4a51658915454d8b3f4cde74bbf37062b155f61bc8df753592;6a24b9e11b6db4ee5dacf993f6473e18980491fd55a2b9d926eb80a840a41f5024c4ca2be43e,,stale,VALID,170d21b9,,,valid_direct_stale
elastos,validated_stales,data/validated-stales/elastos_validated_stales.csv,88,stale_only_publication,repo-data,844006,,671646,000000000000000000040e2e14931819cd282023c46c4e19ecc2f9daa36f6eaa,000000000000000000027dccda2bda8421872432168d9d957a12bdba492b2453,1613966671,170cf4e3,1908921605,00e0002053242b49babd127a959d8d163224872184da2bdacc7d0200000000000000000051eca172fd2b7e47dddfd9a732513cad50cdc3530f3adf997b7a34d5ead9dd3f4f2d3360e3f40c1705d5c771,039e3f0a2cfabe6d6d7e9e8eb59ee341bca7fd33e5f45b3bff683e09b3c7b3e42a757527ea163368da10000000f09f909f082f4632506f6f6c2f134d696e6564206279207a646c69616e6865776b0000000000000000000000000000000005000d3a0000,76a914c825a1ecf2a6830c4401620c3a16f1995057c2ab88ac;6a24aa21a9ed8470f1e80143dd0c338a5a6c4b8959708a7c426b67c635762f8479d064b67506080000000000000000;6a4c2952534b424c4f434b3af67a77239a721f936c0dc88f6526e42aa6850f6ffa274548e06ec631002fb7d4;6a24b9e11b6d936c05518d26fa5c4a37ddf45d2fa49090a4faf2f375ff006edde11ce2303a56,,stale,VALID,170cf4e3,,,valid_direct_stale
elastos,validated_stales,data/validated-stales/elastos_validated_stales.csv,89,stale_only_publication,repo-data,854699,,673781,0000000000000000000a2b674d3441dbd0f333d4b465c9f538628b9167f16755,0000000000000000000d1454bdec5eb24c71930242aba9583aae7d2354673a65,1615247433,170d1f8c,3103291865,00000020653a6754237dae3a58a9ab420293714cb25eecbd54140d000000000000000000702aec4edcc1f5a9a9ef40db583964d90bfbf8fe95183236ed7fc9671f52d5e849b846608c1f0d17d979f8b8,03f5470a04b0dc729f45555f30312f48756f42692ffabe6d6de310952ae7dfda27b7f9bb59772b99b7d7f3e8b4be8e590e8746280ad3c4f96208000000e37a223612acfb1f3839000000000000,76a91452f43a457374d1a0a3e58d23ec7b5576c4eb649c88ac;6a24aa21a9ed7619dc01f4ecd36968d766a4815b57615550539ded48a8bc4fab69ebe45aa7b8;6a24b9e11b6d9e24f36c9d32750805025ab19226475159c62c75ddfd4a52228b1462fe744376,,stale,VALID,170d1f8c,,,valid_direct_stale
elastos,validated_stales,data/validated-stales/elastos_validated_stales.csv,90,stale_only_publication,repo-data,860940,,675064,0000000000000000000829711891b872b01a12cc3349b2a8b3f5251d88ece9e5,0000000000000000000b34b2eb6ef1f2f7a6f67938427e9370ef23d921874f9a,1616010373,170d1f8c,3808397222,0000c0209a4f8721d923ef70937e423879f6a6f7f2f16eebb2340b0000000000000000009046c31f0f386add05151f4d876289748e88abc26100a63a1fe623308227d0d1855c52608c1f0d17a687ffe2,03f84c0a1d2f5669614254432f4d696e65642062792073696f6e66726f7879676d2f2cfabe6d6dd24732ff46c59a697648a94fefed32a99220bd727e8df0fce440bf044b429611100000000000000010ee726910705ee9a3cefff08cfa2e0300,76a914536ffa992491508dca0354e52f32a3a7a679a53a88ac;6a2952534b424c4f434b3a1f57a3bf9b3b783fd1bdf4136de6e64aa3f0eb2b7392344bfc3307290030b5a2;6a24b9e11b6df81af6dfa444e968d89f9c327241c08237bd37951d5ee83c65702b56804be3b0;6a24aa21a9eddb645b49f73795e55ae0ade9dd3f9b3182975adbf0f1a30fd58b52003d87946e,,stale,VALID,170d1f8c,,,valid_direct_stale
elastos,validated_stales,data/validated-stales/elastos_validated_stales.csv,91,stale_only_publication,repo-data,862534,,675392,0000000000000000000c64c3eb0e99f14024ca84ccdefc8d01aaf4aa5fadbafa,00000000000000000008e6be94da9368f04f8e938dca58e9de7e4407f3efb46f,1616201197,170cdf6f,3750663622,000000206fb4eff307447edee958ca8d938e4ff06893da94bee608000000000000000000a32e6c37f21082f72b4801127ebf83cb8d643ee63038217765a0d0e8436cbb53ed4555606fdf0c17c6958edf,03404e0a1a2f5669614254432f4d696e65642062792077633139383536372f2cfabe6d6db038f16b231989f95992903f0e9ac2bb2f68ce53c729ba4fe6b2b954e673df911000000000000000109b62e903a46a3e067577a31540c00000,76a914536ffa992491508dca0354e52f32a3a7a679a53a88ac;6a2952534b424c4f434b3a5e7a64d85f4ae17ca64e8f5503cb5f802a7f66f9c89dc3ec720ffd230030cd9f;6a24b9e11b6d561eb5c7e3890c52b24270bc54ab6a148dcc8b036fb417c63c29ba4212986fe0;6a24aa21a9eddff2d3e54723d0289bf75ebcb998f6010fc4284a5b8226af4b480d2981d23229,,stale,VALID,170cdf6f,,,valid_direct_stale
elastos,validated_stales,data/validated-stales/elastos_validated_stales.csv,92,stale_only_publication,repo-data,864368,,675815,000000000000000000052677c72ed5786a84fc841125b207e68410fb5084032b,0000000000000000000745f3229f86e5883cf00306f65f0a22df65906f6d38db,1616436471,170cdf6f,886665608,00400020db386d6f9065df220a5ff60603f03c88e5869f22f34507000000000000000000ab7dec2c40a9fd20795666a64bb30f919f8925de62ec3b9ee3a3773ed861838af7dc58606fdf0c178871d934,03e74f0a2cfabe6d6dc2d870f2d3432ba7021d2914f7e15a10fe504e437406084a6959a9836adac10b10000000f09f94a5072f48756f42692f0802033100b0dceab6,76a91495c0df1a447c3838e122e25a24d230a22efd6ed688ac;6a24aa21a9ed17dacef8517ac1f9826825876442ee80c14f1fc87e1b051b1221c157db112339;6a4c2952534b424c4f434b3a374084aa8a43aadd3b2cbc49dcd4e856440085b7e8f047a96a848e230030eae4;6a24b9e11b6dddf8613bd73a14fd4c2a71c8d33bccb590d40cbe896827371222732be81fe1e4,,stale,VALID,170cdf6f,,,valid_direct_stale
elastos,validated_stales,data/validated-stales/elastos_validated_stales.csv,93,stale_only_publication,repo-data,904004,,683862,0000000000000000000ac05c6cccccb53afe71b1462c34371af22d56eda96550,000000000000000000094eafbbdb8f943b61291115d8a1852cb55e0b68792a47,1621182158,170b3ce9,2893004579,04008020472a79680b5eb52c85a1d8151129613b948fdbbbaf4e09000000000000000000593fbcd6307250e11a7a71ee948fd79d1ed3bd44abaaa69e73cf5e50d478c821ce46a160e93c0b1723bf6fac,03566f0a1b4d696e656420627920416e74506f6f6c3734330400790216aae4ecfabe6d6d5e50a434de6d06e374a2550fc763f56d1e4a01515721418fa96d95febdf3b043020000000000000088d50000ff6e1d00,76a91411dbe48cc6b617f9c6adaf4d9ed5f625b1c7cb5988ac;6a24aa21a9ed5a4c99cd31ad9f205b6e22b3eb4983df1bb64be8e75e8e0ca40b67ba3d702333;6a24b9e11b6d09402f220e62e6a87d5d8e53538ebc36e22484abd885044c31de14b8bb338c92;6a2952534b424c4f434b3a549e49bf06fa1c681bcc2d7da4e25cd0191f6379e320dd5845a1e92300333477,,stale,VALID,170b3ce9,,,valid_direct_stale
elastos,validated_stales,data/validated-stales/elastos_validated_stales.csv,94,stale_only_publication,repo-data,904701,,683989,0000000000000000000a33440aaf4651cc871a7e949b13ae64b2525ce2f42432,000000000000000000038ab1e3ba04ab31934246dcce01978595a53eea0e5808,1621270410,170b3ce9,3391183065,0000002008580eea3ea595859701cedc46429331ab04bae3b18a030000000000000000006ccbf7ff797d5d2b41fa1e8a9042cdab8b4a8897f0027f56a236bd99714ff5bc8a9fa260e93c0b17d95821ca,03d56f0a04b59ac006626a78312f4254432e636f6d2ffabe6d6d2decb15fc6d4cc3783c35c6c361c852c87291ffd8048e7964866b78fef7de68b02000000020bb56c259a12473b39260000000000,76a91474e878616bd5e5236ecb22667627eeecbff54b9f88ac;6a24aa21a9edb93933ec3434a44f274876cf80bd340af4258529e0c1c28bedcf94a446b16a90;6a24b9e11b6dff9368b7fbbe2e06f9077313bc9f9d92d00d916043d9cd137eaa650a8c1c3ebc,,stale,VALID,170b3ce9,,,valid_direct_stale
elastos,validated_stales,data/validated-stales/elastos_validated_stales.csv,95,stale_only_publication,repo-data,924263,,687512,0000000000000000000019b04c28105876ecb2859abbcdd031dfa93ae2be8c44,00000000000000000005505fd6a1ae6e3c5834788617f66bd26e4d580f2b7834,1623643457,170e1ef9,2096512874,0400602034782b0f584d6ed26bf617867834583c6eaea1d65f5005000000000000000000679d8a95f82763e0593c63da05c06eaca15eaf17073f9d3aa62c4e7c61454d0041d5c660f91e0e176a3ff67c,03987d0a1b4d696e656420627920416e74506f6f6c373336d1000b006527c2b0fabe6d6d16811e7eeea2bafe3d592901ebde95b516206a66ee449623a7acdf43dde4180702000000000000008f6001000b490200,76a91411dbe48cc6b617f9c6adaf4d9ed5f625b1c7cb5988ac;6a24aa21a9ed1b572779974a9d16a1be75670199193b431d15aff91cf03eb5d07fdd4df3e003;6a24b9e11b6d93259171bc619c30f5673f66a7c0b020efc5ac5b8b6b70d26132bb3ebbeff628;6a2952534b424c4f434b3a7fdd140fb62332c3f5ccf4e754a29eece85d05e13c0ac503be35361700346412,,stale,VALID,170e1ef9,,,valid_direct_stale
elastos,validated_stales,data/validated-stales/elastos_validated_stales.csv,96,stale_only_publication,repo-data,945846,,690988,000000000000000000113905e9dd92bfe7fe39ebc8829072fe89b6108b639d54,00000000000000000010fbc2cee1bf6d5076dfa0eb85d9601e9072cdaee7d7e5,1626267860,171398ce,3373806408,04006020e5d7e7aecd72901e60d985eba0df76506dbfe1cec2fb100000000000000000003d7cf59ee166e93182c32f46f818dbaf00c364a4c61ffd9e9ab1bffe7f211480d4e0ee60ce981317483318c9,032c8b0a2cfabe6d6dc5d035ed663ea09863960741b873d39cea582f8fecbe92d7fbe8d15e6896285010000000f09f909f082f4632506f6f6c2f0000000000000000000000000000000000000000000000000000000000000000000000000500eaad0100,76a914c825a1ecf2a6830c4401620c3a16f1995057c2ab88ac;6a24aa21a9ede2dbf40070e41f4a4f15fb0ae0eb5dada14199afaa9274a7848d2a2ee9fe72bb;6a3448617468634165bf439f0691c53359a9ce9da628cfaedef77e2119c8a4404ae61c328d3f99c145739e1f415b9d9852c979638093;6a24b9e11b6d2d83f64994ed855e8cd7a1b8e4eda9679e5d8c1dc816407d9f8201ea5c0c1986,,stale,VALID,171398ce,,,valid_direct_stale
elastos,validated_stales,data/validated-stales/elastos_validated_stales.csv,97,stale_only_publication,repo-data,957825,,693481,00000000000000000003fc00a7a6ec3d82ece5675dbb0eb16feb1f65081a4e47,0000000000000000000260d905f35b4fdd203476289cc19f72cd20793006d593,1627697700,17149624,1594076268,0400402093d506307920cd729fc19c28763420dd4f5bf305d96002000000000000000000a3d666817e1c29946ec41cb65303e6c1b7fff0e24c0959c737167186397d8e1324b20461249614176cac035f,03e9940a0425b20461fabe6d6dfeea52879e343c3ef3ea0d3db99b5224212d30eec20c330ab7fa626859049121020000004204cb9a62696e616e63652f6f7237343592304057909278180537f1dec81ec402020000000000,00143156afc4249915008020f932783319f3e610b97d;6a24aa21a9ed575bc6e8e759b34a48d53dc461206cc04b6c005ece58595e4ca2b31b9dde0761;6a24b9e11b6dcac6fe3544fa160af77cc7f7761d663e26ef10b54caf0b291d197c720365c95e;6a2952534b424c4f434b3ac5651ce00ace1c06e99901fae5d63df1457e06faf0a44b71d2417828003655cd,,stale,VALID,17149624,,,valid_direct_stale
elastos,validated_stales,data/validated-stales/elastos_validated_stales.csv,98,stale_only_publication,repo-data,961883,,694347,000000000000000000105d326ace68e342ae9851fa395937c890ace4882385e1,000000000000000000039ea1705e61303fc4212a1592342bcef501c6a1a95667,1628184321,17136aa2,2746250848,0400c0206756a9a1c601f5ce2b3492152a21c43f30615e70a19e030000000000000000002a841a1cc2b400661d5b4acb457acb00f0778eaca9db5e099b9f4d2ce8a9ea3a011f0c61a26a13176076b0a3,034b980a04d4c59c744254432e636f6d2f657534386afabe6d6d235a92ef3cd50a6fd86e4b2390cdb8fadb0924e55595194bbde23c7d3c93eb80020000008e9b20aa06a97103e814000000000000,76a91474e878616bd5e5236ecb22667627eeecbff54b9f88ac;6a24aa21a9ed9ac613dc77061c19d415a4e0b130600830c439ae1ac800a19625442b31e9f483;6a24b9e11b6d1771feeb1f07946b96d94801bae10ff67c16ca9bec32c2bc51be16ec0ede65f4,,stale,VALID,17136aa2,,,valid_direct_stale
elastos,validated_stales,data/validated-stales/elastos_validated_stales.csv,99,stale_only_publication,repo-data,966351,,695327,0000000000000000000c696f74f34cf755bfcce4f8a3afb8bda9f33ff7fe96c2,0000000000000000000bb0689a09493cf12e2c7ef85bbd3edf8c911f2262d1f5,1628719270,17136aa2,177350441,04e00020f5d162221f918cdf3ebd5bf87e2c2ef13c49099a68b00b0000000000000000008c3544b6603fa16aea2c1bf643ee2295e8999039805b9e42215d0f874a7eb4cba6481461a26a13172927920a,031f9c0a2cfabe6d6ddc780bb84cd6981965163ff0757f22f771194864a9beff2ef7e96bf9d88f5df810000000f09f909f082f4632506f6f6c2f0000000000000000000000000000000000000000000000000000000000000000000000000500bf1f0000,76a914c825a1ecf2a6830c4401620c3a16f1995057c2ab88ac;6a24aa21a9ed9bbc22d5f988088da2da75436f5d80179568234c747414f82ae780db9011bf76;6a3448617468f41aab8a6f26f29474a45b5dfc2ceccf5904794b2119dcf1dcffa66ce71323970ce8a5aede5749f99a73f883521272c6;6a4c2952534b424c4f434b3a4c542e9c1e4440759f3a2807e31de6526873fe1b612adf66317171200036d463;6a24b9e11b6d24dc61182a2641db8010ec3dedf0e4657b925110a128e9b58c6ff6de09210c2b,,stale,VALID,17136aa2,,,valid_direct_stale
elastos,validated_stales,data/validated-stales/elastos_validated_stales.csv,100,stale_only_publication,repo-data,969225,,695955,0000000000000000000dda4944c25d8845f01d009856e3536a963f4ee3352b8b,00000000000000000005421bf9c974fd9a923d166aba3fa4664ef51772291f7b,1629062696,1712180b,187240293,040040207b1f297217f54e66a43fba6a163d929afd74c9f91b4205000000000000000000f72af9d9bd6536cf59e867fcfcf6af574607c7c2e53915be138e41fe28a9b3bd288619610b181217650f290b,03939e0a049361d916426974646565722f6632337661fabe6d6d3510ebad5936bde55bf3c1cf7185ba9e0cc43b574fc8d9f1e3cf4db66a174060020000008e9b20aa023379be1310240000000000,76a91474e878616bd5e5236ecb22667627eeecbff54b9f88ac;6a24aa21a9edf622b19f530b4f89c2be3995f6c0730bdefbc835f6613b210eacd0e1cea75942;6a24b9e11b6dfbb5835963b52844366ed5cdae4806fe6009f10b5d1a84ae84df5262b2da29cc,,stale,VALID,1712180b,,,valid_direct_stale
elastos,validated_stales,data/validated-stales/elastos_validated_stales.csv,101,stale_only_publication,repo-data,1036905,,710201,000000000000000000031074ef00ff3903f2b80cc324cf41463ef927dabd407b,000000000000000000056c73416483278594b13447267b33d545af9061887dfd,1637192243,170c69ea,3480972142,0000ff3ffd7d886190af45d5337b264734b1948527836441736c05000000000000000000bc99503124bb1e674610082b7086cdc5467e7906bc606c38a8226fe1b81f951033929561ea690c176e6b7bcf,0339d60a1b4d696e656420627920416e74506f6f6c3738363b01a501da2cf117fabe6d6d6462ff44d323ee7b120a8d3512d059dc2274943dad295bf1679f7d32c4b8945b0200000000000000dc83030094840000,76a91411dbe48cc6b617f9c6adaf4d9ed5f625b1c7cb5988ac;6a24aa21a9ed1bd59c07d0f87bcd9903ee1c644db07912ea6018520748fa0e126a1181d35081;6a24b9e11b6d3e518c2591da163828b69ad025b5e88c9ef12b7a6e93c0de422c252fb94f3620;6a2952534b424c4f434b3a5c2e528d21505524fd63977862a9c5af7e6285ec9ae9770cec691527003ad92b,,stale,VALID,170c69ea,,,valid_direct_stale
elastos,validated_stales,data/validated-stales/elastos_validated_stales.csv,102,stale_only_publication,repo-data,1049259,,712644,0000000000000000000a26afbe02926658c019d0e52d6eae5454a33ff8713fcf,00000000000000000005b3f966f6d769136984fd842d84cb81cc3971002f09d4,1638677006,170c9a13,2953591820,04609b2bd4092f007139cc81cb842d84fd84691369d7f666f9b305000000000000000000b1f5d51e38f89647c50c623f44ebef5f9b86f3bae3c4af24435951770fb45df90e3aac61139a0c170c3c0cb0,03c4df0a0474ea2627627463313132392f6537687573fabe6d6d10c12bfc6fdce30a9afde9241e5678508770d87b24e553c38924b3c8471d9958020000008e9b20aa070c1c875b00000000000000,76a91474e878616bd5e5236ecb22667627eeecbff54b9f88ac;6a24aa21a9ed795b49221c6fd583f7223971da744ae9ac1b7f7eabba11b30fc09221650755a9;6a24b9e11b6da7a16d28e84920060441b6a935e64e8c9eaa1bc0ff1d05ee923f93c18a97d6e6,,stale,VALID,170c9a13,,,valid_direct_stale
elastos,validated_stales,data/validated-stales/elastos_validated_stales.csv,103,stale_only_publication,repo-data,1116179,,726382,000000000000000000035ac5d0c3428f86fda650fb38be576d51f4d907e77894,00000000000000000001c84c44a7b0a78f663b0dac5d475cececcbda4711f9fc,1646728813,170a3773,2794112148,04c0ff3ffcf91147dacbecec5c475dac0d3b668fa7b0a7444cc801000000000000000000bd0bfbbb9e764a9b58b9ff05c294cb69b48a16ae1c8a40f408e450c2a5d81f7a6d16276273370a1794c48aa6,036e150b04e9eccb8f627463706f6f6c2f3037667367fabe6d6d62c4b6b3c03ab846ea01af9ca37e2f43fadd8d72381b40c7fc40e69a6505696a020000008e9b20aa1142ab573e33d157cfc55900,76a91474e878616bd5e5236ecb22667627eeecbff54b9f88ac;6a24aa21a9edee1a344a4706b13820bcd74fd8bab88e6e9990c21105f1a5ddb2496c5754671d,,stale,VALID,170a3773,,,valid_direct_stale
elastos,validated_stales,data/validated-stales/elastos_validated_stales.csv,104,stale_only_publication,repo-data,1117850,,726699,000000000000000000032733a93e6a7495d7c361174c2db4389dc611a43f1514,00000000000000000003b4b952c601f853a635df2034eadac288309d00610e11,1646914274,170a3773,2491408965,00200020110e61009d3088c2daea3420df35a653f801c652b9b4030000000000000000007dcf9188f45b4374a401660df9d5177f9ded88dd1eb8d10ce7129fa77e249c11e2ea296273370a1745e27f94,03ab160b1b4d696e656420627920416e74506f6f6c373430d200ab0136087f3afabe6d6d563b2d4065cc3605f9c012c598d2b989ddc8ab0e6d4dbaa7ea07a157ce6f9bce0400000000000000900f0800e254a200,76a91411dbe48cc6b617f9c6adaf4d9ed5f625b1c7cb5988ac;6a24aa21a9edf43bbb6cb6d5b8194414588374610d405dcc5db90f2b1a6f4f81f07985f33a43;6a24b9e11b6d11f4d3582c96e084f37e9de2478dd689f489243c48b49e111016776e1f91de41;6a2952534b424c4f434b3a22282350edaea39f8eb1c9bfe549bc1f2e8dbca1a1f8e0bf4111a81e003f408e,,stale,VALID,170a3773,,,valid_direct_stale
elastos,validated_stales,data/validated-stales/elastos_validated_stales.csv,105,stale_only_publication,repo-data,1137999,,730848,000000000000000000029ec31578132d01696910f299f8d104f29b8f8bbdc24f,000000000000000000084102f67417a6f9693432b3a24f23c66661ddc847e0d0,1649337334,1709d897,4175465844,00403b26d0e047c8dd6166c6234fa2b3323469f9a61774f60241080000000000000000004fc3d9ad26e8e3e05cbb112e2ceed8aebac6d328126f1d8042a1419723d1a78cf6e34e6297d80917748de0f8,03e0260b1362696e616e63652f3738396b004703a097df80fabe6d6da344ccfb300ce6707a8373d26d3cbf1effcf808d67b6f2a4dc8d4dfdc3638bfe04000000000000001eff00003a000000,76a914c499d0604392cc2051d7476056647d1c1bfc3f3888ac;6a24aa21a9edd4f73be4f40954132b3fa1de806196cb5618727cba448dbeb16b7c57f9fa77c2;6a24b9e11b6da1951071644904d977ff04e0ad35ff2fca8f79b6f5426ff41f118b7fe4027cd8;6a2952534b424c4f434b3a4af1f5526de1e7b08bc0d1d49bca1173f1940cc81687ca2506de062d00405752,,stale,VALID,1709d897,,,valid_direct_stale
elastos,validated_stales,data/validated-stales/elastos_validated_stales.csv,106,stale_only_publication,repo-data,1157942,,734981,000000000000000000013b8819d8d272e100ac368cbc1e763252ad76d403d486,0000000000000000000715aa712de97779afeac54be2c3412b35d6a78576687f,1651733523,17097275,942199389,000080207f687685a7d6352b41c3e24bc5eaaf7977e92d71aa150700000000000000000044412d96d92bbe49ffb568757f47ea24b3d9b41af3787738f6c2ab5864701a6f13747362757209175dd22838,0305370b1b4d696e656420627920416e74506f6f6c3830361a0015026afd8ca9fabe6d6d2723071d7aaad97c35137046981d2d1aa68fb1bb84bf5753bc623584fdc41d8502000000000000007b6f00009cac010000000000,a9144b09d828dfc8baaba5d04ee77397e04b1050cc7387;6a24aa21a9ed8a9da1d274f7bdf1dda25f0e9fd724dc29894777d5216cbcf2dc47829827109e;6a24b9e11b6d8220b4b12fee7b52e4ebc6674b19606b51ffc7e55590c42e0ab007522f038aae;6a2952534b424c4f434b3a83688502cfb82e95d0d5ed39eacf4fb103be1737f2b8c33a9113cc2100416c51,,stale,VALID,17097275,,,valid_direct_stale
elastos,validated_stales,data/validated-stales/elastos_validated_stales.csv,107,stale_only_publication,repo-data,1168520,,737110,0000000000000000000578aa645c2a10e9dc8556be042d29991c0d3c08dd8644,00000000000000000005dea1c5f518777b2a7deafde1c0b0f308fa3e081e9e3c,1653008180,170901ba,3629423994,0400e0203c9e1e083efa08f3b0c0e1fdea7d2a7b7718f5c5a1de05000000000000000000a8e0f4e601bea5cdf0847f726bf57856d35cdae5e56c95268eb949ce0b52069634e78662ba0109177a9d54d8,03563f0b2cfabe6d6d204edb0183811f4583033bc62c3da1cc157a22593820d28af7fc29a23b970eab10000000f09f909f092f4632506f6f6c2f6500000000000000000000000000000000000000000000000000000000000000000000000500b6030300,76a914c825a1ecf2a6830c4401620c3a16f1995057c2ab88ac;6a24aa21a9edadc53f86c39eb63956a772213fa9d4b1eefe938516ca16f52642833d3c9fcf61;6a2448617468f1ec4476da145822e9ab0d103c337bcd4c535e95b6668e9ebd97c82cd1fe3e64;6a4c2952534b424c4f434b3a8a7cda2ecea841045e23267b19f7cb642ee31a5e80d7e721075ec328004201b4,,stale,VALID,170901ba,,,valid_direct_stale
elastos,validated_stales,data/validated-stales/elastos_validated_stales.csv,108,stale_only_publication,repo-data,1168647,,737130,00000000000000000006975197c02823e9104076cc682a2151871f88d2965418,0000000000000000000878f3913602d7cef4c1173f8b017eff49507dce8712e4,1653023791,170901ba,3931132989,0440ab2de41287ce7d5049ff7e018b3f17c1f4ced7023691f37808000000000000000000202231f85a48f56a67ed613a53d01ddd795d6209c0653b3c80938dce26095cbe2f248762ba0109173d5450ea,036a3f0b2cfabe6d6dd4237a550df0937f1947c602dc732d4035057606f191d3e5910df190e5b1280b10000000f09f909f092f4632506f6f6c2f6b0000000000000000000000000000000000000000000000000000000000000000000000050032d26262,76a914c825a1ecf2a6830c4401620c3a16f1995057c2ab88ac;6a24aa21a9eddcb2f3ef000057f68b0269d36897a52e521882258d530e3296af2016ead84243;6a2448617468d3d2cb1dac7a6109da1bfa8edeb1c95659eb4d35e772d704080d4e9c849964fe;6a4c2952534b424c4f434b3aaebaf782f124deb3fb9cc788098fb784ecf574adeb4d17a31f5d1e3a0042037b,,stale,VALID,170901ba,,,valid_direct_stale
elastos,validated_stales,data/validated-stales/elastos_validated_stales.csv,109,stale_only_publication,repo-data,1222912,,747880,00000000000000000008d99e58ea26b6a7653fbcf007e1203b4d5935ad769b3e,000000000000000000091394e57e9b8183347ce928103d063166dd925167a5ae,1659583957,170a2a04,2992303456,0400c020aea5675192dd6631063d1028e97c3483819b7ee59413090000000000000000007c93235ae044a86fafe49acdc45e8f3189a85edd2dbb078ab9c89a71cf945d95d53deb62042a0a1760ed5ab2,0368690b2cfabe6d6d7dc79635deaff002971b4c6d08292d70b1c964eff491d64cfed934af41f032f010000000f09f909f092f4632506f6f6c2f65000000000000000000000000000000000000000000000000000000000000000000000005002e2c0100,76a914c825a1ecf2a6830c4401620c3a16f1995057c2ab88ac;6a24aa21a9edd7dd30508966fad6f2ce71ba3b781b2a8023b8b545af94027d6ac4ae486bfd92;6a2448617468bc4a96636574a583651cd740fcf011ee049625dbece49844d8c80d82ea13e093;6a4c2952534b424c4f434b3a22a6a4409a1d2e0df1cb0cd2db74a51948b355e837c95bf49885542d00450a11,,stale,VALID,170a2a04,,,valid_direct_stale
elastos,validated_stales,data/validated-stales/elastos_validated_stales.csv,110,stale_only_publication,repo-data,1329745,,769546,00000000000000000006ed9fd2f5c5710e3f6278300516fb90da8685e4cbf0a8,000000000000000000045fb25e157dcf4e555fee5fefa118895caeec4a30b382,1672403712,1707f590,1097008461,0020e82382b3304aecae5c8918a1ef5fee5f554ecf7d155eb25f040000000000000000009573379f6519e38b7e990ada17d75498e3c88dc44ce9b7d158c5779f8574c35f00dbae6390f507174d056341,030abe0b1362696e616e63652f3838308c01b902aeeb6529fabe6d6d25b651819db175a49a9c8f29bde49adadf16da6509c017861d1aaeb92fc84b00020000000000000000008dc95a00000000000000,a914ca35b1f4d02907314852f09935b9604507f8d70087;6a24aa21a9edf882f1997a8a0dff7adc7cf195d0d13cc34fb424bb355722646dc0456e11099a;6a2952534b424c4f434b3a5f22a2c83f11d69c4fa82f91a83912daf3c1504250c0fac8f999f32e004b3420,,stale,VALID,1707f590,,,valid_direct_stale
elastos,validated_stales,data/validated-stales/elastos_validated_stales.csv,111,stale_only_publication,repo-data,1329881,,769575,000000000000000000000871bb09533dfc2c9ce5bd8eae0fc80a9a815944d716,0000000000000000000762a2a98595408c32223c35e103076c766c75285811d0,1672419361,1707f590,2004034181,04e00020d0115828756c766c0703e1353c22328c409585a9a26207000000000000000000fbd299591ff876891bd7e4ab4e8a02b4a2c72a825c3d5138cdd09ade5910742d2118af6390f5071785227377,0327be0b2cfabe6d6ddfc2a5b34c1ca03fe5e26127c63a0d09cb43934c4bef82ec50990507fa873f3f10000000f09f909f092f4632506f6f6c2f6600000000000000000000000000000000000000000000000000000000000000000000000500c2bc1c00,76a914c825a1ecf2a6830c4401620c3a16f1995057c2ab88ac;6a24aa21a9ed20c4613a63b5667e98831b7048b32cfd2d7af4143eb07a287e284c211c34a837;6a24486174687854f7e5cb59ea1734c6a825e34835798a2ff512efa70424400eecb71b286273;6a4c2952534b424c4f434b3a4a7fdab277b08524d0ea22409153232425cbb3958310ffbc644f4320004b3619,,stale,VALID,1707f590,,,valid_direct_stale
elastos,validated_stales,data/validated-stales/elastos_validated_stales.csv,112,stale_only_publication,repo-data,1330465,,769710,000000000000000000025bc9698bd43a720a55a27a17347366ca7d608d5bfeb6,00000000000000000006de439ef1f435e831475257ad4d5077da3e796ab618d7,1672485761,1707f590,3718330458,0480212fd718b66a793eda77504dad57524731e835f4f19e43de06000000000000000000be80b3146e82eb40f4b489332b8caafc6ea2861885d25ef03fa479d92f691cf5811bb06390f507175a38a1dd,03aebe0b2cfabe6d6d03ccd6897cb7d6a047c61d16db3df797611f337041b8a58322119047d6a565ae10000000f09f909f092f4632506f6f6c2f6600000000000000000000000000000000000000000000000000000000000000000000000500d4000000,76a914c825a1ecf2a6830c4401620c3a16f1995057c2ab88ac;6a24aa21a9ed23cbaff17a46e755aa143ebea9c83c2c297108db27f06b1b72c81835cd85b575;6a244861746831a401dabfb6154ecfa0cc4b800113986e7cb6332f1f872a8af2417daa5e610c;6a4c2952534b424c4f434b3aac16153b391b98d87271b1d8e8c973b9f7da5ee53924bdcba0c51217004b3e52,,stale,VALID,1707f590,,,valid_direct_stale
elastos,validated_stales,data/validated-stales/elastos_validated_stales.csv,113,stale_only_publication,repo-data,1339839,,771745,00000000000000000004370a77a30add64bba97c26a90ca9643b45a75219b2a6,00000000000000000003c630daabdedbd0d8134ff30d35d70ed18edcf222ba9e,1673621138,1708417e,1262691396,00600f209eba22f2dc8ed10ed7350df34f13d8d0dbdeabda30c6030000000000000000000257fe076399de10e041ee09b4439de6509dc9caf7e7371e622337ae53652309926ec1637e4108174424434b,03a1c60b1362696e616e63652f3832333b006f030758069afabe6d6dfe54faeb9aaf49a5b8c28802fee4ce030f3d0f1a103d8512891dd8ae8b8eb13602000000000000000000dab20b33000000000000,a914ca35b1f4d02907314852f09935b9604507f8d70087;6a24aa21a9ed872b2b6fc541d5f79c75ae9693666464af624d35c836440b2169be840e06e1b4;6a2952534b424c4f434b3abc90dec1db95db38a50c76365df8ae31c9a914164b7a0d9fc452bf360040e241,,stale,VALID,1708417e,,,valid_direct_stale
elastos,validated_stales,data/validated-stales/elastos_validated_stales.csv,114,stale_only_publication,repo-data,1346237,,773077,0000000000000000000397ec2f830eec065035fcb98e0a0c0a8f075666673066,000000000000000000009588cbe1dec85929fd32c8c96b88fc2dd9c8fe050812,1674389478,17077ce2,2704414833,00001421120805fec8d92dfc886bc9c832fd2959c8dee1cb889500000000000000000000c9b13a6269193ce3392fe845d8865871e9f3eb6366c6457d15a40ea618a15886e627cd63e27c0717711832a1,03d5cb0b1b4d696e656420627920416e74506f6f6c39303788000101eb01c22cfabe6d6deec362459fe72da46bb5445e7d8993c8b5ff6a59dfab8ec06ebde013504c19260200000000000000000084d18001000000000000,a9144b09d828dfc8baaba5d04ee77397e04b1050cc7387;6a24aa21a9edc8adb45cfadd10de1c6b9277896b61257a827e4fa969a881ae4a781006171ca4;6a2952534b424c4f434b3a5a604371980925e6821a4e27b52a5f811fb2df1cb56e0c1a2cda0733004c25fc,,stale,VALID,17077ce2,,,valid_direct_stale
elastos,validated_stales,data/validated-stales/elastos_validated_stales.csv,115,stale_only_publication,repo-data,1357689,,775414,00000000000000000003b23db507ad4aef50fbc9ad358a234f73ba95c656a0c0,00000000000000000000c5a3d9a93a0f2f2121a4df9a20b08269e95cc5eafdd0,1675760514,17072720,730626795,00600120d0fdeac55ce96982b0209adfa421212f0f3aa9d9a3c5000000000000000000003b73552131774ee02267a2d4c93b26e4914b0fa5b783f177baf2232e0b4b40ce8213e26320270717eb7a8c2b,03f6d40b2cfabe6d6dd6b4f921a02c89bf953165c03535f027f6b2792f421081321593435d0f4c699d10000000f09f909f092f4632506f6f6c2f66000000000000000000000000000000000000000000000000000000000000000000000005008cd01200,76a914c825a1ecf2a6830c4401620c3a16f1995057c2ab88ac;6a24aa21a9edc8ac428e75fed6e91ed5a52eef04fc3ec1acc2d57ea17c04c3b1ad4804434277;6a2448617468e09c40c4bad0804cca63fdd201cc0ee8b73e95335740e17bdfb83dc817098aaf;6a4c2952534b424c4f434b3a8813bf074c8af74d171c535c36354914f44919ac2a025f66831fa141004ccd90,,stale,VALID,17072720,,,valid_direct_stale
elastos,validated_stales,data/validated-stales/elastos_validated_stales.csv,116,stale_only_publication,repo-data,1364691,,776941,00000000000000000004cc87382e38118248ec926716565d50d63f0637c22c07,00000000000000000001229e95fc56f33f20a3f5316fbfb8cf6e7ec48a365a36,1676602657,17073039,814085729,00800020365a368ac47e6ecfb8bf6f31f5a3203ff356fc959e22010000000000000000006aa59468adbf0949649ba8033ded412c47bb248ba051d087daf9c18d8a7147df21edee633930071761f68530,03edda0b2cfabe6d6d914cf6f98e26e031f5b47845ea2073a441b89c962dfbae19a1d7ffd7d39e10ff10000000f09f909f092f4632506f6f6c2f6600000000000000000000000000000000000000000000000000000000000000000000000500c6520000,76a914c825a1ecf2a6830c4401620c3a16f1995057c2ab88ac;6a24aa21a9ed314e60b5235dfa4fe0f55ab0891d86004da862f99a69b03d54c358bf190d254e;6a244861746889e3ae1df7d5819e6e3256fed859a9f135729ad07a96fe68a0688b16ecc93a1f;6a4c2952534b424c4f434b3a940c2a4a6935927d674e0cb1ed1ad0026214fc6d01ce46fcffce392c004d35df,,stale,VALID,17073039,,,valid_direct_stale
elastos,validated_stales,data/validated-stales/elastos_validated_stales.csv,117,stale_only_publication,repo-data,1365756,,777172,0000000000000000000215ac1b6fd564d8d4707631f6b77273521eb1e242cf28,000000000000000000035efefc3cabeadcc48a2d5861cb84c84b957b20aa1661,1676726437,17073039,4045759298,000040206116aa207b954bc884cb61582d8ac4dceaab3cfcfe5e030000000000000000004ec17156c4d8fdc7bcb0c294d4be35c8ab759f7cafb0efce0cf9d86a083dab50a5d0f06339300717426325f1,03d4db0b1b2f5669614254432f4d696e65642062792070726a3172756e6d632f2cfabe6d6d1d347f4c2190edfa3ce416c488dc3a7d277b41e21858acbcfeea767858a485d2100000000000000010dadc761770c61aa4861df172e003010000000000,76a914536ffa992491508dca0354e52f32a3a7a679a53a88ac;6a24aa21a9edb1b8da83c834b8a3ca49d164e91e9d3d3fb1cb282f71a5fc3f87aa668b32fb2d,,stale,VALID,17073039,,,valid_direct_stale
elastos,validated_stales,data/validated-stales/elastos_validated_stales.csv,118,stale_only_publication,repo-data,1384050,,780979,000000000000000000012ae175cb998a3057002e532d432f669d0a30e8292c6b,0000000000000000000278cf5396b6f0ee5f125907534b33b192434947684ad9,1678921590,17067681,3593487965,00a0f429d94a6847494392b1334b530759125feef0b69653cf7802000000000000000000cd05b119306702dc5c2033a69903c9635e132806d0d79cbfd1475aa720324564764f1264817606175d4630d6,03b3ea0b172f5669614254432f4d696e65642062792062746d31392f2cfabe6d6dbddf52df21e41cadcd82c149030d4384a510c7e76db413d3259b3a645f0812081000000000000000104fcfc202f7537f354c645ba00a00000000000000,76a914536ffa992491508dca0354e52f32a3a7a679a53a88ac;6a2952534b424c4f434b3ac92d02f2671e95f75a0926de8de1eb20fefb98954c3c04c30c570a25004e5649;6a24aa21a9ed523bbcfbd53480408d5c433760d7bf39badc6c9dac27e3b7e5b2d7f07ffce9fc,,stale,VALID,17067681,,,valid_direct_stale
elastos,validated_stales,data/validated-stales/elastos_validated_stales.csv,119,stale_only_publication,repo-data,1386536,,781487,0000000000000000000125e5d7c0d2e1b83982e5284ea21e08f5a73b8109d41b,00000000000000000005c2ffbde000cb6841a480e102b59e200c62fbfc90c291,1679215996,17067681,179917312,0000002091c290fcfb620c209eb502e180a44168cb00e0bdffc20500000000000000000025a8d79742b68264bf3063df2298fb0f92fdc1916db5a78981309f0fad38a12e7ccd1664817606170052b90a,03afec0b182f5669614254432f4d696e656420627920616c657870672f2cfabe6d6d51aa5e3a49b3e6a2162f0c329550cb650ce437efae371fb209a8836b4815e34a100000000000000010a3c08e135903b66dfcdecee966aa100000000000,76a914536ffa992491508dca0354e52f32a3a7a679a53a88ac;6a24aa21a9ed19551917515b80699f7af1042f8c5ade82dcc90d4c8f0c39dbe0fd93165feb06,,stale,VALID,17067681,,,valid_direct_stale
elastos,validated_stales,data/validated-stales/elastos_validated_stales.csv,120,stale_only_publication,repo-data,1393763,,783010,0000000000000000000340499a069de771c0559841c75d5230dd7802c3588d98,00000000000000000001984ecfa2399449e4a1de5072705662a119fb7831b6b5,1680086190,1706023e,1574625739,0000ff3fb5b63178fb19a16256707250dea1e4499439a2cf4e9801000000000000000000c6393fd733629c1efdeaadc39340ac981729a269782c96555ced8bf84db8074aae1424643e020617cbe1da5d,03a2f20b2cfabe6d6dc7f0068bafa70468e481e28a44314ec572db2b759d6452db9f8a4591179107ca10000000f09f909f092f4632506f6f6c2f6b0000000000000000000000000000000000000000000000000000000000000000000000050068170000,76a914c825a1ecf2a6830c4401620c3a16f1995057c2ab88ac;6a24aa21a9ed096b60a67e111974bc67a2168dba63e6d680afa04d89d3ba2419fbf847ba11ee;6a2448617468a6ddfd28ce48cdccb8a85edc71ede7338afd04ed9c68946c7f3183e78e54ce3a;6a4c2952534b424c4f434b3adeec33caa662e809bccf0ee6a2034eb6a73a7cc1829c0db7c55adc1a004ee6e1,,stale,VALID,1706023e,,,valid_direct_stale
elastos,validated_stales,data/validated-stales/elastos_validated_stales.csv,121,stale_only_publication,repo-data,1431364,,790825,000000000000000000015227bfc84327b07a7e1796ff89c0ddf62d4777a38c06,00000000000000000002509aff9ebd4dd3684d656e4715eecdb18e69002fbdfd,1684723624,1705ae3a,1292955977,00400020fdbd2f00698eb1cdee15476e654d68d34dbd9eff9a5002000000000000000000c0c669dcb2d19d9e221c883a15e5805dcfef7e3b10842375e71806e188a54359a8d76a643aae051749f1104d,0329110cc8022f42696e616e63652f323030fabe6d6d3d1a010b7060435a2d7ab1314488b4c01ef7893152f37b022f93386b197fbd8a01000000000000003879aef2a8c23a4046fda523b4538236c8209309bede730000000000,76a914fdb159cd21d2f3411b941ecca0cd70c51b3acc6f88ac;6a24aa21a9ed8b0ae49eb8fa196cb2a7c5e9106ad4852f463c4dc723d93a936cb9c864b3d7c7,,stale,VALID,1705ae3a,,,valid_direct_stale
elastos,validated_stales,data/validated-stales/elastos_validated_stales.csv,122,stale_only_publication,repo-data,1438853,,792379,000000000000000000032956cbfd8721abe0572d81542e75e38e6185312bee09,000000000000000000035d7345203315d8c73c37da256eebbe58a683331b60f5,1685623020,17057e69,2020407596,00803a22f5601b3383a658beeb6e25da373cc7d815332045735d030000000000000000005fdb186bd710fbf6a64a01e7869c1e0509d456c9ead50033ff5895903aa7e40eec907864697e05172cf96c78,033b170c2cfabe6d6d50fa305086348e7cd6dfbb844360bcbbee80905f0ed15e00022323e9dc86b84110000000f09f909f092f4632506f6f6c2f730000000000000000000000000000000000000000000000000000000000000000000000050074000000,76a914c6740a12d0a7d556f89782bf5faf0e12cf25a63988ac;76a914c825a1ecf2a6830c4401620c3a16f1995057c2ab88ac;6a24aa21a9ed96620113461ad4bca172a33da661c2dfbc7266dcf5c2415f675b17e2bad01e8d;6a2448617468428f98a3bf159c3a3f35ae2dc4f86dda1fb6531697084bfa65914395a624d56b;6a4c2952534b424c4f434b3a5644252bd2c7c7fc79afe9cc4e2282a4e35b0ff8171830410cb9e0230051a80d,,stale,VALID,17057e69,,,valid_direct_stale
elastos,validated_stales,data/validated-stales/elastos_validated_stales.csv,123,stale_only_publication,repo-data,1451213,,794931,000000000000000000030cd5244e8b366e810bfff953bab79c736d7310dac407,00000000000000000002cb36b1358ad4732ad88bf55c811c4cdd071350d33e34,1687112350,1705606d,3046986871,00002020343ed3501307dd4c1c815cf58bd82a73d48a35b136cb02000000000000000000ff0bab9fee8705fbdce5356f4cd7d1580fd8aef6538b5a6805e9e4f9f8580b4c9e4a8f646d60051777549db5,0333210c25012f42696e616e63652f3337fabe6d6db9644d7924c9536eb98bf46e410f30437d938476f63f42fc2e1efcda1d089c7f0100000000000000202f7e7b316be62170e8f9da8c7de2bb25105f4b04b7000000000000,76a914fdb159cd21d2f3411b941ecca0cd70c51b3acc6f88ac;6a24aa21a9edb584ee9fa1f9860a3f6658ea0138c79e2d33a5698996ac7666a1df5ae7f66336,,stale,VALID,1705606d,,,valid_direct_stale
elastos,validated_stales,data/validated-stales/elastos_validated_stales.csv,124,stale_only_publication,repo-data,1456838,,796038,0000000000000000000552fdbbe1edbff2887ea7879dc777b33f8cefc4ba665e,0000000000000000000037318b5f3c904ad3bfe5b2aabd2ec39b2371151b6e10,1687799618,1705606d,921069100,0020ee2d106e1b1571239bc32ebdaab2e5bfd34a903c5f8b3137000000000000000000000ad4becfd639ae3683f2a1526087944b23480bcb71887c13987000f591a3ea5942c799646d6005172c66e636,0386250c1c4d696e656420627920416e74506f6f6c313032323000010325ac1681fabe6d6d2a23f4dc9db1385d653d72315db3d738219ab03b2822fd5c9ac4ef1ed1a5e567020000000000000000000097b900000000000000,a9144b09d828dfc8baaba5d04ee77397e04b1050cc7387;6a24aa21a9edb93d4365c1f3c91157e97e4781cf9c36ea0e8f693912489c60f52984a20fb582;6a2d434f524501a21cbd3caa4fe89bccd1d716c92ce4533e4d4733c6fab31112db224c712020aed8af37b4e84a7ef6;6a2952534b424c4f434b3aa335aac46601072707f546228fd94429d1b4dcb00a93b3793277c6220052bc61,,stale,VALID,1705606d,,,valid_direct_stale
elastos,validated_stales,data/validated-stales/elastos_validated_stales.csv,125,stale_only_publication,repo-data,1458113,,796288,00000000000000000002c72834766a5eac00f50d8a203a6fd03217dc22ff2437,0000000000000000000215abe846ac5190fc7b95df34211ce649b5f7df835ae0,1687961489,1705606d,1319350039,00e00020e05a83dff7b549e61c2134df957bfc9051ac46e8ab150200000000000000000074e64f2eb24fd440834b9cd9bb991add7294cdba7baf907adf3a62044e5cf1f4913f9c646d60051717afa34e,0380260c2cfabe6d6d392d8fc6deaf49a50cd7676a0510935d55a3e914c44866310c9db0a6b3abcdc610000000f09f909f092f4632506f6f6c2f6b000000000000000000000000000000000000000000000000000000000000000000000005001a780000,76a914c6740a12d0a7d556f89782bf5faf0e12cf25a63988ac;76a914c825a1ecf2a6830c4401620c3a16f1995057c2ab88ac;6a24aa21a9edb2e87b6a4936d5b46ac5b25b7a29ad6b047592a5a9030aa066a7c39194a7985c;6a244861746899f59866800987a6740cac10b266f1a98da67455274d79627c88f5d4f030f239;6a4c2952534b424c4f434b3a5a92145c2397676cc2b1f61edb5a7ccbe1626fcd444c3d7527f359220052d0d6,,stale,VALID,1705606d,,,valid_direct_stale
elastos,validated_stales,data/validated-stales/elastos_validated_stales.csv,126,stale_only_publication,repo-data,1463870,,797434,00000000000000000000fe9e3172a5d9ee3b815d952476a31056bc007657b83f,0000000000000000000118742e24eca6ae8adaccd5db94a2b2c4cf25159b1638,1688650755,17058ebe,4030624309,0000c02038169b1525cfc4b2a294dbd5ccda8aaea6ec242e7418010000000000000000000ed41354f2e9a2b6aaf64a57e189048e1beb832c01989cbf7e5a6e2d1adb330b03c4a664be8e051735723ef0,03fa2a0c2cfabe6d6defa9fde2bfb7ecf7c3045056f47a23d962114af932c17d2baa5ad926aa01a5ee10000000f09f909f092f4632506f6f6c2f6b0000000000000000000000000000000000000000000000000000000000000000000000050009e4d6c0,76a914c6740a12d0a7d556f89782bf5faf0e12cf25a63988ac;76a914c825a1ecf2a6830c4401620c3a16f1995057c2ab88ac;6a24aa21a9ed4f21bf4d5e30017926e0ccad8405bd2e7e0a3e597425d3b461a00d0ea2b52391;6a2d434f524501a37cf4faa0758b26dca666f3e36d42fa15cc0106bdb2a04b4ccf74792cc6753c27c5fd5f1d6458bf;6a2448617468bd34bff55c038986e250b82d2d09176d5124d5945c559c2fa47c2ead96134a4d;6a4c2952534b424c4f434b3a9df452bf9cbb38d9a693acb7c5084efdc040696b94176c4c9ece112000532747,,stale,VALID,17058ebe,,,valid_direct_stale
elastos,validated_stales,data/validated-stales/elastos_validated_stales.csv,127,stale_only_publication,repo-data,1489668,,802617,00000000000000000003cde17280f9c458ef226f5a77271ee82489daa6ac1819,00000000000000000002cc1a20c2d50e2a6f5e525db2ef10106dcb55e0a6c46c,1691732714,17055f5b,1076720179,000000206cc4a6e055cb6d1010efb25d525e6f2a0ed5c2201acc02000000000000000000920dfeaa177a781c6491d1065403fc0e6c09e8471825f18aa5043d5acf1ea6f9eacad5645b5f051733722d40,03393f0c2cfabe6d6db3d4279eae783c6f415ecc96dacf4e39548df57c169dda9b0af0ca4fb5669c0310000000f09f909f092f4632506f6f6c2f73000000000000000000000000000000000000000000000000000000000000000000000005005a620000,76a914c6740a12d0a7d556f89782bf5faf0e12cf25a63988ac;76a914c825a1ecf2a6830c4401620c3a16f1995057c2ab88ac;6a24aa21a9ede7d0afc28f368bf073fddc97dffe1704fef884606fdf75b23b83ae961e352d1a;6a2d434f52450142fdeae88682a965939fee9b7b2bd5b99694ff64bdb2a04b4ccf74792cc6753c27c5fd5f1d6458bf;6a2448617468f007bc0c85c753efe6c1ee1e769e2fa90afd4ab91dee408d3e5522fa7bc1a00a;6a4c2952534b424c4f434b3a1ed9a47dd0700c2c14b5e75de035a9892d5bdd7a67f9ff50f04fe31d00549dbb,,stale,VALID,17055f5b,,,valid_direct_stale
elastos,validated_stales,data/validated-stales/elastos_validated_stales.csv,128,stale_only_publication,repo-data,1528803,,810631,00000000000000000004a2b31c38cd724c92d3b33f9dcbe99bfb50ad167ab2ee,0000000000000000000127d56aaec3c26ca24f1bc973d52a8eacf845f1c9c102,1696436789,1704e90f,3830863512,0000e02002c1c9f145f8ac8e2ad573c91b4fa26cc2c3ae6ad5270100000000000000000097ee172777445d717bceb5bb96422b026cd0c3f15c7d8dfb0dbba612b826c5e035921d650fe90417985656e4,03875e0c2cfabe6d6d65469e6ea9ac854f43885d55334c16eebb2d39c20132fe9c0455a3f086de9f5f10000000f09f909f092f4632506f6f6c2f660000000000000000000000000000000000000000000000000000000000000000000000050026a77d03,76a914c6740a12d0a7d556f89782bf5faf0e12cf25a63988ac;76a914c825a1ecf2a6830c4401620c3a16f1995057c2ab88ac;6a24aa21a9edd0915d7f810afc3f23de4c1818fa7cd6d02a687262a33f2746c8b2414c8c7449;6a2d434f524501a55eef2f95f5c18f521bbc8506b486ff3b84299fbdb2a04b4ccf74792cc6753c27c5fd5f1d6458bf;6a244861746890b5743212d9898be3853dc19cf97b136bd6395691f8d98a605986f8d6a77937;6a4c2952534b424c4f434b3ac35b5adbdfadec2ada0ba684836f3db1ce11dcb9f4f69f08adda85180056e845,,stale,VALID,1704e90f,,,valid_direct_stale
elastos,validated_stales,data/validated-stales/elastos_validated_stales.csv,129,stale_only_publication,repo-data,1592119,,823672,000000000000000000001f317d0fdf0dbb37e5e5b0c858cb12f58eab4ff7ad91,000000000000000000012aa95aee0fd451961901b2bd0a5aadd5ab2a1a26de52,1704000439,1703e8b3,221941779,0000002052de261a2aabd5ad5a0abdb201199651d40fee5aa92a01000000000000000000280085d026fdf14e8b1425b615a4a5613720a20a2e4966ddc9ddb1cf82d32a9db7fb9065b3e8031713903a0d,0378910c082f5669614254432f2cfabe6d6dd899b0b61c849eb238e504be9476ab9ba26dc34d626903b4ff87381379d8ffe41000000000000000101972e10584828e37cc3a189dd5e9890000000000,76a914536ffa992491508dca0354e52f32a3a7a679a53a88ac;6a2952534b424c4f434b3a67f36c6d88c7c3c2ff5a522b0f1d79b329cab2a70877ad36e03dcd24005acb27;6a24aa21a9ed39e6811744eba9217741e29cac8447011a60f6962e7e17a81317f82c8986d9d6,,stale,VALID,1703e8b3,,,valid_direct_stale
elastos,validated_stales,data/validated-stales/elastos_validated_stales.csv,130,stale_only_publication,repo-data,1612653,,827853,00000000000000000002c7de4016a0d09a47c19075cb73947e7f66e3461efd27,00000000000000000002e00dc7c7a81a326aace5e26cc67b68f911d23e60689b,1706474126,1704005a,2809714008,0080f6259b68603ed211f9687bc66ce2e5ac6a321aa8c7c70de0020000000000000000007796ff12348e79a8a6917e38541f1145fcafc26d823ba76583ab79549d2e57bb8ebab6655a00041758d578a7,03cda10c194d696e656420627920416e74506f6f6c2030002000f26a1ba4fabe6d6de1b45f89fa3ffaa7372a1523b51f3a7c3bf2920ff5d531903a855db2308718231000000000000000c26200004400000000000000,a91442402a28dd61f2718a4b27ae72a4791d5bbdade787;a9144b09d828dfc8baaba5d04ee77397e04b1050cc7387;6a24aa21a9ede485d6036738d6182310c0e2d0065b25d1dc96c2ed860cad458d5ab9895b4bba;6a2d434f524501a37cf4faa0758b26dca666f3e36d42fa15cc01065997be5a09d05bb9bac27ec60419d0b373f32b20;6a2952534b424c4f434b3a3a5fa2be4fbcbca017c27ff0613a84e706a98597f16fa945932b8422005c151b,,stale,VALID,1704005a,,,valid_direct_stale
elastos,validated_stales,data/validated-stales/elastos_validated_stales.csv,131,stale_only_publication,repo-data,1615229,,828366,0000000000000000000222082e0016ece6119a9175adcf4ba416631279dc5611,000000000000000000034c1e981c817152d03c82e546a99bb99102d295ea8686,1706783265,1704005a,876766575,004028308686ea95d20291b99ba946e5823cd05271811c981e4c0300000000000000000015302596f4e592827b4a45553efea2e69eee6360ddb2ae8116890733776931f92172bb655a0004176f654234,03cea30c194d696e656420627920416e74506f6f6c20000021032506259afabe6d6da719433396db76805b7dd6df11ce9dd077401443214314536a2943e9a74c3287100000000000000000003662ebe1a60000000000,a91442402a28dd61f2718a4b27ae72a4791d5bbdade787;a9144b09d828dfc8baaba5d04ee77397e04b1050cc7387;6a24aa21a9edef969c6f9b26af099281546c0b814fb89e5c41ebefe1f0533b7a679de3105ffc;6a2d434f5245012953559db5cc88ab20b1960faa9793803d0703375997be5a09d05bb9bac27ec60419d0b373f32b20;6a2952534b424c4f434b3a5875b27127d070c92aaa44adc41748fb179f1ffe6606f32df4e99123005c3c48,,stale,VALID,1704005a,,,valid_direct_stale
elastos,validated_stales,data/validated-stales/elastos_validated_stales.csv,132,stale_only_publication,repo-data,1656311,,836806,0000000000000000000206e3a637468ec7c7b73632d9df302237d8899e8c6bba,000000000000000000029493a8ef91c77b5430a6a16a385536e256b655a899a8,1711723201,170362d3,712737373,00004020a899a855b656e23655386aa1a630547bc791efa893940200000000000000000080b326d48ecfc30d3970f78876d01641aaf19afadc45e4f3295ae5ee00c74292c1d20666d36203175d827b2a,03c6c40c172f5669614254432f4d696e65642062792062756e64622f2cfabe6d6d43d1a975b68dcdf31484314915575136c953a173468083f64fcce0c008f8d98b1000000000000000105e441a054f90ed3621ca5dd23171010000000000,76a914536ffa992491508dca0354e52f32a3a7a679a53a88ac;6a2952534b424c4f434b3a59d604c8a4726be06bf9e4c3a0a0122c10de5b7daf620d11eceba01b005ebd3e;6a24aa21a9edae154d21339a7603598916fe00bb863a09a98307cb83fe192909797b261ca290,,stale,VALID,170362d3,,,valid_direct_stale
elastos,validated_stales,data/validated-stales/elastos_validated_stales.csv,133,stale_only_publication,repo-data,1716863,,848968,000000000000000000006aade64c55965be1542f138da658dcdb93005e5c486b,00000000000000000000df1e504c307157213014e129b5c237178afe22a81c6d,1719019316,17035d25,2989855654,0060c52e6d1ca822fe8a1737c2b529e11430215771304c501edf00000000000000000000b9029934d1e89e8e1519ce26779419acb1ff96868b76bea7f604d5fe2eab309634277666255d0317a69335b2,0348f40c194d696e656420627920416e74506f6f6c2048001000099311dbfabe6d6d47f3b52c3a8d3ba1e9ed701ed99d0683256e0471114a2ea1c2f0ecb8e950c1891000000000000000c02f0000a22d000000000000,a91442402a28dd61f2718a4b27ae72a4791d5bbdade787;a9145249bdf2c131d43995cff42e8feee293f79297a887;6a24aa21a9ed5440000b29fb89d437e3aec6b96a22e55b2a619d2448596f7abb302d8f51a9f3;6a2d434f5245012953559db5cc88ab20b1960faa9793803d0703374e3ecda72cb7961caa4b541b1e322bcfe0b5a030;6a2952534b424c4f434b3ad94c92fc5f99dd424a53e02a17ed9e90e003deea128697ec0ea18023006282ff,,stale,VALID,17035d25,,,valid_direct_stale
elastos,validated_stales,data/validated-stales/elastos_validated_stales.csv,134,stale_only_publication,repo-data,1737935,,853185,0000000000000000000026c0346042277e9a464778417b70c81334d98d617fd9,0000000000000000000154489360a5adb136a1e68bf96412b6f695e1db7c0e09,1721550413,17036e3a,794275130,00c00920090e7cdbe195f6b61264f98be6a136b1ada5609348540100000000000000000075c74fe3e72c9a6465e4311c8023c557b13017f4f1b096f661c61b40f89298704dc69c663a6e03173aad572f,03c1040d194d696e656420627920416e74506f6f6c200c011d06f81553f1fabe6d6d993f10a093bc33dc01d5e616c76fc4fac4edf9020b862f382badc2a7cb4501a7100000000000000000008ab8c98e000000000000,a91442402a28dd61f2718a4b27ae72a4791d5bbdade787;a9145249bdf2c131d43995cff42e8feee293f79297a887;6a24aa21a9edc23d054cc5351d8397f760f5427f865d9532c9e79053394421b4649056baa43a;6a2d434f52450164db24a662e20bbdf72d1cc6e973dbb2d12897d54e3ecda72cb7961caa4b541b1e322bcfe0b5a030;6a2952534b424c4f434b3af255b5f734690da032ceca87fffb1d518886c537358c9d226a5ffb250063caa5,,stale,VALID,17036e3a,,,valid_direct_stale
elastos,validated_stales,data/validated-stales/elastos_validated_stales.csv,135,stale_only_publication,repo-data,1764454,,858607,000000000000000000020d5a1e9725dc333da00c03d123b7187bf713a88b6d66,00000000000000000002a0281b5291924ae7894c3cf65d53cba24f0962bbcd9b,1724739980,17033d76,615338028,00e0442b9bcdbb62094fa2cb535df63c4c89e74a9291521b28a00200000000000000000056bf998798cc157391ef5a9a46e002dcc6a835b8b0c3d93f55f7a1b204f04dab8c71cd66763d03172c50ad24,03ef190d1a4d696e656420627920416e74506f6f6c206a0008023b636a9601fabe6d6dde71551aa5a31c92f364e097d839be6a62b9bcbe69987a556d5e5ce8dda9bf1b100000000000000097c500004600000000000000,a91442402a28dd61f2718a4b27ae72a4791d5bbdade787;a9145249bdf2c131d43995cff42e8feee293f79297a887;6a24aa21a9ed4b2aa8c126973add48bd5a1fb083392c81c6f2397de21847e80e61b6ab2bbeff;6a2d434f524501a37cf4faa0758b26dca666f3e36d42fa15cc01064e3ecda72cb7961caa4b541b1e322bcfe0b5a030;6a2952534b424c4f434b3aa6ab101233c3731c8c1cb4ebf07eff37304577fab86fc160f98ce62800656795,,stale,VALID,17033d76,,,valid_direct_stale
elastos,validated_stales,data/validated-stales/elastos_validated_stales.csv,136,stale_only_publication,repo-data,1769956,,859749,000000000000000000001b2d82e3c85f3e9a6d64056a9af77cfceb2819f01059,000000000000000000029d72b5022da89bab4050c95a19b96cb5660c8df41abc,1725401331,1703255b,395048211,00000032bc1af48d0c66b56cb9195ac95040ab9ba82d02b5729d020000000000000000001e685a68cf0e90d8a6fbfc598c630772c83f5441d3123a252d2475d9bde02250f388d7665b25031713f58b17,03651e0d1d506f7765726564206279204c75786f7220546563683e000005a158d4ddfabe6d6d5cdfb05c0e341c380e3d2053d3c6d731d6531bed06e566c417a42a566a197618100000000000000000010b78005a891e00000000,a914bf73ad4cf3a107812bad3deb310611bee49a3c7987;a914056adde53ebc396a1b3b678bb0d3a5c116ff430c87;6a24aa21a9edeb61e1f1214f1ae14a160cf206c05048507edb7c99c1a316e1df1453ea6a77bd;6a2d434f524501a37cf4faa0758b26dca666f3e36d42fa15cc0106f459cc4ca322d298304ff163b2a360d756c5db84;6a2952534b424c4f434b3a95e180636e7cddcf34188552e6d12c844a430ff14935414108c603270065bc25,,stale,VALID,1703255b,,,valid_direct_stale
elastos,validated_stales,data/validated-stales/elastos_validated_stales.csv,137,stale_only_publication,repo-data,1781250,,862068,000000000000000000004b7f2b9b9a9c910a93500d84fbb8926a17dd1ace2f8d,000000000000000000000189d9ca7e6d950e926f7e1813b32907e490da4003f6,1726805977,1703098c,1648224664,0040f32ff60340da90e40729b313187e6f920e956d7ecad98901000000000000000000009c3d4b8b13d6291e86b30a961abb4293d6bd54c546448a18047d9e6f59290db0d9f7ec668c09031798e93d62,0374270d194d696e656420627920416e74506f6f6c206a003a0655afbd21fabe6d6d1915f2734f4bd97830714eab9726c352add9d88a80d299e049321ee945946703100000000000000000008aa5bd20000000000000,a91442402a28dd61f2718a4b27ae72a4791d5bbdade787;a9145249bdf2c131d43995cff42e8feee293f79297a887;6a24aa21a9ed77a4d5a26c6138ad54f1bc312db191e17692fa03bfd0982dd080778ad4579ea4;6a2d434f524501a37cf4faa0758b26dca666f3e36d42fa15cc01064e3ecda72cb7961caa4b541b1e322bcfe0b5a030;6a2952534b424c4f434b3a9b47a2644ab2d7bf04747f1e6ec88cad553618e2f6aca8e5aff61a24006672e0,,stale,VALID,1703098c,,,valid_direct_stale
elastos,validated_stales,data/validated-stales/elastos_validated_stales.csv,138,stale_only_publication,repo-data,1804299,,866719,0000000000000000000114d1f1c1ddf51e83d6c0d660b2c1fa9f9a345f36624a,000000000000000000012cd6187ca09c48064b53757185151011fc261e8b9d23,1729520486,17030ecd,1666587993,00205721239d8b1e26fc111015857175534b06489ca07c18d62c010000000000000000008e3d6cfcf7f1f10664eb9c32d1367572a3ef32dcb462440898c4f48cc0d9e55866631667cd0e0317591d5663,039f390d194d696e656420627920416e74506f6f6c20cc002101896bd293fabe6d6dcd78a1e1c4bee6bc878aa7308d0bcf7037a7f6749cb43771328c8f815dd98450100000000000000000002c4ddb02000000000000,a91442402a28dd61f2718a4b27ae72a4791d5bbdade787;a9145249bdf2c131d43995cff42e8feee293f79297a887;6a24aa21a9edf59d89fe5b59b5f7155482b047246c1916ad9b93e1aa2f11dbe2f59835f34146;6a2d434f524501a37cf4faa0758b26dca666f3e36d42fa15cc01064e3ecda72cb7961caa4b541b1e322bcfe0b5a030;6a2952534b424c4f434b3a43385dd6517bb9cfd2b4ff20a08db46d9e4cb08c6c8093e984cea01400680123,,stale,VALID,17030ecd,,,valid_direct_stale
elastos,validated_stales,data/validated-stales/elastos_validated_stales.csv,139,stale_only_publication,repo-data,1836965,,873558,00000000000000000000ba2ab3a02b9de883cd7368bf57da3e04cd2ba3bd04af,000000000000000000011f472bf9e68a6d2bbdd5762a4c351b895f8be5b7a176,1733524440,1702b563,2903135348,0000c42676a1b7e58b5f891b354c2a76d5bd2b6d8ae6f92b471f0100000000000000000069d57a1479ff45fe502ce822780082b7aa08fb1779400d7f2eadb441b379e992d87b536763b5021774540aad,0356540d1b4d696e656420627920416e74506f6f6c39303600001200c2d9cd98fabe6d6d5348ae8413e18dc46ee21e3e02e47fc7fed3df2d1e030ef68e60ecc024e6172c100000000000000000006f4e2f02000000000000,a91442402a28dd61f2718a4b27ae72a4791d5bbdade787;a9145249bdf2c131d43995cff42e8feee293f79297a887;6a24aa21a9ed029f0468663da9a13b2b18f1e0c46a90638ee47c0b06156c33e9fd493e6bd6ae;6a2d434f52450164db24a662e20bbdf72d1cc6e973dbb2d12897d54e3ecda72cb7961caa4b541b1e322bcfe0b5a030;6a12455853415401000d130f0e0e0b041f120013;6a2952534b424c4f434b3a47374f3668c7dc760930bb2431f7c2595d349ec0a253cd9fbd7b2e0b006aa657,,stale,VALID,1702b563,,,valid_direct_stale
elastos,validated_stales,data/validated-stales/elastos_validated_stales.csv,140,stale_only_publication,repo-data,1877624,,881780,00000000000000000002745046f0bb6fab9fd306b5df8afea25e5a4cc80f9282,00000000000000000001e50abf97db894680a9f8dba8b287c5d632cc577f72ed,1738412830,17029a8a,2663436214,0000003aed727f57cc32d6c587b2a8dbf8a9804689db97bf0ae501000000000000000000948f1a6ebe2f8919331e7e15070e254ac365f2b464b9d9d37dd2fd1d5eb977fe1e139e678a9a0217b6cfc09e,0374740d20202020204d696e656420627920536563706f6f6c2020202070003b0493ebf39dfabe6d6d936149b363d7be3529b41a8a0e8f30cbb62bf5f646ebafc9c8574fbbca37310b100000000000000008a900005f7f5100,a9148ee90177614ecde53314fd67c46162f315852a0787;a9146582f2551e2a47e1ae8b03fb666401ed7c4552ef87;6a24aa21a9ed08e60f8c9235041381284a045e08b8902cf2501ebb65e0f88ca86b47db0ae2a7;6a2d434f524501a21cbd3caa4fe89bccd1d716c92ce4533e4d4733942c01262fa046fdb8ba0dfce3753405c74aed0e;6a2952534b424c4f434b3a4a8aaa1597680290358ef218ce380ccbf9eace4b050d67806e586f10006dcd0a,,stale,VALID,17029a8a,,,valid_direct_stale
elastos,validated_stales,data/validated-stales/elastos_validated_stales.csv,141,stale_only_publication,repo-data,1884158,,883183,00000000000000000002585e763064d66b3f2554ef9dfb8603a2251ae16439e2,000000000000000000025886f65e6aeb7b809151d3110d99521f3c63b6b86881,1739196604,17027726,4108268898,00e070268168b8b6633c1f52990d11d35191807beb6a5ef686580200000000000000000036a8d98a0a50d078c4724939a85679ec0b61175b470d62b2fed155410ebd0817bc08aa67267702176235dff4,03ef790d192f5669614254432f4d696e6564206279206d61696e3138302f2cfabe6d6dbe78f06922f56f275c3292c78fdbbc03b0ff91ae74cb6db190bd0ca9212de386100000000000000010d16d4306a02a9abfa5f4ef247c75000000000000,76a914fb37342f6275b13936799def06f2eb4c0f20151588ac;6a2952534b424c4f434b3a26054c5e88fcdeaf3c8aaf591a80d27e8dd5ec9322dec99d23472612006e4ad5;6a124558534154011508000113021b1a1f120013;6a24aa21a9ed43f1c877b68494f89e574e72bdd919f006c009fc00323b6bdce2eb386c830655,,stale,VALID,17027726,,,valid_direct_stale
elastos,validated_stales,data/validated-stales/elastos_validated_stales.csv,142,stale_only_publication,repo-data,1884968,,883335,00000000000000000000d714fe269dd411cbf80b8971dafbd9edfedca401adc6,000000000000000000004560fc9729ec3f98ffadd11c381fda2eb4592610e433,1739298562,17027726,1278353442,0000402033e4102659b42eda1f381cd1adff983fec2997fc6045000000000000000000001c0dba9696caca7550018ffdb45a0252f7f0e9aefed744cbfbe58a9a40800b010297ab67267702172220324c,03877a0d1a2f5669614254432f4d696e6564206279206c6f67696b6139362f2cfabe6d6dd1c116736575f0ad0445bb12f06db18b9b734cf539e9af673345f709a2da7c251000000000000000100e8c530450d1ffba79924e9d77db020000000000,76a914fb37342f6275b13936799def06f2eb4c0f20151588ac;6a124558534154011508000113021b1a1f120013;6a24aa21a9edab2506804c3bf8067026f096a5b88a2007002528ca85873011737066e7954c0f,,stale,VALID,17027726,,,valid_direct_stale
elastos,validated_stales,data/validated-stales/elastos_validated_stales.csv,143,stale_only_publication,repo-data,1886695,,883674,00000000000000000001abda316319c8fec0def0564526d8282ca3a168def490,00000000000000000001bc390b0efbf6e9078085f2e4ea770d48eaf312278674,1739507128,17027726,1919855964,0000ff3f74862712f3ea480d77eae4f2858007e9f6fb0e0b39bc0100000000000000000004805b3d4af8beb1a7313a8b98959af52cb4754d8036019425b0332266e2e455b8c5ae67267702175cad6e72,03da7b0d2cfabe6d6de14e1323edf5a7ff65788c0abc30a4a579c87082ec246448103efd452e51382410000000f09f909f092f4632506f6f6c2f69000000000000000000000000000000000000000000000000000000000000000000000005009e920000,76a914c6740a12d0a7d556f89782bf5faf0e12cf25a63988ac;76a914c85526a428126c00ad071b56341a5a553a5e96a388ac;6a24aa21a9ed6c1a0ea1714ec484b7956d1619fe287b327d3b8ca2dd6b2bfd69862b1a1f4856;6a2d434f52450142fdeae88682a965939fee9b7b2bd5b99694ff64e7ec323813c943336c579e238228a8ebd096a7e5;6a10455853415401051b0f0e0e0b1f120013;6a2448617468367386afef64162b66797b00414e35e684814b3ff1d0f32f2db74cb6bdf2af78;6a4c2952534b424c4f434b3aff87fdafa55950b71662dc33d72339f0feba640d18020cddf1e5b30d006e7c8e,,stale,VALID,17027726,,,valid_direct_stale
elastos,validated_stales,data/validated-stales/elastos_validated_stales.csv,144,stale_only_publication,repo-data,1897534,,885796,00000000000000000001509b28e96d4eba8508a8885e78dc83b60cacdeb985ea,00000000000000000000fee0f3adc2244008edb4fce297430fa8846669ecfb69,1740796320,17028bb1,3418157353,00202d2569fbec696684a80f4397e2fcb4ed084024c2adf3e0fe000000000000000000001abd5982f07fdb3b1dc6a9fe0a0381809fda8644811b1b3725cf7a1ab930720ea071c267b18b021729f1bccb,0324840d0f2f736c7573682fe5006b0212a1a6edfabe6d6dcb383b3fba0880331f77acff6e2d6bb16491f368c9b6b535accf4f5f4513591d1000000000000000000007e41a001f0100000000,a9141f0cbbec8bc4c945e4e16249b11eee911eded55f87;6a24aa21a9ed688102b2470108205b3dc27c8237c9af016ae45657e045d631c9aa5c66657821;6a2952534b424c4f434b3a39570766ba41944fdae9b3167c5738fd3867f6de8efd0249bcccd91b006f4e79,,stale,VALID,17028bb1,,,valid_direct_stale
elastos,validated_stales,data/validated-stales/elastos_validated_stales.csv,145,stale_only_publication,repo-data,1972898,,901154,00000000000000000001044135d451cbcbf072e07680bd48fddbd933cccd4b14,0000000000000000000023677bb36c976c71443b2a4e3ebd98a0125895806b76,1749866722,17023a04,2679279788,00803928766b80955812a098bd3e4e2a3b44716c976cb37b672300000000000000000000eb29e1f92f0cd625cf927b014c3810c9d4a6cd4a705ae0d38125acc4b5575acbe2d84c68043a0217ac90b29f,0322c00d2cfabe6d6d02671cc85a182e0336208b625bf25070b1e20ffe2106d192acb54b1064a78a8510000000f09f909f092f4632506f6f6c2f64000000000000000000000000000000000000000000000000000000000000000000000005003e925600,76a914c6740a12d0a7d556f89782bf5faf0e12cf25a63988ac;76a91469f2a01f4ff9e6ac24df9062e9828753474b348088ac;6a24aa21a9ed874f03ea1f2ec51dbf1723793e08593c1a7dc95554e8387b3d3dddacecfc9592;6a2d434f5245012953559db5cc88ab20b1960faa9793803d070337e7ec323813c943336c579e238228a8ebd096a7e5;6a10455853415401051b0f0e0e0b1f120013;6a244861746835e721cfc3be1b61673150efbec50fc60da8649f0c8bfc4e7b5e8d16405d3861;6a4c2952534b424c4f434b3a56542d88df22ab7e48014c9e774ed14ffe797a3c0d38cc72c796f9130074fda2;6a27737973e52f0c6c6442b10a6ca31b022b418765141d840cb2779c2c78134a31d209e29c18411f00,,stale,VALID,17023a04,,,valid_direct_stale
elastos,validated_stales,data/validated-stales/elastos_validated_stales.csv,146,stale_only_publication,repo-data,2014621,,909489,000000000000000000001cb7065caaaca472821735331118c31d188e2b7ef03d,000000000000000000007dfadec4b2a105d18b8bd5d75195840d76ddf7dd5f0b,1754876508,17022cb3,882827571,002001200b5fddf7dd760d849551d7d58b8bd105a1b2c4defa7d00000000000000000000a5d4c41c6ae53459c9bb5f80197a89113045ef49b1397b339868c994a08df7895c4a9968b32c021733e19e34,03b1e00d2cfabe6d6dfebda2bec55114f55c8cafa888a9fb0fa9233ff52ce947b98b6f3e3911aadb7b10000000f09f909f092f4632506f6f6c2f64000000000000000000000000000000000000000000000000000000000000000000000005001209fb2a,76a914c6740a12d0a7d556f89782bf5faf0e12cf25a63988ac;76a91469f2a01f4ff9e6ac24df9062e9828753474b348088ac;6a24aa21a9ed37f9f653b836fbe37098609757aae0bee4813208d7a7465ce28d2102dfaf6e1d;6a2d434f524501ebbaf365b0d5fa072e2b2429db23696291f2c038e7ec323813c943336c579e238228a8ebd096a7e5;6a10455853415401051b0f0e0e0b1f120013;6a244861746848a551687a1c3d8e86034a94d3c51770ea9750e2be78853525ff974011d6a94c;6a4c2952534b424c4f434b3a05faf91521171720c0c7a8203eba5aff02defd95ddd5393d1fe0e60c007828aa;6a27737973f28a505a1b9b8bb2b0a3977141639d4534c609ec8c39f079a7746e9fd588f00c50c21f00,,stale,VALID,17022cb3,,,valid_direct_stale
elastos,validated_stales,data/validated-stales/elastos_validated_stales.csv,147,stale_only_publication,repo-data,2019590,,910525,00000000000000000000d7723ab64114f913df8c3a14fe3d13a96017e5ad87a6,00000000000000000001493dfd40a75712c1efaaa01f534964cb9026d998c7cf,1755476022,17022cb3,1679814237,00800520cfc798d92690cb6449531fa0aaefc11257a740fd3d490100000000000000000064f96b8ee28eabddc69316b2ffe93eca10da2f395a016d1da974d4847abe58f23670a268b32c02175dee1f64,03bde40d2cfabe6d6d1c7b868289c5bf57b2e09d7b7dab3a981c67441d016cddb48d27965747d3245b10000000f09f909f092f4632506f6f6c2f62000000000000000000000000000000000000000000000000000000000000000000000005008cf50000,76a914c6740a12d0a7d556f89782bf5faf0e12cf25a63988ac;76a91469f2a01f4ff9e6ac24df9062e9828753474b348088ac;6a24aa21a9ed6d2566dcaa1ac89bbd01e35875e37a3d62d559cf9c7f03b770eb8ea96d3424e3;6a2d434f52450164db24a662e20bbdf72d1cc6e973dbb2d12897d5e7ec323813c943336c579e238228a8ebd096a7e5;6a10455853415401051b0f0e0e0b1f120013;6a2448617468d5590ed7367ee7edfdfb614ef8af5244ec8fd2b64fa087ed51054b13a51f79b2;6a4c2952534b424c4f434b3aad6832a72417b4930e231174ce8991bd98242084bc7010049ec6171400788817;6a27737973909b53ba11b61b31fbe7f682094ab25380b7d802d2bf5acb38afa78993d03ba6b4d11f00,,stale,VALID,17022cb3,,,valid_direct_stale
elastos,validated_stales,data/validated-stales/elastos_validated_stales.csv,148,stale_only_publication,repo-data,2030043,,912698,000000000000000000000cdf5d7f499305261f6fadab837f94a3e5acb28795b8,00000000000000000000eb3ccf8fb039827a01150f926c80bc95685bce001802,1756730496,17022b91,2789636488,00a01224021800ce5b6895bc806c920f15017a8239b08fcf3ceb00000000000000000000c8703c5800f6bf39badad311b17a4471aa8b7f476e2ca5c33275f1c9eb5f70f98094b568912b0217887946a6,033aed0d194d696e656420627920416e74506f6f6c208e00100311b92b8cfabe6d6d816b9fdde91fcdf0b3f80f05756a1a560e6b17682f3a7a695bb50c2c940d13a810000000000000000000dd06f466e90300000000,a91442402a28dd61f2718a4b27ae72a4791d5bbdade787;a9145249bdf2c131d43995cff42e8feee293f79297a887;6a24aa21a9edade8624120af8be588f630703b6eda84d586eb2b3e8cc410207799a6855afce1;6a2d434f524501a37cf4faa0758b26dca666f3e36d42fa15cc01064e3ecda72cb7961caa4b541b1e322bcfe0b5a030;6a12455853415401000d130f0e0e0b041f120013;6a2952534b424c4f434b3ab01fc33bfa4af7d1d1ff8a1afd086f83862d80399897c71a3bebc11200794dc6,,stale,VALID,17022b91,,,valid_direct_stale
elastos,validated_stales,data/validated-stales/elastos_validated_stales.csv,149,stale_only_publication,repo-data,2053001,,917494,00000000000000000001c00858518e76172820d693a190fdb290ceb011a999be,000000000000000000002068fc473269c332a259a5961e798cc845c3d5b421db,1759489059,1701ddb4,2887720910,00e0ff3fdb21b4d5c345c88c791e96a559a232c3693247fc682000000000000000000000ecb81bae71e636f490806e01d31709b4499c00ce801be96194e70aa8aeb5f6c023acdf68b4dd0117ce1f1fac,03f6ff0d0e627463636f6df90008024bfa3cd4fabe6d6df11990d7c52613cc9f49b91fd7ca4d88ecdd5c0bffd3f804e2f549df64bd7ddf10000000000000000000dce60415000000000000,a914b318ac9dd6edf46e9a875498843633350ac27b8587;a91435fe8eea72c226a327ef7136789304868fb59d2a87;6a24aa21a9edc798a168ae76dfa5dd2cfe9741c888ac3100626fd23cce24cea10b47ff40280e;6a2d434f524501651da43be21fdb85615a58350cc09d019c3f47c4e45a362277420c1b31d6b9b16779418e79babb9f;6a277379735a84b1380b9083e204c97fa2ca60cd8c3593b17a212f6813f3128428be7222d706392000;6a2952534b424c4f434b3a13082e8ca8859e1d39c35f90de3c174b0a94a74da5eca81c1ec1f316007b0088,,stale,VALID,1701ddb4,,,valid_direct_stale
elastos,validated_stales,data/validated-stales/elastos_validated_stales.csv,150,stale_only_publication,repo-data,2075022,,921987,0000000000000000000079d5bbefeca4a1fc69b3490123490725d1f5b3684976,00000000000000000001c2fabdc0a597ccca1883095ca6373eee1e807cf02da5,1762134307,1701cdfb,3886740792,00c08224a52df07c801eee3e37a65c098318cacc97a5c0bdfac2010000000000000000003e9f8d31bec498ceaafb769365b54e2149e65169637748ed8bc35da4b2e85ded23090869fbcd011738f5aae7,0383110e1b4d696e656420627920416e74506f6f6c393037f9016403e2f23917fabe6d6d41e4545e7fd73e546bccfaa5f510dad1907d94ac44d01f4873ace8abf4e32d24100000000000000099940000f600000000000000,a91442402a28dd61f2718a4b27ae72a4791d5bbdade787;a9145249bdf2c131d43995cff42e8feee293f79297a887;6a24aa21a9edc61e2e47b18eb7f1555ca3700861f80194bd1991bb52ddba36f90175ebaccba2;6a2d434f52450164db24a662e20bbdf72d1cc6e973dbb2d12897d54e3ecda72cb7961caa4b541b1e322bcfe0b5a030;6a12455853415401000d130f0e0e0b041f120013;6a277379737ea60b9ddd2acebf60be94bdb3ae84831fe28532e786b9e077286cd2348e90a7267d2000;6a2952534b424c4f434b3a4cece6acace2f29ff056a77f009d5beec8f706f3d08b7d8ca6d7e111007c9d22,,stale,VALID,1701cdfb,,,valid_direct_stale
elastos,validated_stales,data/validated-stales/elastos_validated_stales.csv,151,stale_only_publication,repo-data,2093516,,925605,0000000000000000000080824aaf3e9614116f4c5901b89220e515babed61b69,0000000000000000000107e85c2f8a4b9cea226aeb9bf9c46f6c29ddb81406d0,1764361990,1701e2a0,2763189558,00c0d821d00614b8dd296c6fc4f99beb6a22ea9c4b8a2f5ce8070100000000000000000027dab749d6110477434a62917e258e2551053be3997c8a262466c2a3c8c6951a06072a69a0e2011736edb2a4,03a51f0e194d696e656420627920416e74506f6f6c205a003a07c0f8b35dfabe6d6deb8449da91f27841c5711fc553c6ed5627be78488f3ba0d8bf68b5764cdecee61000000000000000a49b0000a548000000000000,a91442402a28dd61f2718a4b27ae72a4791d5bbdade787;a9145249bdf2c131d43995cff42e8feee293f79297a887;6a24aa21a9ed12f063e86ed36f9a4855f19e2b552431ab4007e371122445e14a5cff6237cf28;6a2d434f524501a37cf4faa0758b26dca666f3e36d42fa15cc01064e3ecda72cb7961caa4b541b1e322bcfe0b5a030;6a12455853415401000d130f0e0e0b041f120013;6a2952534b424c4f434b3ae234a1341ad7b7c91aca5691693a0f7dc369700a1cfb521a56919312007dfb5f,,stale,VALID,1701e2a0,,,valid_direct_stale
elastos,validated_stales,data/validated-stales/elastos_validated_stales.csv,152,stale_only_publication,repo-data,2095662,,926056,00000000000000000001d8e793ea5d96636d5531502b2dd3f289905c674aad19,000000000000000000009aab63f245501cba50703369c51bcccbbe809f7694e0,1764625413,1701e2a0,2515435280,00c00120e094769f80becbcc1bc569337050ba1c5045f263ab9a0000000000000000000000f29f00fb9b96ba3baf2441c70b3bd81b446dfb6917b7ce433a379c43fb2858050c2e69a0e20117107fee95,0368210e1c4d696e656420627920416e74506f6f6c38343306020901e317ac9201fabe6d6d85096ee207432766ee95993784fd5f080fe6b9339d4a23fa0dfb8eea4e6e614a10000000000000000000001b098ec60000000000,a91442402a28dd61f2718a4b27ae72a4791d5bbdade787;a9145249bdf2c131d43995cff42e8feee293f79297a887;6a24aa21a9edc1a1e495b3c42a42c81d19d5ada3b9b9505ad47be8adc4f984f052a28f9d033f;6a2d434f52450164db24a662e20bbdf72d1cc6e973dbb2d12897d54e3ecda72cb7961caa4b541b1e322bcfe0b5a030;6a12455853415401000d130f0e0e0b041f120013;6a2773797379a13ecce88cf76869c259ed3ea451a64bd9661dbd688835e539a2f7a39ecd1918bd2000;6a2952534b424c4f434b3a8dcef469e2c68652b4a7f8b90bbd51c52593e62d713df5c2515ecb13007e24e9,,stale,VALID,1701e2a0,,,valid_direct_stale
elastos,validated_stales,data/validated-stales/elastos_validated_stales.csv,153,stale_only_publication,repo-data,2114876,,929872,0000000000000000000145610c4a50efe6f65c1efeca68f7ee02165b01fa05e5,0000000000000000000026b67d79c941e23d42327b42812a35e2871372cb29d4,1766932152,1701e605,1555330460,0000d923d429cb721387e2352a81427b32423de241c9797db62600000000000000000000f796e4fed931f4b48813cc23b34d9bdddfac1b6efdc49744d52ad6b57a2e4596b83e516905e601179c75b45c,0350300e182f5669614254432f4d696e65642062792063656b70656d2f2cfabe6d6dcb9becee455da7e58853661781ca0523a7b54e42f1bd272581b064ff1f20b0e8100000000000000010bee68e0c83956128da5784f85c00000000000000,76a914fb37342f6275b13936799def06f2eb4c0f20151588ac;6a27737973257aa8f9a1202ff1f8e4017e66e25b35aff3a73e9ff8577f98c3d2fc674636058cf82000;6a124558534154011508000113021b1a1f120013;6a2d434f52450164db24a662e20bbdf72d1cc6e973dbb2d12897d56a931d9de30a5f313a566775a135cf47d40c0ccd;6a2952534b424c4f434b3a169efb62a63efea6662beb4dd1e29006d84b36b2ebbe3c62c820971a007f92f2;6a24aa21a9ed70583924ea523bfb3852c71238aa3832efbb7d071df0831763de7607ae8f390c,,stale,VALID,1701e605,,,valid_direct_stale
elastos,validated_stales,data/validated-stales/elastos_validated_stales.csv,154,stale_only_publication,repo-data,2138062,,934425,00000000000000000001dbe85a748a48ed55156a16a075a6a4af972bea5a1990,00000000000000000001c9b55daa7faf6dd4c23715dee477d709ac0db0f6eb73,1769832798,1701fca1,3108697796,00c00a2073ebf6b00dac09d777e4de1537c2d46daf7faa5db5c901000000000000000000c464340b68021ea981400983a20c35a32d62667d63d45ec05ea987f02ff35d6c5e817d69a1fc0117c4f64ab9,0319420e194d696e656420627920416e74506f6f6c20c701b1062186e049fabe6d6d38ac00a4b2248416398328bce0f35d6f4baf226c3253116fa5cb195d9f0abb8f1000000000000000000026e38b39010000000000,a91442402a28dd61f2718a4b27ae72a4791d5bbdade787;a9145249bdf2c131d43995cff42e8feee293f79297a887;6a24aa21a9ed1b02126c05160a1efb5e8750670aaa95b3b2ba24f6cc4d953fe537b015671a70;6a2d434f52450164db24a662e20bbdf72d1cc6e973dbb2d12897d54e3ecda72cb7961caa4b541b1e322bcfe0b5a030;6a12455853415401000d130f0e0e0b041f120013;6a27737973f1b263fa42e13ee360a290e3601143007a55dbddb7ededfdfbeca7355be1de1728432100;6a2952534b424c4f434b3a8f7ab38265fd0c95686171a6458d04d4e0df4e78cfbb73ca55ced81500815d18,,stale,VALID,1701fca1,,,valid_direct_stale
elastos,full_inventory,<chain-archive>/elastos/classified/elastos_unknown_blocks.csv,7248,full_classifier_inventory,archive,797277,,661989,0000000000000000000404bc39fdc580154c6f70966acdd7d8808fee3865fe26,b62e35e6e382a534674babd949d7ac1d1f07ebd500092bf10000000000000000,1608350069,170f1372,718876546,00e0ff7f0000000000000000f12b0900d5eb071f1dacd749d9ab4b6734a582e3e6352eb65143d79b852b4afd67a2839aa7657dc0958e10d5bfd5f080e1afd372aa8345e47579dd5f72130f17822fd92a,03e5190a194d696e656420627920416e74506f6f6c6e1400b520517551affabe6d6d4600a97616ea189993fb842422a398ea6895460605e3913a3e8c55fc84c80051020000000000000091460040ce9a7600,76a91411dbe48cc6b617f9c6adaf4d9ed5f625b1c7cb5988ac;6a24aa21a9edd7c8f23e35e2094e1bddad158f70ff66ca38481805e4b7f96d98ebd8a99b62d2;6a24b9e11b6de825b3195f28d61789d9e6b4ec72a9aef3e55e829bb9c24262b94e763e6c9e8c;6a2952534b424c4f434b3ad3d9ce7c80afd65859fd970e6bf2ef94d7a2364fcc19855436803431002d152e,,unknown,UNKNOWN,,,strict_btc_orphan,strict_height_nbits_match
elastos,full_inventory,<chain-archive>/elastos/classified/elastos_unknown_blocks.csv,8856,full_classifier_inventory,archive,1354102,,774712,00000000000000000002761b955201609da7fec57f93ba6f1971d60868860f7d,0000000000000000011846eb0386c120b19ad90e4ebab559292dab563bc3ee36,1675330031,17072720,1671821318,0040ef2636eec33b56ab2d2959b5ba4e0ed99ab120c18603eb4618010000000000000000d660f12f2da5fe82e009f75f6c980c93842b98228b6ed4a3cc9d1f68806b96aaef81db632027071706f8a563,0338d20b1b4d696e656420627920416e74506f6f6c393635aa008302d1239139fabe6d6dcefd0169e6ea1e02076a320528d12bbcf6cd099938e89799aa34871b355ab98a0200000000000000000106e83d00000000000000,a9144b09d828dfc8baaba5d04ee77397e04b1050cc7387;6a24aa21a9ede2f61c3f71d1defd3fa999dfa36953755c690689799962b48bebd836974e8cf9;6a2952534b424c4f434b3a9069fbd003aae3595893d46fae337e354ce46671c038b95f092ebf26004c9878,,unknown,UNKNOWN,,,strict_btc_orphan,strict_height_nbits_match
elastos,full_inventory,<chain-archive>/elastos/classified/elastos_unknown_blocks.csv,8988,full_classifier_inventory,archive,1559492,,816925,00000000000000000002519abcdc0b85977087bae63a36cd4a13638c22721ebd,00000000000000000003bccb5c7ff759adc174d474053dc4eb14bb1bdc67895b,1700080312,17045a12,3794945228,00a0a0295b8967dc1bbb14ebc43d0574d474c1ad59f77f5ccbbc0300000000000000000018bfec3da2b3a1a8e5ac8278e584863e7769c53dde9df7e0a7268e1ce5dafd4cb82a5565125a0417cc4432e2,031d770c194d696e656420627920416e74506f6f6c209300af03144fcc3afabe6d6d7b44ab0f1345bed1bcd4c78b66545d313f071a3c50c2aa881ef5de6db532c912100000000000000000007e807500000000000000,a9144b09d828dfc8baaba5d04ee77397e04b1050cc7387;6a24aa21a9ede2f61c3f71d1defd3fa999dfa36953755c690689799962b48bebd836974e8cf9;6a2d434f524501a37cf4faa0758b26dca666f3e36d42fa15cc01065997be5a09d05bb9bac27ec60419d0b373f32b20;6a2952534b424c4f434b3a212eb0a5ce938ee188f43efb9da7d4865da9d7578b97e8d3ae4b982b0058b893,,unknown,UNKNOWN,,,strict_btc_orphan,strict_height_nbits_match
