chain,source_kind,source_path,source_row_number,artifact_scope,provenance,child_height,child_block_hash,btc_height,btc_header_hash,btc_prev_hash,btc_time,btc_bits,btc_nonce,btc_header_hex,coinbase_scriptsig_hex,coinbase_outputs,full_coinbase_hex,classification,validation_status,expected_nbits,rejection_reason,btc_stale_relevance,relevance_reason
i0coin,full_inventory,<chain-archive>/i0coin/classified/i0coin_stale_blocks.csv,1854,full_classifier_inventory,archive,1525818,,,00000000000000000cb7a20ee4e199e347ad7369936abae53a1518efa531ec61,0000000000000000155f2519d35cd5d2869900bcc5093594b27763a0315390b4,1435978124,1816418e,2769231577,03000000b4905331a06377b2943509c5bc009986d2d55cd319255f150000000000000000334590846af20915ea38e90a4f4c5cd3cd42273ac2be57c59eb132f2be40cde08c4997558e411618d91e0fa5,03d58c05e4b883e5bda9e7a59ee4bb99e9b1bcfabe6d6d08024815ae59883116796dfdf1f6c4626a66e744f25569786663a89f8a01c39010000000f09f909f4e657720486f72697a6f6e73206973203132333539353038206b6d20746f20506c75746f00,76a914c825a1ecf2a6830c4401620c3a16f1995057c2ab88ac,,unknown,,,,strict_btc_orphan,strict_height_nbits_match
i0coin,full_inventory,<chain-archive>/i0coin/classified/i0coin_stale_blocks.csv,1855,full_classifier_inventory,archive,1525826,,,00000000000000001301bfd6f566a421c7eeba103d09b312032ca065cb185de7,00000000000000000966d65e0fd87d1d5a8f154a2c955816c28e2006e381aa18,1435978576,1816418e,2983296319,0300000018aa81e306208ec21658952c4a158f5a1d7dd80f5ed6660900000000000000009e932c2f6dd01e59b22d4603bae975f0c860433839a338418ebccb0b01e0db32504b97558e4116183f7dd1b1,03d78c05e4b883e5bda9e7a59ee4bb99e9b1bcfabe6d6da8c523c71a403b17048e8ecf499503fa3279a01afa9fd84b814b592fd92062df10000000f09f909f4e657720486f72697a6f6e73206973203132333533323739206b6d20746f20506c75746f00,76a914c825a1ecf2a6830c4401620c3a16f1995057c2ab88ac,,unknown,,,,strict_btc_orphan,strict_height_nbits_match
i0coin,validated_stales,data/i0coin_validated_stales.csv,2,stale_only_publication,repo-data,179844,,160948,00000000000008cfe36dd6a59385e5f85540025cf5b386cbc73b32f63daa1b77,00000000000002db0b0bfd938bdd1e968270eab5a72f9ed44058a2de09eb061a,1325885242,1a0e76ba,1168215502,010000001a06eb09dea25840d49e2fa7b5ea7082961edd8b93fd0b0bdb0200000000000033bfda14acefac57eb26d094dd69e9e46e9f6436bec3602b9d2e28428a12845a3a67074fba760e1ace8da145,04ba760e1a0137522cfabe6d6deb3bf89ca2eaeb72fb03ef217e0e22afba56fa80069b24b4d7b17eced1f0f9e10100000000000000,4104655fe6ea45eb3daee86aac927f5b7980b326f62ca4df098ec615ed22496b721162093818ce231bb5b935b54b5dbe7c47323e63169e37ccd5cdfdee2f27fb9ae0ac,,stale,VALID,1a0e76ba,,,valid_direct_stale
i0coin,validated_stales,data/i0coin_validated_stales.csv,3,stale_only_publication,repo-data,185443,,161761,000000000000060f6e4816a68a5654dfa9e6ed37b214853dea9fbf0b55eaf649,00000000000009c4b8d4140b1c8cb0a2916d70653580c3c08bd8bf9abc0ba246,1326321846,1a0d69d7,3042460540,0100000046a20bbc9abfd88bc0c3803565706d91a2b08c1c0b14d4b8c409000000000000a96e4c80539e297bbf7bc3472daa135f73f69ebc94e9360e10bf97f2ec603c73b6100e4fd7690d1a7c4358b5,07456c69676975730299442cfabe6d6d7c5367132a6070f6b43a06dc4d6e03a38c68eae3a085d15c806391a23ff5e87e0800000000000000,4104537ac9f10c6e783e630e00802657a38287ad044cb4b24ba26a97bbfddd465f355d242b586d59b919d015abd60e581f0689a357ffe47bd3d3730a910a1175f9dcac;76a91478bcf62fd3995681d8d6e5a714178547850d0ddc88ac;76a914be00333c4915f72ea0b2fc6a167e980cfe660af288ac;76a914649374cde08f7ab8e306ddca97890d407e756af488ac;76a9146ad47e26a21e5c5521b76eb11a3378d5528a436988ac;76a91480d9db836764688c1317808e5c62fbbcaec662e788ac;76a914258fde04346b111f0c116b89620bf6186e72aa9088ac;76a914be0445f1cb8916e2d3d8380b5d39c0eed620e54a88ac;76a914e7353105e1dd412eb473bb981b1244aa471a304088ac;76a9143213e4e884d1dfad34a563271894ed76667abcea88ac;76a914e5673d0aaa04d7ef76cac33443c4d65f1f9d3abd88ac;76a91457476a81004cc11720974879ae084209e5121df788ac;76a914ad708c092091e9541e62f84212e16a425998538b88ac;76a91479dcd42edef81cae93ca4321537fa2a431ef0e5a88ac;76a91417217c04436a5ea3f6648aa3287bde544435ac3688ac;76a9140a1f4b80a6f6709cc8539e0af61f9b2acfd803c488ac;76a91427826db76f38ceae4b1eeabbd2efc8b222d3d80f88ac;76a914cac51e198e50f78b352b7543450d4adb19a1ecb588ac;76a914e8ff106e7bc09d6a230e6c59438d601814e1062f88ac;76a914fc31f9e640ff5aa7334fdc181bc0fb342f2fce2388ac;76a9141ba5c1c3c0916014ee18f35b2c8972d974e0c2c688ac;76a91449f283b876a0952ac8a974d4e17bd1d82893929288ac;76a914260a878df095dd1d3c7107494e9e7d577814a88888ac;76a91417ad6ac1056d12cc67661a24f4b30cf989dfff3488ac;76a9149d7ec767cea1a4f3d0de81ee223d00d91555138c88ac;76a91486d38036e66911b8a2f66d22efafd62189ed2ac988ac;76a9142f9df4e19b8473b9345755e29829e801baba01ff88ac;76a91415b7c62564484644a8af02767d41a7cb1e4dc4b888ac;76a9142de17c20ad4acd2eb0a6113b16a296e91dbed2e088ac;76a914c784d5639cba9cac3ee83b8419d0df127f814dac88ac;76a914abc5ef57aae67bb72627fbb58ecac658a066283b88ac;76a914602c4f1859b751edad211a223b9a5f3976ad008588ac;76a9146e56ee785925e6b8c70af1b4891f439986b6ec5b88ac;76a914c37af1c8acd52f69c1583777007078288729bbaa88ac;76a9142dbd943fa4480987fba00463944234550a6d94d188ac;76a9149c25ab671101eddf030fc91183ec15ae7fa48e2288ac;76a9142777969c44603d882a064e693276be0b2a552b9088ac;76a9148e49dc353c3d09ddd992925066a80486ce79a5f988ac;76a914d70b855169965501963aca763799f01b110a755388ac;76a9145c75f2bda4853b40e66d73330d716f9e29fdec5488ac;76a91441612d65fddff0f2f82af01676f033ebaee9ce1d88ac;76a91467cec2520fd4a12f815f6b69601a30ba95e4e1d888ac;76a91476ea1118754fe1c7bd7e6e5a3bbf0a58bb50793e88ac;76a9146284a45230cf59afc7014972809b33fcd697feae88ac;76a9141c0320b4b7d9f4462176b099412804a75ce1b0c288ac;76a9145dc4028d9b34d6d7ead793d9c655e91401f421e488ac;76a9147ac2b007faf68d60460f26884f41630a0c84bb1f88ac;76a91471556a3df90c4bfe9e3b0dc1d17b96bef721c15088ac;76a914e2623bc4fb3cf9d65042ac3b87078257037fa81d88ac;76a9149465fdac29b5c47b99c8d17379d0fc6d99c1e4a688ac;76a914cc48bc094901e59d9f696b4d8b5c6045006bd33188ac;76a9149eb551c3924ed46408b3616242db21b7fcc7f9a288ac;76a914959ccd483cd07cb7ab9c63ae088d36833e52a29388ac,,stale,VALID,1a0d69d7,,,valid_direct_stale
i0coin,validated_stales,data/i0coin_validated_stales.csv,4,stale_only_publication,repo-data,196129,,163226,000000000000004bea0f213d7a35de50c18a865088c48d1b48fb61c5c02ec4fa,00000000000006ce4d139f5019593729287c90f7f609df80dcd1c4c13d659c2b,1327161211,1a0d69d7,3471661631,010000002b9c653dc1c4d1dc80df09f6f7907c2829375919509f134dce06000000000000f4d9e6ad46d7ef391b0a4b90f4cc491040060d29043a9c8d5c8a198add5cbed17bdf1a4fd7690d1a3f5aedce,07456c6967697573025f272cfabe6d6d2bda981425630396c2844863efca47fc5643db1e94e760813356ec18bd8b827308000000000000000f4e4f5032534800703273682f434856,4104b564da62393ecc445dadce9fe49686e7180db43ef0172a15e6ecc1cf8936cc9f17982db674f7c8497d1dcfe34647783a647360407d091e8c9d61325c053ed0abac;76a914a3124b940eaef5647ec4cedff4f355f1044680ad88ac;76a914be00333c4915f72ea0b2fc6a167e980cfe660af288ac;76a9147b57cfe0a1e0ad8af7858ec66625e8b6abb18b2888ac;76a91449f283b876a0952ac8a974d4e17bd1d82893929288ac;76a914f7a41345a67089da2f15840b04cdcbf03e6de93a88ac;76a914d15f121295a634b9768c9afd46e9823f772b758788ac;76a9146ad47e26a21e5c5521b76eb11a3378d5528a436988ac;76a914cedd74a429273018a836fcc9fd74d1c92563262e88ac;76a914f89644e8a778cd74c77d79060c3d2eecba75ddb588ac;76a9147f05ce804cc6bf3db216edc2986d4e6730c1933688ac;76a914a9e01ae5f2e882d018ca6c9c0b62805f419f678488ac;76a914fa12f5fb7d320bfd5c61f55db12cc2758d02a82588ac;76a9146c24516d3f3c68e4993ce348ab503a3255e34eb488ac;76a914cb33057b4c93851a5fbeb3c8e4db30576219793788ac;76a914232fb83bfc9be92121c22307bccec9465ef3a0b988ac;76a91407c72230d9e5f8c49e1fc8f6cb07951def37ee9888ac;76a9149d12f0ec7526463e4dbbbc69ea634f88ff3092a088ac;76a91421882a0d4375bcc0cbf90cfe3dd0c197311901f988ac;76a9146a483671974e73e6fde58ec88e08a2e3bbb79cad88ac;76a91475bd605cc2ee3974d54578b8af803d0a9351df4088ac;76a914d54804da3e32dffe6ca6be97291f3c76e62040a588ac;76a9141b498a462cafb9ffd0e420634f35c47cf509b87c88ac;76a914559d6989c909b59b20bf10935d052fcd63daf86e88ac;76a9142f9df4e19b8473b9345755e29829e801baba01ff88ac;76a91476149be8c761ab96b633c5e7a68bffec940de11688ac;76a914405b2acc3c986d49b57c92a7965c6174ee13eaec88ac;76a914d4fa97df413d36a61dcb39df168a6953e60969d388ac;76a914abc5ef57aae67bb72627fbb58ecac658a066283b88ac;76a914fd411f1b093ee9464a07155dc40f6fecfcb7a65688ac;76a914f8159668b1e026c4390e39567c6805b3669643cf88ac;76a914e7093805e2b766448dabe64d639b6e0118611aae88ac;76a914c8e9eac50f100e2782ed0ca2315c061acd229e1888ac;76a914f1b64d8bb1c051089692a28c7ee111ac70652cd188ac;76a914c37af1c8acd52f69c1583777007078288729bbaa88ac;76a9144b91bf67e11a5d9b8d0c7f30f0cd1c39994c803d88ac;76a9140d37f0f7edeae22e7ab7524db57b3885c0a1844f88ac;76a9142777969c44603d882a064e693276be0b2a552b9088ac;76a9148e49dc353c3d09ddd992925066a80486ce79a5f988ac;76a914d70b855169965501963aca763799f01b110a755388ac;76a914b2a932169f84f59bc0f8430ff3fe512a0c5556d488ac;76a914012eebc0d3353bbd8b7982fded3d9790f2f42bd688ac;76a91476ea1118754fe1c7bd7e6e5a3bbf0a58bb50793e88ac;76a914a0824ac2c44bb2291357f37fc2a3fc5fc3d047a088ac;76a9144ff8472b4bf4482dd19dd530e8f6bae3c337241b88ac;76a9147ac2b007faf68d60460f26884f41630a0c84bb1f88ac;76a9145acc17baa7814a453b8de815585958085ceeea5f88ac;76a914e6e55e2991742ece883b5dc084efc46552e9378588ac;76a91485f62c1b8e6632e0febc9f80bcc5e04e5bfa026988ac;76a914cc48bc094901e59d9f696b4d8b5c6045006bd33188ac,,stale,VALID,1a0d69d7,,,valid_direct_stale
i0coin,validated_stales,data/i0coin_validated_stales.csv,5,stale_only_publication,repo-data,202750,,164032,000000000000031b86a32d857b1cfa41cfe6e18ede8fc667739a48a33edd9bba,00000000000003681f58b2c595c682e891470897eb0f394f133569792454d66f,1327638446,1a0cd43f,3596647940,010000006fd65424796935134f390feb97084791e882c695c5b2581f6803000000000000c01b0ed154840fdfd6b38e571cf764be6b5dcfcdbde2bb3e368530f894d1f2cfae27224f3fd40c1a047e60d6,00456c6967697573004f2227ad0a85fabe6d6da02b7212b0ad2c51979653489c335cbed4e8b99da06860f54b4a037085f919540800000000000000004e4f5032534800703273682f43485600,76a9144cca3bb1f64401d292fe2f90e6d568780b3e17fe88ac;76a914fa12f5fb7d320bfd5c61f55db12cc2758d02a82588ac;76a914175921ee734bff7ac37880ac5a3b90b77401e1dd88ac;76a91456e7c36968114af0393dda6b404ba897d97bd0aa88ac;76a914612c126a1840253df9998e762036deb08209cea788ac;76a914833baf3424cc944ea343edffc96139716694af1888ac;76a91482320c828b544b8cebaea0e84c9a594f3704651d88ac;76a914e78627375e2d9e8d61772283b525de1c24965b7588ac;76a914ba133d57275c45340df72defa1e829723dd9798788ac;76a914f54d374d9d3fd0082889c8db062c80e482572b4888ac;76a914ce725887fa245bb204539b6b588ba3525f40ae4b88ac;76a914e7093805e2b766448dabe64d639b6e0118611aae88ac;76a914f39580c298ea1673d629aa9b569e17332959d3d788ac;76a91411ac6255b7d51df0d707df0546e6274ebc1e55d288ac;76a9142e451f91e9f756bb77a8a4c19b89106a72d56e2888ac;76a9141e871138c9fb861f832b0be41a4e402233d81c1e88ac;76a914ffd6e9827d705bc36b4746e4d4cc6365ca60d3af88ac;76a91443f5f79a3b2c806235db2d9fac59b88b40dac49e88ac;76a914c3dd52845bfba22107c21501138a0c8b04a0347588ac;76a9144b8dd99194ae1887826edce17d0998875c89c81b88ac;76a9145ffb72262cfd9e5e11076246c4fe51655658946188ac;76a914037e2f7584b016c53d3ee9728458ac4b265bbd1788ac;76a914ea4c73185fb4c779ab4d869a55863102f19d567a88ac;76a914a954a14818bcfd39358dc48999cf6a973fbed1a988ac;76a91488318312130117d09acb1b8cb5a0c409cb8bf0c388ac;76a914b8ce3757dc532f40ed2d40fc92d008f0f0a8a27588ac;76a914d225030e127be48532677cb075a21584e421a40188ac;76a9145399c3093d31e4b0af4be1215d59b857b861ad5d88ac,,stale,VALID,1a0cd43f,,,valid_direct_stale
i0coin,validated_stales,data/i0coin_validated_stales.csv,6,stale_only_publication,repo-data,203862,,164147,00000000000001ed4ce670fcce22309805dcfa6b6166e036d5f201cfee026854,00000000000009a627f5968068b2da7cedbbb1d166cf172cbbb1898a3b78de59,1327709383,1a0cd43f,2377660924,0100000059de783b8a89b1bb2c17cf66d1b1bbed7cdab2688096f527a6090000000000000f862c3fe03463df441d41cca8f881d24a7289c9d017aad090b6a3e5c279849dc73c234f3fd40c1afc39b88d,00456c6967697573004f233cba0336fabe6d6de9d02f4a94065e929db2b8f379c2ef7bf7dd3b9dd9c10c8b49ae0621224526680800000000000000004e4f5032534800703273682f43485600,76a9142838ae835c52722010adf4452eb5d7d1e6d9040088ac;76a914a3124b940eaef5647ec4cedff4f355f1044680ad88ac;76a9146df4d16e43f3f727f1968c3c09f1bfbba46fc5d288ac;76a9140ca870e016dff04bc37436a79605d9afa265055e88ac;76a914d15f121295a634b9768c9afd46e9823f772b758788ac;76a914ce78709ffffb5746849c6324743ff14095f55d6d88ac;76a91480d9db836764688c1317808e5c62fbbcaec662e788ac;76a914e7353105e1dd412eb473bb981b1244aa471a304088ac;76a9143213e4e884d1dfad34a563271894ed76667abcea88ac;76a91427f4762929a384c51b16acb06e7d40e4f9199d8c88ac;76a914e585e43722bd736c312d9df99d6c586021ba6ddb88ac;76a9143a09f5a89272cf58974258d3cad7bb5bbe07daa688ac;76a91415b7c62564484644a8af02767d41a7cb1e4dc4b888ac;76a9147de940f91c3b526d77d8f7589f11172ef47286a488ac;76a914833baf3424cc944ea343edffc96139716694af1888ac;76a914cb3ecc087f55de91945a4136e8e0a7903dc5475688ac;76a914d549d339550e3071411206e77c8fe4e54c982be288ac;76a914538ac595329454920b7fe3df3a25f431255fbad988ac;76a9141b498a462cafb9ffd0e420634f35c47cf509b87c88ac;76a914f54d374d9d3fd0082889c8db062c80e482572b4888ac;76a9142f9df4e19b8473b9345755e29829e801baba01ff88ac;76a9146692cce99ba078578ca8b50e5f8291212ba2998988ac;76a914c7ca973a8d09f191b058ac4428a5fd46c09d39d588ac;76a914b3a90d8323696dadf9331193410db125431f3e9588ac;76a9149bc7fd00183f8007edb836e54aaa43fa7093564b88ac;76a914d4fa97df413d36a61dcb39df168a6953e60969d388ac;76a91469ccc192c7eebf7a22f3e7b33ac544b2ed8962a688ac;76a914c784d5639cba9cac3ee83b8419d0df127f814dac88ac;76a914fd411f1b093ee9464a07155dc40f6fecfcb7a65688ac;76a9147d77644135406aed397d143720fc5703332a3b2f88ac;76a914a535ed3657878e267eab5cc75f0cc530aed6713088ac;76a9145ffb72262cfd9e5e11076246c4fe51655658946188ac;76a9148f73f5c8bd9956e223866b4e8cfc6e7a17cadbb788ac;76a914cd5813b9e4b38eae5c99eeabd76d09d346bd9c2688ac;76a9146ad47e26a21e5c5521b76eb11a3378d5528a436988ac;76a9148e49dc353c3d09ddd992925066a80486ce79a5f988ac;76a914d70b855169965501963aca763799f01b110a755388ac;76a914ceaf6e741dbf3f22a8abe938b1ebae0632dff16a88ac;76a914b44ff1af7c613f6d2af30b5e31114345c783e3c388ac;76a914012eebc0d3353bbd8b7982fded3d9790f2f42bd688ac;76a91476ea1118754fe1c7bd7e6e5a3bbf0a58bb50793e88ac;76a914a0824ac2c44bb2291357f37fc2a3fc5fc3d047a088ac;76a9148eafb1970e427d4d6ebb213b737b7dcdc96791e988ac;76a914520d85cd9ebd9e5fb0c907cb54123adf9973249488ac;76a9145dc4028d9b34d6d7ead793d9c655e91401f421e488ac;76a914bdc8359f2f3ae6444354c8020536bac4538e882088ac;76a9142cb49a50debfbd2a567c5aa34392a57f7d8f0ab588ac;76a914ffd6e9827d705bc36b4746e4d4cc6365ca60d3af88ac;76a914cc48bc094901e59d9f696b4d8b5c6045006bd33188ac;76a914fb88abad80357042f0d834105a0c96e558270da388ac;76a9141fed5b3bffd76ecc742257286befccf4a561ac6788ac;76a9149eb551c3924ed46408b3616242db21b7fcc7f9a288ac;76a914037e2f7584b016c53d3ee9728458ac4b265bbd1788ac;76a9145399c3093d31e4b0af4be1215d59b857b861ad5d88ac,,stale,VALID,1a0cd43f,,,valid_direct_stale
i0coin,validated_stales,data/i0coin_validated_stales.csv,7,stale_only_publication,repo-data,211476,,165264,0000000000000b4fc28a511bc34d2cef9f5e72f02560435cae18e8df9e209a83,0000000000000522176e576c081ab2977f548e37bae352807305f59e027cf07a,1328329361,1a0cd43f,1978173313,010000007af07c029ef505738052e3ba378e547f97b21a086c576e172205000000000000e7f639087dc7874339274cad8903e70ca5741981d4a4c3657363ac2df556e2fe91b22c4f3fd40c1a8187e875,043fd40c1a017c522cfabe6d6d2c0fe57b9db196f5ca89702eeeda64e69fff6132741e650912868cc40b70b9770800000000000000,410466b3e93f4b0bc20424c872676a6adc0f1b8fe94e137c638e530f87e9d9230aec248b5275ab58934e3a984ee5caf8371c9c7f54fad8362eae8b3ab385085fb13dac,,stale,VALID,1a0cd43f,,,valid_direct_stale
i0coin,validated_stales,data/i0coin_validated_stales.csv,8,stale_only_publication,repo-data,219346,,166343,000000000000048bbf1d28adbd2a0b7058444619371afee50e6e9c2a1f9f9200,00000000000004882d60fa31bb49c19dfa882ffbf3e7949a88643afb45c901ad,1328975781,1a0c290b,3801791631,01000000ad01c945fb3a64889a94e7f3fb2f88fa9dc149bb31fa602d880400000000000021e3b1f41c2431a9a5648150d24556b54ba740027557a96e13067d4ed62d74f9a58f364f0b290c1a8fbc9ae2,040b290c1a51522cfabe6d6d2366f0f25ee3f199609e7dc25d78f412650cbd453f941022ce7eac5ce3ee1c6a0800000000000000,4104bc1a0338ef928fb0426ffa071ac865027417d6de13f692a72c74b764df6eb3c036189a964906ee4c6477f642b97f7a1da348f494b6b65f62d0b1e4b782aed698ac,,stale,VALID,1a0c290b,,,valid_direct_stale
i0coin,validated_stales,data/i0coin_validated_stales.csv,9,stale_only_publication,repo-data,229692,,167742,0000000000000685275697d11c869d2b71e4cf62cb651763530dc653f79092a1,0000000000000233bd4e90d72cea1efaf6318daf5e3728397d3ce8ada401052c,1329799601,1a0c309c,424409779,010000002c0501a4ade83c7d3928375eaf8d31f6fa1eea2cd7904ebd3302000000000000532e858eccff4a431ea7b540dc123ba5f3b5559401ad6956ff795ca1b2ec567eb121434f9c300c1ab3fa4b19,00456c6967697573004f4321b10e13fabe6d6dd3ab0363883de4100a5a34374b49476168049562779f68e3e51fd08fe75475100800000000000000004e4f5032534800703273682f43485600,76a9142838ae835c52722010adf4452eb5d7d1e6d9040088ac;76a9149ce9bf27b15d0045795c3275b7325482fb4f59e288ac;76a9140d0608df1844e1ada0ef543d41b9a5f65f8fe4c088ac;76a9146ad47e26a21e5c5521b76eb11a3378d5528a436988ac;76a914e7353105e1dd412eb473bb981b1244aa471a304088ac;76a9141d8501a4d186338c7aa7828ac04a458d97055bcb88ac;76a91469ccc192c7eebf7a22f3e7b33ac544b2ed8962a688ac;76a9141a1e386a452bb71d03cd583e5f33049ea5d0fe0888ac;76a914c17600f6c81ffb1ba0ece3218e65b352d35409ba88ac;76a914cac51e198e50f78b352b7543450d4adb19a1ecb588ac;76a9141ba5c1c3c0916014ee18f35b2c8972d974e0c2c688ac;76a914878a6c1072e7c7ccca8686270b228e6fdae5468f88ac;76a9140a09ed18efba15eb5b75f3ee41154cbae03c796988ac;76a91424874579edf133c19d44154aff5f5b26989dcd5588ac;76a9140ff1bafb167b28c933e9b822a16c815997567b6f88ac;76a914b0c2567ecc75a6748d44bc7022035eff3b56455a88ac;76a914d4fa97df413d36a61dcb39df168a6953e60969d388ac;76a914a167bc84e7d85c2f097cd27c0de4585ded03993a88ac;76a914286c7d6a5cbdd61784d14f2283c2115411b0b0b388ac;76a914e7093805e2b766448dabe64d639b6e0118611aae88ac;76a914a535ed3657878e267eab5cc75f0cc530aed6713088ac;76a91411ac6255b7d51df0d707df0546e6274ebc1e55d288ac;76a9141e871138c9fb861f832b0be41a4e402233d81c1e88ac;76a9148e3b80cf80dbb51d052ae6567d3c788c1b8a024e88ac;76a9147bb4830e7efd707e59b18adfe14e9ae55342e1b288ac;76a91477397095495856a401642f94124e2a267746731988ac;76a91443f5f79a3b2c806235db2d9fac59b88b40dac49e88ac;76a914012eebc0d3353bbd8b7982fded3d9790f2f42bd688ac;76a9142f2f21afdf4d621983d6ec1a2e605c46141ccc5488ac;76a91427bebce9cb90bbec782ad680c27642c90ea6623b88ac;76a914ac430a35c8d98f5bbce45ee41debe31047e2eccd88ac;76a9145399c3093d31e4b0af4be1215d59b857b861ad5d88ac,,stale,VALID,1a0c309c,,,valid_direct_stale
i0coin,validated_stales,data/i0coin_validated_stales.csv,10,stale_only_publication,repo-data,256874,,171554,0000000000000a801c26db2f242341a67e1c93b43f6d87a0541e6a848cbafdac,000000000000002bfc4579b883102a1fcc786416e8681d1850d9a0aef53026e7,1331988692,1a0b3287,3553034949,01000000e72630f5aea0d950181d68e8166478cc1f2a1083b87945fc2b000000000000002da1ea049847e7e945f4cf6a65ad5d14f181b805c9ea9b5c39277369e7e5fe35d488644f87320b1ac502c7d3,0487320b1a011a522cfabe6d6dadceab6e17767f8217262f9a8264f0e89a21eb39d56ed248b00affb5b4faf14d0800000000000000,4104e539b71143e680ac874d4709a67533506b149e6d60bb351e58265d5296629b5ef8c8370491abf3da68c5621e53692788c0e4882a5a0d2ed9225d09c72e3aa8f8ac,,stale,VALID,1a0b3287,,,valid_direct_stale
i0coin,validated_stales,data/i0coin_validated_stales.csv,11,stale_only_publication,repo-data,259774,,172001,00000000000005967d3415adca0881346c67d26209e687305cf1538aba21c231,0000000000000837e82c3a4ebe35a1d1d943e056234dba7c629922c6d4052d4c,1332234054,1a0b3287,2279232291,010000004c2d05d4c62299627cba4d2356e043d9d1a135be4e3a2ce83708000000000000b32188e4a1b40beb59f24562096ea5eee2b57a1baaf2b646f1591c0f7594de0a4647684f87320b1a2353da87,0f00456c6967697573004f6847460fe9fabe6d6d4e31981a087a3f918bdbd0fd2bdaf9a6ad93e9dabeee1a12a5a7c48cea7140e40800000000000000002f503253482f00,76a91488f5ed88f26fea3fc7a169b182a02cf6f3c39df288ac;76a914be00333c4915f72ea0b2fc6a167e980cfe660af288ac;76a914da5dde93b8972c560038c7f534954148af7f8dcb88ac;76a9141464e6240738af01d60aa9024893c1b4e3dc697f88ac;76a9143c49e4b5dea70a64bfda6680a88a26a0edcd87e288ac;76a914cb33057b4c93851a5fbeb3c8e4db30576219793788ac;76a914d785df31eaf070be3482390a3a2a0fac95768f7188ac;76a914612c126a1840253df9998e762036deb08209cea788ac;76a914c17600f6c81ffb1ba0ece3218e65b352d35409ba88ac;76a914b8ce3757dc532f40ed2d40fc92d008f0f0a8a27588ac;76a914833baf3424cc944ea343edffc96139716694af1888ac;76a91475bd605cc2ee3974d54578b8af803d0a9351df4088ac;76a914969e26a16fbabf373633ccdef9f5f1e22184996b88ac;76a9142d04709cd5f172fcc9916b77967bb034e5ec8a8b88ac;76a914b519aa29ecfdfd49abfc75567d0c010bb1ee30ec88ac;76a91481294453c020bf416bf89ebad4be71d57e4e01a288ac;76a9142a7c5779b4d580794ca7842cd7d17843480c951788ac;76a914dce985f850dfedb5ea857cf3cb952ac094ec8c0588ac;76a91416bcd41100d860e1e7b9d3ea2453f06f58fc1d1088ac;76a914c37af1c8acd52f69c1583777007078288729bbaa88ac;76a914832dccd804514d150dbf4913442b94366ec3686c88ac;76a9142777969c44603d882a064e693276be0b2a552b9088ac;76a914e9d831525211963133c1206ac0aa885b7c2af31f88ac;76a914d70b855169965501963aca763799f01b110a755388ac;76a914536c0bb05959ecdabd5de6db24329430428eb53188ac;76a9140a35976d3e01376ab328163a9e18143b65f8878188ac;76a9142e62c5bdc366b30e74896527d772846fed7f463b88ac;76a914874d07466d6272523a30a7b18d672e95be5c96c988ac;76a9149465fdac29b5c47b99c8d17379d0fc6d99c1e4a688ac;76a914845a69c72660938f08edc14474ae0559441d2a4f88ac;76a9145c75f2bda4853b40e66d73330d716f9e29fdec5488ac;76a9145399c3093d31e4b0af4be1215d59b857b861ad5d88ac,,stale,VALID,1a0b3287,,,valid_direct_stale
i0coin,validated_stales,data/i0coin_validated_stales.csv,12,stale_only_publication,repo-data,290327,,176075,000000000000023806df33791c26d1bf118fad76dfcc8735a3c8d1572100aff6,00000000000005d8a4f53403890f7d3e5631ccf01b2905cb3b668f0552ee301b,1334701409,1a0aa1e3,3761888302,010000001b30ee52058f663bcb05291bf0cc31563e7d0f890334f5a4d805000000000000f2b23d178b4feae9540ce817879d6013a036fcb794b9b8a81091355dc2bba95461ed8d4fe3a10a1a2edc39e0,0f00456c6967697573004f8ded5d0564fabe6d6d1e59ca166fdf89efc0b89e500b62c0fad1afe76a3c6e14a7216f564f8094ff880800000000000000002f503253482f00,76a914363d71cef7e95560ad11c1482a8469600259857288ac;76a9149b518ec774f9748b131759b3bf0f833484fbe7f388ac;76a914feeaea78467da9ab329dda1d8941e1de3bb219e788ac;76a914e055d3306d81ad5b8c016397c956ed6fba53edf188ac;76a9146552220b602a6df18899e768f8af716134f0370c88ac;76a9149240668e23f89d1488e5cfd7e9608a6d71177e5f88ac;76a91405241226489c95256617a80c19bbbddbf7cef26288ac;76a914ce9f054ab3312a5fad0872480209226fa1109eee88ac;76a914fe2425b54d1bf07669dff870df54d0c634e6af8d88ac;76a914aa1206b9214392ed36451c60307f48fb701142de88ac;76a914fa12f5fb7d320bfd5c61f55db12cc2758d02a82588ac;76a914afa3c2085b65e5c5ceb79ee75d892439750df0ac88ac;76a914ecc3ae3f07401ae7d06178d2682b6c363b8bbac288ac;76a914890ee1d550411d3a56f90785f0b50d32422685e588ac;76a91453d0290a46f94887b3f5a552e7ffcce5f1202d9b88ac;76a91417217c04436a5ea3f6648aa3287bde544435ac3688ac;76a9140a1f4b80a6f6709cc8539e0af61f9b2acfd803c488ac;76a9144936ad22405ab06d7a830b4e9e61639b353c7c0588ac;76a91475bd605cc2ee3974d54578b8af803d0a9351df4088ac;76a91463f0dc0afd03ae0aad48c13dbc126b1d59d6cc5788ac;76a9142a8c470a2382d80fb56cdf60782590ff4787becd88ac;76a91414082d08c2bdc4c33966d242ebf4522cf50487f588ac;76a9141b498a462cafb9ffd0e420634f35c47cf509b87c88ac;76a914a9b53b47c3dd2951781daf6caea22c28a9ebdab288ac;76a914fd8c28f0eda3738ee594ad6b22d1e80d7577d3de88ac;76a9146842185fa08274445666d62296b02bc05c5c02ee88ac;76a914aa090b312a1f0c793ecf18670c5559ff7489ec8b88ac;76a9144a46b2aa6f0a8f62d74732ba8a7107472a71b89a88ac;76a914855645ccab0ce936b3ee85a2ce7d3acd6cd866ac88ac;76a9143919179e77601a3a938bb6b49418a943a0e2382688ac;76a91421c2a2c7c9cb091da9dc7f4d738d57e390cbc23a88ac;76a9140f82279aef6a13327b89955ac1e8dc7e065a2baf88ac;76a914e7c1ed0f2812d83348c09dad0cdedf4e89c445b288ac;76a914f565810d5672d5543b0f0bbe2830c2e3b513da9588ac;76a914c8e9eac50f100e2782ed0ca2315c061acd229e1888ac;76a914182adc2e530ec232d027f49ebfbc57f25e4501df88ac;76a914ee004c6f0a09590db1242196f858ab9c4367a7c188ac;76a9145ffb72262cfd9e5e11076246c4fe51655658946188ac;76a91413ad507e0436b31545d3cb308c9fa3b306da709288ac;76a9141e871138c9fb861f832b0be41a4e402233d81c1e88ac;76a9149d7ec767cea1a4f3d0de81ee223d00d91555138c88ac;76a914765a8a97074988f0a0d09e573b900de583e0162888ac;76a9141961256ccb8e3323d65225b4d215eb82736e4e8588ac;76a914f25510a7205aaab1f8f753046930e9567820abba88ac;76a91476ea1118754fe1c7bd7e6e5a3bbf0a58bb50793e88ac;76a91480d9db836764688c1317808e5c62fbbcaec662e788ac;76a9141e8ceb2cf5d293b376f16f46769789e53c8fcdca88ac;76a914874d07466d6272523a30a7b18d672e95be5c96c988ac;76a91405670574b6f43c2117e99269d5c1c352fcbfffc088ac;76a914c31b1a2a7f03fd30a8b87e07b6e3d5c7f28ec8a388ac;76a9147103f22a49ce3a0ea20972a743b35be789dc213c88ac;76a9145399c3093d31e4b0af4be1215d59b857b861ad5d88ac,,stale,VALID,1a0aa1e3,,,valid_direct_stale
i0coin,validated_stales,data/i0coin_validated_stales.csv,13,stale_only_publication,repo-data,293234,,176493,00000000000009653a1c9f797b0e6d7e2c9f7055fce08bbd644cee1c1b65d699,000000000000015346fc5828b8f191ccab44641550266f266bab5b2a4450b306,1334950144,1a0aa1e3,3988637103,0100000006b350442a5bab6b266f2650156444abcc91f1b82858fc46530100000000000068502f5e1d96b2e8eefe6d61ec8cec6e0fceffe7923796bf48dea43d69a6295900b9914fe3a10a1aafc5bded,fabe6d6db4f5e36d9bd14b9f3a3718df557e8f5d74c1e135c00489a44c4381209db147160400000000000000062f503253482f,76a914c74ceeb4e075de590952fe05fa8499801412c99088ac;76a91458a08ccf0fb238718d3904714000b17a81f0060d88ac;76a914f952df526125e8073ce3d53bc918d6d10a10b52b88ac;76a914f5be4d5ec4957f26ee629b9a768598874a36ef1a88ac;76a91460222cc2cf1abe051685f5627729981aa81b8f7c88ac;76a914b8d0f0c0b1bdbd617f22dbdf519e08755715356388ac;76a9145119ed947c850766e6cf4460aa03511c0f56546088ac;76a91408d0008497c7d48e222699e1b38b663e9531849e88ac;76a914cf2013b84b2fdae45d89554268635a76a4f0e8b988ac;76a914253cf4346c2f606aeb61102cefc874799b1b5bdd88ac;76a9149a794763ada4c5c8fa0ae43ba940f4a0cca60e1488ac;76a9144f8c3e1befc310e9dd46be0ced8438abd421c10f88ac;76a914e1168165ff7adce0cdd64fc2df4d7f688498a38c88ac;76a9147452a4f046fa17b0a7d7a42187204c088e7ce68888ac;76a9140638e709eb7953436697ed90dc3697219466830988ac;76a914bc589b3115f57c322c367f9e044e69e67934cf4588ac;76a914827b7b5bc4b1e48fe51e1c451c361470ae4318b688ac;76a9142925d23afb10338cbdf116456df78417844ac7a388ac;76a914fa42bfd7489a301ecd6ba9974bdad44e69091b3388ac;76a9149948d01b0a7693c0b69e95cad5039af4f670855588ac;76a9149e7c992cfc45cc45fd1319a2693bb1c87613173988ac;76a914f93c46c0b4f5a972c9d494e70866408af5a2435688ac;76a9140e270d5b535ee7267520bc582f07892bf0e10bcc88ac;76a914e1fe17adaba3338ec693468fc797662b005deb6088ac;76a91494ed80858686f1d55fecd89ed012a260464e931388ac;76a91419e596183c340ae4bc04fc82e97f35a0588fe1ec88ac;76a91483f97c3045be10056a902964406f0c2fc118299f88ac;76a9142912db83f350e3f3be2aeda741a4c66bfeeb1a2e88ac;76a91484f5b2f4a961910a50c20ac0b4610037bff455a188ac;76a91435e3456defed517bd917f9f83b0d988aa20b1dc788ac;76a9142e28efc5cd25c238ca4e77d2e33f0fd1e90d3e7188ac;76a9147eefae24d6d19477142eba6502e97d71340f78c788ac;76a914d9d6c4a27b413d4fd26d6b47c1293894d2a6218288ac;76a9141823ec0e0cf4c185d336ad3c145968252f86714e88ac;76a914f61574714a2ddd0bd44601e7a5be3df2ffe0f05688ac;76a9148115a9ee86f0fa933c6f6f169526eef712af7a6c88ac;76a914044ce4661a426460ee298a4fc0be56d9531cab3688ac;76a9145bb1e305c133d2550cb18b2673f813b0dbbbcbc788ac;76a914cb1eb7720e7e0a12d085459b5f62bce195353f1988ac;76a914dd7a879a2330eaddbff7ca726c4f35442e9ba3fd88ac;76a9149543b150b7f9d1efb27761b72d027701f4f22e6388ac;76a91406346c4a74b9ba1526b92d50d016205e985fdab088ac;76a914e349addc2e673c575e1a517e3ee68ef95a5dc04588ac;76a914ef7da4e6c3e6c77c174b2b3812c8035aea10230488ac;76a91432ff013fb22f74f4a8d494f8b676d4db7b04eef188ac;76a9146685f0c9c4d9b89f56997d028c5b0fc9788f8ccb88ac;76a914c25086c6f75c872dd007ae905c5570725b6a8c6888ac;76a91426bad6b6f1079452cd954471d58a641dcd20abb888ac;76a9147c5bb43936e3cf534581664fde3aa9c7ad38a28088ac;76a914fe3a5dd797312e6e8f762b47f357d9ed1445edce88ac;76a9148b86258bf7da267266bc6e27d3a792fc3642bdeb88ac;76a9146c8209a8f13a8a0b775e8c76d94655cfad8f44bc88ac;76a914e802fd3f7dc6e08667959b8792c7d61f573df8b688ac;76a914a29037c084ef5adb13526e8ec5c9993864b8e03888ac;76a914c52c18005c5773e5b513aadc31c8a1fed3fe7ad588ac;76a914a934b833a4f54a34ae44244138b590759c72285b88ac;76a914684c76d07dfd002c0b258d3314509487583a0bd788ac;76a91407f021706161902974f6d62eec4612a77ceed20a88ac;76a914c3a2f3551409af20a481ecfdb03fd2e3848343d588ac;76a9146d26c10f8957cdc19965297b0daf7f168477d45b88ac;76a91436c1b0cfc8081d98e0ec1682af913757ef71679588ac;76a914165618e06f1aa8ec1a7c6bf6050efc86a64bd69288ac;76a91475ee0cbfaa5fe7e0fc3aeb87a3af78ad6f0c193a88ac;76a9140a57e95b1bf862cf3c03b1c12e602f0442ba71fb88ac;76a9140676d03b8b826effc748a062241fd861f4fab58388ac;76a91421bd2c39039c8d2fbee1bd069105de8599d9c26f88ac;76a9147f92bc474f4d80ac06c8f02d57915bf550c8447b88ac;76a9145fbe030eb1146473fa0cf9d51c21a072806663d188ac;76a914ba019935e52cdef2abbf8712ed53708a4e4a603488ac;76a914a7eeccb58287bdb1612abb137d6a1629607e97a388ac;76a914ae84e741f3242a9e211bc36ceebcecff23aaea8c88ac;76a914c82ff5e3da1366f1e704f4badddf21d150cfe2c488ac;76a9147f76ed0f250d98df17ddcb127a6f68e62e9e626e88ac;76a9144ff8472b4bf4482dd19dd530e8f6bae3c337241b88ac;76a914d7fe10226d6ead808edd7d817ef01e11ae9bbbd788ac;76a9140525e3d568af9dde0e005039ddd00ad3e861da5188ac;76a9143e9e24b602b382961357ed807eda5445d080678488ac;76a9148c9360e25a76046c63816a38476253821850035588ac;76a9146deac45b7f3c9c1a44a6c159286b74fc67cc0ecc88ac;76a914490be16c26e231ade8cb83b06992b63eb0ee552288ac;76a914553a6dabacb3c25d711bf3cdeaa3891ec481227688ac;76a914ec32551e6ad3f45b8becec9b157f5c8665af0c1388ac;76a91425557f68633ceadc87b17db0e806398a8871dd2988ac;76a91474a4d91a7d3584e8657b0cfb1fb100cc83502f8c88ac;76a9146f7b51c376fd6dea8edb2007d049f60bb6071a1488ac;76a914adfc4367b204d75386c83775e97164b987d9297d88ac;76a914a324583efbfee0e490947670012976bf8cf7700c88ac;76a9148c696cde3168a956d7cb9bdeff6d17b3c534eba988ac;76a914161199f7bbed0222b94d03dcdd24b15a705f5f1188ac;76a91470c3b809585b646911463fb2d07a305d112599e288ac;76a91404a64323ddc9c0385aaeebe53eea5c8f2eed6cf588ac;76a9147b78fdbdb59180d031ced94791e07db1f57b6f0d88ac;76a9142ef7b677422f7752353a28ea8c3b851c9ff2fb7288ac;76a914f7a51a4dedf0c702bee562c835047a363b0ea83e88ac;76a914d1b47911a42a2d1c4d26c42a1b94ba626780e86288ac;76a914291d0fc95e11d0e21244cf31d2ff0d0a3b9d73f988ac;76a914f19595088875fe2c80a118e4c7e24a82370cfd8e88ac;76a914d090e2629917fce83d517b22f65b1df732a7317088ac;76a914a6aa8a89e06d1ef9fb35b2804949899f112cbf9588ac;76a914b20f29b243e2334b4fdbcdcf3684c175ceca249b88ac;76a914ced2d24d8f9a12afac41ab4ac2aa3dccc5c2412588ac;76a9143a7ab2cefaeb6345aef29bae00530548f65bc3fe88ac;76a914f770bd8837733b0e33eb0817ccc087ced11901ca88ac;76a91453575f3e74ae6b793d562db660a5cb73a47a860888ac;76a9145ebe8dffcc44c26ec3637b4b4515e10e33a7cea988ac;76a9141cf73ca7f2075df1984e91a57983aa75444de0be88ac;76a9143e818cc8a96e24fc4b2145caf00b1b5016aadc2788ac;76a91458d165db3ec8c5bfa870ef5b1100d21483ab684888ac;76a914ac29d7fa0bdb2a63c7f1a28dae32895607f45a2e88ac;76a9148919ad4522e41225355e0f5f2f071cf0940420ab88ac;76a914b5cf937dbbecce477a3026d993ea33977005233b88ac;76a91464e13ebf4ac7af685a112ca4da8216c14683a50188ac;76a91464eb5bbd8ab5393cc2e22e07ed63d6ebef5a8e3888ac;76a9148788d4489e1a43578a6c0968b0d8f280be6ff16c88ac;76a914d05228a596811b6eb912ae2dc5838bc7fcec65bf88ac;76a914300a97018576f7dbcd1cff8f99cb3817fd574aa188ac;76a914e2d0349044b68081a76c1019b4073cc31bb322bf88ac;76a914e205b664ff00fd8be0a78cbee242d60f83af69e188ac;76a914f8f522d48137b10b0db4b4b702ec0e8936f69b6688ac;76a91402b271e7fca602bd332cdd6c8002561e6110f03d88ac;76a914c168323170c52e9a28c4b069da735bffe8d651ab88ac;76a914e295305eb7e0a8e86f79fd0c5125a1b5c44c6aa588ac;76a91444ee365dc5924fdb46b8db0db9f8965f1528390e88ac;76a914754f36491050c2cc39925b15182e0af97c9f724c88ac;76a914f874589753c9b5240dc79e6758353425476dd72f88ac;76a914c008f4c184c98d0647002af1bd47511a4017dbd488ac;76a914bcf82a713a320942ce47e073787b48e73ed21bc388ac;76a914559b345971d2676419fef763ca56ab5bbc3c1fde88ac;76a914af321ff46aa4a569b7902bf92a66ca0f1c5446b688ac;76a914cd9f0112573bc6135a1ace235575c70d67973b4788ac;76a91404947ccb0400df80b82d52026cd3e6ea6a47412988ac;76a914d9f4097a319c5c7d7ca9024776e84ac482fa127988ac;76a914afaa77471e0dcec3f4fedd39e667737bf7863d8988ac;76a914499fb717f14835af593ff2b3dbac02d0de4578f888ac;76a9147fcc2253397dcf99e698167d18904a06e57e0dd588ac;76a91410519f2852d61880aa241691187df0a2fab8631388ac;76a91495ab2e374619aad24375d0e374ee697e9075cb5488ac;76a91472da496ffa81fae428b8cfe9d8dbbe8522aa194a88ac;76a91480207c9f445b47ec5e2a4607861ea2d8fd87718188ac;76a914c0bf4808134fa30badc06457c3065ded42494fb688ac;76a914a2555d2d1a9702a9c550c09e61d6573c510cbd4d88ac;76a9140af27cf6a67f19572ab58189994866937284e13f88ac;76a91475491129d19751d0c0e984b510feb14467523c4388ac;76a914580d858c05806ce0a0c4d5c725fe70f95aeeee0688ac;76a91410a2c8ed97e72f84da237ab5a2ac246a7fddf7da88ac;76a914de6516039bbced3fb95e3e2aed803d92586ce6f088ac;76a9144a54a287afa5d094f233846407fba86b19dd84e988ac;76a91468212a9bc5becbc88fb79c69e72a55ef80049d1188ac;76a91458446b5922bf16694dbacac4240bb7ad1c9e809988ac;76a914a46782b2365ef35c12d63740258ca8b29a550d4788ac;76a9149213126ed991551e4fdbce1bb0d1730a7ef3f83c88ac;76a914444d9c6f323cce2424513849b85f1549ab1f789088ac;76a914b0a6741289d7294e2d47e71ef8eb3265450ad5de88ac;76a914b5a937c6b8c90e15a7baa531fc5691600daa92e288ac;76a914015dbc353e51ced0794cd834666e715ff649ee6988ac;76a91410c6c0640a92b05783677726eb336779a55aa7f088ac;76a9142c49c298699105f93580e60bb7b6c80c8fae1a6a88ac;76a914cdac80d4294c26fa501854c4f43d7122e2ed549688ac;76a914386b1380de253b61c07c0fb26dc9ffedd5277f1088ac;76a914730f40ca59fa6c61a140ca07db33f33c143a649488ac;76a91477247db9dc30efeeb054a473fc72a44118e8a05688ac;76a914679847311b6a53dc26af2294cbe15ca419e8e2da88ac;76a914e2561b22f7f00045e6dbdfc58cf26d15397511ba88ac;76a914de5f7fb00cb44bf1848e563ef5644d152dc82f0188ac;76a914f6c108a0b261f5dc39bb2bff3ac580d6e4b2dd8888ac;76a914fe8548ba52272233428c51268aca61f8b7046e8688ac;76a914647484ab81427b30333eeaae714ba08a0980a83288ac;76a914093064e56638d7d2b7f122d073f36f2adbddae3988ac;76a9144cebba52948706883b6008125c52dd4806f5c2cb88ac;76a9140aca7ad87e8ed090e2d8823028ea1b2253f2db9788ac;76a914d60a86e3722e05fc1edde4b3f18bf37c133169ec88ac;76a914f025c7c67f6b5abbfd852906b6abea1f557ff75088ac;76a914741774f70d85b3439a3192f1c7ec067fc21b066b88ac;76a91489ee15a0ef1f1ad8828e9d5db115e8019a82ed6e88ac;76a9143ef62df5296282e30c370d4c86ca796d1fb95bce88ac;76a914d28e1e827c4f2ce5af3a57adae0eaf99b73acd3888ac;76a914188ae4c5c9f09bd7deb65dd113ac5ebf50207bb088ac;76a91418a99959bce205725051f5ead31c4b88379a4fcb88ac;76a9149fe10fdcc48e8130b21270831073fee3f855c5b288ac;76a914f9722bc07f61c2e0179a7c239fc466575e36526f88ac;76a914e75c0a4d431629abd09a64ef76739510e560c75288ac;76a914d661e83a83eddf6bba00664ec4004af132e3537288ac;76a91458624438e431f9f2c842fbbe6aaf63e3825f4ab388ac;76a9147c524c56243616edcf2f2e973420e293c82cbe2388ac;76a914a460150efc3818e11f28d96e4ae69b1c60d77b1a88ac;76a914506cdb7ff91eecd828486d8ed9d1ff3a324ffc3388ac;76a914f2938370bf588930a231c5def93ab4cf3154575588ac;76a914160767ea477550a19b9fbb7d91cc3047e8adac3588ac;76a914c528fdd9ba556b9eaaeaf1557ae4e92fc15dedf088ac;76a914107ed75084c97e366c588ca6fd73c7b0f23b49c688ac;76a9140bb327b3cfeef60671df2a29a7f1d5e8f60d4daf88ac;76a9144a2c6899eb4b1993bd348241abdcebf93dd0e25d88ac;76a9149b0551defdcbf45fd256b40557bcfb90d39ba73688ac;76a914f1ab1722ea58d604cc07024bcfcea2a8976bb74488ac;76a9147c755030e4fe6386a9cb7aff8d6b3a5ed632d7ea88ac;76a91472359aaacfd5b2eca4ea22a1a22efcee0c0c524388ac;76a9149e7fa293aed3c9b39a2060266896c3059badb0b188ac;76a9140e395d4568e071968db0e8e775f891021d4c82f088ac;76a914aa622d40bfe91822273353d3c4acb09c80d5680d88ac;76a914bb0410f728071c8e03fb7d2ae8e223f6d337570388ac;76a914848777c55f2caf1e5576c563eaf7a4f14e29814d88ac;76a9144a799470ae0ef7b84dda0bf8a7b92e9bac4ebad888ac;76a9148a6c9beaed2081357c188956a887a74aeddea5c188ac;76a91491bf8d466b9803625bd48ac340bedd79e207ab5788ac;76a914542a2040ed83d294f31689a872101ee2aba98aff88ac;76a914ba0b189cd808746a1efc9921665dfcfe301222e288ac;76a9149bd459bbc43eba3a0edb2ec76dc39a11e4c9559f88ac;76a914c03ad4624c47049467745c095d17f29b95db8fef88ac;76a914faeb176dd2321e0c73e4276fbda3370507750ebb88ac;76a914e02e2d4c5fb28a189538c038aad5991a57a09ffa88ac;76a914fa183499bcf8cc1bae1763cf50fd61f9601ec83088ac;76a914f19638af957fad501fb867697b27c2e1bbaa88f788ac;76a91427cc7e0def9fb434d51d98ee523bcc1e7514390688ac;76a914538790f005572bc8666fa3c80e3cb07211d4ea4a88ac;76a9149c7a3ddca3446a6e36160495a78317fe1cb8f1cc88ac;4104ffd03de44a6e11b9917f3a29f9443283d9871c9d743ef30d5eddcd37094b64d1b3d8090496b53256786bf5c82932ec23c3b74d9f05a6f95a8b5529352656664bac;20511cc9d147561680de49810c5ea82c6bc95fe9d088c2285886c1233ea81dff8c,,stale,VALID,1a0aa1e3,,,valid_direct_stale
i0coin,validated_stales,data/i0coin_validated_stales.csv,14,stale_only_publication,repo-data,304524,,178120,000000000000044ae40e8427e0cda60220070ebaac9f60cd781cca792e4996eb,00000000000002e446e9d3966af7796a756f3496fcb8474a84165da51adea266,1335887045,1a0b1ef7,1405924487,0100000066a2de1aa55d16844a47b8fc96346f756a79f76a96d3e946e4020000000000006bff0e5dcb7cd4f558764de2bd39c448b383bba6a0bf4018a7073aadc87cf907c504a04ff71e0b1a87b4cc53,0f00456c6967697573004fa004c5037cfabe6d6d8f312ee9909844e1ea7cba7da11be6b41961aecea3bd1249d9722abb7df016980800000000000000002f503253482f00,76a914e20b2db641cf037ad98f6425823d4041c56209b388ac;76a914536c0bb05959ecdabd5de6db24329430428eb53188ac;76a91427f4762929a384c51b16acb06e7d40e4f9199d8c88ac;76a9141f055a6a3c9dbf8857c366a6cd43a34c1f46ab7e88ac;76a914559d6989c909b59b20bf10935d052fcd63daf86e88ac;76a914612c126a1840253df9998e762036deb08209cea788ac;76a9147721cee25ba0c9f1376a423fea823eb3923c778b88ac;76a9143f0c4ffe31d9526e66d05d7a7f2822c3a1b74a8788ac;76a9142a02a931fe4baa5ba6e40e7b8109a6dffb56ab2a88ac;76a9148e49dc353c3d09ddd992925066a80486ce79a5f988ac;76a914aec6438e041777db297e9d883f60f2836db74b6d88ac;76a914a6922e6b0f2d78dc531133c5e20a21bad175726788ac;76a914ce911a964475c11ebac4c21ddd484eddc9e7461388ac;76a9149d7ec767cea1a4f3d0de81ee223d00d91555138c88ac;76a914d9e0367314cd1951a052e1dc6887c95080f188b388ac;76a9145399c3093d31e4b0af4be1215d59b857b861ad5d88ac,,stale,VALID,1a0b1ef7,,,valid_direct_stale
i0coin,validated_stales,data/i0coin_validated_stales.csv,15,stale_only_publication,repo-data,306575,,178446,000000000000025f106292750b4d3c5813a56c8f31620a7393b59a444c67d966,00000000000007280092375a2ddc030bed135b3284f980b7bc89ff0fd2cef08e,1336064404,1a0b1ef7,2180426322,010000008ef0ced20fff89bcb780f984325b13ed0b03dc2d5a379200280700000000000015d4baa403369ad389d60a6201d40543b472feecaef2fa7ee21eddb66f81a33394b9a24ff71e0b1a52aaf681,fabe6d6dd30fe34c16c5b853e2ddda726b8f49fceb26923be24452cb1d699caa065960260400000000000000062f503253482f,76a914f4f281d9430cc31517f4ba4294e491fff5a0c39388ac;76a914eea32a085bbb4f153e4988b24ef28faf71fdfdba88ac;76a9141db47f86fa594542c2a584b074309605fbf15f0088ac;76a91494ed80858686f1d55fecd89ed012a260464e931388ac;76a91419e596183c340ae4bc04fc82e97f35a0588fe1ec88ac;76a9149e7c992cfc45cc45fd1319a2693bb1c87613173988ac;76a914a29037c084ef5adb13526e8ec5c9993864b8e03888ac;76a9140f2083fc41e56da30e070a9336ffcd4efa1f236088ac;76a914482abbed049cf6fac24de223002510ffc38413e388ac;76a9149f9f8b110abfdf15b2d0cee1d8df7633cba4f2bb88ac;76a914a7eeccb58287bdb1612abb137d6a1629607e97a388ac;76a9145373ee8eb0088f27bb2d7a9d250a6f20c9225be988ac;76a9148dd0be03e4355c2f43617e32c13f90a387610e5088ac;76a914c74ceeb4e075de590952fe05fa8499801412c99088ac;76a91431b6350be8114cba0d18e28736f5fd1d355c21c388ac;76a9148fcb2b8e47a7076014aee4c0d4f44ff04dd98bc688ac;76a914f19638af957fad501fb867697b27c2e1bbaa88f788ac;76a9145479d3a0114c8cddf9db7a9968c2080310099b5188ac;76a914c3a2f3551409af20a481ecfdb03fd2e3848343d588ac;76a914523245d3a539a64d227126049cd2f2f2306d22c988ac;76a9142925d23afb10338cbdf116456df78417844ac7a388ac;76a914044ce4661a426460ee298a4fc0be56d9531cab3688ac;76a914dde9e40cdf27d8b947bd9b5a300db4370d371de888ac;76a914c52c18005c5773e5b513aadc31c8a1fed3fe7ad588ac;76a914e349addc2e673c575e1a517e3ee68ef95a5dc04588ac;76a914336d7d0d979311d9e9a3030cacb096d1a3845a0988ac;76a9143fd7b4aa795d2fe0ae1e73e81c8584ef581017f388ac;76a91458d165db3ec8c5bfa870ef5b1100d21483ab684888ac;76a914cc0f64f634bd25ccb51a5084294d33fc8788710e88ac;76a9145119ed947c850766e6cf4460aa03511c0f56546088ac;76a914bf7a9d0ec051a1199bafed03b14929e9af572e3a88ac;76a914ff85800ad6297e8ce459a04f6746477dd01f570b88ac;76a914d7fe10226d6ead808edd7d817ef01e11ae9bbbd788ac;76a9145d9a7738ae867cd3057bc1cc7526e64c798bed7188ac;76a9142912db83f350e3f3be2aeda741a4c66bfeeb1a2e88ac;76a914bd36b03bde2750dbf410c77f417664ff057ba1e888ac;76a914a934b833a4f54a34ae44244138b590759c72285b88ac;76a914bcccd8e06b119569913f06a185cadb88280ff7d988ac;76a9146685f0c9c4d9b89f56997d028c5b0fc9788f8ccb88ac;76a914d4f0d63477969ebf6e7b9b142601a474e9f7d82388ac;76a91426bad6b6f1079452cd954471d58a641dcd20abb888ac;76a9146d26c10f8957cdc19965297b0daf7f168477d45b88ac;76a9145bb1e305c133d2550cb18b2673f813b0dbbbcbc788ac;76a914cf2013b84b2fdae45d89554268635a76a4f0e8b988ac;76a914e75845383d4533ee26cda58b2240731737c465d088ac;76a91453575f3e74ae6b793d562db660a5cb73a47a860888ac;76a914f952df526125e8073ce3d53bc918d6d10a10b52b88ac;76a9148115a9ee86f0fa933c6f6f169526eef712af7a6c88ac;76a914c0bf4808134fa30badc06457c3065ded42494fb688ac;76a9146deac45b7f3c9c1a44a6c159286b74fc67cc0ecc88ac;76a91452cb8bd6dd2e01b141985a1a590d38fa155e718988ac;76a9147c755030e4fe6386a9cb7aff8d6b3a5ed632d7ea88ac;76a914165618e06f1aa8ec1a7c6bf6050efc86a64bd69288ac;76a914fe3a5dd797312e6e8f762b47f357d9ed1445edce88ac;76a914654a6c1d1615ff3dd9832e37f55ebbf29f165b1d88ac;76a9145d79c60441d02be3fe14028982be5ded8b8f283f88ac;76a91406346c4a74b9ba1526b92d50d016205e985fdab088ac;76a91454a22bab38b27589d32e2b9c8c2428905dc1702c88ac;76a91484f5b2f4a961910a50c20ac0b4610037bff455a188ac;76a9141dc79b2c61ba9e2381fedb4a63f54ea8cf950fc888ac;76a914c57a6153ac7e6d50400901d682f2c60dacd73bcc88ac;76a914f9c2d17ffa9ba5cfc5ca3fcc90cdc76c479ac5c888ac;76a91475ee0cbfaa5fe7e0fc3aeb87a3af78ad6f0c193a88ac;76a91401caed88a4f3cdb2a0eb0b3d4f00dbfbd536f5cb88ac;76a914c25086c6f75c872dd007ae905c5570725b6a8c6888ac;76a91407f021706161902974f6d62eec4612a77ceed20a88ac;76a9147f76ed0f250d98df17ddcb127a6f68e62e9e626e88ac;76a914f61574714a2ddd0bd44601e7a5be3df2ffe0f05688ac;76a914ae84e741f3242a9e211bc36ceebcecff23aaea8c88ac;76a91474a4d91a7d3584e8657b0cfb1fb100cc83502f8c88ac;76a914e349ad084baba005c0c4933f978fc377a65c590688ac;76a914e295305eb7e0a8e86f79fd0c5125a1b5c44c6aa588ac;76a9144ffe5b26cc41ca892ad4fcbd179184daf210779a88ac;76a9140676d03b8b826effc748a062241fd861f4fab58388ac;76a91470c3b809585b646911463fb2d07a305d112599e288ac;76a914291d0fc95e11d0e21244cf31d2ff0d0a3b9d73f988ac;76a9140a57e95b1bf862cf3c03b1c12e602f0442ba71fb88ac;76a9147f92bc474f4d80ac06c8f02d57915bf550c8447b88ac;76a9140525e3d568af9dde0e005039ddd00ad3e861da5188ac;76a9143e9e24b602b382961357ed807eda5445d080678488ac;76a914de6516039bbced3fb95e3e2aed803d92586ce6f088ac;76a91421bd2c39039c8d2fbee1bd069105de8599d9c26f88ac;76a9141af88a1841569c94c6fb277cab26d635cfd6b0b788ac;76a9149543b150b7f9d1efb27761b72d027701f4f22e6388ac;76a91408d0008497c7d48e222699e1b38b663e9531849e88ac;76a914252e9f9ae63ceff415f7b7861e94447250aae02588ac;76a9140eee34af8a80daad711b52520a960eceb8127aed88ac;76a9148c9360e25a76046c63816a38476253821850035588ac;76a9146f7b51c376fd6dea8edb2007d049f60bb6071a1488ac;76a91436c1b0cfc8081d98e0ec1682af913757ef71679588ac;76a914d9d6c4a27b413d4fd26d6b47c1293894d2a6218288ac;76a914f7a51a4dedf0c702bee562c835047a363b0ea83e88ac;76a91402b271e7fca602bd332cdd6c8002561e6110f03d88ac;76a914bb0410f728071c8e03fb7d2ae8e223f6d337570388ac;76a9145b1d27a893325b2134032f09362ad27c9ccd929e88ac;76a9144ff8472b4bf4482dd19dd530e8f6bae3c337241b88ac;76a914112aeab933e44d1dec9954f254d982d1e6ff4fb688ac;76a9145fbe030eb1146473fa0cf9d51c21a072806663d188ac;76a914161199f7bbed0222b94d03dcdd24b15a705f5f1188ac;76a914f19595088875fe2c80a118e4c7e24a82370cfd8e88ac;76a9141dd0e2c91b53c1caa0bb83776b98cf6b503575e588ac;76a914c008f4c184c98d0647002af1bd47511a4017dbd488ac;76a91448d3724b97f74205c878508186afc1d34547bbdd88ac;76a9143f40637dea69d1d6cab91c0f98e9283112bc3c2d88ac;76a9148ede46f4d842ada9227fcd4d9f1f58fce2fea2d988ac;76a9147b78fdbdb59180d031ced94791e07db1f57b6f0d88ac;76a9147c5bb43936e3cf534581664fde3aa9c7ad38a28088ac;76a914754f36491050c2cc39925b15182e0af97c9f724c88ac;76a914e205b664ff00fd8be0a78cbee242d60f83af69e188ac;76a91444ee365dc5924fdb46b8db0db9f8965f1528390e88ac;76a91419f940ea118a0cca01f01613f616ce2336c5bbd588ac;76a914775e5a64eb13041a3b1191ceac7cd192a61fc9fc88ac;76a91404a64323ddc9c0385aaeebe53eea5c8f2eed6cf588ac;76a9148919ad4522e41225355e0f5f2f071cf0940420ab88ac;76a914c82ff5e3da1366f1e704f4badddf21d150cfe2c488ac;76a914553a6dabacb3c25d711bf3cdeaa3891ec481227688ac;76a914e1fe17adaba3338ec693468fc797662b005deb6088ac;76a91464eb5bbd8ab5393cc2e22e07ed63d6ebef5a8e3888ac;76a9147fcc2253397dcf99e698167d18904a06e57e0dd588ac;76a914496f96ef01f36f5f9ff675b23f42e261aa7b951588ac;76a914cdac80d4294c26fa501854c4f43d7122e2ed549688ac;76a9141cf73ca7f2075df1984e91a57983aa75444de0be88ac;76a91475491129d19751d0c0e984b510feb14467523c4388ac;76a914d1b47911a42a2d1c4d26c42a1b94ba626780e86288ac;76a9140cb6f1c0e7e968a543379bb5ce61d388c127a94488ac;76a914ee3b1fd4dcea91460a2c55ae8193d6e4836717b688ac;76a914f770bd8837733b0e33eb0817ccc087ced11901ca88ac;76a914309467cf0306dd5a9d782132ae020215cc6a3e7e88ac;76a91419094d16a712f2ffbbce6049bf0081e3ad51d69588ac;76a914b5cf937dbbecce477a3026d993ea33977005233b88ac;76a9148c696cde3168a956d7cb9bdeff6d17b3c534eba988ac;76a914f2938370bf588930a231c5def93ab4cf3154575588ac;76a914bc589b3115f57c322c367f9e044e69e67934cf4588ac;76a91495ab2e374619aad24375d0e374ee697e9075cb5488ac;76a91410a2c8ed97e72f84da237ab5a2ac246a7fddf7da88ac;76a914af321ff46aa4a569b7902bf92a66ca0f1c5446b688ac;76a91410519f2852d61880aa241691187df0a2fab8631388ac;76a914d28e1e827c4f2ce5af3a57adae0eaf99b73acd3888ac;76a914afaa77471e0dcec3f4fedd39e667737bf7863d8988ac;76a914a324583efbfee0e490947670012976bf8cf7700c88ac;76a9149948d01b0a7693c0b69e95cad5039af4f670855588ac;76a914386b1380de253b61c07c0fb26dc9ffedd5277f1088ac;76a9148788d4489e1a43578a6c0968b0d8f280be6ff16c88ac;76a914679847311b6a53dc26af2294cbe15ca419e8e2da88ac;76a9145758ab9fe00ab3eaec5c654984eac52c4d61e24a88ac;76a914f8f522d48137b10b0db4b4b702ec0e8936f69b6688ac;76a91472da496ffa81fae428b8cfe9d8dbbe8522aa194a88ac;76a914a2555d2d1a9702a9c550c09e61d6573c510cbd4d88ac;76a9143ae0c73d66407ddf23f7af4143e00f0d0a9c387e88ac;76a914d9f4097a319c5c7d7ca9024776e84ac482fa127988ac;76a914e2561b22f7f00045e6dbdfc58cf26d15397511ba88ac;76a914bcf82a713a320942ce47e073787b48e73ed21bc388ac;76a914015dbc353e51ced0794cd834666e715ff649ee6988ac;76a914d20646b53e3fe6e2dd53451c60920e920e6ef5de88ac;76a9149e964bfd4d25ad4e168b50f86ed2a2f32b5203fe88ac;76a9144a54a287afa5d094f233846407fba86b19dd84e988ac;76a914b5a937c6b8c90e15a7baa531fc5691600daa92e288ac;76a91404947ccb0400df80b82d52026cd3e6ea6a47412988ac;76a914eabe80ff2219adf238cee601eb86296760534d7a88ac;76a914093064e56638d7d2b7f122d073f36f2adbddae3988ac;76a914b0a6741289d7294e2d47e71ef8eb3265450ad5de88ac;76a914647484ab81427b30333eeaae714ba08a0980a83288ac;76a91489ee15a0ef1f1ad8828e9d5db115e8019a82ed6e88ac;76a91468212a9bc5becbc88fb79c69e72a55ef80049d1188ac;76a9149213126ed991551e4fdbce1bb0d1730a7ef3f83c88ac;76a91480207c9f445b47ec5e2a4607861ea2d8fd87718188ac;76a9140aca7ad87e8ed090e2d8823028ea1b2253f2db9788ac;76a914730f40ca59fa6c61a140ca07db33f33c143a649488ac;76a91410c6c0640a92b05783677726eb336779a55aa7f088ac;76a914a9aa9592ff14b1d834a4efb9e9450f0440ee0e3788ac;76a91418a99959bce205725051f5ead31c4b88379a4fcb88ac;76a914d60a86e3722e05fc1edde4b3f18bf37c133169ec88ac;76a914f025c7c67f6b5abbfd852906b6abea1f557ff75088ac;76a914444d9c6f323cce2424513849b85f1549ab1f789088ac;76a914c528fdd9ba556b9eaaeaf1557ae4e92fc15dedf088ac;76a914160767ea477550a19b9fbb7d91cc3047e8adac3588ac;76a914e75c0a4d431629abd09a64ef76739510e560c75288ac;76a91458624438e431f9f2c842fbbe6aaf63e3825f4ab388ac;76a914de5f7fb00cb44bf1848e563ef5644d152dc82f0188ac;76a914c168323170c52e9a28c4b069da735bffe8d651ab88ac;76a9144cebba52948706883b6008125c52dd4806f5c2cb88ac;76a914a460150efc3818e11f28d96e4ae69b1c60d77b1a88ac;76a914188ae4c5c9f09bd7deb65dd113ac5ebf50207bb088ac;76a9147c524c56243616edcf2f2e973420e293c82cbe2388ac;76a9140ff716e46090abb52d53a62a38a27fd0b17d45df88ac;76a914107ed75084c97e366c588ca6fd73c7b0f23b49c688ac;76a914d661e83a83eddf6bba00664ec4004af132e3537288ac;76a9140bb327b3cfeef60671df2a29a7f1d5e8f60d4daf88ac;76a9149fe10fdcc48e8130b21270831073fee3f855c5b288ac;76a9144a799470ae0ef7b84dda0bf8a7b92e9bac4ebad888ac;76a914580d858c05806ce0a0c4d5c725fe70f95aeeee0688ac;76a91472359aaacfd5b2eca4ea22a1a22efcee0c0c524388ac;76a91491bf8d466b9803625bd48ac340bedd79e207ab5788ac;76a914506cdb7ff91eecd828486d8ed9d1ff3a324ffc3388ac;76a9149b0551defdcbf45fd256b40557bcfb90d39ba73688ac;76a914ba0b189cd808746a1efc9921665dfcfe301222e288ac;76a914848777c55f2caf1e5576c563eaf7a4f14e29814d88ac;76a914542a2040ed83d294f31689a872101ee2aba98aff88ac;76a9140e395d4568e071968db0e8e775f891021d4c82f088ac;76a914e02e2d4c5fb28a189538c038aad5991a57a09ffa88ac;76a914c03ad4624c47049467745c095d17f29b95db8fef88ac;76a9148a6c9beaed2081357c188956a887a74aeddea5c188ac;76a9149bd459bbc43eba3a0edb2ec76dc39a11e4c9559f88ac;76a914faeb176dd2321e0c73e4276fbda3370507750ebb88ac;76a914fa183499bcf8cc1bae1763cf50fd61f9601ec83088ac;76a91427cc7e0def9fb434d51d98ee523bcc1e7514390688ac;76a914538790f005572bc8666fa3c80e3cb07211d4ea4a88ac;76a9149c7a3ddca3446a6e36160495a78317fe1cb8f1cc88ac;4104ffd03de44a6e11b9917f3a29f9443283d9871c9d743ef30d5eddcd37094b64d1b3d8090496b53256786bf5c82932ec23c3b74d9f05a6f95a8b5529352656664bac;20cc63418d5b5c58ba4ed41eb795f100197e2f2282ba83d8c3cfcd6b2a394aee89,,stale,VALID,1a0b1ef7,,,valid_direct_stale
i0coin,validated_stales,data/i0coin_validated_stales.csv,16,stale_only_publication,repo-data,308793,,178807,0000000000000a5a15e5475a70496116c1700e083c535b047b229bfc94ea39ff,000000000000010ec40cd1d74d7493fe9e16c590144b2ed2e24b258e78646dbb,1336256201,1a0b1ef7,2774895195,01000000bb6d64788e254be2d22e4b1490c5169efe93744dd7d10cc40e010000000000003d33f05a72fb3c5bdc9a73b780aad36250ee5255c09544d288c9039ea10e939bc9a6a54ff71e0b1a5b8a65a5,0f00456c6967697573004fa5a6c809b4fabe6d6d25bbe8807f7814963fdf41744c779f7dbe74622aabe930846edd1f1db9f7a67c0800000000000000002f503253482f00,76a914e20b2db641cf037ad98f6425823d4041c56209b388ac;76a9149ce9bf27b15d0045795c3275b7325482fb4f59e288ac;76a914a90eab7ab3aefdde6222374236602123d77825df88ac;76a914450db2e48d4234e2f8ded0fbd73feeb77a37a39488ac;76a914649374cde08f7ab8e306ddca97890d407e756af488ac;76a91401aaa6e1becca54ea58fc672e03526484106ec4788ac;76a914832dccd804514d150dbf4913442b94366ec3686c88ac;76a91494e5178f3cfc56b77f9f1c508b74ed9ff3b558ad88ac;76a914f7c1484772accf47591e4d27ad3000416da43a8188ac;76a914c7d21e083887e26f68d36ee5cfa2a2f6b5371b1388ac;76a9144dff2d6cddbcc5a4b712b0d49a7e1b69f5bc555788ac;76a914db2ceea8a4fd01a996f8646d45c215e797e5ab2588ac;76a914cb33057b4c93851a5fbeb3c8e4db30576219793788ac;76a914e76fbac0bfd72334aefb9ca4d1c5c0b4e6253fdc88ac;76a9143ef53ccddc562ee7a53f7b7500dd06c40e27b25f88ac;76a914612c126a1840253df9998e762036deb08209cea788ac;76a914da5dde93b8972c560038c7f534954148af7f8dcb88ac;76a914e057642afb9a85660de0b2e1412f16b5f524340788ac;76a9142777969c44603d882a064e693276be0b2a552b9088ac;76a91463f0dc0afd03ae0aad48c13dbc126b1d59d6cc5788ac;76a9142a8c470a2382d80fb56cdf60782590ff4787becd88ac;76a9140a09ed18efba15eb5b75f3ee41154cbae03c796988ac;76a914d9e0367314cd1951a052e1dc6887c95080f188b388ac;76a914a6922e6b0f2d78dc531133c5e20a21bad175726788ac;76a914969e26a16fbabf373633ccdef9f5f1e22184996b88ac;76a9142f9df4e19b8473b9345755e29829e801baba01ff88ac;76a914405b2acc3c986d49b57c92a7965c6174ee13eaec88ac;76a914db2f9af40204e79f9c2316c043df0abc2121879388ac;76a91481294453c020bf416bf89ebad4be71d57e4e01a288ac;76a914a167bc84e7d85c2f097cd27c0de4585ded03993a88ac;76a9142a7c5779b4d580794ca7842cd7d17843480c951788ac;76a914264dbbbe604715044be6913f1b9bd43bde29c82a88ac;76a91436dfd99d92f13ab5d07ecbf3b4b267fd8c41b37788ac;76a91438f00a3d1fa8778533f6c29c250f61f646c27f6088ac;76a9144e67df0d3084259e87298733816b593998694a5f88ac;76a9149ade1bc8147a19840d6807d494ff514fd6fe7b9f88ac;76a91414082d08c2bdc4c33966d242ebf4522cf50487f588ac;76a9148d6d29020f2e84e0159ebafc3106f78c12c9c1ef88ac;76a9148d5567ede2794f8b5e85c89ccca6cc2e3ae72a8888ac;76a9147bb4830e7efd707e59b18adfe14e9ae55342e1b288ac;76a91443f5f79a3b2c806235db2d9fac59b88b40dac49e88ac;76a91433b7ffe3c32d0305e501f81fabb4ee24eea9bd1488ac;76a914d4ed06b3db0639ca8a1be21f573ddcc77c2d8bc988ac;76a91403d984b4a0f1251370a86abb66ddaa61f67bb2bc88ac;76a914086bdf50d74f35da3cdc9882c20e82811c858b0188ac;76a91476ea1118754fe1c7bd7e6e5a3bbf0a58bb50793e88ac;76a9142e62c5bdc366b30e74896527d772846fed7f463b88ac;76a9141907cf7204453a72eaa346a3e65f2a1893c307dd88ac;76a9142a02a931fe4baa5ba6e40e7b8109a6dffb56ab2a88ac;76a914de2be2d0071b124b3dc9b9228fcdd07bb07415d788ac;76a91468887087f2631025e6e122ba9744d84cdacdc73388ac;76a9141053f9f9721aef5b640b59b3521fd012a5905fc888ac;76a914a3e763ba5c2c3e4997803a2bf3a5f4b336758bae88ac;76a9145399c3093d31e4b0af4be1215d59b857b861ad5d88ac,,stale,VALID,1a0b1ef7,,,valid_direct_stale
i0coin,validated_stales,data/i0coin_validated_stales.csv,17,stale_only_publication,repo-data,309022,,178842,00000000000001409f470ad86fb9d6ae2f3199894b402009025747f9343d15d9,00000000000009732c2de8fe57f997d20d770d26d46e3322b221cdc20691fdae,1336275107,1a0b1ef7,3388010460,01000000aefd9106c2cd21b222336ed4260d770dd297f957fee82d2c730900000000000077e1643d7fcac9d3472fc7c673eadda9be2e9b7d37ddb632850f8ee7b5d89504a3f0a54ff71e0b1adceff0c9,0f00456c6967697573004fa5f0900b60fabe6d6d8164c67c283a494fe7135d5f09381d998e35c6c1883fe502ef1f9e14ddce28970800000000000000002f503253482f00,76a914bee94ff6d322dbcbb7a185c269cf2b494753560288ac;76a9140b8b1591ccc63e0e13271b708c63a4a5fe2b76cd88ac;76a914c1e5011ae11f7fb0eaa061719e7499a4b7940c6588ac;76a914762374207b6cf7b3bb10f571e7bfb1806b04e76288ac;76a914f9fe6c72942f26697560a11e0b8fa8253ea1216c88ac;76a91490026b0f6881f1af1feab196287b5173c62e6a6388ac;76a914e9b552f2d604ba5875750b4e2dabc1188ecfe67d88ac;76a9141de57f9fce991a534c6f275064d4d3a29c0c195488ac;76a9143a09f5a89272cf58974258d3cad7bb5bbe07daa688ac;76a91407c72230d9e5f8c49e1fc8f6cb07951def37ee9888ac;76a914f9b7807fefc105a1853d0574e5f38a24f66ebb4188ac;76a914ed332edc5585c916e8d094294085c6317c52af2c88ac;76a91460843359ad45991482a5c91fbfcaae948fd1521d88ac;76a9145373962f52a5bec7201fc394858cffe4c5ed245b88ac;76a9146c24516d3f3c68e4993ce348ab503a3255e34eb488ac;76a91425889f4b84e8e396a7cc200dee6b7eaa825e04e888ac;76a9145399c3093d31e4b0af4be1215d59b857b861ad5d88ac,,stale,VALID,1a0b1ef7,,,valid_direct_stale
i0coin,validated_stales,data/i0coin_validated_stales.csv,18,stale_only_publication,repo-data,310162,,179029,00000000000004a1d0ae12b691d7d0cf00878e30fbef3890f2d421d0f6b2d9ba,000000000000070b67f541c464679db10e81a941492b538fb45513c130436f46,1336372365,1a0b1ef7,468087087,01000000466f4330c11355b48f532b4941a9810eb19d6764c441f5670b0700000000000014acc99d66673aec73140d8dc56789814a4db2f32341afc4d4213c885e54ec418d6ca74ff71e0b1a2f71e61b,0f00456c6967697573004fa76c8c0b30fabe6d6de2cfb5957e1fe0de81ace00aa361c2ab2d7135a7fdf701be3a95f014032bec4f0800000000000000002f503253482f00,76a91481930295f65070d379a61af8dae1b460ad1120f888ac;76a914db1ce9bbca43a9ce9d9a38822cd6413541e8c35f88ac;76a91406b38097bd3ea8d2163d6ce0512fc90cdb3fb21a88ac;76a914d1a926c95277c3e458ef02b08af932f6a6e65f1288ac;76a914f63ef11bc43feed76375efbac977ee9ad09f2c9988ac;76a914d15f121295a634b9768c9afd46e9823f772b758788ac;76a9148298f6678564ef74396f99fe88cc24dd1aa6eada88ac;76a9146c26e5341b9bf3c182905dbc7aac389faeb5231b88ac;76a9143a09f5a89272cf58974258d3cad7bb5bbe07daa688ac;76a914a0b2d932a8cafe51786585f877c6f6eaee13d0b088ac;76a91405241226489c95256617a80c19bbbddbf7cef26288ac;76a914eb51e40b5f2177d8780472f3d6754e166b96480e88ac;76a9141d1758bc27b9b967d2f1cf93b068bac09307ad8a88ac;76a914947ed6063d3e74bcb406ac93d99ba32f8e6f1d8088ac;76a914aa1206b9214392ed36451c60307f48fb701142de88ac;76a914fa12f5fb7d320bfd5c61f55db12cc2758d02a82588ac;76a9146c24516d3f3c68e4993ce348ab503a3255e34eb488ac;76a9140b8b1591ccc63e0e13271b708c63a4a5fe2b76cd88ac;76a91434e1f7de5c40fde5f3fa71024d067f4773f7f1ba88ac;76a914131ff6b5ac78d377f9e16959a285423f442ce06988ac;76a91407c72230d9e5f8c49e1fc8f6cb07951def37ee9888ac;76a91449b5b351a5f649ee278c604696abe08647d5b3b788ac;76a914031fe9da4181c26d2cca553f7dda520bd3c98b6888ac;76a914d54804da3e32dffe6ca6be97291f3c76e62040a588ac;76a91431b222a8c8693f542b86bc8b5d4008a4fecfc75a88ac;76a91415b7c62564484644a8af02767d41a7cb1e4dc4b888ac;76a9144a9936bd5fa285d4e163603458603a40319edd4988ac;76a91406b380973adae9c0d9cb624bde3c75c9d43b21b588ac;76a914b519aa29ecfdfd49abfc75567d0c010bb1ee30ec88ac;76a914abc5ef57aae67bb72627fbb58ecac658a066283b88ac;76a914490d0a9da361f38a45d9ef454538c2573f9cf96088ac;76a914908ebe2f857c5ceab1050ff96e52f0da5232980088ac;76a914f9fe6c72942f26697560a11e0b8fa8253ea1216c88ac;76a91490026b0f6881f1af1feab196287b5173c62e6a6388ac;76a914e7093805e2b766448dabe64d639b6e0118611aae88ac;76a91413cdf9562fc9abc2216b019d2a7205c9ed54c9de88ac;76a91436dfd99d92f13ab5d07ecbf3b4b267fd8c41b37788ac;76a914233a314f8a0b9d58554bbb12355f92f7cde2042c88ac;76a914832dccd804514d150dbf4913442b94366ec3686c88ac;76a914bee94ff6d322dbcbb7a185c269cf2b494753560288ac;76a914536c0bb05959ecdabd5de6db24329430428eb53188ac;76a914d256192cc6e0c39413b102d6de6c71afdfcd96f288ac;76a9144ddb6e9c50ce236b24884859d9aef166abef649688ac;76a9141215b5bfe1295cc239cea45758c13b8a332f698488ac;76a91408fb2ead84752bee42e6640b4d993802d3f2155688ac;76a9141f055a6a3c9dbf8857c366a6cd43a34c1f46ab7e88ac;76a9142aa969bf3fdbe587bf6c14e606c4d2b14665c93d88ac;76a91468887087f2631025e6e122ba9744d84cdacdc73388ac;76a9146f319511eff679bf972518d810cab0532df9200388ac;76a914d4625e6cfc9bc50ce241dd85d945871121bb5b3188ac;76a914698e484dea16cb5f223f97807987c53ff237ba3f88ac;76a9145399c3093d31e4b0af4be1215d59b857b861ad5d88ac,,stale,VALID,1a0b1ef7,,,valid_direct_stale
i0coin,validated_stales,data/i0coin_validated_stales.csv,19,stale_only_publication,repo-data,310287,,179047,0000000000000ab98c3485d3cb10b4558fc11bf7984c387918612051bc3be62d,00000000000001a79f486fffa2a9d72ee2f69e9dff0a3778e1a511c25786338d,1336383302,1a0b1ef7,2023945624,010000008d338657c211a5e178370aff9d9ef6e22ed7a9a2ff6f489fa701000000000000356c8e271fda56ce611ad7cbdc6f448791b6d786fbb7c581c89ae379706526764697a74ff71e0b1a98f5a278,0f00456c6967697573004fa79738020ffabe6d6dcd2c38a83e0ca952b0a42b5370be5336199a5416bb0b0544a9ce5ff32fa0b0510800000000000000002f503253482f00,76a914db1ce9bbca43a9ce9d9a38822cd6413541e8c35f88ac;76a9141de57f9fce991a534c6f275064d4d3a29c0c195488ac;76a9144936ad22405ab06d7a830b4e9e61639b353c7c0588ac;76a914ba85dc466140d3ef2eac3f7e42088ec501315a4b88ac;76a914d15f121295a634b9768c9afd46e9823f772b758788ac;76a9143a09f5a89272cf58974258d3cad7bb5bbe07daa688ac;76a914462e1fc7307691769701d89ce49325ff48e0c96888ac;76a914ed332edc5585c916e8d094294085c6317c52af2c88ac;76a914c2f21f1ef1bbb2c97080244895ba8a32546cf01d88ac;76a914c0397da02670d80b9d4b9f4726bda2f002dd267a88ac;76a9146c24516d3f3c68e4993ce348ab503a3255e34eb488ac;76a9141a1e386a452bb71d03cd583e5f33049ea5d0fe0888ac;76a91407c72230d9e5f8c49e1fc8f6cb07951def37ee9888ac;76a91431b222a8c8693f542b86bc8b5d4008a4fecfc75a88ac;76a9142f9df4e19b8473b9345755e29829e801baba01ff88ac;76a914ce911a964475c11ebac4c21ddd484eddc9e7461388ac;76a9140b8b1591ccc63e0e13271b708c63a4a5fe2b76cd88ac;76a914f9fe6c72942f26697560a11e0b8fa8253ea1216c88ac;76a91490026b0f6881f1af1feab196287b5173c62e6a6388ac;76a914b8a8730bdac96f96d2f593e3cfdbcde52079186088ac;76a91413cdf9562fc9abc2216b019d2a7205c9ed54c9de88ac;76a91434e1f7de5c40fde5f3fa71024d067f4773f7f1ba88ac;76a914ae27e4df6ee450a7b4bc3b7b45f328a8951483cf88ac;76a91460843359ad45991482a5c91fbfcaae948fd1521d88ac;76a914e76fbac0bfd72334aefb9ca4d1c5c0b4e6253fdc88ac;76a914bee94ff6d322dbcbb7a185c269cf2b494753560288ac;76a914d256192cc6e0c39413b102d6de6c71afdfcd96f288ac;76a914e7093805e2b766448dabe64d639b6e0118611aae88ac;76a9144ddb6e9c50ce236b24884859d9aef166abef649688ac;76a9141215b5bfe1295cc239cea45758c13b8a332f698488ac;76a9144a08231d1e98824190575cd78f437318b05539f988ac;76a9141f055a6a3c9dbf8857c366a6cd43a34c1f46ab7e88ac;76a914559d6989c909b59b20bf10935d052fcd63daf86e88ac;76a9146f319511eff679bf972518d810cab0532df9200388ac;76a9145399c3093d31e4b0af4be1215d59b857b861ad5d88ac,,stale,VALID,1a0b1ef7,,,valid_direct_stale
i0coin,validated_stales,data/i0coin_validated_stales.csv,20,stale_only_publication,repo-data,312855,,179486,00000000000007680fbfdd8a3e045f666ad6bfc5b808f876005574967a97d99d,00000000000006d17fb35303b2bdc600411efe85f6da482a33ab605ff0f4ed97,1336603664,1a09ae02,589302084,0100000097edf4f05f60ab332a48daf685fe1e4100c6bdb20353b37fd1060000000000007c9833291ddb32a64b02e2427f1143294893db696dcd17f49b3caba175ceba4010f4aa4f02ae091a44092023,0f00456c6967697573004faaf41001b8fabe6d6d4427b3740e5e48344d097a5563668fa7de696a2c2c8e16a1a2c1385532c731030800000000000000002f503253482f00,76a9142838ae835c52722010adf4452eb5d7d1e6d9040088ac;76a9145b023e43d0e59e7e57bb6993b56b71fa66ed0a4188ac;76a914aa1206b9214392ed36451c60307f48fb701142de88ac;76a914d1a926c95277c3e458ef02b08af932f6a6e65f1288ac;76a914536df3bf833573495d6a92dc90487bbc6259528288ac;76a91406b3793908c3719cb73834c17a0acd47427d0df288ac;76a91432e9b63db5ade6c81433fc1f3386d2a9d61c5ca388ac;76a914f570954e625209f95150f39ef02160ec8994c67188ac;76a914c73876a5e5978d29d6dff69e61633ef14ffba2e588ac;76a91405241226489c95256617a80c19bbbddbf7cef26288ac;76a914e65e85ba8187c34bcc72544cf8c7ed609ba6c53788ac;76a9146064794e87b832267b7dda6fece072c692e0bd3c88ac;76a914f63ef11bc43feed76375efbac977ee9ad09f2c9988ac;76a9144dff2d6cddbcc5a4b712b0d49a7e1b69f5bc555788ac;76a914fa12f5fb7d320bfd5c61f55db12cc2758d02a82588ac;76a914345216185a3da81848ee1fdc587067cfc663aad988ac;76a914175921ee734bff7ac37880ac5a3b90b77401e1dd88ac;76a914131ff6b5ac78d377f9e16959a285423f442ce06988ac;76a914c17600f6c81ffb1ba0ece3218e65b352d35409ba88ac;76a91449b5b351a5f649ee278c604696abe08647d5b3b788ac;76a914d54804da3e32dffe6ca6be97291f3c76e62040a588ac;76a914b08718a12060effdb254713e113a0d64c361825088ac;76a9148e49dc353c3d09ddd992925066a80486ce79a5f988ac;76a91406b38097c8d45bd1ad184e0e57432b9ee3698fc188ac;76a914867bc0d72ef2405a457a4077c45b14200d3d975a88ac;76a91406b379392a3e7bba0c302d3eaf1b107631bd1aaf88ac;76a91436dfd99d92f13ab5d07ecbf3b4b267fd8c41b37788ac;76a9144a9936bd5fa285d4e163603458603a40319edd4988ac;76a914519e1105baf7bd5a2f72ddc5a95d7c31321b058088ac;76a9149d7ec767cea1a4f3d0de81ee223d00d91555138c88ac;76a9142a7c5779b4d580794ca7842cd7d17843480c951788ac;76a914264dbbbe604715044be6913f1b9bd43bde29c82a88ac;76a91452c7f530e51421d866e2c6eac75f2a50124468c588ac;76a914daa900c6a45f873a8a28b61df710be107d81cd0288ac;76a914eb51e40b5f2177d8780472f3d6754e166b96480e88ac;76a914233a314f8a0b9d58554bbb12355f92f7cde2042c88ac;76a914139944a7a7b21047a6b7b414f53af0915703bee688ac;76a91406b3758958cc09513f48b20f0c829bdbc32e291d88ac;76a91458a5111a949d4432627076d6b724e5a09fc0b37688ac;76a9142cb970c3fd016fe1cd7fec57954d65c5871c0ec388ac;76a914765a8a97074988f0a0d09e573b900de583e0162888ac;76a914d4625e6cfc9bc50ce241dd85d945871121bb5b3188ac;76a91406b379397665a96e99be0307e1a580589c06446488ac;76a91406b37938bcd1585c2b78ba43531f9a9537c9050988ac;76a91468887087f2631025e6e122ba9744d84cdacdc73388ac;76a9149d83f5efb3fd17bd6904e4787109403556e7f60f88ac;76a914bfe33e9547aaf0eef76b5b4fe84aa7937284252388ac;76a914698e484dea16cb5f223f97807987c53ff237ba3f88ac;76a9145399c3093d31e4b0af4be1215d59b857b861ad5d88ac,,stale,VALID,1a09ae02,,,valid_direct_stale
i0coin,validated_stales,data/i0coin_validated_stales.csv,21,stale_only_publication,repo-data,319304,,180334,00000000000005b2c608d2e7bd7651b1132afd1cab20061ecd92b814d7ae619a,0000000000000144442e8dc02cab9722cbc6dc6ac77f1afaa7d08c339b839f6d,1337154243,1a09ae02,910718784,010000006d9f839b338cd0a7fa1a7fc76adcc6cb2297ab2cc08d2e444401000000000000fc108871cef666768bdf21d65d87b2a2acae3474f664165c631840899354967fc35ab34f02ae091a40774836,0f00456c6967697573004fb35ac10e03fabe6d6d7bf80c2eb5e1901c25d3f0049e090cb04e9abfa454f2593e0b9181309e3c25e30800000000000000002f503253482f00,76a91406b37938bcd1585c2b78ba43531f9a9537c9050988ac;76a914f30cedda38b0eccc830d7932ee80d19a16b3fd6e88ac;76a9142dbd943fa4480987fba00463944234550a6d94d188ac;76a91428cacb8606d9601904c2853465d675a1e699d93f88ac;76a914973ffe094ad34eb281fbe19ce2f81ac64f63541c88ac;76a91406b379392a3e7bba0c302d3eaf1b107631bd1aaf88ac;76a91406b3758958cc09513f48b20f0c829bdbc32e291d88ac;76a91459642bdaae1876d7badd7756fd26cf9c3a6a074988ac;76a914c73876a5e5978d29d6dff69e61633ef14ffba2e588ac;76a91443f125dc99c2606bc49ede37da7608e559c09de688ac;76a914fb8d2db78d9e590a21bee08dd925e52cd7a44ee888ac;76a91406b371da1d320c13137c2de1ab220ecf0900aa1d88ac;76a914afa3c2085b65e5c5ceb79ee75d892439750df0ac88ac;76a914ecc3ae3f07401ae7d06178d2682b6c363b8bbac288ac;76a9147ef78913365ba4991bc3293e26f74387a5b0f78e88ac;76a914d785df31eaf070be3482390a3a2a0fac95768f7188ac;76a914074221d2eeb1c1de61c24d28cb75c4d9dced5fb488ac;76a914559d6989c909b59b20bf10935d052fcd63daf86e88ac;76a9145bd74b00cd20dfebec1161c9dd98dad8ca09c57788ac;76a914b9ecf0e2579a08864e4e3fd9f6a861fa86efc79388ac;76a914cf4870debb2bb91753a48d6474bb3568e779d90188ac;76a91457bef051e091ae2a79bcec646427a9bc1c88712788ac;76a91406b38097c8d45bd1ad184e0e57432b9ee3698fc188ac;76a9140ff1bafb167b28c933e9b822a16c815997567b6f88ac;76a914b637023ed87d84f255f62f7a876834ba2e09f60f88ac;76a914ce911a964475c11ebac4c21ddd484eddc9e7461388ac;76a914c3a3980e0d8c8f15a30d61dfb8d329e27cea08bc88ac;76a914c1394b0f20f0dfd1bd9f6ace3b046efa6f56c22088ac;76a914e7093805e2b766448dabe64d639b6e0118611aae88ac;76a9145efe424bdffdcc0fb297cd67dc15e863d3f9e42f88ac;76a9146552220b602a6df18899e768f8af716134f0370c88ac;76a91406b371da8a8292f07da1a5256d143d48d971331888ac;76a91416bcd41100d860e1e7b9d3ea2453f06f58fc1d1088ac;76a914139944a7a7b21047a6b7b414f53af0915703bee688ac;76a914a6b582dc4ae726dc769ceec110f48c859f12e30688ac;76a91406b3793908c3719cb73834c17a0acd47427d0df288ac;76a914b841a301cb0f0a3601ae0312ca6b7b4432b8c2ce88ac;76a91458a5111a949d4432627076d6b724e5a09fc0b37688ac;76a9140d3af2726db63d7372eb29ad4006f85bff1f95f488ac;76a91413ad507e0436b31545d3cb308c9fa3b306da709288ac;76a9143919179e77601a3a938bb6b49418a943a0e2382688ac;76a914c311c4a2ccfbcb02dffedf0a3f9d933ba24764a588ac;76a914bdc8359f2f3ae6444354c8020536bac4538e882088ac;76a91406b379397665a96e99be0307e1a580589c06446488ac;76a91406b371dac20193557f4e4296e36714d120461caa88ac;76a914c5293f287a1594877ed0f39a87e5fb4a26a5c43688ac;76a9145399c3093d31e4b0af4be1215d59b857b861ad5d88ac,,stale,VALID,1a09ae02,,,valid_direct_stale
i0coin,validated_stales,data/i0coin_validated_stales.csv,22,stale_only_publication,repo-data,323572,,180914,00000000000002ef88e92350a1f7d790125ac34ab8041831fd4842dbfc9fc5b4,00000000000007800fd54ad7ceed9b28510c9d6bf137a1d1750e24ed61ab0677,1337526598,1a09ae02,3260329498,010000007706ab61ed240e75d1a137f16b9d0c51289bedced74ad50f800700000000000032ff9565a595c6a86afaa39a957ef26e91232e45a9bc56bb97f29de43ea5efa44609b94f02ae091a1aae54c2,0f00456c6967697573004fb9093e079dfabe6d6d0986d35106f382d1d67b375972007f82941f7670f4bc6c0b8bcced5dcae0a1410800000000000000002f503253482f00,76a914cb33057b4c93851a5fbeb3c8e4db30576219793788ac;76a914b6976a461b57bef48ebb4d57ed05b56f29a542f888ac;76a91433b7ffe3c32d0305e501f81fabb4ee24eea9bd1488ac;76a9148fd9cd1b618d5b9873069544576bb9030fbf78a988ac;76a91414d5a6022e55dfb991891a62a0e74ac7698554dc88ac;76a914523f0f0d1d620b019e299471e9b0446fd552064688ac;76a9148298f6678564ef74396f99fe88cc24dd1aa6eada88ac;76a914e7093805e2b766448dabe64d639b6e0118611aae88ac;76a91414043357804a8794f5073bdb88c37adcf4c1440b88ac;76a9141763804afd45d8c782f16557632dd812f7259ce488ac;76a914bdc8359f2f3ae6444354c8020536bac4538e882088ac;76a914c91252c87b6940496c2f621e0cb69d5ec5043ed288ac;76a9142e2db49352376d7768d307d6d567a3b448ef577388ac;76a914947ed6063d3e74bcb406ac93d99ba32f8e6f1d8088ac;76a91424b5e13a008f0983433d2d10ee3143a5f4de56ce88ac;76a914f7d3df24e80f101b6e3d7ed82e555c8d9758f0fa88ac;76a914c38551f327276434cc8a519a072c8a5975ece34b88ac;76a9145399c3093d31e4b0af4be1215d59b857b861ad5d88ac,,stale,VALID,1a09ae02,,,valid_direct_stale
i0coin,validated_stales,data/i0coin_validated_stales.csv,23,stale_only_publication,repo-data,340254,,182997,00000000000008e7f65ce77dc399eb5dd01ad5afa6f037af79a7a0103b0d5ca4,000000000000006e094073333f0242eea1da3f5045255ca8cc52f94e63e9c698,1338824753,1a0a8b5f,2101093324,0100000098c6e9634ef952cca85c2545503fdaa1ee42023f337340096e00000000000000b89707b637cab407258c37f084bb7872ffb4527b6bb514c40a60274ee530666431d8cc4f5f8b0a1acc233c7d,045f8b0a1a0170522cfabe6d6de66023838d382bf64cf52a5f9865bc09dc87f96978f32f0c79a3c277697ea38c0800000000000000,4104078aa9d442f13a58842c2c7f90673a734f225483a867049f4e01599957b7ce5660d08b0503d0a57d95fa191363f7fe6eb5b66c3ec1504bbf0256cd0e35ed496dac,,stale,VALID,1a0a8b5f,,,valid_direct_stale
i0coin,validated_stales,data/i0coin_validated_stales.csv,24,stale_only_publication,repo-data,344285,,183565,000000000000041d007d54209eb1915216bbc7f3cc16e6a7c3f13306dbcb7cd8,0000000000000689bcd0e63243a494084a7e970ca44efd2b9aaeb4301cd68ef4,1339161196,1a0a98d6,1921593126,01000000f48ed61c30b4ae9a2bfd4ea40c977e4a0894a44332e6d0bc89060000000000000fd1392a14813d4963e2b0ffc718917746c6139cda849a7c5344c5e73466fe3e6cfad14fd6980a1a262f8972,04d6980a1a0154522cfabe6d6d19f6755d488570973c0942a4a752f348109d284a50be6a0842221b2757928de20800000000000000,4104bbbc05d8d2b03f5863788eefb3100c38118186ad7eacb7bbc1658736bc9b1f933ed7c27382edf5cb9976e509ea8cbe4fb4181c01b3040766a87dc3a367d71801ac,,stale,VALID,1a0a98d6,,,valid_direct_stale
i0coin,validated_stales,data/i0coin_validated_stales.csv,25,stale_only_publication,repo-data,349079,,184329,000000000000030200a49fd70bcc4bb988fc1dd380ae02dc5a37bd8e455fb85e,00000000000001f0d47fe13a8e5e181daa5b7af4ef2736675c694a18888dec3e,1339581412,1a0a98d6,3650115366,010000003eec8d88184a695c673627eff47a5baa1d185e8e3ae17fd4f0010000000000004d0c81531b730f4efab8d10526c4868782881cef650b1da6003c670ca126d025e463d84fd6980a1a265790d9,04d6980a1a5b522cfabe6d6d8ba5c86a1d7c365537a2bf615a01eefbb24ba114c4aa742ef043990e04d5231c0800000000000000,4104af14179ce18ceae2568bd08a7204e5bf1e63251356c9323e50ee3ab47f8b48d11a79b9cb3d3ac40ff2b05c4a91cdae464a9c66e5d41543a58f75853cb567883eac,,stale,VALID,1a0a98d6,,,valid_direct_stale
i0coin,validated_stales,data/i0coin_validated_stales.csv,26,stale_only_publication,repo-data,352464,,184771,000000000000025c0813b34a11b6488b403586b3aafe3d121ddff17e1be3de15,0000000000000087cf9682a8b6016d989d4a494e4d05f9aa9cfc768dcff339c9,1339830341,1a0a98d6,3520218342,01000000c939f3cf8d76fc9caaf9054d4e494a9d986d01b6a88296cf8700000000000000029e868b1c18fea9e816182eacc31631e2f0725510d2ab82bbe41ce7403f924b4530dc4fd6980a1ae644d2d1,0e00456c6967697573004fdc3045a3fabe6d6d8b3ad6dbdc5a992de20435e2bf00751c59a0c59312b052bd28eb543b14cc48990800000000000000002f503253482f00,76a914bee94ff6d322dbcbb7a185c269cf2b494753560288ac;76a914765a8a97074988f0a0d09e573b900de583e0162888ac;76a91418d07fb28b964fcb20e10e3c56ccc9d8b97d4aff88ac;76a914a90eab7ab3aefdde6222374236602123d77825df88ac;76a9144d050fa8ad63ffbe59fe12bd5620fda906f031fc88ac;76a9142aaa92e6608cf681b77fe6fb30c0071a12782e7c88ac;76a91407c72230d9e5f8c49e1fc8f6cb07951def37ee9888ac;76a914f2b3208121a93473628d85cd27e7cbdb5286b40388ac;76a914d15f121295a634b9768c9afd46e9823f772b758788ac;76a91463c64d97f946294945d2e741f70173ce87a27ab488ac;76a9146c26e5341b9bf3c182905dbc7aac389faeb5231b88ac;76a9145e23196f06e4355bd3b0270cffaba2344c29728d88ac;76a914f570954e625209f95150f39ef02160ec8994c67188ac;76a9140fa249cb17f0f2dbaa9e695afde351dc6b2d5fe688ac;76a914d73ff327c04d68ddeb4ae5acac0160d3f78fbee288ac;76a914ac899bdc7f7017d2814689fff6c81f7fd4dca16688ac;76a914a6b582dc4ae726dc769ceec110f48c859f12e30688ac;76a914a44bc455d40ac2bd8fb1304cd394cf305383ea3488ac;76a914a15cfea9b3c16830564717883f01520c20ba54d288ac;76a9141de57f9fce991a534c6f275064d4d3a29c0c195488ac;76a91457476a81004cc11720974879ae084209e5121df788ac;76a9145399c3093d31e4b0af4be1215d59b857b861ad5d88ac,,stale,VALID,1a0a98d6,,,valid_direct_stale
i0coin,validated_stales,data/i0coin_validated_stales.csv,27,stale_only_publication,repo-data,353779,,184932,00000000000004a76fce2a2512b4c82efc6e87f1461520cc22fbb26f6c132ad9,0000000000000797a7aeb9d883e6b23b25cf0516c7c27f5b175afcc3927dc3d1,1339915060,1a0a98d6,4147683598,01000000d1c37d92c3fc5a175b7fc2c71605cf253bb2e683d8b9aea797070000000000009b77957068da3ab07f5b2a05d7948e5a13ff1b0dc584c9a193d36401c5c56d45347bdd4fd6980a1a0ea138f7,0f00456c6967697573004fdd7b220602fabe6d6d1e7f6e58ddb013a81f6a22ab23e07c1b895f8420c50d37a795401801873691550800000000000000002f503253482f00,76a914e20b2db641cf037ad98f6425823d4041c56209b388ac;76a91414a901790614a67ae33c25e85486095d5f19c8a388ac;76a914fd3959a583fdf488e129827634591eb2013bdf0d88ac;76a914c7ce64e7390c8a561acdd07e232f4af413a9d5f488ac;76a91406b3793908c3719cb73834c17a0acd47427d0df288ac;76a914182adc2e530ec232d027f49ebfbc57f25e4501df88ac;76a91412a883d6d01e12e7dd0eea15043b323ee7e7622e88ac;76a91477a305b18fade2b6913d519b37540bc2ed8ef93f88ac;76a914b70cef9309b7f71870629e824c9dcb8f088176ff88ac;76a914c3bb022a3007926975d44ffcefe467eee21410e888ac;76a914ed332edc5585c916e8d094294085c6317c52af2c88ac;76a914c2f21f1ef1bbb2c97080244895ba8a32546cf01d88ac;76a9145caf6ed116b40890f64b41b6a69bae7518577dc188ac;76a914d70533cfd0d1c721b000d7c8bc011c217982c3bb88ac;76a914c3a4fb60c724a6f8d45c5a6782f22d49dec4fe0f88ac;76a914612c0fe3a73d6b5c9df38151e991b84dbd1af28688ac;76a91417217c04436a5ea3f6648aa3287bde544435ac3688ac;76a9143c7c9fab8940d6bc0dfd6555bd33f2936bd37d3588ac;76a914418e4d605cce8e34289830a21614d66145b4a1da88ac;76a914559d6989c909b59b20bf10935d052fcd63daf86e88ac;76a914832dccd804514d150dbf4913442b94366ec3686c88ac;76a914490d0a9da361f38a45d9ef454538c2573f9cf96088ac;76a914da5dde93b8972c560038c7f534954148af7f8dcb88ac;76a9146a483671974e73e6fde58ec88e08a2e3bbb79cad88ac;76a91475bd605cc2ee3974d54578b8af803d0a9351df4088ac;76a9144936ad22405ab06d7a830b4e9e61639b353c7c0588ac;76a914c4525409ab5ff9a9c6fe4ffe25039dec96f9fef488ac;76a9143749533f44fce5816a43f51f08f0b883c452ef2788ac;76a914855645ccab0ce936b3ee85a2ce7d3acd6cd866ac88ac;76a914515f37c43539442998ada236f7947505fc53562288ac;76a914abc5ef57aae67bb72627fbb58ecac658a066283b88ac;76a9147a24b72e362dad3ea591099ab8187d039b9de4d688ac;76a91483687e52ed66fa9aeaec78a0f290ccb03c9fbd8c88ac;76a91417ad6ac1056d12cc67661a24f4b30cf989dfff3488ac;76a91438f00a3d1fa8778533f6c29c250f61f646c27f6088ac;76a9141e871138c9fb861f832b0be41a4e402233d81c1e88ac;76a914e76fbac0bfd72334aefb9ca4d1c5c0b4e6253fdc88ac;76a914b7b2c010c219cf5300fc3c33d5e4e52a7a90283588ac;76a91443f5f79a3b2c806235db2d9fac59b88b40dac49e88ac;76a914536c0bb05959ecdabd5de6db24329430428eb53188ac;76a9149d83f5efb3fd17bd6904e4787109403556e7f60f88ac;76a91409ed70aa014bf64a70a3a8fad3bc14b3633d6f1b88ac;76a914f81402cc394c7b8791a95eb7152945592f6744a888ac;76a9144411540dec4ff197a94641c0bc73ff3812e1b46288ac;76a9145ffb72262cfd9e5e11076246c4fe51655658946188ac;76a9142d04709cd5f172fcc9916b77967bb034e5ec8a8b88ac;76a9141b5a668167837b88216cd3adfbc9d78369defb7788ac;76a9146f319511eff679bf972518d810cab0532df9200388ac;76a914845a69c72660938f08edc14474ae0559441d2a4f88ac;76a914ca0fc1f14f0f92107d01c9788e66ba1e023e329388ac;76a9145399c3093d31e4b0af4be1215d59b857b861ad5d88ac,,stale,VALID,1a0a98d6,,,valid_direct_stale
i0coin,validated_stales,data/i0coin_validated_stales.csv,28,stale_only_publication,repo-data,371463,,187452,0000000000000995627a52c5ea0372d926539a615c972a80455eeffce444f6af,00000000000000818d9ff7d722136dc04b641bba7889cf1352817637dd829da6,1341378364,1a09b78a,2600792901,01000000a69d82dd3776815213cf8978ba1b644bc06d1322d7f79f8d8100000000000000c86ee918d7c7bd0d251a77f34072d5543c9d9265243bd0a7cc7add1445098efc3ccff34f8ab7091a45f3049b,048ab7091a028b00522cfabe6d6d947cfa8b9a16f18bf8ae257e55dd6686e69dfe7b0704b72bb8bd6a40a7f827c60800000000000000,41044baafd1274963531badc9b534fb9f093bec6da21a98dcb784d06956fa65e41d02765c4700a1f3b8dcf5e458c3383131ef59fed7ee56a41cd35c8d01d7bcc16cdac,,stale,VALID,1a09b78a,,,valid_direct_stale
i0coin,validated_stales,data/i0coin_validated_stales.csv,29,stale_only_publication,repo-data,433582,,197021,00000000000003589304493de3bb3e36abe66342b3c8997eb6fcf25710079ab3,000000000000019f5d92179ab085ac4e81369ab002c86657b6cbe43ef912f72b,1346671453,1a06dfbe,4000063937,020000002bf712f93ee4cbb65766c802b09a36814eac85b09a17925d9f010000000000009324a636d9b13fa14fb9f1f904d2bef10ae79c1fdfbe81f7aeea54066a00eca35d934450bedf061ac1216cee,039d01030f00456c696769757300504493470cfdfabe6d6dbf7be3b4d9764284e874f625d228cce36a9efa3dd287485c80a0254c118fe5570800000000000000002f503253482f00,76a914f43a41e493a701898d0093fffda533977534d6a688ac;76a9148f2a7f5972c74f9e3ca274393cbc474105cce7fc88ac;76a9142a6676123b99c020e4e7ac1b5085989948a3a27b88ac;76a914bec8927bd5793949c1aa5543f624b8861596a0f488ac;76a914976de04cf29ea4aef923e6534653268ce00466a088ac;76a9140e309e851906d4960060cf6820b94e2911f693b388ac;76a91477a305b18fade2b6913d519b37540bc2ed8ef93f88ac;76a9144d447d792d54a9043f4b6b4a09cdb0e26cb8ad3088ac;76a914c5d7152e780e4194493ffdb4dbe5a0ffa193f9e588ac;76a914ad708c092091e9541e62f84212e16a425998538b88ac;76a914d6309a28ad26747380adee68c78a82afc2e380b088ac;76a914f62f0b1523fbe94e3185fa5c753b2dd56c7d90fa88ac;76a9147a6f55cee5fb29edc47d578fe2daabe9bd541b1e88ac;76a91475bd605cc2ee3974d54578b8af803d0a9351df4088ac;76a91469f1a5a5b31203052dacb031ed38f375d7e9367488ac;76a9140ff1bafb167b28c933e9b822a16c815997567b6f88ac;76a914b8b534756c378a4401682e13030d78034e9bb5f388ac;76a9149bc7fd00183f8007edb836e54aaa43fa7093564b88ac;76a914c718f913e65a91703b9aeef09ad193980d84e3ec88ac;76a9145caf6ed116b40890f64b41b6a69bae7518577dc188ac;76a914908ebe2f857c5ceab1050ff96e52f0da5232980088ac;76a914c4b320880d5df2fcbcdc889195afdc1698a25ab588ac;76a914832dccd804514d150dbf4913442b94366ec3686c88ac;76a9149cb8b5ae7f59222e175107db0f1bcbef7abb866a88ac;76a91476ea1118754fe1c7bd7e6e5a3bbf0a58bb50793e88ac;76a914a4c0f027da46807ab6ba40e50efeb698c35e79d888ac;76a9143f0c4ffe31d9526e66d05d7a7f2822c3a1b74a8788ac;76a9144dc8f434c847f778e66f1368fb5a3c6bd3ef7acf88ac;76a9141b5a668167837b88216cd3adfbc9d78369defb7788ac;76a914bfe33e9547aaf0eef76b5b4fe84aa7937284252388ac;76a9147a6fcdf41557d5348d277cc1d305dcb990ea7b6688ac;76a9145399c3093d31e4b0af4be1215d59b857b861ad5d88ac,,stale,VALID,1a06dfbe,,,valid_direct_stale
i0coin,validated_stales,data/i0coin_validated_stales.csv,30,stale_only_publication,repo-data,438780,,197883,000000000000011e6d02f6063d4a797ce42fe1f97ecf3dd640b8145f12c2304d,0000000000000065b7425a93b4d1cc92c0b96f58a619e7d8a993773e5871735a,1347130802,1a063a38,53414203,020000005a7371583e7793a9d8e719a6586fb9c092ccd1b4935a42b765000000000000006243836741520333a1083c2dddf0904cf36ce705e0175df25aa7d13fb40f5041b2954b50383a061a3b092f03,03fb04030e00456c696769757300504b95afa0fabe6d6d319a28be6a5a5febe9d6b5b1eb4f315ef3f06fc1605ebd51283482049dc80c9d0800000000000000002f503253482f00,76a9142838ae835c52722010adf4452eb5d7d1e6d9040088ac;76a914e20b2db641cf037ad98f6425823d4041c56209b388ac;76a914523f0f0d1d620b019e299471e9b0446fd552064688ac;76a91412a883d6d01e12e7dd0eea15043b323ee7e7622e88ac;76a91415b06e9a0cf464b111ef2493b24501215be2a24c88ac;76a91439eb449e3cdf858e054533de91c543fff76d2ae088ac;76a914379b7957245977820f01f9d18d75f9c43e263af488ac;76a9146f1a182cf113efd431888001ef6b171e56e5922788ac;76a9147a69b482fd27bb9bbb37c0e731229f52dcece14e88ac;76a9147fb42567314ab6e5f8c9d963ec5e3ec0af0e42b888ac;76a914e76fbac0bfd72334aefb9ca4d1c5c0b4e6253fdc88ac;76a914131ff6b5ac78d377f9e16959a285423f442ce06988ac;76a9141712ccb752019c6c7c625dbf18643b03249e485888ac;76a914d70533cfd0d1c721b000d7c8bc011c217982c3bb88ac;76a914f2b3208121a93473628d85cd27e7cbdb5286b40388ac;76a9149d12f0ec7526463e4dbbbc69ea634f88ff3092a088ac;76a914f25510a7205aaab1f8f753046930e9567820abba88ac;76a914e78627375e2d9e8d61772283b525de1c24965b7588ac;76a9146da1ee55d1fd8a91c6c36af59e3b13408ea165e188ac;76a914e145c07ab524229e49145106be8937cdbafb126688ac;76a91487530c2c6814fb49c5d50c699a430e819726fda088ac;76a91469ccc192c7eebf7a22f3e7b33ac544b2ed8962a688ac;76a9148e9e7ec793e522d386bd32647fd74f235cb421c788ac;76a914abc5ef57aae67bb72627fbb58ecac658a066283b88ac;76a914490d0a9da361f38a45d9ef454538c2573f9cf96088ac;76a9144842f65cfc807482e8743e97a089551a9093414688ac;76a91467cf99e4c96ce15eab15a74d86b36e17b332c51988ac;76a914c4423f143d23b6c1a26b8f5aaeac3ccb197689e588ac;76a914b4dd997b72ffc5d28b2c7463ce685718d9b082cb88ac;76a9145ffb72262cfd9e5e11076246c4fe51655658946188ac;76a91438f00a3d1fa8778533f6c29c250f61f646c27f6088ac;76a914608891a8336fed13898d9ac863a591e8fba2026088ac;76a9148d5567ede2794f8b5e85c89ccca6cc2e3ae72a8888ac;76a9142777969c44603d882a064e693276be0b2a552b9088ac;76a9145370a0897072d434d6f45e93d6d19c69d233cf5c88ac;76a914aeaa144c0ffa233edc08b981b296e9f0bcfc497a88ac;76a9147a24b72e362dad3ea591099ab8187d039b9de4d688ac;76a91481930295f65070d379a61af8dae1b460ad1120f888ac;76a914d39d22a99da41e94b3a866822a3e482b09e3d73088ac;76a914f9563a5b45bc64f5886d87cc872c26afeb37379688ac;76a914418e4d605cce8e34289830a21614d66145b4a1da88ac;76a9144a08231d1e98824190575cd78f437318b05539f988ac;76a9146f319511eff679bf972518d810cab0532df9200388ac;76a914fb88abad80357042f0d834105a0c96e558270da388ac;76a91481937b3f152a276070132ff32ac5a870b1bb266b88ac;76a914698e484dea16cb5f223f97807987c53ff237ba3f88ac;76a9145399c3093d31e4b0af4be1215d59b857b861ad5d88ac,,stale,VALID,1a063a38,,,valid_direct_stale
i0coin,validated_stales,data/i0coin_validated_stales.csv,31,stale_only_publication,repo-data,487545,,204783,00000000000003b3ab8b904a43d63bba26fe01bdde7b41cb687b80941f9899cc,000000000000038a0f9c97fed36d9e59134c6552da4c684bca644818374d6c2b,1351094705,1a0575ef,2891455751,020000002b6c4d37184864ca4b684cda52654c13599e6dd3fe979c0f8a0300000000000003fd1b018b5b2ca2ae9f17d598ee430efa23d7017fc84d54d90969df345887d6b1118850ef75051a071d58ac,04ef75051a0129522cfabe6d6d7bd2f524a7812cec1768777cee0073b9884ad6a2bc20ada1633954754de1b60b0800000000000000,41046127fc2356ce94f43163ca6af1792cae5bb095beaac5548c1ac3da6a58226ea9b2861d08029fceeb8978e7e4a6878acf272361c7a45a33b60d8f26797edc0c87ac,,stale,VALID,1a0575ef,,,valid_direct_stale
i0coin,validated_stales,data/i0coin_validated_stales.csv,32,stale_only_publication,repo-data,508292,,207888,00000000000003c44912ca5ee6873cca38fe1725da2ad52145b7795fe3744d92,00000000000000ff02ddcc35ebe4e1e9481f59d974e6c25f1612a8f81f5d1840,1352894290,1a04faeb,3014352729,0200000040185d1ff8a812165fc2e674d9591f48e9e1e4eb35ccdd02ff00000000000000c907b903247aab3fda464e36b64122a28b1047661515e655def2ae76b7ab040d5287a350ebfa041a595fabb3,04ebfa041a013b522cfabe6d6db6a7870cbb2ce952a5d01abc070e63db3171e0c0e15349c10cf1c3015a5bf0ae0800000000000000,4104221ab534bc49754d63a19451bafad63952d7b6e556047c4b201c697f4dde1c5ae8111ea8051aeba81a691de3e3121a3572487d0c7963fa26a427f72fdac83939ac,,stale,VALID,1a04faeb,,,valid_direct_stale
i0coin,validated_stales,data/i0coin_validated_stales.csv,33,stale_only_publication,repo-data,866833,,252336,000000000000001ddb44cc0ac0fcc710f7f619cf88172018ab61405943da2f3e,0000000000000049d734fdc3f86a33ca473c6e1b36b96d35f62f497c39c62b0e,1376595955,19548732,3794364489,020000000e2bc6397c492ff6356db9361b6e3c47ca336af8c3fd34d7490000000000000063aaab49812a160ffe16059d6208bcb4adfbbbcd794a5102f33744cff9447906f32f0d5232875419496829e2,03b0d90313e4b883e5bda9e7a59ee4bb99e9b1bc520d2ff4fabe6d6dd71adb21641a230135720287f5576c42d7383f7ad48e91df8b4d005c58c442120400000000000000009bfb070000000000003a9d,76a914c825a1ecf2a6830c4401620c3a16f1995057c2ab88ac,,stale,VALID,19548732,,,valid_direct_stale
i0coin,validated_stales,data/i0coin_validated_stales.csv,34,stale_only_publication,repo-data,871214,,253111,000000000000000926ede07648a8c7bd28551c097f8758fab3dd4c1759b26f80,0000000000000007942575a38d76a1dafa96b461bb38bc180f59c74556c045fa,1376960907,19548732,3717413383,02000000fa45c05645c7590f18bc38bb61b496fadaa1768da3752594070000000000000057e5227fe2e7dc7530106fa546aff5afc095b5fa877e8ccf2b67f2c224150a2a8bc1125232875419073a93dd,03b7dc0313e4b883e5bda9e7a59ee4bb99e9b1bc5212c18cfabe6d6d6ef8edd3fca9ab636199fdcfe46ffa3170b2a100781366dd4af4af156d44bfa8040000000000000030c8c5090000000000005738,76a914c825a1ecf2a6830c4401620c3a16f1995057c2ab88ac,,stale,VALID,19548732,,,valid_direct_stale
i0coin,validated_stales,data/i0coin_validated_stales.csv,35,stale_only_publication,repo-data,875918,,254021,000000000000002bc403a91436149dc6d4be97b05b0ba7e10894f6b2a04d2122,000000000000000340d187529ce4338e625f1ce028dd6cd3f4498fcd42fa9a1b,1377355806,19415257,499394054,020000001b9afa42cd8f49f4d36cdd28e01c5f628e33e49c5287d140030000000000000016b5019fe300b6f0d52fcad697569e0d2742cf05d2eb9b89390981464d26e34f1ec81852575241190626c41d,0345e00313e4b883e5bda9e7a59ee4bb99e9b1bc5218c820fabe6d6dd03fccfd47b6ac53b29ae6e8920de926c0980f53a69575919e61bf4280a378e80400000000000000788832060000000000001cfa,76a914c825a1ecf2a6830c4401620c3a16f1995057c2ab88ac,,stale,VALID,19415257,,,valid_direct_stale
i0coin,validated_stales,data/i0coin_validated_stales.csv,36,stale_only_publication,repo-data,877207,,254209,00000000000000324e4716bf5ed7439321fefb18a01d4792db2862a2841195af,000000000000000a91a700b17d79b33ff34b7b517a9e263ae8289bc31e066f93,1377462124,19415257,3634709468,02000000936f061ec39b28e83a269e7a517b4bf33fb3797db100a7910a00000000000000ca47938a573cb4c84e1adfe923296d188e1d5f7cc209208400fdaa32511fa6786c671a5257524119dc43a5d8,0301e10313e4b883e5bda9e7a59ee4bb99e9b1bc521a676efabe6d6da135fe7fb026fb26f37f23ed5c973c8197e776ce001252472a64e41abd028837040000000000000060ce351000000000000009d4,76a914c825a1ecf2a6830c4401620c3a16f1995057c2ab88ac,,stale,VALID,19415257,,,valid_direct_stale
i0coin,validated_stales,data/i0coin_validated_stales.csv,37,stale_only_publication,repo-data,878050,,254339,00000000000000019e5de3fdd2b1b69733aec1c7381ec492e4b9be8d66cf4484,000000000000000136c3616fc55a40c3a48035e9484ad319ea1c0fe3c9fc1ed8,1377532781,19415257,1273804843,02000000d81efcc9e30f1cea19d34a48e93580a4c3405ac56f61c336010000000000000051e74385527d93d1c6ee0db2eb24b26bdbdae0ba95ab27e1156cd50e874a2bcb6d7b1b52575241192bb8ec4b,0383e10313e4b883e5bda9e7a59ee4bb99e9b1bc521b7b6ffabe6d6dd804429396a0a0005b648f1b932bfe06d4d90f910be204901325412c57cd81ac04000000000000007848d70500000000000013ab,76a914c825a1ecf2a6830c4401620c3a16f1995057c2ab88ac,,stale,VALID,19415257,,,valid_direct_stale
i0coin,validated_stales,data/i0coin_validated_stales.csv,38,stale_only_publication,repo-data,880825,,254806,000000000000002b0c442b04215b303704f36c0e8ca4ff678c43d865de1bea1a,00000000000000302d9f7d617913b83648bd05c1c89dc68d7b1f0add8ed6f4e9,1377763424,19415257,2132413458,02000000e9f4d68edd0a1f7b8dc69dc8c105bd4836b81379617d9f2d30000000000000005b7ad18fa480f866eefe4b1aba8bcf0158949a59dacf33279828e7c6c0ae72cf60001f5257524119120c1a7f,0356e30313e4b883e5bda9e7a59ee4bb99e9b1bc521f0061fabe6d6d97f2c29cc19e266435dd088d35383dcd1cc53b46e9fb1e88d210c9066f834c4c040000000000000020f369020000000000000e8f,76a914c825a1ecf2a6830c4401620c3a16f1995057c2ab88ac,,stale,VALID,19415257,,,valid_direct_stale
i0coin,validated_stales,data/i0coin_validated_stales.csv,39,stale_only_publication,repo-data,882949,,255200,0000000000000025aba391aa62d7a830f1b72fe34c596caa0c032005c7660655,0000000000000029a114818d9b2ea34a7357e600c20df5b540cfa79f94fe5d5d,1377934080,19415257,2289728284,020000005d5dfe949fa7cf40b5f50dc200e657734aa32e9b8d8114a129000000000000007e839eafa0ceac82048378fea71c7fa3916734d02a550dafad7d279438e4d0c2009b2152575241191c7b7a88,03e0e40313e4b883e5bda9e7a59ee4bb99e9b1bc52219b02fabe6d6d3361e82fec43cc967f528329a5d6f48e3d777d95c48dfe4400241c7d325f3b320400000000000000e0c03a0b000000000000c77b,76a914c825a1ecf2a6830c4401620c3a16f1995057c2ab88ac,,stale,VALID,19415257,,,valid_direct_stale
i0coin,validated_stales,data/i0coin_validated_stales.csv,40,stale_only_publication,repo-data,886218,,255882,000000000000002b4597ebd23e8ddcd97f3d730ade26148e65c390e55408eaae,0000000000000015fb78a0767cb0e0e8fe44a86b9ba892c89f5d5ccb04b73dc1,1378205108,19415257,2190359576,02000000c13db704cb5c5d9fc892a89b6ba844fee8e0b07c76a078fb15000000000000008eccb6da87ca6c48a29dafcf68a941178015ca2dc93ddebf8c21730c351c4ad6b4bd255257524119183c8e82,038ae703534f434b00002b39e97455f5522cfabe6d6d8af9f954f13064888427f043886740b985261e1d0a82ed14d0e31249e4f3a60f08000000000000002f6269747061726b696e67,76a914537c7ebc5d636725b67b1fd3cc30b4958beb124a88ac;76a9144961d42c1b826200712ee20846abe9c1ded8bf8c88ac,,stale,VALID,19415257,,,valid_direct_stale
i0coin,validated_stales,data/i0coin_validated_stales.csv,41,stale_only_publication,repo-data,898161,,257799,0000000000000029aa1f4563e72b875bf06990419f802ab9d869073516008228,0000000000000023f4514ddd81a0a915bc16d59eaf9fe9a6e0344b1aa01319a3,1379103543,1931679c,2716770899,02000000a31913a01a4b34e0a6e99faf9ed516bc15a9a081dd4d51f423000000000000000358e6042e32c86249ab949e7164a0a143132fa1e1eff2f094d36726ba931d6d377333529c67311953a2eea1,0307ef0315e4b883e5bda9e7a59ee4bb99e9b1bc52337339022afabe6d6d4fc09505bd017f2857cb281997081046de40bec2a1b77dd85b67bfff282975f104000000000000001057a4050000000000002c5e,76a914c825a1ecf2a6830c4401620c3a16f1995057c2ab88ac,,stale,VALID,1931679c,,,valid_direct_stale
i0coin,validated_stales,data/i0coin_validated_stales.csv,42,stale_only_publication,repo-data,906217,,259422,000000000000002586bafdd0588f69684ea95df931f15571e6944bfa406e5ecd,000000000000001aadd1c58e799c417046b0b4c3abcd1614bac49ffe8a2fe4f1,1379860971,19262222,3413412008,02000000f1e42f8afe9fc4ba1416cdabc3b4b04670419c798ec5d1ad1a00000000000000e1250841f05cebf32bdc7bef735fe854d7c788ac2c9ce2789150d4ff420f3791eb013f5222222619a88874cb,035ef503534f434b0000233f306b8552522cfabe6d6dbafe9ad6755e6b41693d118f4132b9e87ea1f18ef01a0ac7b336621a294680c408000000000000002f6269747061726b696e67,76a914537c7ebc5d636725b67b1fd3cc30b4958beb124a88ac;76a9144961d42c1b826200712ee20846abe9c1ded8bf8c88ac,,stale,VALID,19262222,,,valid_direct_stale
i0coin,validated_stales,data/i0coin_validated_stales.csv,43,stale_only_publication,repo-data,907599,,259749,000000000000001484b74fa986385addceceb1e2b4d74683072ce806acef6514,000000000000001dd5cad5a0fe87dc06462f39094ae8dead0bdd701ea0bd8d6f,1379989901,19262222,113305011,020000006f8dbda01e70dd0baddee84a09392f4606dc87fea0d5cad51d00000000000000fb8dd9f082533e8a889e319a524adcdf8861798cc2fb09ffd949a1d253c5b3238df9405222222619b3e5c006,03a5f60313e4b883e5bda9e7a59ee4bb99e9b1bc5240f98efabe6d6db94ce2eaf9f2338976bed0f14df0e4522e014d4d07060d0fc4dc0c373d4cf4720400000000000000f09e41070000000000000894,76a914c825a1ecf2a6830c4401620c3a16f1995057c2ab88ac,,stale,VALID,19262222,,,valid_direct_stale
i0coin,validated_stales,data/i0coin_validated_stales.csv,44,stale_only_publication,repo-data,915118,,261367,000000000000001ccfe33f9a7f555ced5cd6b9561f30e5f9f86bf492afa352cc,000000000000001adf858aef7d792ab9306f18e26b23d3ef2b9a6e9bf2d3793a,1380758486,191cdc20,4182879456,020000003a79d3f29b6e9a2befd3236be2186f30b92a797def8a85df1a00000000000000cad372b4dd5db7e96d0fb6ca09bba92ac3a454ddc2bd1b8b7794ee08b998912ad6b34c5220dc1c19e0ac51f9,03f7fc0304524cb3d8fabe6d6d6bdab3ccc77e7474b2d1dd1593098411a6d71180ab4010c34cee407c7e6e85dd0400000000000000d0388d010000000000002ef813466f722050696572636520616e64205061756c,76a91419f097e85b421a9864e6cf0620561ed2398ebf9988ac,,stale,VALID,191cdc20,,,valid_direct_stale
i0coin,validated_stales,data/i0coin_validated_stales.csv,45,stale_only_publication,repo-data,917935,,262011,000000000000000775cc6b7c3e3b2fce665773a29aa943213916dc8d90b06963,0000000000000003ed847be72d79c7adb11b9def31dabbd9e09874cdb3927c59,1381033690,191cdc20,2861218920,02000000597c92b3cd7498e0d9bbda31ef9d1bb1adc7792de77b84ed0300000000000000d617e932b17f90c9e4b47b59a4e582e952c508d4f5899a9d2f86befdc4eda406dae6505220dc1c1968bc8aaa,037bff0313e4b883e5bda9e7a59ee4bb99e9b1bc5250e6dcfabe6d6d53915f7ced05fd9a382f5b81f6d04a26458c1216922d1406b594f6f42b2e1bc4040000000000000020d350050000000000003034,76a914c825a1ecf2a6830c4401620c3a16f1995057c2ab88ac,,stale,VALID,191cdc20,,,valid_direct_stale
i0coin,validated_stales,data/i0coin_validated_stales.csv,46,stale_only_publication,repo-data,920281,,262408,000000000000000952bdf3d9b58e346e15ce83b9ff07ec9b5294701dae970a94,00000000000000035776d2a0de1d26b6dcfe4ce022f8fb2299467f75c686c918,1381247786,1916b0ca,1402037641,0200000018c986c6757f469922fbf822e04cfedcb6261ddea0d27657030000000000000027ff97e2274e1285cfd286a936a0b3ddc36e0829f63a7c79ae62af9e3532372a2a2b5452cab0161989659153,0308010413e4b883e5bda9e7a59ee4bb99e9b1bc52542b2bfabe6d6dc813109af4e371dabb8b111d4be3d048d92b85091c1bd2d393330248d80087af040000000000000078282d04000000000000113c,76a914c825a1ecf2a6830c4401620c3a16f1995057c2ab88ac,,stale,VALID,1916b0ca,,,valid_direct_stale
i0coin,validated_stales,data/i0coin_validated_stales.csv,47,stale_only_publication,repo-data,920975,,262541,000000000000000e4c4f771e9ea33f66cdc1309b5027f6f2405acc4b07585f18,0000000000000013f7be70c98ec3ab3d537c1e52bf23336f04e5b6222a478127,1381308403,1916b0ca,2333004293,020000002781472a22b6e5046f3323bf521e7c533dabc38ec970bef713000000000000000ceaf55c3482a54c3c3de488201898d4ba09bfcf0594c758274427f9e888bfaaf3175552cab0161905d20e8b,038d010404525517f5fabe6d6d4be4d1fa98dd5c6d1bbaf20b12b3c249bbf7c8b753714df3a471c6f2a813ca18040000000000000050e0f5050000000000000f2913466f722050696572636520616e64205061756c,76a91419f097e85b421a9864e6cf0620561ed2398ebf9988ac,,stale,VALID,1916b0ca,,,valid_direct_stale
i0coin,validated_stales,data/i0coin_validated_stales.csv,48,stale_only_publication,repo-data,921065,,262563,0000000000000000088ffaf39c763aa5e82103f62ce305bc62f17df580e9234c,000000000000000af1729b73b0b1c3acc15333a0c6cc317309f420654bac929f,1381316244,1916b0ca,1754106744,020000009f92ac4b6520f4097331ccc6a03353c1acc3b1b0739b72f10a000000000000003f3e55c75d67afbfd92458314914638b2d79e0dfa6a59aaaf15a41a3c16c965c94365552cab01619788b8d68,03a301040452553695fabe6d6dc2e072e12684614cdf49f26b98c8b7b787cbf51132edad1685326ccfa3326b1c0400000000000000107f67040000000000001b4c13466f722050696572636520616e64205061756c,76a91419f097e85b421a9864e6cf0620561ed2398ebf9988ac,,stale,VALID,1916b0ca,,,valid_direct_stale
i0coin,validated_stales,data/i0coin_validated_stales.csv,49,stale_only_publication,repo-data,921629,,262722,00000000000000012d66fa0c57a8459af9314c966a66fc385a1d28798ff746d6,000000000000000b752f10f77f90d863a3cb47cbe55fe0aa45fc5da8b248750a,1381398915,1916b0ca,3827956233,020000000a7548b2a85dfc45aae05fe5cb47cba363d8907ff7102f750b00000000000000af725ee7021f808ba8a54e72daf579ec53f2fb2db1cbe0108e738ce06cde1d2183795652cab0161909fa29e4,03420204e4b883e5bda9e7a59ee4bb99e9b1bc0df82751545b50c31cd1677105589630bd70b6c1cad24e29dd166d51e46b1788040000000000000090587d080000000000000068466f722050696572636520616e64205061756c,76a91419f097e85b421a9864e6cf0620561ed2398ebf9988ac,,stale,VALID,1916b0ca,,,valid_direct_stale
i0coin,validated_stales,data/i0coin_validated_stales.csv,50,stale_only_publication,repo-data,927481,,264082,00000000000000134cfa980838ea2214767299352ea3b74b083076b8f970ff0d,000000000000000ecdac45dadfa1f1470b659d054029393f45e6e289256598c9,1381921442,1916b0ca,3507518372,02000000c998652589e2e6453f392940059d650b47f1a1dfda45accd0e00000000000000c38e221d05a52ed80852427fa5aa90725b6dd4c907bed370539450723e3dc4c0a2725e52cab01619a47b10d1,0392070413e4b883e5bda9e7a59ee4bb99e9b1bc525e72a3fabe6d6d2b157d43b881c42266c3e5e1dfde04b99bf8a648dfde55731fee0a84947257860400000000000000c0980c0900000000000039d4,76a914c825a1ecf2a6830c4401620c3a16f1995057c2ab88ac,,stale,VALID,1916b0ca,,,valid_direct_stale
i0coin,validated_stales,data/i0coin_validated_stales.csv,51,stale_only_publication,repo-data,929041,,264402,000000000000000db0e1da2efa61c99436ab15a03e5a4e20b51d4749fe6e2f3a,000000000000000926e976ffa4911ff3ab7f993effc420d54d80b6c4cad922c1,1382085536,19100ab6,811552422,02000000c122d9cac4b6804dd520c4ff3e997fabf31f91a4ff76e926090000000000000056daf50e7d3d5522d1f006469737dd7d455fe9a879b84e98e83409862e5b9c73a0f36052b60a1019a64e5f30,03d2080413e4b883e5bda9e7a59ee4bb99e9b1bc5260f38efabe6d6db7fdee743f45b7f37a60ab43ce8fad5baff709f647ad9558122c0e7ecc54606f040000000000000020bc90080000000000000af3,76a914c825a1ecf2a6830c4401620c3a16f1995057c2ab88ac,,stale,VALID,19100ab6,,,valid_direct_stale
i0coin,validated_stales,data/i0coin_validated_stales.csv,52,stale_only_publication,repo-data,930574,,264752,000000000000000db2cd4b3f88a2ea37d994dae14e659026cfb29775682cd5ab,00000000000000077ae55fe8254b9fea281da6f94df54d88333a6e6db6790028,1382223329,19100ab6,2634644182,02000000280079b66d6e3a33884df54df9a61d28ea9f4b25e85fe57a070000000000000029df3c4fb00653b04417e05f6adfa0c89e7ac2e45ca8d2795370de4a3208d5bce10d6352b60a1019d67a099d,03300a04175a9cadb8eb28679888f16cee933e245783a60ad14d408d4a6faba021366a990400000000000000d0b22e8e287f00000000271a466f722050696572636520616e64205061756c,76a91419f097e85b421a9864e6cf0620561ed2398ebf9988ac,,stale,VALID,19100ab6,,,valid_direct_stale
i0coin,validated_stales,data/i0coin_validated_stales.csv,53,stale_only_publication,repo-data,947830,,268298,00000000000000049a7893d061f141f333b29425304fe6adec7c60415d2beb82,00000000000000079f09b88f78201b38bb51edbd144d63218d27b75c7d89549c,1383770075,190867f3,771500334,020000009c54897d5cb7278d21634d14bded51bb381b20788fb8099f0700000000000000d21b071730db4ce7c9e015450943682af4d8cff2c00fc765eb2f2e098377a415dba77a52f36708192e29fc2d,030a1804e1f4a2e7357517f3a7c1710b232a1422731a27c0a15dd47fe881d599905dd266040000000000000050e4fb52027f000000001e78466f722050696572636520616e64205061756c,76a91419f097e85b421a9864e6cf0620561ed2398ebf9988ac,,stale,VALID,190867f3,,,valid_direct_stale
i0coin,validated_stales,data/i0coin_validated_stales.csv,54,stale_only_publication,repo-data,950713,,268727,000000000000000863a9a10619f4cd26c2175d6ee30902f6e6e85cfcf602e687,00000000000000063654c42b97306cbdc243df827e3bc6437fdc98f6374a3a01,1384032514,190867f3,3052669994,02000000013a4a37f698dc7f43c63b7e82df43c2bd6c30972bc454360600000000000000a7c949f5bf8a2567c7d7e41e6dfbee29aa3cbe83981fc6bf1b2bc2eeb8032cea02a97e52f36708192a0cf4b5,03b71904e4b883e5bda9e7a59ee4bb99e9b1bc8ae8dc8759cfffccaa59f016bc563dd320e8d933d74308b42363d1115d5ef5270400000000000000203cd305000000000000179c4d696e65642062792075736572206a61636b6875616e67,76a914c825a1ecf2a6830c4401620c3a16f1995057c2ab88ac,,stale,VALID,190867f3,,,valid_direct_stale
i0coin,validated_stales,data/i0coin_validated_stales.csv,55,stale_only_publication,repo-data,955259,,269607,0000000000000000a223abc1e5b10662b0eea1af15fc5a01bd77bed6ad0fb4b1,00000000000000023caae7c0430e690b8098aaeb4d2b9d518f1033f9aee7d67f,1384449151,190867f3,2600026143,020000007fd6e7aef933108f519d2b4debaa98800b690e43c0e7aa3c0200000000000000554357000c8c17b06a88aa41cfe87fc667d78ed39ce0662683f5c201826e5dfe7f048552f36708191f40f99a,03271d0474d96c09af445340ff72ef7362f284d7558840115eac08d9f03782c74b144b100400000000000000d0f0a74b027f000000001fa6466f722050696572636520616e64205061756c,76a91419f097e85b421a9864e6cf0620561ed2398ebf9988ac,,stale,VALID,190867f3,,,valid_direct_stale
i0coin,validated_stales,data/i0coin_validated_stales.csv,56,stale_only_publication,repo-data,961689,,270752,00000000000000012ad03ed32dd39eecd999939e4fcf1c842b3e1649c059acd2,00000000000000055ddfbb679355f2dbc46fd8a6711df026a07e2de30ff26048,1385031028,19070bfb,4017421064,020000004860f20fe32d7ea026f01d71a6d86fc4dbf2559367bbdf5d0500000000000000d15da578153c2173c263e550af6f97afed4e5678fca584ead458ca1144b2a87774e58d52fb0b071908fb74ef,03a02104a040a1a9a34123e2d0a8fe4fc4d534991d1bf1ceae193d8f1c5c21ea8b064bdd040000000000000010cb060a0000000000003a56466f722050696572636520616e64205061756c,76a91419f097e85b421a9864e6cf0620561ed2398ebf9988ac,,stale,VALID,19070bfb,,,valid_direct_stale
i0coin,validated_stales,data/i0coin_validated_stales.csv,57,stale_only_publication,repo-data,966892,,271665,000000000000000648f10ea7d68a4a984d6335907c44114e84b34f4603353d6d,000000000000000261e079fa8b5357b409a6fecaa2b72263e9f0b6b1aaa31b3b,1385501327,19070bfb,4197165394,020000003b1ba3aab1b6f0e96322b7a2cafea609b457538bfa79e06102000000000000003921d17a0b3dde1ba3d9beeb43586832c29c249697d7bca9b4069873ca1119cd8f129552fb0b071952a92bfa,03312504e4b883e5bda9e7a59ee4bb99e9b1bc2d3e8c77b9d4960c3f48bfb5f09f07c8990392b28a4e5577a2ddccc17a38fa380400000000000000986916040000000000001e354d696e6564206279207573657220736d64786863,76a914c825a1ecf2a6830c4401620c3a16f1995057c2ab88ac,,stale,VALID,19070bfb,,,valid_direct_stale
i0coin,validated_stales,data/i0coin_validated_stales.csv,58,stale_only_publication,repo-data,969792,,272189,0000000000000000330d63457ce2b78fed3ac6acb5ef76bcb1b459484fba26ba,0000000000000004d0b70597f913509065e472655178f52609dcd0e755d66eb4,1385761334,19061242,3531453083,02000000b46ed655e7d0dc0926f578516572e465905013f99705b7d004000000000000007e3be3cf5fa53403ccd9b3cc5eab620a6fa955bd263064e808364471426c749c360a9952421206199bb27dd2,033d2704da0ec542f73103976f865e6506dc7932dfe2249894622a3f0c22a20992e65774040000000000000010e3662fbe7f000000000f86466f722050696572636520616e64205061756c,76a91419f097e85b421a9864e6cf0620561ed2398ebf9988ac,,stale,VALID,19061242,,,valid_direct_stale
i0coin,validated_stales,data/i0coin_validated_stales.csv,59,stale_only_publication,repo-data,973760,,272936,000000000000000033571c0d48742ec2adb834422bdfc17137819f085bec3f2b,000000000000000201e94258b190c639e12691ce374e435bfeffde45c3daca37,1386116203,19061242,488212499,0200000037cadac345defffe5b434e37ce9126e139c690b15842e901020000000000000007145b295bed4d3d1e7351b3113f6f6b9d357d03ab8782b6241840d746ca56216b749e52421206191388191d,03282a044c8d1a24d68cd33e58d2918fdfdfdce16cb105038218f1d94592b2b9bfa7f0be0400000000000000d0af4afc8e7f0000000020f2466f722050696572636520616e64205061756c,76a91419f097e85b421a9864e6cf0620561ed2398ebf9988ac,,stale,VALID,19061242,,,valid_direct_stale
i0coin,validated_stales,data/i0coin_validated_stales.csv,60,stale_only_publication,repo-data,979963,,274147,000000000000000273043f0ff5a0a68ccb5002bbede2a8e97d897cfffe16e4f3,0000000000000001d7763d6f273006b0b429a5865f159557457606f28912f90d,1386669247,19061242,3200022341,020000000df91289f20676455795155f86a529b4b00630276f3d76d70100000000000000d2884c578dbbbd22e541c9def1ed54bd1511fecb4f85799584afbe7083152032bfe4a652421206194577bcbe,03e32e04e4b883e5bda9e7a59ee4bb99e9b1bcc0b0263b05088a710e63b2d1dac1e34c4f7d4bf4bdf5969abbe5ad7226390e6c040000000000000050902927000000000000091b4d696e6564206279207573657220663138363635323034363138,76a914c825a1ecf2a6830c4401620c3a16f1995057c2ab88ac,,stale,VALID,19061242,,,valid_direct_stale
i0coin,validated_stales,data/i0coin_validated_stales.csv,61,stale_only_publication,repo-data,982935,,274671,000000000000000082e171d0e55a49ac659db08b2147d2f721e31f971c351e50,00000000000000013df5d2775455321af748848a8b48de68793bc07b74d4b08e,1386941238,1904ba6e,367190429,020000008eb0d4747bc03b7968de488b8a8448f71a32555477d2f53d0100000000000000c6edb1a7f0f8953ded8723821089ebf5c2ae03e6265d8672a9d0a5b1ab8782c9360bab526eba04199de1e215,03ef3004e4b883e5bda9e7a59ee4bb99e9b1bc500eb9b440ee689e1e4939922d4409335ab339837e2d8f300d2a5088d0078465040000000000000020a39805167f00000000007b4d696e6564206279207573657220626f773139383030,76a914c825a1ecf2a6830c4401620c3a16f1995057c2ab88ac,,stale,VALID,1904ba6e,,,valid_direct_stale
i0coin,validated_stales,data/i0coin_validated_stales.csv,62,stale_only_publication,repo-data,983165,,274706,000000000000000184beced8e1f69bce59fe0605b9334eb14c600d34c8c8d81f,000000000000000029cf693ce31eff9303204c543cb7aad901178817af7c5db9,1386962119,1904ba6e,2588773275,02000000b95d7caf17881701d9aab73c544c200393ff1ee33c69cf290000000000000000ad49f7d63e1a4009f9ab9f7a032ea1e80512dd94596af5cf2b63326f7ea034f3c75cab526eba04199b8b4d9a,03123104e4b883e5bda9e7a59ee4bb99e9b1bc2bcde2eae15c4f54dd1cb346a5ed06a0c42253ba217c31b7a306dc717b6b99ca04000000000000003078dbfbb37f0000000043344d696e65642062792075736572207765736869,76a914c825a1ecf2a6830c4401620c3a16f1995057c2ab88ac,,stale,VALID,1904ba6e,,,valid_direct_stale
i0coin,validated_stales,data/i0coin_validated_stales.csv,63,stale_only_publication,repo-data,983375,,274744,0000000000000004a555c0a9649c6ba036dc2cb3b4009cfa3f2acf42a2f48d0c,000000000000000278d3aa478e69e2cb63ca566a8eeca0d6242877f1de422628,1386979714,1904ba6e,1585469335,02000000282642def1772824d6a0ec8e6a56ca63cbe2698e47aad3780200000000000000a093b50c3a522477fb904d99ebfc5dbe825c76da2e29c2bc0c862402854ad64a82a1ab526eba04199757805e,03383104e4b883e5bda9e7a59ee4bb99e9b1bce7653246f3658c513cdbf13acda9135b844300fc7e2cd062a4d9be67f7bcc2790400000000000000a0473b17000000000000008b4d696e6564206279207573657220796b646a77,76a914c825a1ecf2a6830c4401620c3a16f1995057c2ab88ac,,stale,VALID,1904ba6e,,,valid_direct_stale
i0coin,validated_stales,data/i0coin_validated_stales.csv,64,stale_only_publication,repo-data,994130,,276821,0000000000000003707bbfed5173b020fbab4970ea98b79d788bfc0c6bd428d2,0000000000000001f356adc6b29ab42b59f913a396e170f80190dba615bd1e60,1387943912,1903a30c,3969036186,02000000601ebd15a6db9001f870e196a313f9592bb49ab2c6ad56f30100000000000000d126928be4a77da3d3d9277f1cf4aac64ecf01818f97fc0c5cf80e4070e5bc5ce857ba520ca303199aaf92ec,03553904e4b883e5bda9e7a59ee4bb99e9b1bcc9166209c0b0e948aae7b58926490f112e6158ac2ae62b284109ae3b4189917c040000000000000060d5ba2800000d000000b79d4d696e656420627920757365722061696e69323230313133,76a914c825a1ecf2a6830c4401620c3a16f1995057c2ab88ac,,stale,VALID,1903a30c,,,valid_direct_stale
i0coin,validated_stales,data/i0coin_validated_stales.csv,65,stale_only_publication,repo-data,998353,,277548,0000000000000002d669e5a37defb89f48e2c2f93f8761f09f060914a65ce3a8,00000000000000017ec23b7d7e149070747d2614ea449f2370684a2e79894b03,1388319267,1903a30c,2638987498,02000000034b89792e4a6870239f44ea14267d747090147e7d3bc27e0100000000000000fab25448de291d389e7e4824888f6a42d9073d0e18669de5b76f7888dba1c49d2312c0520ca30319eac04b9d,032c3c04e4b883e5bda9e7a59ee4bb99e9b1bc8ca3f099a647fbf47fccf6950c17a8462b3672f47b1d8b618f6a044d76b71b64040000000000000040edac53f67f0f000000343a4d696e656420627920757365722077616e7869616f686f6e67,76a914c825a1ecf2a6830c4401620c3a16f1995057c2ab88ac,,stale,VALID,1903a30c,,,valid_direct_stale
i0coin,validated_stales,data/i0coin_validated_stales.csv,66,stale_only_publication,repo-data,998623,,277595,000000000000000370f501bad48cdfb6a6713b9d51f692c5dbc90039a9d278e5,00000000000000010c9d451f5a48f4d733b556a240d31ac226db2637f496be0a,1388342997,1903a30c,1290749339,020000000abe96f43726db26c21ad340a256b533d7f4485a1f459d0c0100000000000000d43ba4b27e9a1613233be30b90bbdacefea0d516466502f10733a2695c915333d56ec0520ca303199b45ef4c,035b3c04e4b883e5bda9e7a59ee4bb99e9b1bc95064db29659df3693777dd6e23402a1c1fd56d607b4fec3f13dc28844c4cde00400000000000000f88c669e00000b00000000434d696e65642062792075736572207870313233,76a914c825a1ecf2a6830c4401620c3a16f1995057c2ab88ac,,stale,VALID,1903a30c,,,valid_direct_stale
i0coin,validated_stales,data/i0coin_validated_stales.csv,67,stale_only_publication,repo-data,1005087,,278728,0000000000000000bdd8c1143780f52acc118385aa304813188f0a500bf11454,00000000000000003a329fe533b4bfe9558d15df710a4e4b70af3c5feecf2d34,1388919103,1903071f,1783607633,02000000342dcfee5f3caf704b4e0a71df158d55e9bfb433e59f323a0000000000000000d91d73b65253817a29979047769f338ad6067aaa13f6735e58b656d60ee3cd6f3f39c9521f07031951b14f6a,03c84004e4b883e5bda9e7a59ee4bb99e9b1bc5519b7eaa8fef37bb51f55b946f8a22c3261b8818c65e76abedb9c28429c3b89040000000000000000bbbc100000080000000cdb4d696e65642062792075736572206c696e6b32303036,76a914c825a1ecf2a6830c4401620c3a16f1995057c2ab88ac,,stale,VALID,1903071f,,,valid_direct_stale
i0coin,validated_stales,data/i0coin_validated_stales.csv,68,stale_only_publication,repo-data,1006583,,279015,0000000000000000c7a2966df511ce7de19c5e7ba1575c63f4905cce4f4f2cdc,0000000000000001f2e29ecc811b8f595a490ec895731f8bbf2ba9c3772cf581,1389051255,1903071f,3317271605,0200000081f52c77c3a92bbf8b1f7395c80e495a598f1b81cc9ee2f201000000000000004f8cf3a1d49685e9508dd4ba990941f82c9d1e0bec3e82ca1fd43f6abb6d7087773dcb521f070319358cb9c5,03e74104e4b883e5bda9e7a59ee4bb99e9b1bcc1c2578bf9750dc6b43b7fa27ab2201e0b7f76b7ed35ccd61f22cee8aa366e210400000000000000404d3a4300000f00000000924d696e65642062792075736572207a756e31393834363236,76a914c825a1ecf2a6830c4401620c3a16f1995057c2ab88ac,,stale,VALID,1903071f,,,valid_direct_stale
i0coin,validated_stales,data/i0coin_validated_stales.csv,69,stale_only_publication,repo-data,1010359,,279764,00000000000000020526ed2b2d9158a61fd508bf35be3cbff87f2f444973ab14,00000000000000007aaf221a0c39ab95da2e5b3dc5fa7787ce73a19d77579f60,1389390368,1903071f,1030996731,02000000609f57779da173ce8777fac53d5b2eda95ab390c1a22af7a000000000000000082e4c31f16b0567ea71361575afe9642f432e3ce7b79dd07118f0333a4cdd56e206ad0521f070319fbc2733d,03d44404e4b883e5bda9e7a59ee4bb99e9b1bc6a402ab559e8462bba7cc14f22cfebaa2cc9019967c9d90712a208ee79f98846040000000000000010d78bb46a7f0700000046cd4d696e65642062792075736572206a6168756162746332303134,76a914c825a1ecf2a6830c4401620c3a16f1995057c2ab88ac,,stale,VALID,1903071f,,,valid_direct_stale
i0coin,validated_stales,data/i0coin_validated_stales.csv,70,stale_only_publication,repo-data,1011517,,280012,00000000000000002299e21538b221248f62cc3565b6616043241dca752d127c,00000000000000006de6aa76607e970b0e846b57d49a456de7fb99ce82622905,1389494897,1903071f,1580025349,0200000005296282ce99fbe76d459ad4576b840e0b977e6076aae66d0000000000000000611697d1e78afa2b15295ee41944dd6782c9da688146466c96af622f34e3fcb37102d2521f07031905462d5e,03cc4504534f434b26c6020008f0b638522cfabe6d6d89151517f91d26e94c75e4c51c96d9e37622f6d8d9c32f4bbb2f109c6652760608000000000000002f6269747061726b696e67,76a914005b907e0ac5fa2c1b4cd45c7f3dfcf8628cbd4488ac;76a914bfcc2363bec1873cafe0d2666272df246d2177e988ac;76a914d17fa0b65692028892d676e6c71946b038496cd988ac,,stale,VALID,1903071f,,,valid_direct_stale
i0coin,validated_stales,data/i0coin_validated_stales.csv,71,stale_only_publication,repo-data,1014547,,280562,0000000000000001274c36f80da51ca016c44c368368fb5129e94e6fbb21e1e3,0000000000000000f746c739d4252ac46cbeb765856ae839089aa8ab82851dd4,1389764863,19026666,599424911,02000000d41d8582aba89a0839e86a8565b7be6cc42a25d439c746f7000000000000000061b85c166428e58345cd0415c08d9a26f5e8055415a877b0efb7331f547ef0eeff20d652666602198f7fba23,03f24704e4b883e5bda9e7a59ee4bb99e9b1bc5bfd49347969d8fe9ad403aaa9bcc9bb3bd357b99950a27fd944507017e696070400000000000000d8429df8107f070000007b094d696e65642062792075736572207a756e31393834363236,76a914c825a1ecf2a6830c4401620c3a16f1995057c2ab88ac,,stale,VALID,19026666,,,valid_direct_stale
i0coin,validated_stales,data/i0coin_validated_stales.csv,72,stale_only_publication,repo-data,1014575,,280567,0000000000000000cb14aa4c3fdd204790e56a9a5d8c7ba3fc84a4fa945fcceb,0000000000000001a08e248868eb9d0d73846b2dd71183a22c5f9c2c7343a1c5,1389767684,19026666,3567987888,02000000c5a143732c9c5f2ca28311d72d6b84730d9deb6888248ea001000000000000002265d2e5387054c03115e5375ca09713d144945db650226d6c659e2a44a27d8d042cd65266660219b02cabd4,03f74704e4b883e5bda9e7a59ee4bb99e9b1bc7084f1f33450cc80168ee66fceeeb36aabe7e13c90189b18128c45f05d4eab130400000000000000489ba5ad6d7f0600000007c04d696e6564206279207573657220687a6738313731,76a914c825a1ecf2a6830c4401620c3a16f1995057c2ab88ac,,stale,VALID,19026666,,,valid_direct_stale
i0coin,validated_stales,data/i0coin_validated_stales.csv,73,stale_only_publication,repo-data,1018772,,281334,0000000000000001c76995c3416fdb3dcf5c9b85b0ff18f60eea9d3ccb3f59e1,000000000000000073d75132397416480e17fe3a7f141c8ddd3adcd9736ebb1b,1390144265,19026666,1409606800,020000001bbb6e73d9dc3add8d1c147f3afe170e481674393251d7730000000000000000c09032b4760ad5b9820fafc265bccbbef98354f59b526327d79b0c5fb87db84209ebdb526666021990e40454,03f64a0467c64e1b4f4f5c7dea603edac1d4126bffd6d59064d5cb30b61467d63c9803810400000000000000502d7812777f020000001812466f722050696572636520616e64205061756c,76a91419f097e85b421a9864e6cf0620561ed2398ebf9988ac,,stale,VALID,19026666,,,valid_direct_stale
i0coin,validated_stales,data/i0coin_validated_stales.csv,74,stale_only_publication,repo-data,1024086,,282325,00000000000000011ec4412adbd5990b8e286aa9150b55af3252a9f249812ac7,00000000000000014670d1e5227fa74d6cc64ac3ba6a9ee3ffc69ef026c20b16,1390617846,1901f52c,577233707,02000000160bc226f09ec6ffe39e6abac34ac66c4da77f22e5d1704601000000000000006bb03a0252d94e0ed53766ac87078e321864db4afb957ed3da20f0d8fc6030cdf624e3522cf501192be36722,03d54e04e4b883e5bda9e7a59ee4bb99e9b1bcba85e7b196ad9ad19d09734bcd94a3640ff5813e4be19f8ccc29ab1a2b45a0e10400000000000000f84c9c310000090000008f594d696e65642062792075736572206861686168616f686169,76a914c825a1ecf2a6830c4401620c3a16f1995057c2ab88ac,,stale,VALID,1901f52c,,,valid_direct_stale
i0coin,validated_stales,data/i0coin_validated_stales.csv,75,stale_only_publication,repo-data,1027880,,282967,000000000000000106a20173094612d98a452b0b4e6556ad170c4bce3610ee58,00000000000000019962d97434aa9baddaa586159588428279c72286c9f25e8e,1390960398,1901f52c,2677636975,020000008e5ef2c98622c779824288951586a5daad9baa3474d962990100000000000000a70cd0ba84bbc243077b44d9ec8feed1e3fe2e60e91856b3b74daf6c5c3c10620e5fe8522cf501196f7f999f,03575104e4b883e5bda9e7a59ee4bb99e9b1bc71d7c358a9c60a054dc2b2fe51f16e03f08d35aa609eea2e6564b601fa2cd0070400000000000000807f6fdd2a7f04000000100b4d696e65642062792075736572206c69616e67736869797565,76a914c825a1ecf2a6830c4401620c3a16f1995057c2ab88ac,,stale,VALID,1901f52c,,,valid_direct_stale
i0coin,validated_stales,data/i0coin_validated_stales.csv,76,stale_only_publication,repo-data,1030025,,283342,0000000000000001cfcd4644d9b9b28ec8675a6e5cd0c4e31b2eb5c7f94bd1eb,0000000000000001ace3e797c04de59d88489731fd743a9dbfe246756871fe2a,1391155857,1901f52c,1234770244,020000002afe71687546e2bf9d3a74fd319748889de54dc097e7e3ac010000000000000015730b349bb6764aafc4933cd095ead0e95179c6b6984a4e6aa56b2e48f09cbb915aeb522cf5011944199949,03ce5204e4b883e5bda9e7a59ee4bb99e9b1bc1bff3b75c3cfe812c6a815824f8d41821ac5398b1e0fc147ab8a6d83b21dc7560400000000000000f08ed25e00000500000032754d696e65642062792075736572206d69616f687569,76a914c825a1ecf2a6830c4401620c3a16f1995057c2ab88ac,,stale,VALID,1901f52c,,,valid_direct_stale
i0coin,validated_stales,data/i0coin_validated_stales.csv,77,stale_only_publication,repo-data,1039670,,285090,000000000000000189b367a7b94f837e9a8575c45b9e5c906c0ead98264c8ee0,00000000000000007bd683058bdc36bc83492d0822c1239c1a1a6e305a06699a,1392032993,1901a36e,4279227112,020000009a69065a306e1a1a9c23c122082d4983bc36dc8b0583d67b0000000000000000a45082f75b2c31bf3cb01f0371613b62275cc77907709b62530dfe36a3260099e1bcf8526ea30119e8d20fff,03a25904e4b883e5bda9e7a59ee4bb99e9b1bcfabe6d6d29c5ac80c245020977d3be4fdaffcf8d3afb4956b7399e61cd520a0dc8e1148e080000000000000000d2a25000000c00000045104d696e65642062792065656677656e6e79,76a914c825a1ecf2a6830c4401620c3a16f1995057c2ab88ac,,stale,VALID,1901a36e,,,valid_direct_stale
i0coin,validated_stales,data/i0coin_validated_stales.csv,78,stale_only_publication,repo-data,1039829,,285130,000000000000000125976d8cae1224afb0f85b9790257032e1dd0fdc1df1357b,0000000000000000ca938692058d88810a32ba741cac193a60962d48df95a549,1392047307,1901a36e,3861042955,0200000049a595df482d96603a19ac1c74ba320a81888d05928693ca000000000000000024e1794d3453c051161ec6ed221f9d301843e6b74ba7f7e1765130a3962d8693cbf4f8526ea301190bd722e6,03ca5904e4b883e5bda9e7a59ee4bb99e9b1bcfabe6d6d882e95bd43e23e8268dceeaa5a4607bfaa9d011935baec81b3666aef38c2378e080000000000000020d3a31600000d00000001274d696e65642062792068656368616f646138383939,76a914c825a1ecf2a6830c4401620c3a16f1995057c2ab88ac,,stale,VALID,1901a36e,,,valid_direct_stale
i0coin,validated_stales,data/i0coin_validated_stales.csv,79,stale_only_publication,repo-data,1043544,,285818,0000000000000000f61d8b36a8642e573a81248e5d72fb479d80e14ff723c77b,0000000000000000f9b2663a59dba9cb162b5c5af9b8e6eff75da99fc5d16c22,1392390538,1901a36e,2024945988,02000000226cd1c59fa95df7efe6b8f95a5c2b16cba9db593a66b2f9000000000000000063c7fbf56b19901e88f1cceb48b2490748922e87cc1a5f4b6fa401399cec5c838a31fe526ea301194439b278,037a5c04e4b883e5bda9e7a59ee4bb99e9b1bcfabe6d6d69dc09f3759c2f7c5a77e972cbe97b4da4aac38e6f9ecd1691e0cf5a244c299508000000000000003f15fa6600006ab94d696e65642062792062697435636f696e,76a914c825a1ecf2a6830c4401620c3a16f1995057c2ab88ac,,stale,VALID,1901a36e,,,valid_direct_stale
i0coin,validated_stales,data/i0coin_validated_stales.csv,80,stale_only_publication,repo-data,1043781,,285869,000000000000000132aaee801041431fa3ac66e61a5ffe240b08a25f32b863dd,000000000000000080fda0d11076f87896f31316261f882d13eae6a949845519,1392411945,1901a36e,867596807,0200000019558449a9e6ea132d881f261613f39678f87610d1a0fd800000000000000000edb4924a898c29ac9e7d57de1cdc4944576ec316f1e6bd4d1c696a12471512fe2985fe526ea30119077ab633,03ad5c04e4b883e5bda9e7a59ee4bb99e9b1bcfabe6d6df43f1fa6c771658caa14990e6da1964e50d9474ac295be691cce59098d809153080000000000000017ff4bac000001244d696e65642062792077616e676861696c6f6e67,76a914c825a1ecf2a6830c4401620c3a16f1995057c2ab88ac,,stale,VALID,1901a36e,,,valid_direct_stale
i0coin,validated_stales,data/i0coin_validated_stales.csv,81,stale_only_publication,repo-data,1045992,,286299,00000000000000000114468c1ca7d0a4fba19ba0f7f9e87e9841374e31d7cfcc,00000000000000015d3d9b5d102155811614b190ccb143cf77873da1d7606f9b,1392610121,19015f53,3744136136,020000009b6f60d7a13d8777cf43b1cc90b11416815521105d9b3d5d0100000000000000c26b725cf5cdfca6909705fbe08c30f70e21add535e83e36ad7ea1e1a328002d498b0153535f0119c8fb2adf,035b5e04e4b883e5bda9e7a59ee4bb99e9b1bcfabe6d6d42465c4384c0403f8a5fa130693353476d3c1ae16e8df09297a6fcce3e62c2e40800000000000000aa84a34300003bf64d696e65642062792073757065726c7463776f726b6572,76a914c825a1ecf2a6830c4401620c3a16f1995057c2ab88ac,,stale,VALID,19015f53,,,valid_direct_stale
i0coin,validated_stales,data/i0coin_validated_stales.csv,82,stale_only_publication,repo-data,1046452,,286371,0000000000000000abc0aab5990a06dcd313cfa60589edcfb4f4858388dcfe0c,0000000000000000bfba95ff20dc5abc6b03fb2d0763d9910943c562fe95012a,1392653448,19015f53,2631494505,020000002a0195fe62c5430991d963072dfb036bbc5adc20ff95babf0000000000000000a1a594823fd502facbfe3c5bdd5c947cffa9367440105b2597b3ed8feeb7222b88340253535f0119696bd99c,03a35e04e4b883e5bda9e7a59ee4bb99e9b1bcfabe6d6dea60f509a875d617f0458f9de098f7a32f96f7d8e65f1e0c66829e54dc0f8ae60800000000000000cfb6c6a40000100b4d696e6564206279207673646a7673656131,76a914c825a1ecf2a6830c4401620c3a16f1995057c2ab88ac,,stale,VALID,19015f53,,,valid_direct_stale
i0coin,validated_stales,data/i0coin_validated_stales.csv,83,stale_only_publication,repo-data,1051906,,287353,000000000000000026bc9230a1e7c23787bf0b0a525b9fb1706c5fbd21bcf5e8,00000000000000003128aec80755ff8eac6687f4342fa2b07bd9544188f5b606,1393144007,19015f53,1235812435,0200000006b6f5884154d97bb0a22f34f48766ac8eff5507c8ae283100000000000000009a8657b1004ecd30beab74897da3aa22f42f71de7e6121c0b93570bb33359223c7b00953535f01195300a949,03796204e4b883e5bda9e7a59ee4bb99e9b1bcfabe6d6d2904d7c3e0a258832b82f77b0d7182c8959acdfead86aadbdb64cec513137efd080000000000000015b07bff700000004d696e6564206279206c616f77756b75616e67676f6e67,76a914c825a1ecf2a6830c4401620c3a16f1995057c2ab88ac,,stale,VALID,19015f53,,,valid_direct_stale
i0coin,validated_stales,data/i0coin_validated_stales.csv,84,stale_only_publication,repo-data,1052424,,287443,00000000000000006cb09a541723399a86bc36a3ffe1624a128d88703ceb0cf6,00000000000000001142365fc27f51b079d1ca0c177d26b34ade59034839fb56,1393190980,19015f53,2375590135,0200000056fb39480359de4ab3267d170ccad179b0517fc25f364211000000000000000014a0735167ee03d4a9afff7a1434b98f3fe820a0116d50e7eef9b3208465915544680a53535f0119f7a0988d,03d36204e4b883e5bda9e7a59ee4bb99e9b1bcfabe6d6d14cadcae8b263ac1a2aea19b8c8cc992041ff84afa7ab11e3f6fd46bf2b453c608000000000000008bd9eae7000000324d696e6564206279207a616f62696368616e67,76a914c825a1ecf2a6830c4401620c3a16f1995057c2ab88ac,,stale,VALID,19015f53,,,valid_direct_stale
i0coin,validated_stales,data/i0coin_validated_stales.csv,85,stale_only_publication,repo-data,1052497,,287459,000000000000000124308a2000694ed138acfd238501d840ee7025109e4c0b54,0000000000000000d806b1a742b87a5e8eaaee29afa81228d1149a4a3100eb8e,1393198410,19015f53,2557406018,020000008eeb00314a9a14d12812a8af29eeaa8e5e7ab842a7b106d8000000000000000096dde7ca85e08c422b1aff1a491b2c90b1f11b4a7bcdf01b52506f35898907244a850a53535f011942eb6e98,03e36204e4b883e5bda9e7a59ee4bb99e9b1bcfabe6d6d81a8995b37be2a309a3f4abc717c4b7fd5303eb3bdd6208a2e546cb1644a3acc08000000000000008372648a00000a5c4d696e6564206279206c697869616f71,76a914c825a1ecf2a6830c4401620c3a16f1995057c2ab88ac,,stale,VALID,19015f53,,,valid_direct_stale
i0coin,validated_stales,data/i0coin_validated_stales.csv,86,stale_only_publication,repo-data,1053848,,287728,00000000000000001e64d45c02bea16fd65e9633b7036d48721ccc974f5af2b8,0000000000000001058d82ff10304a1612b5bdace7cd1c5a0880778387ccfbc7,1393322895,19015f53,3833249601,02000000c7fbcc87837780085a1ccde7acbdb512164a3010ff828d0501000000000000008ed8e590ef9253c438f2229d2d980565b526c4c9e0fb5c20bb0589ddb51983e48f6b0c53535f011941bf7ae4,03f06304e4b883e5bda9e7a59ee4bb99e9b1bcfabe6d6d5e694f7dcaf098a31957771eaaf7e7767878146b99f813269d0aa6af1ef02e740800000000000000523ee515000001154d696e656420627920737a7a68383838393939,76a914c825a1ecf2a6830c4401620c3a16f1995057c2ab88ac,,stale,VALID,19015f53,,,valid_direct_stale
i0coin,validated_stales,data/i0coin_validated_stales.csv,87,stale_only_publication,repo-data,1055702,,288064,00000000000000013b382f4dbe4aa4284de70311467860ab31245223856ac159,000000000000000018ec387a7e79fbacdf875382b4ed1574a4630ef357e8509b,1393488320,19015f53,2697110754,020000009b50e857f30e63a47415edb4825387dfacfb797e7a38ec1800000000000000005fe1b87c511b3ef96e6098f3de4637b2473ebf9c30af77e7e21703b0d5030af0c0f10e53535f0119e2a4c2a0,03406504e4b883e5bda9e7a59ee4bb99e9b1bcfabe6d6d437b4a48724d8a0ec281daa5f0cb33732d47190acac4e44179641bb40304fc2d0800000000000000fde712b900007c184d696e6564206279206632706f6f6c79636a756e,76a914c825a1ecf2a6830c4401620c3a16f1995057c2ab88ac,,stale,VALID,19015f53,,,valid_direct_stale
i0coin,validated_stales,data/i0coin_validated_stales.csv,88,stale_only_publication,repo-data,1067199,,290000,0000000000000000e2c6f3b07de737386c0692c58b5ee1c3620cd121607fb736,0000000000000000417e85b03b5c8e973ccf3c88359512b43d22c49501041eb6,1394526503,19012026,1205964640,02000000b61e040195c4223db4129535883ccf3c978e5c3bb0857e410000000000000000f2e21ee604317e1585499e48ffc92fdc0ff3792247b60b1db45ba599a4c299a427c91e5326200119608fe147,03d06c04e4b883e5bda9e7a59ee4bb99e9b1bcfabe6d6db65b9ae6284e06258bd1f074839bae51480f9e0bb998c03c53e60e1d27ec1dd70800000000000000d81c9519fc7e00004d696e6564206279206a7477616b,76a914c825a1ecf2a6830c4401620c3a16f1995057c2ab88ac,,stale,VALID,19012026,,,valid_direct_stale
i0coin,validated_stales,data/i0coin_validated_stales.csv,89,stale_only_publication,repo-data,1080791,,292405,0000000000000000d7601b93cbeffd1d6e39da19e8234bb4ed8f4502c8d81cf7,000000000000000070eb5fc12e30608c63213e9edb025e0deef07b99c7e52d78,1395751914,1900db99,4068103592,02000000782de5c7997bf0ee0d5e02db9e3e21638c60302ec15feb7000000000000000002ab62d7de91e4144c6f94c10c507cc37c0b33dbfa6bcc2013231d0f81efeec82ea7b315399db0019a8557af2,03357604e4b883e5bda9e7a59ee4bb99e9b1bcfabe6d6d527b84707fbe6b81f77d466b3bdeca8250c1d6230a197c599da48527836268da0800000000000000fd42ae4a1d1a00004d696e656420627920746d64626b69,76a914c825a1ecf2a6830c4401620c3a16f1995057c2ab88ac,,stale,VALID,1900db99,,,valid_direct_stale
i0coin,validated_stales,data/i0coin_validated_stales.csv,90,stale_only_publication,repo-data,1085753,,293251,0000000000000000b7f579d8a72839494a197c897bb6b8c77d5afe77d9f41c71,00000000000000004be35beb7396844cc698d6417e00d30ee3d7a164578d8587,1396195284,1900db99,2409499955,0200000087858d5764a1d7e30ed3007e41d698c64c849673eb5be34b0000000000000000cec909ed9fbcc289cf10736e4661be5dff50e7f50dc29063e295b286b64fd03bd43f385399db0019330d9e8f,03837904e4b883e5bda9e7a59ee4bb99e9b1bcfabe6d6d62359367742d4e16647bf73d32b2cb973ad5befdbabd57299463cd4236e1eee10800000000000000067a2741000064d44d696e656420627920796a74627463,76a914c825a1ecf2a6830c4401620c3a16f1995057c2ab88ac,,stale,VALID,1900db99,,,valid_direct_stale
i0coin,validated_stales,data/i0coin_validated_stales.csv,91,stale_only_publication,repo-data,1088185,,293684,00000000000000004e086956d305d0f22f1cfbd97cc5953792421d088231f442,0000000000000000749c9230cdca5ffe37cfae6500b69bb88f72698ee9180665,1396416333,1900db99,2394515820,02000000650618e98e69728fb89bb60065aecf37fe5fcacd30929c74000000000000000037919d294dad6822686fe647392e9c8f30c3b5aaf9b0fce160b7b3a0bb77403e4d9f3b5399db00196c69b98e,03347b04e4b883e5bda9e7a59ee4bb99e9b1bcfabe6d6d10786ca2e730352bdf9ee238e4d34957101bbd29a3c29c8be26f491bd72848d50800000000000000baaf5cf5074300004d696e6564206279207a68616e677869616e6675,76a914c825a1ecf2a6830c4401620c3a16f1995057c2ab88ac,,stale,VALID,1900db99,,,valid_direct_stale
i0coin,validated_stales,data/i0coin_validated_stales.csv,92,stale_only_publication,repo-data,1089657,,294003,00000000000000002d968f98996f40b11db1b2409be709b332fb3c08bd48028f,0000000000000000af3e9d9855420044791e5c7255a3fe88d3d05c1f47cc6f00,1396548352,1900db99,3588166476,02000000006fcc471f5cd0d388fea355725c1e7944004255989d3eaf00000000000000008770e1529056b22ee0080df02b919ae01f2befa804f93b2090353c61b8ce4e0d00a33d5399db00194c13dfd5,03737c04e4b883e5bda9e7a59ee4bb99e9b1bcfabe6d6d8ea9f4e12791ad99dcf46c3c46ae0c386cad3277d623afdf29373183e313f6660800000000000000bdeda6a63eac01004d696e65642062792061646d696e6c746331,76a914c825a1ecf2a6830c4401620c3a16f1995057c2ab88ac,,stale,VALID,1900db99,,,valid_direct_stale
i0coin,validated_stales,data/i0coin_validated_stales.csv,93,stale_only_publication,repo-data,1090955,,294275,00000000000000007c6f67a470de29ce2a93928b426d5ff1dec96d66706b3be4,00000000000000006ef2a627744c70cd80639c6a49f8462f9ae079d910a6b800,1396664281,1900db99,1290874594,0200000000b8a610d979e09a2f46f8496a9c6380cd704c7427a6f26e00000000000000002d83da30103435a9bc08b06023954bd926d71f44362203ab5ade15524bd9f44ad9673f5399db0019e22ef14c,03837d04e4b883e5bda9e7a59ee4bb99e9b1bcfabe6d6da981d13cfb32a5db42bd467e12d3014027904534995db24ee7da5c48af914b9b08000000000000009fdf2da88a3000004d696e6564206279206368656e6771696e6766656e67,76a914c825a1ecf2a6830c4401620c3a16f1995057c2ab88ac,,stale,VALID,1900db99,,,valid_direct_stale
i0coin,validated_stales,data/i0coin_validated_stales.csv,94,stale_only_publication,repo-data,1096146,,295112,00000000000000000adcc73e8c62f817aa7b896ff21d48c36fd529701b741d5b,00000000000000001b1f0b0dc2bc0229f23880af06a12a1ae5224fec7cd753eb,1397134223,1900b3aa,2315181449,02000000eb53d77cec4f22e51a2aa106af8038f22902bcc20d0b1f1b0000000000000000c8a8f8cfa076334775b10a602b72e2534d817466c82fa82d19cb6a83e479c5498f934653aab3001989ddfe89,03c88004e4b883e5bda9e7a59ee4bb99e9b1bcfabe6d6d420696ed3833735e48311e7b419afbf82ded51b74d6152ee63a110e3b36d6d880800000000000000a4e1d6db0000503d4d696e6564206279206d6179616f67756f,76a914c825a1ecf2a6830c4401620c3a16f1995057c2ab88ac,,stale,VALID,1900b3aa,,,valid_direct_stale
i0coin,validated_stales,data/i0coin_validated_stales.csv,95,stale_only_publication,repo-data,1100082,,295817,00000000000000002c3cddfe33230124c930bdd880bb7b8095bdfa9ae87d29b9,0000000000000000846ccf5dc639fa948220447765b7ef20859fef6149ec5d31,1397488730,1900b3aa,2573309509,02000000315dec4961ef9f8520efb7657744208294fa39c65dcf6c84000000000000000012170eea067b53c9b15d1fd811aad1f87de1d2e1d21b0b6d1ffbf03893b6ad605afc4b53aab3001945966199,03898304e4b883e5bda9e7a59ee4bb99e9b1bcfabe6d6d945dd212dde01c8c9dfdb1108c3ad9ca6316c3f16a8c1350e796f0dd2267d52e08000000000000002036bb14f16105004d696e65642062792068616f6c696b75616e676a69,76a914c825a1ecf2a6830c4401620c3a16f1995057c2ab88ac,,stale,VALID,1900b3aa,,,valid_direct_stale
i0coin,validated_stales,data/i0coin_validated_stales.csv,96,stale_only_publication,repo-data,1108575,,297295,00000000000000000e83c18d7d7d26761e66186c763fd908d6f70155cf32eb49,00000000000000009a24efb01826bcdc976e9745a7859eb692fd3646b271ccbd,1398249892,19009d8c,3177126844,02000000bdcc71b24636fd92b69e85a745976e97dcbc2618b0ef249a00000000000000006ba6b50bc1447358d3fa95431f25944fa7a7ea94110d399a77adeff8ff15f69ba49957538c9d0019bc1b5fbd,034f8904e4b883e5bda9e7a59ee4bb99e9b1bcfabe6d6d24ec607d4ffec698aaab35a10f7537f8f7414cd9629376a8b425ab3e90637829080000000000000065820bdfa3f206004d696e6564206279207a68616e6777616e7a69,76a914c825a1ecf2a6830c4401620c3a16f1995057c2ab88ac,,stale,VALID,19009d8c,,,valid_direct_stale
i0coin,validated_stales,data/i0coin_validated_stales.csv,97,stale_only_publication,repo-data,1109562,,297469,00000000000000001bb1e7050f0a7c3285a13367b155792f5ded9763e7b8045a,0000000000000000721c64bbd8e457061f0e28da050351c43a9a6568a3c7570b,1398339578,19009d8c,1550457520,020000000b57c7a368659a3ac4510305da280e1f0657e4d8bb641c7200000000000000004ae8eb0e35358ef74ffbf912937aeb221f99c9339fe9813541ca7713c181aadefaf758538c9d0019b01a6a5c,03fd8904e4b883e5bda9e7a59ee4bb99e9b1bcfabe6d6df17fb1532a7df51ff06418b2d1a821625b7c8c2c393a5bd2388a6420c5700eb10800000000000000dc6c7c30fc2600004d696e6564206279206a69616e67333738,76a914c825a1ecf2a6830c4401620c3a16f1995057c2ab88ac,,stale,VALID,19009d8c,,,valid_direct_stale
i0coin,validated_stales,data/i0coin_validated_stales.csv,98,stale_only_publication,repo-data,1112862,,298036,0000000000000000953037bbfd2ad63cbe1c08c957f530aea03016b695cba8a6,00000000000000008043230e6ab6adb8a04e0f0765689bedc65876aac996b0b2,1398634395,19009d8c,1700049618,02000000b2b096c9aa7658c6ed9b6865070f4ea0b8adb66a0e2343800000000000000000508acab7f7c2044f09a305b340bf331e38b856f5dd92c56bf01ce2a77f7a22c49b775d538c9d0019d2b25465,03348c04e4b883e5bda9e7a59ee4bb99e9b1bcfabe6d6df45b5a7ec02195728d0787b4a38bd274a76c25f891c9faf0bf218c2b2c0d51e51000000000000000be0ab35bf54001004d696e6564206279206c686872,76a914c825a1ecf2a6830c4401620c3a16f1995057c2ab88ac,,stale,VALID,19009d8c,,,valid_direct_stale
i0coin,validated_stales,data/i0coin_validated_stales.csv,99,stale_only_publication,repo-data,1120921,,299334,00000000000000001f64a823735f212b3d8d09740d1a4b8b82531ac04b416f0f,000000000000000024494238068cd2539c35f7103327dc561ed04727294c1a53,1399366059,1900896c,1464439112,02000000531a4c292747d01e56dc273310f7359c53d28c063842492400000000000000000473e80335ec32881f00756d0faa30e10070a3b198ca8bb720fb32e35d528a92aba168536c89001948914957,03469104e4b883e5bda9e7a59ee4bb99e9b1bcfabe6d6d46cedf433e045b93072be00bf465e4959e275bb3c45e24971bb5b00986ce1277100000000000000062f422a0739e00004d696e656420627920686d71686d71686d71,76a914c825a1ecf2a6830c4401620c3a16f1995057c2ab88ac,,stale,VALID,1900896c,,,valid_direct_stale
i0coin,validated_stales,data/i0coin_validated_stales.csv,100,stale_only_publication,repo-data,1127637,,300518,00000000000000001449094123442064af9fb3ea9a2c5958416da95ca1ef5c7c,0000000000000000019e25a13c7517a25279839849485f138122e71411646869,1399976019,187c3053,1917963636,020000006968641114e72281135f484998837952a217753ca1259e010000000000000000f2bc60228c11fc4816d855c06a84f119c1863dde28de805593447bc725dde16853f0715353307c1874cd5172,03e69504e4b883e5bda9e7a59ee4bb99e9b1bcfabe6d6db13404ae476f7bb8b244d84b63013517e2882953cb880eebb962ddd822d16db41000000000000000af6b9244dfa900004d696e6564206279207a7778353531373433353031,76a914c825a1ecf2a6830c4401620c3a16f1995057c2ab88ac,,stale,VALID,187c3053,,,valid_direct_stale
i0coin,validated_stales,data/i0coin_validated_stales.csv,101,stale_only_publication,repo-data,1132267,,301337,000000000000000038f5f0e13b2c3308d82132cca6815e525caf54134036767b,00000000000000005dbd70ad33173a3e3c280a204dce819a4201790318ecc88f,1400395561,187c3053,106442639,020000008fc8ec18037901429a81ce4d200a283c3e3a1733ad70bd5d0000000000000000d63667591ceda1cc588cacbd5a544881af66cbb7c7596cd7d9403a391029aa8d2957785353307c188f2f5806,03199904e4b883e5bda9e7a59ee4bb99e9b1bcfabe6d6dbd7364ca3288669d8498d3249a75fe1963d1e9854cb858ab0d41e1634ef371dd100000000000000048520240620600004d696e6564206279206c777a3938383836,76a914c825a1ecf2a6830c4401620c3a16f1995057c2ab88ac,,stale,VALID,187c3053,,,valid_direct_stale
i0coin,validated_stales,data/i0coin_validated_stales.csv,102,stale_only_publication,repo-data,1136125,,302038,00000000000000001d629af772354236bff162ec744d6905fb99b7621ece3123,0000000000000000144e023062f0f1f9e908475e3fc7c65976f3d244a21c516e,1400745899,187c3053,3307107906,020000006e511ca244d2f37659c6c73f5e4708e9f9f1f06230024e1400000000000000009bbe450bf95c1deb933c37152e1aefc0f63db9b88d933259fdb921eaab39b973abaf7d5353307c1842761ec5,03d69b04e4b883e5bda9e7a59ee4bb99e9b1bcfabe6d6d9bd1fd838b8c563519e374c61f3fa0dac1297ff7b6f3f4afb8ce92947f55877710000000000000008fc68903e0df02004d696e656420627920766963746f7277616e67,76a914c825a1ecf2a6830c4401620c3a16f1995057c2ab88ac,,stale,VALID,187c3053,,,valid_direct_stale
i0coin,validated_stales,data/i0coin_validated_stales.csv,103,stale_only_publication,repo-data,1138762,,302478,000000000000000060bf719adc4dd47a364e03348dedc3b53831e4fdc9df6986,00000000000000003715d197feb219c10e852265ad2d15d4b1aa74d7a15fc9d6,1400980795,18692842,1231777313,02000000d6c95fa1d774aab1d4152dad6522850ec119b2fe97d115370000000000000000b88bcb24ed3a171d90cc64ae6b66a76d7cd4a35379c4f796a973580fdb23295b3b45815342286918216e6b49,038e9d04e4b883e5bda9e7a59ee4bb99e9b1bcfabe6d6d3313fffd79ea1cb9ed959083c406e918a7e975ba24274d55a6ab5900fbd9a428100000000000000049d77b41800e01004d696e656420627920747a6c756b65,76a914c825a1ecf2a6830c4401620c3a16f1995057c2ab88ac,,stale,VALID,18692842,,,valid_direct_stale
i0coin,validated_stales,data/i0coin_validated_stales.csv,104,stale_only_publication,repo-data,1150916,,304609,00000000000000005ac1c70e88515306d2ac4795fa56773a36779b3443adf14c,0000000000000000128f4fc44d12dcb4de606373d9a7d9e9751cbda8034bb63e,1402125164,185d859a,3269877700,020000003eb64b03a8bd1c75e9d9a7d9736360deb4dc124dc44f8f120000000000000000f11874cee608eb6fed39885b2466db3c14c3110ea4593318806d49492d4b4a596cbb92539a855d18c45fe6c2,03e1a504e4b883e5bda9e7a59ee4bb99e9b1bcfabe6d6d59457a207177c2d65e87106d8ad80b175677298bd49475ea0f6731ba46487b0010000000000000009037809cdd0708004d696e6564206279206368656e70696e67,76a914c825a1ecf2a6830c4401620c3a16f1995057c2ab88ac,,stale,VALID,185d859a,,,valid_direct_stale
i0coin,validated_stales,data/i0coin_validated_stales.csv,105,stale_only_publication,repo-data,1151007,,304624,00000000000000001f82cdf50c205df459abd213958c045aaa697b86cc3579d1,0000000000000000274e299e52dbb2339477ec2a26d6238575ff55b91cccafea,1402132238,185d859a,2786836200,02000000eaafcc1cb955ff758523d6262aec779433b2db529e294e27000000000000000024af7cdc8c151b09f527c8163119d4a0aadcdcd2abb79b16e9898ed7ec6fb3520ed792539a855d18e8be1ba6,03f0a504e4b883e5bda9e7a59ee4bb99e9b1bcfabe6d6d38c724ca10d37d1a53715b582c334fcfddbb1eff28972b391f495bf7559cbab71000000000000000d4f7a4137c5401004d696e6564206279206373773938383838,76a914c825a1ecf2a6830c4401620c3a16f1995057c2ab88ac,,stale,VALID,185d859a,,,valid_direct_stale
i0coin,validated_stales,data/i0coin_validated_stales.csv,106,stale_only_publication,repo-data,1152471,,304853,000000000000000009ef0cc8f442b9327c71d8bc50a9c820d50f0b632eb71804,00000000000000005198e106b197c273cca0f9acf74921c840c3ca9dd614ad9a,1402266250,185d859a,955145218,020000009aad14d69dcac340c82149f7acf9a0cc73c297b106e19851000000000000000018b481feca818d936fc24ae224ed505b5901121f4ca8aabe8bb0db746a7ae8bf8ae294539a855d18025cee38,03d5a604e4b883e5bda9e7a59ee4bb99e9b1bcfabe6d6d907e4d19773272e1045c2c59bad7f5b6650ade9ead931fd5c3cb06ba5f59c0991000000000000000edc20a4de00701004d696e656420627920646e663838383330,76a914c825a1ecf2a6830c4401620c3a16f1995057c2ab88ac,,stale,VALID,185d859a,,,valid_direct_stale
i0coin,validated_stales,data/i0coin_validated_stales.csv,107,stale_only_publication,repo-data,1154235,,305138,00000000000000004ac89fdef43340959806c3d71fcbf7dbf9425386c305d0ac,00000000000000000ee502231528afe793636647e92558d841fbf8a0f1015f50,1402421540,185d859a,3101534110,02000000505f01f1a0f8fb41d85825e947666393e7af28152302e50e00000000000000002ccfc5fe44299b24811a1d03daddaf505f423a531a2caa1ae798566bbc26a860244197539a855d189ea7ddb8,03f2a704e4b883e5bda9e7a59ee4bb99e9b1bcfabe6d6dce9d3ca7cd9cb4605524ec6d9ecac715dbb70b23a75fe1c051507a9607c926161000000000000000820b080b258d01004d696e6564206279207363616e79666463,76a914c825a1ecf2a6830c4401620c3a16f1995057c2ab88ac,,stale,VALID,185d859a,,,valid_direct_stale
i0coin,validated_stales,data/i0coin_validated_stales.csv,108,stale_only_publication,repo-data,1155543,,305344,000000000000000023cde5dda5e2fdfa9ae7dba3d484f64288d4add01f92b4eb,0000000000000000073f77716ada54221dd5302560573c65b6ca67189e40244e,1402537706,185d859a,763416217,020000004e24409e1867cab6653c57602530d51d2254da6a71773f070000000000000000b25f44b1e522b48e7089ffbcadd7f70ba08622a224468d6fed02707cec4b7772ea0699539a855d1899ce802d,03c0a804e4b883e5bda9e7a59ee4bb99e9b1bcfabe6d6db3b8e5689f8c83217e84c783c861107a64e3a5dcc4a78a3ce803029839b32cac10000000000000005b5accb2a0de05004d696e65642062792077616e6778696e67736d696c65,76a914c825a1ecf2a6830c4401620c3a16f1995057c2ab88ac,,stale,VALID,185d859a,,,valid_direct_stale
i0coin,validated_stales,data/i0coin_validated_stales.csv,109,stale_only_publication,repo-data,1175457,,308926,000000000000000007f396de4e4079872aa77a2d961710c9d602fdd5931cc388,000000000000000028ef2dff705d59b56d3635ce66b14d7c877b40a1e83e2d57,1404336142,18415fd1,3935085602,02000000572d3ee8a1407b877c4db166ce35366db5595d70ff2def28000000000000000072c5ef1452ad26a8909f543c9bb780c43bc8dc0813c320b3aaad233818d6ca2e0e78b453d15f411822a48cea,03beb604e4b883e5bda9e7a59ee4bb99e9b1bcfabe6d6d84901964b683c709716184678b650a248bc84542d8b13ed5bc0b8b1823110a0510000000000000009f6837c96a0e02004d696e656420627920756d69736f6f,76a914c825a1ecf2a6830c4401620c3a16f1995057c2ab88ac,,stale,VALID,18415fd1,,,valid_direct_stale
i0coin,validated_stales,data/i0coin_validated_stales.csv,110,stale_only_publication,repo-data,1185321,,310482,00000000000000002ba036a90d4821d196fe0fad108f1a129d93741e5dbe6325,00000000000000003b5a3bd6d95242d6bd96f4e0659ced99e6bc8412c97cca28,1405216459,183f6be6,3631705970,0200000028ca7cc91284bce699ed9c65e0f496bdd64252d9d63b5a3b00000000000000007044d549aa4ce8639ee571c49aa2f1e579452f5578542f6fab6cfa427ef8c156cbe6c153e66b3f18726f77d8,03d2bc04e4b883e5bda9e7a59ee4bb99e9b1bcfabe6d6d06907f71c86a13e9d0d720d4c910c3625baab52f137c13acfd949197c39172c11000000000000000aa8c6d90a37400004d696e656420627920777371,76a914c825a1ecf2a6830c4401620c3a16f1995057c2ab88ac,,stale,VALID,183f6be6,,,valid_direct_stale
i0coin,validated_stales,data/i0coin_validated_stales.csv,111,stale_only_publication,repo-data,1193266,,311796,00000000000000001fadcf195706d944e0ed801957bc4e173fa5f824a8d3ec06,000000000000000031723e6b0fa56901e774528c7036c1315ad00fec05a62be7,1405931090,183f6be6,75808160,02000000e72ba605ec0fd05a31c136708c5274e70169a50f6b3e72310000000000000000ad7b09414b4fcebb52c7abb2c32a08d9acd2eaa00d9ebe0ba87c5f6d39c31f5152cecc53e66b3f18a0bd8404,03f4c104e4b883e5bda9e7a59ee4bb99e9b1bcfabe6d6d27dee74181ce10240c881963c06043dc5821734025d855e0af8aefcb05d0faae1000000000000000bb462a50ac0900404d696e656420627920746974616e35383737,76a914c825a1ecf2a6830c4401620c3a16f1995057c2ab88ac,,stale,VALID,183f6be6,,,valid_direct_stale
i0coin,validated_stales,data/i0coin_validated_stales.csv,112,stale_only_publication,repo-data,1196124,,312238,00000000000000001c0176302d6479bf444f4e0e606b00e0e940daa14b2e802a,00000000000000002adfcbdd30601665ddd1d65da418490ea03adf51a1f85fd9,1406189165,183f6be6,1460926674,02000000d95ff8a151df3aa00e4918a45dd6d1dd65166030ddcbdf2a00000000000000005b35f5742bd64e40d0fe9adeee6531e4158b64db6cf76a138c9ab70244ae700c6dbed053e66b3f18d2f81357,03aec304534f434bebdd1000b175c9d7522cfabe6d6dba1b3c72fca97352b4001b2f39b7592481375756af204a64b39a1a62b9cafb2508000000000000002f6d6d706f6f6c,76a914b2d6fdc393fa06c65e5e8c75a29557fc192393ab88ac;76a914cadfabf6075da6a10cba21b148aef907f0d209f688ac;76a9144e1280da2a1487b5877be30817164e707e654fa388ac,,stale,VALID,183f6be6,,,valid_direct_stale
i0coin,validated_stales,data/i0coin_validated_stales.csv,113,stale_only_publication,repo-data,1198934,,312668,00000000000000001cc50e6b364dd2e0077e934bcb76d36ecdf404eba28c7ab0,000000000000000028655721b7fee645ff2d64fb1cf55ac6deee36be07273392,1406436997,183aaea2,3090271585,0200000092332707be36eedec65af51cfb642dff45e6feb72157652800000000000000007f27a0aebd3afb5ba20d015c8506aa54f7ce19ca4acd910ca7d1182c3425fda58586d453a2ae3a1861cd31b8,035cc504e4b883e5bda9e7a59ee4bb99e9b1bcfabe6d6d4e9235e177ad63ed61f484ce2f5fb5231adeb853991367b7d122786a2d0c6a7e1000000000000000a12e7512b21502004d696e65642062792071713731383030313131,76a914c825a1ecf2a6830c4401620c3a16f1995057c2ab88ac,,stale,VALID,183aaea2,,,valid_direct_stale
i0coin,validated_stales,data/i0coin_validated_stales.csv,114,stale_only_publication,repo-data,1216161,,315531,00000000000000000f9fa64db62b347043ca892bb190bf6820a49c02d982d741,0000000000000000092f07869c4c809bc5f31d02510e1e8d27fd1b2df21c3f35,1407999630,1837ba62,4207770361,02000000353f1cf22d1bfd278d1e0e51021df3c59b804c9c86072f0900000000000000009d286ba21f8979b48df3c113def39364d18126b598e9939e2520a8aa4c3eb6048e5eec5362ba3718f97acdfa,038bd004e4b883e5bda9e7a59ee4bb99e9b1bcfabe6d6d86e51c33664163dee742d9c42a6111b6dd2f7017139846b50a92b7ba6f0d240c1000000000000000a5f34f108c2203004d696e6564206279207171313233343536,76a914c825a1ecf2a6830c4401620c3a16f1995057c2ab88ac,,stale,VALID,1837ba62,,,valid_direct_stale
i0coin,validated_stales,data/i0coin_validated_stales.csv,115,stale_only_publication,repo-data,1217640,,315793,000000000000000009a3c2a869168dba3612c1bdad1198ddafea26d901967e65,0000000000000000379a9cabaec2a071311c955ea8bff743273b06d0851f0050,1408129872,1837ba62,2408867345,0200000050001f85d0063b2743f7bfa85e951c3171a0c2aeab9c9a370000000000000000d75e6497936998a264ac818b60514a764d2dc5f391bc454ad2c66858716be444505bee5362ba37181166948f,0391d104e4b883e5bda9e7a59ee4bb99e9b1bcfabe6d6d9f901ca24b90b4dc63da98ce8ecc75d8882de0742ec48a8f73616167a9327bcf1000000000000000003aea608c6703004d696e6564206279207a31,76a914c825a1ecf2a6830c4401620c3a16f1995057c2ab88ac,,stale,VALID,1837ba62,,,valid_direct_stale
i0coin,validated_stales,data/i0coin_validated_stales.csv,116,stale_only_publication,repo-data,1231469,,318202,000000000000000010508990102a18f532ffdc2576fa6b858b60574441f8ebf4,000000000000000022c7d67b95f914d7f755b2470b0e44626bd944038ca22156,1409379400,182e1c58,3583673253,020000005621a28c0344d96b62440e0b47b255f7d714f9957bd6c7220000000000000000827e9cb607836e4622a685d7b154b1bfe9132add5730460e94a66d5e0b9154d7486c0154581c2e18a5839ad5,03fada04e4b883e5bda9e7a59ee4bb99e9b1bcfabe6d6d6d2ad029c4ea289b270c6279346e96e5f1018e1d382b0742ea516dd3f84eb7541000000000000000af86b326830900004d696e6564206279206c69756368616e676361697069616f,76a914c825a1ecf2a6830c4401620c3a16f1995057c2ab88ac,,stale,VALID,182e1c58,,,valid_direct_stale
i0coin,validated_stales,data/i0coin_validated_stales.csv,117,stale_only_publication,repo-data,1232251,,318350,00000000000000001f6cefe536a34e659532f59277fe9403e427e6a6bfd6eee4,000000000000000015b6bfea176466f78eaf936c3f06e573623d26f39f511742,1409449474,182e1c58,3869922665,020000004217519ff3263d6273e5063f6c93af8ef7666417eabfb6150000000000000000989694529747662fd7e3fa62c4be1b98c9c532bdd885a7f7c937a4421f815657027e0254581c2e186955aae6,038edb04e4b883e5bda9e7a59ee4bb99e9b1bcfabe6d6d7f144f8259e5730087f7ecce4c132257b51b6d665fe8782769af101c324a5eda1000000000000000d2ac063d9b0700004d696e6564206279206e65696d656e67,76a914c825a1ecf2a6830c4401620c3a16f1995057c2ab88ac,,stale,VALID,182e1c58,,,valid_direct_stale
i0coin,validated_stales,data/i0coin_validated_stales.csv,118,stale_only_publication,repo-data,1235510,,318893,0000000000000000098172a320e422e1ce0f1ef08b0331c6c89884a385f68908,0000000000000000217edbc0f90194acb8936f9d9c89d992fb761eb7a641e053,1409741353,182815ee,653469124,0200000053e041a6b71e76fb92d9899c9d6f93b8ac9401f9c0db7e210000000000000000d479abf661cf78c27f393c106e3024810d1432a33ec890f8bf64689cc5b01b8829f20654ee152818c425f326,03addd04e4b883e5bda9e7a59ee4bb99e9b1bcfabe6d6de296dbeb2d0ec62fa31e8d0569539c23014b191dcaf2abc3bc78af9e70fb272e100000000000000049674955483602004d696e6564206279207973646832303036,76a914c825a1ecf2a6830c4401620c3a16f1995057c2ab88ac,,stale,VALID,182815ee,,,valid_direct_stale
i0coin,validated_stales,data/i0coin_validated_stales.csv,119,stale_only_publication,repo-data,1247154,,320820,0000000000000000028ac57f96a4426284c6cb08f0e455ca47c7b20db9d72709,000000000000000010314701742b982b880b0f900a63c81a38dad80b208a9812,1410791116,1824dbe9,3475046250,0200000012988a200bd8da381ac8630a900f0b882b982b74014731100000000000000000310607e311df14417ac119e1865fc2a3ea6bae3a2d6c68a87e1d48b40e5b1a6fccf61654e9db24186aff20cf,0334e504e4b883e5bda9e7a59ee4bb99e9b1bcfabe6d6d7f0f335a3446194652ef62812bcd2883059e50fd62cf64d14944e6ee72397eb210000000000000005705682a0eb901004d696e6564206279207a68616e6c6f6e67636c616d,76a914c825a1ecf2a6830c4401620c3a16f1995057c2ab88ac,,stale,VALID,1824dbe9,,,valid_direct_stale
i0coin,validated_stales,data/i0coin_validated_stales.csv,120,stale_only_publication,repo-data,1255991,,322382,00000000000000000e27b632d82097b7f1c280d255f2465f62e31c63281dd470,0000000000000000103fb56a44bdc0e869a4559fb433cd41bd0cd3b9dbe36e62,1411591656,1824dbe9,2777456901,02000000626ee3dbb9d30cbd41cd33b49f55a469e8c0bd446ab53f100000000000000000c8eb65bdde6d123a67edfa5d7189d110e46b1816866e72e4dfa4f49acc6dd603e82d2354e9db241805a18ca5,034eeb04e4b883e5bda9e7a59ee4bb99e9b1bcfabe6d6daf1ca77423e3311770f915c624fd3e59b3526dcbacbe881ab01858200c71104c100000000000000060ed38766ab203004d696e6564206279206a6572656d7961,76a914c825a1ecf2a6830c4401620c3a16f1995057c2ab88ac,,stale,VALID,1824dbe9,,,valid_direct_stale
i0coin,validated_stales,data/i0coin_validated_stales.csv,121,stale_only_publication,repo-data,1260750,,323090,00000000000000001dbcea891ed1539ac7e402d47f2590f9035350db3db64bc8,0000000000000000187ef1e809657a558dd3129d568ed500898ddf8bb064092b,1412017709,181fb893,3041854599,020000002b0964b08bdf8d8900d58e569d12d38d557a6509e8f17e180000000000000000217a9367fb04f03a19a3f63e5a0f578602602a9139a0690a3fd9fff66b4a95062dae295493b81f1887044fb5,0312ee04e4b883e5bda9e7a59ee4bb99e9b1bcfabe6d6dcd063a08cdfab5b06a7a082e649429bb4558732d6f73e54c0bcc004c7709efbd10000000000000000b50f939d41001004d696e6564206279206c6d303032,76a914c825a1ecf2a6830c4401620c3a16f1995057c2ab88ac,,stale,VALID,181fb893,,,valid_direct_stale
i0coin,validated_stales,data/i0coin_validated_stales.csv,122,stale_only_publication,repo-data,1281885,,326341,00000000000000000a9895ee1692a52dfa2e4f839023ac66d21cb662c381ffa5,0000000000000000075801d50a3ed675d4eeec576f12746cedb7fc084e1c5e5f,1413921620,181f6973,1186053847,020000005f5e1c4e08fcb7ed6c74126f57eceed475d63e0ad50158070000000000000000f4c121045a1ac69d43bde61b83dcba53459bd43ec0177cf1eefa0ea9ffd004ed54bb465473691f18d7beb146,03c5fa04e4b883e5bda9e7a59ee4bb99e9b1bcfabe6d6d31bf2e9abb1c517273f75aac3f799cef82f37cb0507bb54b5ea31c586f9e669b1000000000000000bf6ef214110b00204d696e65642062792077616e796f7579696e6c6931,76a914c825a1ecf2a6830c4401620c3a16f1995057c2ab88ac,,stale,VALID,181f6973,,,valid_direct_stale
i0coin,validated_stales,data/i0coin_validated_stales.csv,123,stale_only_publication,repo-data,1292440,,328073,00000000000000001c64d453ca98f0565f199a8d789c79c42eeb4e261e45caec,00000000000000001e1d58841f957d82a5c53499338bda4766ca45cdfa77fcdd,1414872329,181e8dc0,2776703787,02000000ddfc77facd45ca6647da8b339934c5a5827d951f84581d1e0000000000000000826beca67a2187aab25220610b1a51727e6a77c857f06aa7c2a3c4f2b2eaa6fe093d5554c08d1e182b2381a5,03890105e4b883e5bda9e7a59ee4bb99e9b1bcfabe6d6ddc21e33113963859abbd126d3cbf23483e604f62dfc8075bb5d5809e9e99725c1000000000000000e47be096d87b01004d696e65642062792068616e64616e73783831,76a914c825a1ecf2a6830c4401620c3a16f1995057c2ab88ac,,stale,VALID,181e8dc0,,,valid_direct_stale
i0coin,validated_stales,data/i0coin_validated_stales.csv,124,stale_only_publication,repo-data,1303707,,329838,00000000000000001132ee7db295e56abccd687fa2fa2790831e501445defd24,00000000000000000c46b513e2bec4dab3442315825abe7aeeabf1b36225d4bb,1415892244,181bc330,473055606,02000000bbd42562b3f1abee7abe5a82152344b3dac4bee213b5460c0000000000000000475565a2e9f0285d5fe86e4f22dffc990fc9d79add887fd17a0db168b319f2b414cd645430c31b187641321c,036e0805e4b883e5bda9e7a59ee4bb99e9b1bcfabe6d6d5555bb208ebc405e3523cc41324a8d77ebeff4781b24d3a1f644969dafbd096610000000000000000006893b134f03004d696e6564206279206461716934616e74,76a914c825a1ecf2a6830c4401620c3a16f1995057c2ab88ac,,stale,VALID,181bc330,,,valid_direct_stale
i0coin,validated_stales,data/i0coin_validated_stales.csv,125,stale_only_publication,repo-data,1310929,,330937,000000000000000012ac8cec3a9454ded9b2d754ce4c89ee3f5e7e49428a6d3c,0000000000000000116abffe3dd3473b03596b2c06f713d5fc43e64a15434d77,1416541471,181b4861,564957721,02000000774d43154ae643fcd513f7062c6b59033b47d33dfebf6a110000000000000000fb6ac5ba2b5267fa3de1f528e127870fb2a4853166b7df5deeaaa3ca7fa118e01fb56e5461481b181992ac21,03b90c05e4b883e5bda9e7a59ee4bb99e9b1bcfabe6d6d350fbc2dd94efca26f834c72c22491b70fd0ea7a5f41f87efafedb7ab2fc1503100000000000000000b93b51155800004d696e656420627920726f73653132,76a914c825a1ecf2a6830c4401620c3a16f1995057c2ab88ac,,stale,VALID,181b4861,,,valid_direct_stale
i0coin,validated_stales,data/i0coin_validated_stales.csv,126,stale_only_publication,repo-data,1311381,,330989,0000000000000000100222909a335d030af3270e6b829b3db2de020208163552,00000000000000000dbed5627495a6d602e60c4ae97c9048c06e02ddc4985e00,1416581350,181b4861,3707352802,02000000005e98c4dd026ec048907ce94a0ce602d6a6957462d5be0d0000000000000000ea97aa1b40c352b7fc490ac244e1aced68739b8a8a2e835a99c76151f6498196e6506f5461481b18e2b6f9dc,03ed0c05e4b883e5bda9e7a59ee4bb99e9b1bcfabe6d6d3bdd186f5760d75e38929ef01e07bbc16aa447a946afc562a1c49bb92571262d100000000000000000fd8a2200005fbf4d696e65642062792077616e6778696e77616e67,76a914c825a1ecf2a6830c4401620c3a16f1995057c2ab88ac,,stale,VALID,181b4861,,,valid_direct_stale
i0coin,validated_stales,data/i0coin_validated_stales.csv,127,stale_only_publication,repo-data,1315783,,331655,000000000000000016c6596f6e3972236b53fa37af60687ba9ad25eca441d46f,000000000000000015aab736f48f8955a671ec49dbe6ed22a8eb1c36a76a0a9a,1416980873,181b4861,3168554187,020000009a0a6aa7361ceba822ede6db49ec71a655898ff436b7aa1500000000000000000c977dbb3acaa83666b5c7faf99cb6b7b7fbeb1fce6a2005d4fddbb4c92f568d8969755461481b18cb4cdcbc,03870f05e4b883e5bda9e7a59ee4bb99e9b1bcfabe6d6d71f3ab5da1adeda617656809abc6f425a5376d521d0e9c687e8fcbf8b361099210000000000000000047669ecf0f03004d696e6564206279207171313233343536,76a914c825a1ecf2a6830c4401620c3a16f1995057c2ab88ac,,stale,VALID,181b4861,,,valid_direct_stale
i0coin,validated_stales,data/i0coin_validated_stales.csv,128,stale_only_publication,repo-data,1326618,,333279,000000000000000011a9947e415dac9b52c56160159f842c2af6fc22b62bc720,00000000000000000f54d250b20918b17b12c71a26a762e31879100ab647f76c,1417964091,181b7b74,833895535,020000006cf747b60a107918e362a7261ac7127bb11809b250d2540f00000000000000001bb756bfe08660d46b048d823f4ffb5a86eb53a36c92528b460dd5b724b3949e3b6a8454747b1b186f3cb431,03df1505e4b883e5bda9e7a59ee4bb99e9b1bcfabe6d6dc32c1e7d99f1a308e91b1b64c9b739a197b2eeb3ea10c3f66ba5572a171d93071000000000000000011e806f5ac601004d696e6564206279206875616e67797568616e67,76a914c825a1ecf2a6830c4401620c3a16f1995057c2ab88ac,,stale,VALID,181b7b74,,,valid_direct_stale
i0coin,validated_stales,data/i0coin_validated_stales.csv,129,stale_only_publication,repo-data,1331618,,334042,00000000000000001539e9d5343d300f0b2084d708f810bbc4a1b0413a75a346,00000000000000000dc0ee8b1b5ee7613fc814c9c8e49ea06ef2aff8b9a9bd9b,1418417414,181b7b74,611322707,020000009bbda9b9f8aff26ea09ee4c8c914c83f61e75e1b8beec00d0000000000000000557a65f7c45a8426dd3f2e3c0b03f5483ba666bd2ed02fe6c41ca5db01f5498406558b54747b1b18530b7024,03da1805e4b883e5bda9e7a59ee4bb99e9b1bcfabe6d6d979ad8164e4ba7e87e1f2cc6d179bd1c19dc216574d144e5245dcb4e68dd7e80100000000000000000d99546970300f84d696e65642062792068756a697169313838,76a914c825a1ecf2a6830c4401620c3a16f1995057c2ab88ac,,stale,VALID,181b7b74,,,valid_direct_stale
i0coin,validated_stales,data/i0coin_validated_stales.csv,130,stale_only_publication,repo-data,1347580,,336494,00000000000000000fd967e156c653626dff832374fe226902d1f504e1ca92f6,000000000000000008f893e7e4e706bd7432505e1a322b752e8a23f171573aa5,1419864052,181bdd7c,2242660220,02000000a53a5771f1238a2e752b321a5e503274bd06e7e4e793f8080000000000000000d50821751a68929e33ef812b6a8dfbbe8d6c442df7a5b4beb21549cf4aaf5a24f467a1547cdd1b187c47ac85,036e2205e4b883e5bda9e7a59ee4bb99e9b1bcfabe6d6d79739c4ddfb6d4bcda1c87eb4be58bee93a697daf265e46e429581df56b5a5f4100000000000000000cccd352d1602004d696e6564206279206b616e6764696e673031,76a914c825a1ecf2a6830c4401620c3a16f1995057c2ab88ac,,stale,VALID,181bdd7c,,,valid_direct_stale
i0coin,validated_stales,data/i0coin_validated_stales.csv,131,stale_only_publication,repo-data,1350177,,336914,000000000000000008a17e661da2b994b7e9f1a669cb0be0da6793fbf42ed69c,000000000000000011db6d2d7846f6013c8fa97fa6018c1d8fb66f470d0b15fd,1420095198,181b0dca,707812205,02000000fd150b0d476fb68f1d8c01a67fa98f3c01f646782d6ddb1100000000000000001e5e867c2aabaa5d0fd3545dd15ae09d5a36fcd8440d6b921fd22dc35865f666deeea454ca0d1b186d5b302a,03122405e4b883e5bda9e7a59ee4bb99e9b1bcfabe6d6d78f0779fa9dc78e63d99ba36f1728877b921529c09856df7b753d0ed37519e161000000000000000007ecf6fd41304004d696e65642062792077716c32303038,76a914c825a1ecf2a6830c4401620c3a16f1995057c2ab88ac,,stale,VALID,181b0dca,,,valid_direct_stale
i0coin,validated_stales,data/i0coin_validated_stales.csv,132,stale_only_publication,repo-data,1366864,,339562,00000000000000000cea0bee1bfff976275a414a9928bed62c891bf541b5ff0c,000000000000000017255f99db4ceef7f1c281fa6bfc336137252557d033eaaa,1421624124,1819012f,4289396264,02000000aaea33d0572525376133fc6bfa81c2f1f7ee4cdb995f251700000000000000005dac3562c75cf3a1bf307312774adc31aa16669d687292b864e78a8f6e16e88c3c43bc542f01191828feaaff,036a2e05e4b883e5bda9e7a59ee4bb99e9b1bcfabe6d6ddc9e747b98e31ad8ca370af24059671f45810d4c8501a2754a263a4e9882a086100000000000000000f6d513404d04004d696e656420627920706573686576,76a914c825a1ecf2a6830c4401620c3a16f1995057c2ab88ac,,stale,VALID,1819012f,,,valid_direct_stale
i0coin,validated_stales,data/i0coin_validated_stales.csv,133,stale_only_publication,repo-data,1375961,,340832,0000000000000000083b6ed8434e156a623a90fccdfa61206f7b6617cf103c4a,00000000000000000c1bc21f8d40a428612c1ec91d5a9a472adb4dd7875a8100,1422442095,181aa3c0,804518960,0200000000815a87d74ddb2a479a5a1dc91e2c6128a4408d1fc21b0c0000000000000000fbf476f3ed6ed7be06a72da7dc9805de75cba59d43cfa79bd8c1ad6ed4158a796fbec854c0a31a1830fcf32f,03603305e4b883e5bda9e7a59ee4bb99e9b1bcfabe6d6d78fd74e399eb0751b1c197296e9cac20295cdc7376857fb9613d77f741f94cfb1000000000000000006ba711077700004d696e6564206279206176656e6e69,76a914c825a1ecf2a6830c4401620c3a16f1995057c2ab88ac,,stale,VALID,181aa3c0,,,valid_direct_stale
i0coin,validated_stales,data/i0coin_validated_stales.csv,134,stale_only_publication,repo-data,1383572,,342086,0000000000000000137559b21a1ef00ea5e4c1d7c23f8127238f6bcee197c460,00000000000000000eef1a7bb6614326e3591786c43d98c8c7b837bdd50c6b1f,1423146637,181aa3c0,2514783896,020000001f6b0cd5bd37b8c7c8983dc4861759e3264361b67b1aef0e0000000000000000163791a02c9014d7a68ffb80c00c9d22deeddb7bdd53a8f26709479fc4054f2b8d7ed354c0a31a18988ee495,03463805e4b883e5bda9e7a59ee4bb99e9b1bcfabe6d6d0e429dc11c3135a26ef94c7a87e80c6b051ac08cfc7730a392a052da76b997e9100000000000000003573666797501004d696e6564206279206461716934616e7431,76a914c825a1ecf2a6830c4401620c3a16f1995057c2ab88ac,,stale,VALID,181aa3c0,,,valid_direct_stale
i0coin,validated_stales,data/i0coin_validated_stales.csv,135,stale_only_publication,repo-data,1385393,,342411,00000000000000000bd82bf0d9829e0ed83e9f7af830f46ec9b7c031d6cdd05b,00000000000000000f686dba4914f20a9d39a50e3a6bb475b6c1bf76dff3453c,1423311625,181aa3c0,286751838,020000003c45f3df76bfc1b675b46b3a0ea5399d0af21449ba6d680f0000000000000000540cecc66e5e130c33ee32315abfc56d931ccfa0ab3bd8f8173607c075723e9e0903d654c0a31a185e7c1711,038b3905e4b883e5bda9e7a59ee4bb99e9b1bcfabe6d6d279ce6a6c0a35a5fc1373df4a15a48d1c28f886a009da1d4f11a9f7e8c4095f21000000000000000030d127bca6c00004d696e6564206279206b6c6d696e657232303134,76a914c825a1ecf2a6830c4401620c3a16f1995057c2ab88ac,,stale,VALID,181aa3c0,,,valid_direct_stale
i0coin,validated_stales,data/i0coin_validated_stales.csv,136,stale_only_publication,repo-data,1388543,,342894,0000000000000000107d44a08b8ac2c49ff63e21db1b2e25bf52c39ae01093c2,00000000000000000bcf6a987ec794e81c7474a9c54237443d3d6df527a5749b,1423595946,1818bb87,1080926338,020000009b74a527f56d3d3d443742c5a974741ce894c77e986acf0b0000000000000000ca0de969ced4ecc995eda304f6b36e979792660550a250c3b0467e51c125fa5aaa59da5487bb181882a06d40,036e3b05e4b883e5bda9e7a59ee4bb99e9b1bcfabe6d6dffccdc48cc22ce240f41a047c0cc27dd1f892e988f44fefad74f35339c155068100000000000000000a4816b0fc500004d696e6564206279206c797a383838,76a914c825a1ecf2a6830c4401620c3a16f1995057c2ab88ac,,stale,VALID,1818bb87,,,valid_direct_stale
i0coin,validated_stales,data/i0coin_validated_stales.csv,137,stale_only_publication,repo-data,1395072,,343934,000000000000000011ada6c47ad9f91e73b6c8e6c5749eef721af988400746ca,00000000000000001685b03290894958d0fa4d1053a5731ae2b8b92aae6379be,1424203174,1818bb87,3266850059,02000000be7963ae2ab9b8e21a73a553104dfad05849899032b085160000000000000000a3fd9bcf1cc45bad802242c6e2e1521a00b56097113c8a65309796ffb51de57aa69de35487bb18180b2db8c2,037e3f05e4b883e5bda9e7a59ee4bb99e9b1bcfabe6d6d705ad0d45a0d236c29b4f896fd6ed0a927cf8a7238cf17688364ddbf587cddf4100000000000000000f628be2f8003004d696e6564206279207369686579697777,76a914c825a1ecf2a6830c4401620c3a16f1995057c2ab88ac,,stale,VALID,1818bb87,,,valid_direct_stale
i0coin,validated_stales,data/i0coin_validated_stales.csv,138,stale_only_publication,repo-data,1401555,,344949,0000000000000000047b1d4d9fe55b1f760ccebd18b6c0df6f44ec8e109fe26c,00000000000000001216e81dd2c9d239fdd5a4c207380001148e8f0575773b53,1424784612,18178d3a,1153780001,02000000533b7775058f8e1401003807c2a4d5fd39d2c9d21de816120000000000000000a124488b8b15e5c679e77e71b5557d552a6d63f79b54f032dfa6b85c4687abf1e47cec543a8d17182149c544,03754305e4b883e5bda9e7a59ee4bb99e9b1bcfabe6d6d6d0343e844379f07d20858625778726eaaa69256bee4c2bafce864fc920dbfc7100000000000000000aab4feffc602004d696e6564206279206361696765,76a914c825a1ecf2a6830c4401620c3a16f1995057c2ab88ac,,stale,VALID,18178d3a,,,valid_direct_stale
i0coin,validated_stales,data/i0coin_validated_stales.csv,139,stale_only_publication,repo-data,1404814,,345455,00000000000000000fe0f4a6e578141b78a6ec4c87ca4821e875dc032da53536,000000000000000004a3634f954c7fe909e74bb578f650dd66432551cb1b0a50,1425071297,18178d3a,2733463051,02000000500a1bcb51254366dd50f678b54be709e97f4c954f63a304000000000000000003a3c8b3ed50ece6f7078db88e733c5c2911b80fd842f4b63cecee452894ca97c1dcf0543a8d17180b56eda2,036f4505e4b883e5bda9e7a59ee4bb99e9b1bcfabe6d6d7dbd59f346696a189ce895000800637b0c72847511ebeb026a62b8bdf55aacaf100000000000000000853018570a00004d696e65642062792064617368656e6762616f6572,76a914c825a1ecf2a6830c4401620c3a16f1995057c2ab88ac,,stale,VALID,18178d3a,,,valid_direct_stale
i0coin,validated_stales,data/i0coin_validated_stales.csv,140,stale_only_publication,repo-data,1410399,,346319,0000000000000000051df08a973095ac3e4db9fcf55aabba3c869d3eb588cf3f,00000000000000000293a70bcf0764274e157a6e91b064e91634ae8b67bc07eb,1425590720,18178d3a,665256145,02000000eb07bc678bae3416e964b0916e7a154e276407cf0ba7930200000000000000003d885a7cc5425c45dbe4d79a57c935a27515aa89e390831ebeabbf49e8e9c28dc0c9f8543a8d1718d100a727,03cf4805e4b883e5bda9e7a59ee4bb99e9b1bcfabe6d6d514fa3d2635d92feba33d2be19b041aea20e829e4c8da7c5fc5edf45ba6c0d15100000000000000000c7a6cdc21e00004d696e6564206279206c32393638363738,76a914c825a1ecf2a6830c4401620c3a16f1995057c2ab88ac,,stale,VALID,18178d3a,,,valid_direct_stale
i0coin,validated_stales,data/i0coin_validated_stales.csv,141,stale_only_publication,repo-data,1427481,,348877,00000000000000000b11dfec7092965d1efd63ef9892799228aa9c5b08376389,00000000000000000491ab53c78f0006b8a5e4e1c52098c6a7dddd833f670f33,1427133607,181788f2,2990265000,02000000330f673f83dddda7c69820c5e1e4a5b806008fc753ab9104000000000000000013430926348b3f18dc08b339e94b422fe9f1fa3459e15a33102f5c1d0587c755a7541055f2881718a8d23bb2,03cd5205e4b883e5bda9e7a59ee4bb99e9b1bcfabe6d6dbb900d658ec1b0829a92482db602302726e32883259d71520e3472711a102758100000000000000003260eb6e18a01004d696e6564206279206c7864363430,76a914c825a1ecf2a6830c4401620c3a16f1995057c2ab88ac,,stale,VALID,181788f2,,,valid_direct_stale
i0coin,validated_stales,data/i0coin_validated_stales.csv,142,stale_only_publication,repo-data,1429972,,349299,00000000000000000ab163de1c6fb54ead7f42331bd0304c8648979434030e52,000000000000000013db76f645bc93dc0e1590875b797cbb32fc2a125421cbfa,1427355195,181788f2,1662935462,02000000facb2154122afc32bb7c795b8790150edc93bc45f676db130000000000000000a6c0e5533332462a3109e7a6078702957c01646129fb1f7a256eac10155905963bb61355f2881718a6611e63,03735405e4b883e5bda9e7a59ee4bb99e9b1bcfabe6d6d93b1a76088134d61962055caf21ac720229e041e4b3be608c29fb58beb0c281b1000000000000000035b61bc804903004d696e656420627920737a7a79743939,76a914c825a1ecf2a6830c4401620c3a16f1995057c2ab88ac,,stale,VALID,181788f2,,,valid_direct_stale
i0coin,validated_stales,data/i0coin_validated_stales.csv,143,stale_only_publication,repo-data,1436925,,350391,000000000000000014c96948ae6b331428cb984abf7b9659dcd091c5d8e03bb4,0000000000000000053fe0633b7bf5fbf1cce511ef1298e34d582a30fcfaa4e1,1427986437,181788f2,701326580,02000000e1a4fafc302a584de39812ef11e5ccf1fbf57b3b63e03f050000000000000000e6701a6b18abe687ae0d1472fcefd6f30d2fbdf7b13907f13f288a044ff7b61905581d55f2881718f464cd29,03b75805e4b883e5bda9e7a59ee4bb99e9b1bcfabe6d6d7f3e9b975cd8535a9141a5873509859de70af6e20eb6399f8c43761e06730ed91000000000000000033388636f2603004d696e656420627920717765737a,76a914c825a1ecf2a6830c4401620c3a16f1995057c2ab88ac,,stale,VALID,181788f2,,,valid_direct_stale
i0coin,validated_stales,data/i0coin_validated_stales.csv,144,stale_only_publication,repo-data,1441788,,351124,0000000000000000088e15c6dbd57866931d0b5a68b975e561e2535f5b58bc2f,0000000000000000066838af216c07f09f14f1f81633319c545afbfa6458a999,1428415059,18163c71,274283672,0200000099a95864fafb5a549c313316f8f1149ff0076c21af38680600000000000000005d62299edf71f48704e7bac15a16c6fb9f97b872122fc712371ed9866928cf7e53e22355713c1618983c5910,03945b05e4b883e5bda9e7a59ee4bb99e9b1bcfabe6d6d67ecf97b1a842f9216e6d6a949e886db745d4ab60e939f7fa1fd915c203235101000000000000000009220bd0000007a,76a914c825a1ecf2a6830c4401620c3a16f1995057c2ab88ac,,stale,VALID,18163c71,,,valid_direct_stale
i0coin,validated_stales,data/i0coin_validated_stales.csv,145,stale_only_publication,repo-data,1453697,,352802,00000000000000000c6d59c30f727419375c55cbc88344b8425b295b7e44eb65,00000000000000000237e36563270937d012404a82d1c9a9c374bf33401d1486,1429469398,181717f0,3260395958,0200000086141d4033bf74c3a9c9d1824a4012d03709276365e3370200000000000000002d23711bfcdae7698eb7688e2fa511a7bb4890ee77879d826f06a83264406b1ed6f83355f0171718b6b155c2,03226205e4b883e5bda9e7a59ee4bb99e9b1bcfabe6d6d73251622b178236d18374d4ee9b3e6fd09e6c49aadc90db335b47ff7da562dbd10000000000000000069c370f15301004d696e6564206279207a6878,76a914c825a1ecf2a6830c4401620c3a16f1995057c2ab88ac,,stale,VALID,181717f0,,,valid_direct_stale
i0coin,validated_stales,data/i0coin_validated_stales.csv,146,stale_only_publication,repo-data,1457073,,353339,0000000000000000104fc42b25b47fd0c735f5c149d5684cdc2c7a1024cbfe0b,00000000000000000f2dfa47d7d9062af1577db54591174bae5a53f2f88ed550,1429770047,181717f0,2094008061,0200000050d58ef8f2535aae4b179145b57d57f12a06d9d747fa2d0f00000000000000002252f7f143e29b98882c70195c691e74a20a7635454c88e58100697a762687f83f8f3855f0171718fd06d07c,033b6405e4b883e5bda9e7a59ee4bb99e9b1bcfabe6d6d620c101533c5938a3621c5e1d75ce07057a7d945afea3565a470ccdd7584eae3100000000000000000ffa80a000000084d696e6564206279206c646831303137313836383631,76a914c825a1ecf2a6830c4401620c3a16f1995057c2ab88ac,,stale,VALID,181717f0,,,valid_direct_stale
i0coin,validated_stales,data/i0coin_validated_stales.csv,147,stale_only_publication,repo-data,1477667,,356381,000000000000000005e60a3c97841d0e876a8cef9126f3fcc721591c866de3d3,00000000000000000e2cd26b6438236a63fb001e3d0c8b2d2079122299f831a5,1431601184,181713dd,1462411265,02000000a531f899221279202d8b0c3d1e00fb636a2338646bd22c0e000000000000000017a2d5ef9f5932022e3be2c11d9409a2a065463d8beeb9683f386184a258125120805455dd13171801a02a57,031d7005e4b883e5bda9e7a59ee4bb99e9b1bcfabe6d6d017be1f5af9f973d76b63d7051acb47a54ace3fce97e0ade2bc11afe0b7e7cac10000000000000000097310940e003004d696e6564206279206a736474787a6a,76a914c825a1ecf2a6830c4401620c3a16f1995057c2ab88ac,,stale,VALID,181713dd,,,valid_direct_stale
i0coin,validated_stales,data/i0coin_validated_stales.csv,148,stale_only_publication,repo-data,1483780,,357309,000000000000000014c6ca0b3d3311e96cac9207072736034fac8bd0ec28da2f,000000000000000008b26f5172ca3d5f97bc8773aed945989e20d6032dec1f6c,1432149228,181686f5,3926628182,020000006c1fec2d03d6209e9845d9ae7387bc975f3dca72516fb2080000000000000000240e208d18a602910fe6b4b57b83af0497b87e95ef1d9ee6c331166842b67978ecdc5c55f586161856970bea,03bd7305e4b883e5bda9e7a59ee4bb99e9b1bcfabe6d6de980acfd337ac8cdd14937e5ca0fe9f28db9027a87ca035243dbc24eb1bd0ce1100000000000000003534f74a8fe00004d696e65642062792068616f3131313130,76a914c825a1ecf2a6830c4401620c3a16f1995057c2ab88ac,,stale,VALID,181686f5,,,valid_direct_stale
i0coin,validated_stales,data/i0coin_validated_stales.csv,149,stale_only_publication,repo-data,1484513,,357427,000000000000000007a0ac307aedd792541e933262cfccdd0b40d9270e49f813,000000000000000004b281df87ee754de8cae88a11181884df73369db58dcd96,1432216593,181686f5,1050522282,0200000096cd8db59d3673df841818118ae8cae84d75ee87df81b2040000000000000000a045aafce377721bc6f94d0e1ca6971b94f6be5e5fb76e3b4f8c1230adf074a211e45d55f5861618aab29d3e,03337405e4b883e5bda9e7a59ee4bb99e9b1bcfabe6d6d44e64565d0056dec0d5b2c1d664fad071fbb70f9cc386dd6e725f8043f735ecc1000000000000000034ddf4a000012264d696e656420627920616c616e687569,76a914c825a1ecf2a6830c4401620c3a16f1995057c2ab88ac,,stale,VALID,181686f5,,,valid_direct_stale
i0coin,validated_stales,data/i0coin_validated_stales.csv,150,stale_only_publication,repo-data,1496819,,359234,00000000000000000dd889807f25225b494a908da187b935d43bb6f79851b943,00000000000000000fb8dba927ca3849ef629ebf3684f28fc1fc78d1203d033a,1433328161,18171a8b,2680650472,030000003a033d20d178fcc18ff28436bf9e62ef4938ca27a9dbb80f0000000000000000fdb16b5fdd20ebdde100f0e25f43fcbb7d9f079c9af9025d3c95582c316f73dc21da6e558b1a1718e87ac79f,03427b05e4b883e5bda9e7a59ee4bb99e9b1bcfabe6d6dd3de3fbdc77b6a9094b32e64657beac883fe64b74df1c840625ebaeaedf3f15510000000000000000abf1573145303004d696e65642062792068616e64616e73783831,76a914c825a1ecf2a6830c4401620c3a16f1995057c2ab88ac,,stale,VALID,18171a8b,,,valid_direct_stale
i0coin,validated_stales,data/i0coin_validated_stales.csv,151,stale_only_publication,repo-data,1501972,,360057,000000000000000016abf022448c6d53d29c79f3f7352cf920e103fbf0835078,000000000000000010f650e0e832b194c60f22485f0e0ef19819781821493380,1433801888,18171a8b,3491433811,030000008033492118781998f10e0e5f48220fc694b132e8e050f6100000000000000000c839e808722f22ee16ef4c5262a1c4fae71b5ea96d4e231dcbed7334217f677da01476558b1a1718530d1bd0,03797e05e4b883e5bda9e7a59ee4bb99e9b1bcfabe6d6d541a3b0c00ca61f787b1282c58aa3bcbf96e7c1ce3bb41b8b552412e026dbc2c10000000000000000ad2a93aca5502004d696e65642062792067756f6368616e676a69616e67,76a914c825a1ecf2a6830c4401620c3a16f1995057c2ab88ac,,stale,VALID,18171a8b,,,valid_direct_stale
i0coin,validated_stales,data/i0coin_validated_stales.csv,152,stale_only_publication,repo-data,1527247,,363959,00000000000000001262efe584ec7ac039dba15b56d6ed239249c483636b15ef,000000000000000010f14e0687867ae37dafce2a918cdf3f9eccdfa992445eb5,1436109800,1816418e,1260620776,03000000b55e4492a9dfcc9e3fdf8c912aceaf7de37a8687064ef11000000000000000008f6f9ee378e08263bcb576747399077b9c78f74789495e236435aecffa616a58e84b99558e411618e88b234b,03b78d05e4b883e5bda9e7a59ee4bb99e9b1bcfabe6d6ded7c5c46486bf1fe4764c6c549109a688d9aad3d6ed329a66a0d6e0f2424436710000000f09f909f4e657720486f72697a6f6e73206973203130353433333632206b6d20746f20506c75746f00,76a914c825a1ecf2a6830c4401620c3a16f1995057c2ab88ac,,stale,VALID,1816418e,,,valid_direct_stale
i0coin,validated_stales,data/i0coin_validated_stales.csv,153,stale_only_publication,repo-data,1530056,,364418,000000000000000001b9c10b4b84de74e21cb6428e82bc069f96f80ebf667637,000000000000000011e414c114572b3be1b73aeebab87a75a65c3c04456cb9fd,1436368314,1816418e,1288940764,03000000fdb96c45043c5ca6757ab8baee3ab7e13b2b5714c114e411000000000000000000067bae371d7adff47a49cef7b0bbbf84c7f086c19ef726adfc8898194056f8ba3d9d558e411618dcacd34c,03828f05fabe6d6de8c2eb2c5eb78b9ccb82dc8c0328dc9ad85a1d8b03b46a9552965850af5ab2a110000000f09f909fe696b0e8a696e9878ee8999fe8b79de586a5e78e8be6989f36393739303534e585ace9878c000000000000000000000000000000,76a914c825a1ecf2a6830c4401620c3a16f1995057c2ab88ac,,stale,VALID,1816418e,,,valid_direct_stale
i0coin,validated_stales,data/i0coin_validated_stales.csv,154,stale_only_publication,repo-data,1537830,,365633,000000000000000011ed38b549c7baa06334467f087bb09c272d99be9d34ad41,0000000000000000127ebb6ff12c7e0754aea7b3802a064720f0ad0aae76f9fc,1437094697,181586c8,653049728,03000000fcf976ae0aadf02047062a80b3a7ae54077e2cf16fbb7e120000000000000000d172f37f92fb482abf8c3005aed820825c03ef83b15d7ff8413fca5db776846d2953a855c886151880bfec26,03419405e4b883e5bda9e7a59ee4bb99e9b1bcfabe6d6d81af2918f651acbdf68b092cea47c7ae26e44638f41642a7b5a93f7a8242600410000000f09f909f00000000000000000000000000000000000000000000000000000000000000000000000000,76a914c825a1ecf2a6830c4401620c3a16f1995057c2ab88ac,,stale,VALID,181586c8,,,valid_direct_stale
i0coin,validated_stales,data/i0coin_validated_stales.csv,155,stale_only_publication,repo-data,2159040,,472975,00000000000000000067a24962827bc94d347066a2acec324625da67a0b10168,00000000000000000133740b831ddbd4f604a85981d664f58e5df89cc5b77c5f,1498489560,18018b7e,1103959557,020000205f7cb7c59cf85d8ef564d68159a804f6d4db1d830b7433010000000000000000ed501cc6f948e3d8fa9e46d297f0091e7f4a65eadd76ce8b73173e8c8a54c239d82251597e8b01180516cd41,038f37072cfabe6d6d9d0ee0285647bd696f02837bcad0144374a50fa5fe370a6ecd5573b50b1f857e8000000000000000,76a91416ae11e7b47ba05a3e495ce47f16b9ab95c3551488ac;4104ffd03de44a6e11b9917f3a29f9443283d9871c9d743ef30d5eddcd37094b64d1b3d8090496b53256786bf5c82932ec23c3b74d9f05a6f95a8b5529352656664bac;6a2878a537202e3e1feb7bb1a183c353a712b495deb95ba4f3434e0495c2dfb17c610200000072360702,,stale,VALID,18018b7e,,,valid_direct_stale
i0coin,validated_stales,data/i0coin_validated_stales.csv,156,stale_only_publication,repo-data,2210391,,481180,00000000000000000046ec34684798780becaceb4f393dabb071f89206236998,000000000000000000972190f34a25bad47d4c8b6eb232704634bb5719fbeece,1503105623,180130e0,2938770971,02000020ceeefb1957bb34467032b26e8b4c7dd4ba254af390219700000000000000000090ff091f7998e8c837c70e7a1df725be39df48787ba139f40ba648d5c6d6d23c57929759e03001181b162aaf,039c570741d665e496a8673f41d665e4962c515e2f4254432e544f502f4e59412f4542312f4144362ffabe6d6dbc442a66f26e9ff761bcd313154b38595918edac225aa7a49ec345f81989d2eb800000000000000009197b1e114d000000000000,76a914ba507bae8f1643d2556000ca26b9301b9069dc6b88ac;6a24aa21a9ed23c759e65d08f4e69de9b223f28faee7d2f58b9f716343e69fdfc024bce82c76,,stale,"VALID (post-BCH, difficulty matches BTC)",180130e0,,,valid_direct_stale
i0coin,validated_stales,data/i0coin_validated_stales.csv,157,stale_only_publication,repo-data,2222892,,482910,000000000000000000ccafc5477e199fb98ebf501a258cfc246a989160b52a5f,00000000000000000054451b1d0d386911d1a8167a5cb79d6b6f5bdb08da8ba6,1504234537,18013ce9,4068614712,00000020a68bda08db5b6f6b9db75c7a16a8d11169380d1d1b45540000000000000000007976e2ed7c4d8c87b04f11014cc981c0b6a3d04ba457db011a120f90a8aa2cf429cca859e93c0118382282f2,035e5e0741d66a330ae7be3541d66a330a4d297c2f4254432e544f502f4e59412f4542312f4144362ffabe6d6def54da3b157e98e6dcc226bc463f2c32f183559ed4e17415953963b4c5e50ec58000000000000000098a469642dc6db400000000,76a914ba507bae8f1643d2556000ca26b9301b9069dc6b88ac;6a24aa21a9edb352aef85ed64dd397ff1ebf4831f1497d4371ddf7af20ca835add5d155afe6b,,stale,"VALID (post-BCH, difficulty matches BTC)",18013ce9,,,valid_direct_stale
i0coin,validated_stales,data/i0coin_validated_stales.csv,158,stale_only_publication,repo-data,2224982,,483261,00000000000000000091d8cba329aa16472e90dfa76ee0eff3e964be46a8a402,000000000000000000169d07d42816770802c5bc151237e63b893f05bfdba947,1504423106,18013ce9,3041912350,0000002047a9dbbf053f893be6371215bcc50208771628d4079d16000000000000000000f8296efc0a06b198e8937caf7bf3d8eb3473142f9be78eb289036d80793653efc2acab59e93c01181ee64fb5,03bd5f0741d66aeb31dff57541d66aeb30fceb7a2f4254432e544f502f4e59412f4542312f4144362ffabe6d6dac33994f36359b196e8a41492775957adf2a12ad058c6d5db5776c63b5849a048000000000000000972153094ad1010000000000,76a914ba507bae8f1643d2556000ca26b9301b9069dc6b88ac;6a24aa21a9ed028534375afe17d878e8af13fce72e6b9ff775a7b4dc2a7aa16d25fb3485d2ec,,stale,"VALID (post-BCH, difficulty matches BTC)",18013ce9,,,valid_direct_stale
i0coin,validated_stales,data/i0coin_validated_stales.csv,159,stale_only_publication,repo-data,2228412,,483897,000000000000000000756ed2241bdeb4a4b35dce547d9c4a4b1751326b1080ac,000000000000000000cd5609e77ee84cee00964f9f33708c5253b462ee2fdf79,1504732346,1801310b,1628840730,0000002079df2fee62b453528c70339f4f9600ee4ce87ee70956cd000000000000000000e5e5ba5302aa551d67e944b65bfa727e9a2fe63c6b781f2b73598e3b85a82044ba64b0590b3101181a231661,0339620741d66c192efdc0d841d66c192eeeb9302f4254432e544f502f4e59412f4542312f4144362ffabe6d6daad93d26771dce91d55df5f441468287f6036d452ab7f8f86a33b3794486362c80000000000000000515dca71e55010000000000,76a914ba507bae8f1643d2556000ca26b9301b9069dc6b88ac;6a24aa21a9ed9d33530097548974c7087fe630bbfefa4127d06138160381e30decf13053f2cc,,stale,"VALID (post-BCH, difficulty matches BTC)",1801310b,,,valid_direct_stale
i0coin,validated_stales,data/i0coin_validated_stales.csv,160,stale_only_publication,repo-data,2230214,,484218,0000000000000000011025958789cdd9a8dd8382eae174a9b1d307e6b21faa28,0000000000000000007a363d793466c78672c56df72a54632ab303588a765d08,1504896495,1801310b,3401196994,00000020085d768a5803b32a63542af76dc57286c76634793d367a000000000000000000a3b5e49cc258be72bdadfe1b5be97385207b891139cb1a7a77135e57784927ecefe5b2590b310118c225baca,037a630741d66cb97d455bb541d66cb97c16bab22f4254432e544f502f4e59412f4542312f4144362ffabe6d6d6be52aa142f57c7b44bea17040dd626bcf1e5aebaf917abb157d8ef47041bb0a800000000000000004355f1191ae010000000000,76a914ba507bae8f1643d2556000ca26b9301b9069dc6b88ac;6a24aa21a9edb67f80562c01ea584ea16a089e4573321d746ff572496f69691b57866a431800,,stale,"VALID (post-BCH, difficulty matches BTC)",1801310b,,,valid_direct_stale
i0coin,validated_stales,data/i0coin_validated_stales.csv,161,stale_only_publication,repo-data,2231393,,484431,000000000000000000ecb95232f1b6c3c4fb8569b2559f7d37936343e069895f,00000000000000000011a4588b066bfc41c6d893be7caebe4bcfc918892dbfe0,1505001803,1801310b,849450848,00000020e0bf2d8918c9cf4bbeae7cbe93d8c641fc6b068b58a411000000000000000000bef3a6ba76ae87b1f8efed284e0ea6ea022a3af75ec73e3c857c03b547c9b6b14b81b4590b3101186097a132,034f64072cfabe6d6d87e3ec555672cc2cc8abcd7f16555175df222c7daf22bd50a603f7f90fb1e23b20000000000000002f4e59412f,76a91499c02ebccad91945bcb469e5a66240b3c7ee614e88ac;6a224d696e65642062792031686173682e636f6d596db14432fdb78d000e2e66fb575515;6a24aa21a9ed23e5f4bd0299e1210ec795d5da824e1606b52981dd49c0dcc2e7d894e37a41a0,,stale,"VALID (post-BCH, difficulty matches BTC)",1801310b,,,valid_direct_stale
i0coin,validated_stales,data/i0coin_validated_stales.csv,162,stale_only_publication,repo-data,2243096,,486411,0000000000000000006a21312b5297e69fe375fb42d8832ce6fdec4b373f275f,000000000000000000666ba7a3feb41fd453909399411362b36cc3118c4d546c,1506047005,1800ff18,647432417,000000206c544d8c11c36cb362134199939053d41fb4fea3a76b660000000000000000009bcf3f245a91cf23e185b43951eb52d08dfe71e3d1e98bee65b9ff7ff1601c291d74c45918ff0018e1089726,030b6c0741d6711d07c9e8eb41d6711d078c08212f4254432e544f502f4e59412f4542312f4144362ffabe6d6d0536d4cfc26e1934385ff98582beb4aa09f493bc49e445e6cf6e20afe85a31a98000000000000000994f47f30000a755b1620000,76a914ba507bae8f1643d2556000ca26b9301b9069dc6b88ac;6a24aa21a9edf47689c5c57c95f8fb51ce9ab2603a1d9b1bc903f04c6d593f1f35b1e23d7f83,,stale,"VALID (post-BCH, difficulty matches BTC)",1800ff18,,,valid_direct_stale
i0coin,validated_stales,data/i0coin_validated_stales.csv,163,stale_only_publication,repo-data,2299310,,495139,000000000000000000c4aacfe36721d1f10358cfb42e69e732ffa2543ba1662f,0000000000000000006933728fdbedabb64cee0c9335f4a0e28fbd5b97fe0577,1511126778,1800ce4b,2256015227,000000207705fe975bbd8fe2a0f435930cee4cb6abeddb8f7233690000000000000000003c31161d22b436a9873e59a11dab45a1e4de237d962f8f027279ec81470bd315faf6115a4bce00187b0f7886,03238e0741d6847dbcd148d441d6847dbca262b92f4254432e544f502ffabe6d6deeea24753878b278979c7d993ba8d8d91b92aa2ec36eb2f5b38698079dba7ea18000000000000000f400fc780f1449a200000000,76a914ba507bae8f1643d2556000ca26b9301b9069dc6b88ac;6a24aa21a9ed8bc975e4c9b5c7b5330f312a07f839ca1d9b0a8e5cf0a8617cfd50d7a3c8dca0,,stale,"VALID (post-BCH, difficulty matches BTC)",1800ce4b,,,valid_direct_stale
i0coin,validated_stales,data/i0coin_validated_stales.csv,164,stale_only_publication,repo-data,2299538,,495171,000000000000000000808eb41dd47d57aef25374b3c248b2b91ca9b5d97ff51f,00000000000000000083612f773b381a8b0ecbeef5d9c55e97737b2b4069291a,1511148095,1800ce4b,2571840915,000000201a2969402b7b73975ec5d9f5eecb0e8b1a383b772f6183000000000000000000635a6de69ca79abc8836afaff838005504d27fd63b67a4ae4dda75b2952237e63f4a125a4bce0018932d4b99,03438e0741d684929042613841d684929015aed62f4254432e544f502ffabe6d6db85755b9dbbbaff150b39de1ff3ba49dc4054f6437d588f214ba6824ee79959e8000000000000000fc0025755c50000000000000,76a9142b9db958ed02331e9fe78eff8c33cc9b276e40f188ac;6a24aa21a9edd1abbd626ada754eaccb244ba0f42400ab68e2f1669660278814a6ea24f4c3b4,,stale,"VALID (post-BCH, difficulty matches BTC)",1800ce4b,,,valid_direct_stale
i0coin,validated_stales,data/i0coin_validated_stales.csv,165,stale_only_publication,repo-data,2349946,,503806,000000000000000000841bfca4eb3f5b4c028d78a8af8dd0e0fcdd2774d9b8b3,0000000000000000008a4e9bd8f713b2473fdcbd90d791fb62f01e73a0802cbf,1515726267,180091c1,2430051977,00000020bf2c80a0731ef062fb91d790bddc3f47b213f7d89b4e8a0000000000000000000bf5e658c66404c4bfd70e0b978ca825919b4940e19331565a5905b0d547ba97bb25585ac191001889a6d790,03feaf0741d696096f1b91b841d696096f0d9e942f4254432e544f502ffabe6d6db0db0f45b3537b95086fae078b50bf3e20b16f78f3b529e16f2b5f82a54216508000000000000000f900c89726ef000000000000,76a914ba507bae8f1643d2556000ca26b9301b9069dc6b88ac;6a24aa21a9edc1860360f357bc3f31397505f1d9c6128d848d2ea8816b01e9f3323217e5683c,,stale,"VALID (post-BCH, difficulty matches BTC)",180091c1,,,valid_direct_stale
i0coin,validated_stales,data/i0coin_validated_stales.csv,166,stale_only_publication,repo-data,2350155,,503839,000000000000000000604325382f569da26fca365c7bdbb0de8bd12da4c86d4f,0000000000000000002b662533d6de1bebad43e454acf9aa93719bcc8730830d,1515744972,180091c1,3458353068,000000200d833087cc9b7193aaf9ac54e443adeb1bded63325662b00000000000000000012b1790336a10c7bc4a4772d3f502c42a17d942ce555858145d90cdafbf4421bcc6e585ac1910018ac4722ce,031fb00741d6961ba86ba3df41d6961ba8348cc02f4254432e544f502ffabe6d6d8c4c02c6d47e632700da9e9b6c32788dc72c18a65a6715d0bc22ea0837095c4f8000000000000000d7000a1bbc0200a000000000,76a914ba507bae8f1643d2556000ca26b9301b9069dc6b88ac;6a24aa21a9edf03444ba171e7f0aa90bb7a1fd49b7294aef52fbf14de72af6f0c0f7be33da54,,stale,"VALID (post-BCH, difficulty matches BTC)",180091c1,,,valid_direct_stale
i0coin,validated_stales,data/i0coin_validated_stales.csv,167,stale_only_publication,repo-data,2356895,,504952,00000000000000000015c30099593e9b5e974af1d27b7b49910856e3434401cc,0000000000000000001f940b4e4b923a95a6bc597ac4084df7c34665de2b08e2,1516351621,177e578c,563219467,00000020e2082bde6546c3f74d08c47a59bca6953a924b4e0b941f00000000000000000014df3a05ee4711032f1a7576af115506a495ecf0c80b4df0fe35d275667185a685b0615a8c577e170b0c9221,0378b40741d6986c227da1a541d6986c2152c6962f4254432e544f502ffabe6d6d7f3ec5f9325275588af417678467e2737b0f75df487e8842064d524620be709d8000000000000000f600abe90b34000000000000,76a914ba507bae8f1643d2556000ca26b9301b9069dc6b88ac;6a24aa21a9ed86a62eb83c796100270f088cd927ad5ea635c423511c7fab7a451fbe6a66d310,,stale,"VALID (post-BCH, difficulty matches BTC)",177e578c,,,valid_direct_stale
