chain,source_kind,source_path,source_row_number,artifact_scope,provenance,child_height,child_block_hash,btc_height,btc_header_hash,btc_prev_hash,btc_time,btc_bits,btc_nonce,btc_header_hex,coinbase_scriptsig_hex,coinbase_outputs,full_coinbase_hex,classification,validation_status,expected_nbits,rejection_reason,btc_stale_relevance,relevance_reason
rsk,full_inventory,<chain-archive>/rsk/classified/rsk_stale_blocks.csv,10326,full_classifier_inventory,archive,2954542,,,0000000000000000000404bc39fdc580154c6f70966acdd7d8808fee3865fe26,b62e35e6e382a534674babd949d7ac1d1f07ebd500092bf10000000000000000,1608350069,170f1372,718876546,00e0ff7f0000000000000000f12b0900d5eb071f1dacd749d9ab4b6734a582e3e6352eb65143d79b852b4afd67a2839aa7657dc0958e10d5bfd5f080e1afd372aa8345e47579dd5f72130f17822fd92a,,,,unknown,,,,strict_btc_orphan,strict_height_nbits_match
rsk,full_inventory,<chain-archive>/rsk/classified/rsk_stale_blocks.csv,25432,full_classifier_inventory,archive,5019768,,,00000000000000000002761b955201609da7fec57f93ba6f1971d60868860f7d,0000000000000000011846eb0386c120b19ad90e4ebab559292dab563bc3ee36,1675330031,17072720,1671821318,0040ef2636eec33b56ab2d2959b5ba4e0ed99ab120c18603eb4618010000000000000000d660f12f2da5fe82e009f75f6c980c93842b98228b6ed4a3cc9d1f68806b96aaef81db632027071706f8a563,,,,unknown,,,,strict_btc_orphan,strict_height_nbits_match
rsk,full_inventory,<chain-archive>/rsk/classified/rsk_stale_blocks.csv,28833,full_classifier_inventory,archive,5814419,,,00000000000000000002519abcdc0b85977087bae63a36cd4a13638c22721ebd,00000000000000000003bccb5c7ff759adc174d474053dc4eb14bb1bdc67895b,1700080312,17045a12,3794945228,00a0a0295b8967dc1bbb14ebc43d0574d474c1ad59f77f5ccbbc0300000000000000000018bfec3da2b3a1a8e5ac8278e584863e7769c53dde9df7e0a7268e1ce5dafd4cb82a5565125a0417cc4432e2,,,,unknown,,,,strict_btc_orphan,strict_height_nbits_match
rsk,validated_stales,data/rsk_validated_stales.csv,2,stale_only_publication,repo-data,263443,,514235,00000000000000000025c54fa42d8d92ba7267a90a858451716f89ecae79244c,0000000000000000000faa5f786357a24ab1fdaf2538f12b0ebc4cd11565306f,1521456595,17514a49,1383250774,000000206f306515d14cbc0e2bf13825affdb14aa25763785faa0f000000000000000000781ed21b07c5fc05a9c46c0153372364af031f13882d9cd4f5aaf13e304951b0d395af5a494a511756bb7252,,,,stale,VALID,17514a49,,,valid_direct_stale
rsk,validated_stales,data/rsk_validated_stales.csv,3,stale_only_publication,repo-data,417922,,523738,00000000000000000038dc4e4202ca390cc9b0164f38e757dab05b019e062750,00000000000000000028ba2318243af3f32d54f50b25d42befe127aa6c3d6427,1526933953,1743eca9,637988005,0000002027643d6caa27e1ef2bd4250bf5542df3f33a241823ba280000000000000000004d209213717184dac8c62aa615b84fb38724af04017e5fa63c6635bdbd681e34c129035ba9ec4317a5ec0626,,,,stale,VALID,1743eca9,,,valid_direct_stale
rsk,validated_stales,data/rsk_validated_stales.csv,4,stale_only_publication,repo-data,550920,,530707,000000000000000000180f14805b550bcc1395a5458de8ac4f2405d989d55c1d,000000000000000000116bfb5a0a75771230626107b915b38fe716209c4d94e3,1530872300,17347a28,2867909478,00000020e3944d9c2016e78fb315b9076162301277750a5afb6b11000000000000000000a1828b8e34e952947d3b2f3d18b4c7c13cba2a73695c859663685d34a1c42908ec413f5b287a341766d3f0aa,,,,stale,VALID,17347a28,,,valid_direct_stale
rsk,validated_stales,data/rsk_validated_stales.csv,5,stale_only_publication,repo-data,578005,,532060,00000000000000000004ea2972668618586f47b9b237c931a05ac5638ae64ba3,0000000000000000001332efcba77e8633d43b2b596b4fef0807a4f0c6267cf3,1531684000,17347a28,998503548,00000020f37c26c6f0a40708ef4f6b592b3bd433867ea7cbef32130000000000000000004843e50377cb47ca394a7ad08ed1a36b5d2da3770678fa651d869904aa4b6038a0a44b5b287a34177cf4833b,,,,stale,VALID,17347a28,,,valid_direct_stale
rsk,validated_stales,data/rsk_validated_stales.csv,6,stale_only_publication,repo-data,582221,,532257,0000000000000000000d151d626c3c3ee7892a0223ecdb0ecb0b89608557020e,00000000000000000021fac4295c4415fbee1dcf36c812be5481cf55b6178cdc,1531814741,17365a17,615385094,00000020dc8c17b655cf8154be12c836cf1deefb15445c29c4fa21000000000000000000d3b682ae60ea7d74e524455434d48c65ca6445a916edb3ce9d0f93bdacfd715d55a34d5b175a36170608ae24,,,,stale,VALID,17365a17,,,valid_direct_stale
rsk,validated_stales,data/rsk_validated_stales.csv,7,stale_only_publication,repo-data,606536,,533648,0000000000000000000cb756d90a21fa23ef67d27596d78d8abd5b0554dcbe36,0000000000000000000a205ff8afd212bc9a840c43aec5a58b613b3b6c53c5da,1532545515,17365a17,842975821,00000020dac5536c3b3b618ba5c5ae430c849abc12d2aff85f200a000000000000000000aa981c7ada5cb35f5a5e1ca02075b95db74134b0e797505316cb34642bb70790ebc9585b175a36174dca3e32,,,,stale,VALID,17365a17,,,valid_direct_stale
rsk,validated_stales,data/rsk_validated_stales.csv,8,stale_only_publication,repo-data,735940,,540801,0000000000000000001b934f570a5a225aa47f7f127ec13456e0871ec10b9a8f,00000000000000000007e8c8592700b2d473edcc707969b616b7ccfd85ba4bb3,1536585805,172819a1,3088025417,00e00020b34bba85fdccb716b6697970cced73d4b2002759c8e807000000000000000000cb4bdbc5a23a69edcba9e42de4d3b64076d6abb5b3e67902cf573558fddd84ab4d70965ba119281749870fb8,,,,stale,VALID,172819a1,,,valid_direct_stale
rsk,validated_stales,data/rsk_validated_stales.csv,9,stale_only_publication,repo-data,791386,,543892,000000000000000000082fd7cff6b97ba03405ec723b3649658d270a4ff12a9b,000000000000000000155d265a245ccda4d3f544d34cd0d1474976a2a6856c93,1538382476,17275a1f,1481952821,00e0ff3f936c85a6a2764947d1d04cd344f5d3a4cd5c245a265d15000000000000000000ca05b37f0e74eee1b215bb4e79064a41398459be7b8ad98ad3c12bc5acadc0848cdab15b1f5a271735ce5458,,,,stale,VALID,17275a1f,,,valid_direct_stale
rsk,validated_stales,data/rsk_validated_stales.csv,10,stale_only_publication,repo-data,807286,,544765,000000000000000000020180eb022e923f5ed5750a3d235a7c855cc431711326,000000000000000000198f82cc3eea075d66c7d7f78e310b8eb3738beeac079c,1538914331,1725c191,1827914529,000000209c07acee8b73b38e0b318ef7d7c7665d07ea3ecc828f190000000000000000001dc4f1d312027a48ae5a3455906348a82ce073f450256938984761a4b9c608d41bf8b95b91c1251721c3f36c,,,,stale,VALID,1725c191,,,valid_direct_stale
rsk,validated_stales,data/rsk_validated_stales.csv,11,stale_only_publication,repo-data,848118,,547031,00000000000000000025f54e8fd24d284ab17aac3e6848d13a8f3c0c8c0df3cb,0000000000000000000f836c7d799395d7d3b14ef5c12a8b1114b0c56edf8089,1540308331,17272fbd,2637682757,000000208980df6ec5b014118b2ac1f54eb1d3d79593797d6c830f0000000000000000009c2a1d9652729f78b8781f6fa8c842f8df04df638c710b262d340762a2ff16716b3dcf5bbd2f271745d8379d,,,,stale,VALID,17272fbd,,,valid_direct_stale
rsk,validated_stales,data/rsk_validated_stales.csv,12,stale_only_publication,repo-data,851406,,547182,0000000000000000000b1d1a9322fae2af88977762a548dc5c3d9b0dd6a88142,000000000000000000001e805ba2b48e4f1424a0dd12043ab1bf788b17c6ade0,1540418548,17272fbd,130453051,00000020e0adc6178b78bfb13a0412dda024144f8eb4a25b801e0000000000000000000000d0674b35cc73740a8e8b4d2d44b832b90e1903891067b859cd877a567bb2f4f4ebd05bbd2f27173b8ec607,,,,stale,VALID,17272fbd,,,valid_direct_stale
rsk,validated_stales,data/rsk_validated_stales.csv,13,stale_only_publication,repo-data,911978,,550431,00000000000000000008b5e0da2d67dbeaa5ac4ac9344a8a9c14510491b5671d,00000000000000000019d65f321a748460eb3c667716211f42bb18364f46c9f7,1542449990,172a4e2f,2121935404,00e00020f7c9464f3618bb421f211677663ceb6084741a325fd6190000000000000000003a597de3ef30fd177d9d053e16ce6a02d7143273bf232e89d9f0377bc1c8fdce46ebef5b2f4e2a172c2a7a7e,,,,stale,VALID,172a4e2f,,,valid_direct_stale
rsk,validated_stales,data/rsk_validated_stales.csv,14,stale_only_publication,repo-data,977293,,553457,000000000000000000209e2da61daf786ab8b1cc74011a50885c63aeeadd4698,0000000000000000001e4ca13cd75afbd8afcf92257dc731dcad64f03a888732,1544572844,1731d97c,3244233797,000040203287883af064addc31c77d2592cfafd8fb5ad73ca14c1e0000000000000000009219d42edae5c93e5b6f8dd36e59dbce84c4ea8ed273054091142263d7ad9138ac4f105c7cd9311745145fc1,,,,stale,VALID,1731d97c,,,valid_direct_stale
rsk,validated_stales,data/rsk_validated_stales.csv,15,stale_only_publication,repo-data,983881,,553769,00000000000000000016eea2d3241be96f3ab3614ca92176f94fb8745abcb4fc,0000000000000000000cb66cc5d193b442908ae3e2333d1bae56b9b9a38ea79c,1544781804,1731d97c,413536916,000000209ca78ea3b9b956ae1b3d33e2e38a9042b493d1c56cb60c00000000000000000010721b4dd80aa890a4abbe54a3ea85fbef63a9c534ed72a45650d91084ff2746ec7f135c7cd931179412a618,,,,stale,VALID,1731d97c,,,valid_direct_stale
rsk,validated_stales,data/rsk_validated_stales.csv,16,stale_only_publication,repo-data,1000226,,554610,00000000000000000012acb8e7bb492657450339ee1d3d3cc18c975ccfb9eb6b,00000000000000000010317d74241f530d9c141a7675316b276c7b5152a5de36,1545300552,17371ef4,1774914480,0000002036dea552517b6c276b3175761a149c0d531f24747d3110000000000000000000fc1b0eec85fa49e87fc4a01059acf0203cb7d092d67b7394d9027adfabce881d486a1b5cf41e3717b00bcb69,,,,stale,VALID,17371ef4,,,valid_direct_stale
rsk,validated_stales,data/rsk_validated_stales.csv,17,stale_only_publication,repo-data,1018210,,555745,0000000000000000002b283a6038cbe5885ab0a0bdcb8b9885a7fa6c7329bdfb,0000000000000000001d4024271ed7dfce09b3f138424914c5139c8d506480ce,1545916216,17371ef4,1474215082,0000c020ce8064508d9c13c514494238f1b309cedfd71e2724401d000000000000000000cb3062dd915012f5ecc33c52b731dcdc362fd961abaff4a88ac650335ad182bf38cf245cf41e3717aabcde57,,,,stale,VALID,17371ef4,,,valid_direct_stale
rsk,validated_stales,data/rsk_validated_stales.csv,18,stale_only_publication,repo-data,1058453,,558228,0000000000000000001bfb4bbbd481a16bdacfa83156334b5294786f8029e4c6,0000000000000000002dba66601cf88f15bbf2ac554c3838667a2e0d3551e47d,1547300291,173218a5,2687427630,000000207de451350d2e7a6638384c55acf2bb158ff81c6066ba2d0000000000000000009f83f8950ebee122552a234ed4404c1d228f7728deb5403488c54aef81967e47c3ed395ca51832172ee42ea0,,,,stale,VALID,173218a5,,,valid_direct_stale
rsk,validated_stales,data/rsk_validated_stales.csv,19,stale_only_publication,repo-data,1060757,,558348,000000000000000000136da07c3034e34e360c7b2f32fb88aa7dfa3edd14ad57,0000000000000000000c9205fa12beefe3e055c2d7ec877e79153dfdad04a7a5,1547379493,173218a5,2514709632,00000020a5a704adfd3d15797e87ecd7c255e0e3efbe12fa05920c0000000000000000005b7427d9b0429be9fc8443459c7f85f67f52b6a8eb5726edd9b6f41c45e3bf0025233b5ca5183217806ce395,,,,stale,VALID,173218a5,,,valid_direct_stale
rsk,validated_stales,data/rsk_validated_stales.csv,20,stale_only_publication,repo-data,1079359,,559371,00000000000000000026059ae3f61fbd77f16d8c7a8c6b9c61f46ec9e8e86097,0000000000000000002e893dee9d16730550c04783ba58bf658cc1dc8a418ab0,1548015337,172fd633,3143482928,00000020b08a418adcc18c65bf58ba8347c0500573169dee3d892e000000000000000000caec41b006fc7ac7a95ee591ce5835076aa9fbc55631e2a302b3c4c1498a1ab7e9d6445c33d62f1730be5dbb,,,,stale,VALID,172fd633,,,valid_direct_stale
rsk,validated_stales,data/rsk_validated_stales.csv,21,stale_only_publication,repo-data,1117357,,561560,0000000000000000001a5108e954cb0c1be3727da56c6b5ad0a8d5315cc878f9,00000000000000000008a0550c92d1ec0f681d39c33c572e802e3090187f0d42,1549318977,17306835,3200897101,00000020420d7f1890302e802e573cc3391d680fecd1920c55a0080000000000000000005031e9c16a294253669a23b4287e92e6938b6e47625dbb3b59970cfc42dd4bf441bb585c356830174dd0c9be,,,,stale,VALID,17306835,,,valid_direct_stale
rsk,validated_stales,data/rsk_validated_stales.csv,22,stale_only_publication,repo-data,1139345,,562876,0000000000000000000e524cefa493d62262900dea32792064d84d4ceff3f924,0000000000000000002867ba38f0c4b798bb94d4df48553e27f87b2136eb0577,1550074880,172e6f88,1955007857,000000207705eb36217bf8273e5548dfd494bb98b7c4f038ba67280000000000000000009ae805ec0e2b168ca9920ce4c7290d430f9e3bf65ec0a74e346d7b39383bd4ea0044645c886f2e17710d8774,,,,stale,VALID,172e6f88,,,valid_direct_stale
rsk,validated_stales,data/rsk_validated_stales.csv,23,stale_only_publication,repo-data,1174967,,564906,0000000000000000002a5fffc63ded44e8beacafaed88906cffd63bd1c1c7456,00000000000000000002861d098d73dec86f8b48c2f43af260c0d619ba340a07,1551285236,172e5b50,4092118078,00000020070a34ba19d6c060f23af4c2488b6fc8de738d091d860200000000000000000053d703fb5d0eaf4e9566d1d9082b0f8d6ee42fbe57c0d70c0e08b80489bfbdd7f4bb765c505b2e173ec4e8f3,,,,stale,VALID,172e5b50,,,valid_direct_stale
rsk,validated_stales,data/rsk_validated_stales.csv,24,stale_only_publication,repo-data,1177106,,565036,00000000000000000016ef1749615972a4598c67259d5114450cd5a09d99042b,0000000000000000001928c9258527e000132e03e7867bdbe5dd341c8585d8e7,1551358185,172e5b50,3688691224,00000020e7d885851c34dde5db7b86e7032e1300e0278525c9281900000000000000000047abc294150fdf2aea37da0736a4c1af8fbbb90acc8081f64d89d0410a3d24c7e9d8775c505b2e1718f6dcdb,,,,stale,VALID,172e5b50,,,valid_direct_stale
rsk,validated_stales,data/rsk_validated_stales.csv,25,stale_only_publication,repo-data,1178267,,565106,00000000000000000028f07e327704f901b4235cd5ca5dbb1cda979e2bc091cd,0000000000000000002d66d8cd9087827d4a95c34b124b1a6b61e19c0c58c768,1551397684,172e5b50,643374701,0000002068c7580c9ce1616b1a4b124bc3954a7d828790cdd8662d000000000000000000f3fb97b9cf0fd908bee3fbfb9cb4c07ce42b44c7ef017b7c0e49d933c93634913473785c505b2e176d1e5926,,,,stale,VALID,172e5b50,,,valid_direct_stale
rsk,validated_stales,data/rsk_validated_stales.csv,26,stale_only_publication,repo-data,1183843,,565437,0000000000000000000a83718716c6257674624f9a8e36c426de63ace038f765,00000000000000000019a285a242854054fbdadba81dae612e12835d19003ec6,1551588148,172e5b50,4101465693,00008020c63e00195d83122e61ae1da8dbdafb54408542a285a21900000000000000000080127352e07efa439a6a52eca130ab002087a6747a33e4e86cd9b8a5ac60dcc8345b7b5c505b2e175d6677f4,,,,stale,VALID,172e5b50,,,valid_direct_stale
rsk,validated_stales,data/rsk_validated_stales.csv,27,stale_only_publication,repo-data,1264364,,570069,000000000000000000214b7d19ea458da8f8e80bc437587a02eb418b5fd8b3aa,00000000000000000012643fe94799a4689337c693fb287b52e4781374ae340d,1554319627,172c1f6c,298297709,000000200d34ae741378e4527b28fb93c6379368a49947e93f64120000000000000000002310577b1e2edda474757278deddcc96f3cb04c848bd477008fcdb9005e66c650b09a55c6c1f2c176da9c711,,,,stale,VALID,172c1f6c,,,valid_direct_stale
rsk,validated_stales,data/rsk_validated_stales.csv,28,stale_only_publication,repo-data,1269400,,570345,00000000000000000018a68b84ee2457362c3761a149e85b1976f401d7518b70,00000000000000000008edfca957aebb52f9896d02107f1a796508f708fc23af,1554479731,172c1f6c,989193984,00000020af23fc08f70865791a7f10026d89f952bbae57a9fced080000000000000000008e54ee6eb6f31ea5d629092f22147c584df4104b6f8fc44b2f1031a46ec87d03737aa75c6c1f2c1700e7f53a,,,,stale,VALID,172c1f6c,,,valid_direct_stale
rsk,validated_stales,data/rsk_validated_stales.csv,29,stale_only_publication,repo-data,1290735,,571486,000000000000000000231ef103e6b509c969f3ed0ceb809de3e5441a0789fe83,00000000000000000026d32ccb097afca01599ed45d59ebef0bb4154f9a82a01,1555166670,172c071d,778093292,00004020012aa8f95441bbf0be9ed545ed9915a0fc7a09cb2cd3260000000000000000001da333cd2001f8ffc2575c4ed61cda7891cb4536f7bf42ee3af3268297ba27cdcef5b15c1d072c17ecc2602e,,,,stale,VALID,172c071d,,,valid_direct_stale
rsk,validated_stales,data/rsk_validated_stales.csv,30,stale_only_publication,repo-data,1306953,,572333,0000000000000000000528b13b09f842b428401ca02f44be163868a8e719bb69,0000000000000000001beb26940418fb628fa28c60da912746861ffbc6d7ea0e,1555689045,172c071d,86489308,0000c0200eead7c6fb1f86462791da608ca28f62fb18049426eb1b00000000000000000014d66b00502bdb9d30f9abe950a33040a852dbc125246bbcba145e905fb6e36455eeb95c1d072c17dcb82705,,,,stale,VALID,172c071d,,,valid_direct_stale
rsk,validated_stales,data/rsk_validated_stales.csv,31,stale_only_publication,repo-data,1324932,,573313,0000000000000000000883f9f6eb9a459426f715ee3895a4dbb6e51e9237eceb,0000000000000000000b91ad8b31b04d944dad0faf29ded4328377c4e6b38642,1556277355,172c4e11,3864867441,000000204286b3e6c4778332d4de29af0fad4d944db0318bad910b0000000000000000008e4c29859bd55a9a1364f38d64a742a390bc047f14edfb38faad62f94408af846be8c25c114e2c1771325de6,,,,stale,VALID,172c4e11,,,valid_direct_stale
rsk,validated_stales,data/rsk_validated_stales.csv,32,stale_only_publication,repo-data,1410327,,578123,00000000000000000010fe8e49ae527e56b127f60b9e3135fd4499adb900025a,00000000000000000025451d7bbdf956a44ee9809e2563f88128992d807a19e1,1559012187,1729fb45,119670314,00000020e1197a802d992881f863259e80e94ea456f9bd7b1d452500000000000000000016c808a2a8b5883ca1e6838a6adcd6bb7d82c71bfe8cfe66d1e36a3760a9dbb05ba3ec5c45fb29172a062207,,,,stale,VALID,1729fb45,,,valid_direct_stale
rsk,validated_stales,data/rsk_validated_stales.csv,33,stale_only_publication,repo-data,1462937,,580710,00000000000000000003a307259262d59513248a16a7912a2a152d1a2bfadb66,00000000000000000001e349599835755b9819b4f189b90ca3c2a7d20058d079,1560529349,1725fd03,643700998,0000002079d05800d2a7c2a30cb989f1b419985b7535985949e30100000000000000000057007114fbc396d4bc7c9812bba1d60e028a288804f234f3133ba3f5717f1a2fc5c9035d03fd251706195e26,,,,stale,VALID,1725fd03,,,valid_direct_stale
rsk,validated_stales,data/rsk_validated_stales.csv,34,stale_only_publication,repo-data,1525508,,584327,000000000000000000160d6c64bba17309eab4221b959cf188452d458b69b7e3,0000000000000000000fc13c528c1b207b3639ee6a6151bca0c1d155746b93a5,1562506868,1723792c,2282183468,00000020a5936b7455d1c1a0bc51616aee39367b201b8c523cc10f0000000000000000007a5f1b8a47a903cfa5d21d8f890629cd23e58cd46ef845969474c1f1734d827774f6215d2c7923172c5b0788,,,,stale,VALID,1723792c,,,valid_direct_stale
rsk,validated_stales,data/rsk_validated_stales.csv,35,stale_only_publication,repo-data,1531805,,584719,00000000000000000013f5cbd74ef44673d13f424fe96ef65ce21b6fb9b09d2d,00000000000000000008489b642745d61e5e8b19d5d13de96eebb898fcf7101b,1562709154,171f0d9b,3751994136,000000201b10f7fc98b8eb6ee93dd1d5198b5e1ed64527649b4808000000000000000000e424fe8a8117125819d3e0fe19c31994659338ce45156d314712f5210032ac1fa20c255d9b0d1f1718e3a2df,,,,stale,VALID,171f0d9b,,,valid_direct_stale
rsk,validated_stales,data/rsk_validated_stales.csv,36,stale_only_publication,repo-data,1539043,,585083,0000000000000000001d52005a757e38b370dfe86a952f17a1647578546b0635,00000000000000000014223d70882226cdfafb0fa2241d9884adeafbda9f747b,1562940150,171f0d9b,41517264,000000207b749fdafbeaad84981d24a20ffbfacd262288703d22140000000000000000005fef3e51239caf393eb76bf3f95013fd5b17a5926944c7a5faa420de3117b3fdf692285d9b0d1f17d0807902,,,,stale,VALID,171f0d9b,,,valid_direct_stale
rsk,validated_stales,data/rsk_validated_stales.csv,37,stale_only_publication,repo-data,1558227,,586096,0000000000000000001df8594ebf79a3c813569d71f82f4f433bb14e0dfbb8ef,000000000000000000049590043f0d42338937fa2e0a33183e8f406d2c35d4cc,1563570272,171f0d9b,1354258860,00000020ccd4352c6d408f3e18330a2efa378933420d3f04909504000000000000000000053f3165954fc2516023797c56b07978f93fd7bc4374aa9d913fa8a9f0b8eba26030325d9b0d1f17ac59b850,,,,stale,VALID,171f0d9b,,,valid_direct_stale
rsk,validated_stales,data/rsk_validated_stales.csv,38,stale_only_publication,repo-data,1563377,,586441,0000000000000000000ca6c919cc4015d50bf60fd38b1e10422aa1d792a9c861,0000000000000000000b0b5a47de57479b5129d92a1fccfbaec37d777c4efb6c,1563752764,171f0d9b,2787211680,0000c0206cfb4e7c777dc3aefbcc1f2ad929519b4757de475a0b0b000000000000000000cd24175aed570e12bc5565e7edb04d342b4f0e635999a1a813b3459e6c1e837a3cf9345d9b0d1f17a07921a6,,,,stale,VALID,171f0d9b,,,valid_direct_stale
rsk,validated_stales,data/rsk_validated_stales.csv,39,stale_only_publication,repo-data,1615283,,589477,000000000000000000171da08c19fe27f9fc8a68e80aad56c1b26e969c497025,000000000000000000003f3e1a6762883ca49327e6eccc2ddbaebb661ce1eba2,1565444665,171c3039,2486259380,00000020a2ebe11c66bbaedb2dccece62793a43c8862671a3e3f0000000000000000000072a51e95acd89465151aca5d66a0c18a6c8ef70c9f6ce55247dafd77ebfadc6a39ca4e5d39301c17b44e3194,,,,stale,VALID,171c3039,,,valid_direct_stale
rsk,validated_stales,data/rsk_validated_stales.csv,40,stale_only_publication,repo-data,1668484,,592449,0000000000000000001a4f3ad036ff22bc0de8292a5738fa4dde3de604f52e7a,000000000000000000125dffde35ac9b00f78b08a3a1e375d9481f7af337d182,1567176529,171ba3d1,327292556,0000002082d137f37a1f48d975e3a1a3088bf7009bac35deff5d12000000000000000000d443f27c30b837eb289e95bbbd037ebb757e3eb8506c94f85fb7a513646ebf965137695dd1a31b178c168213,,,,stale,VALID,171ba3d1,,,valid_direct_stale
rsk,validated_stales,data/rsk_validated_stales.csv,41,stale_only_publication,repo-data,1750030,,597171,00000000000000000006580101db2eec7471baea27f3ab6dd3ac2bd4e6fa0f08,00000000000000000000a65c3fd651c273f6725374d6f321fc40f41db8ddacae,1569792963,17160f24,2574848159,00000020aeacddb81df440fc21f3d6745372f673c251d63f5ca600000000000000000000348f1661057092b23cfa13cf3e6c9d775af65a0dbf86d84a301e698824685c21c323915d240f16179f107999,,,,stale,VALID,17160f24,,,valid_direct_stale
rsk,validated_stales,data/rsk_validated_stales.csv,42,stale_only_publication,repo-data,1794458,,599604,00000000000000000007cab2644261df83f039cf75ee21eb761cd26f4cec79a6,00000000000000000009ce8df8596512cca1beba127b668701094e703354bd30,1571225643,1715a35c,2168953570,0000002030bd5433704e090187667b12babea1cc126559f88dce09000000000000000000afdfede9732627ff4bb02004f2ac95acca288e9a98a44393b7ef5f31616726df2b00a75d5ca31517e29a4781,,,,stale,VALID,1715a35c,,,valid_direct_stale
rsk,validated_stales,data/rsk_validated_stales.csv,43,stale_only_publication,repo-data,1806602,,600308,00000000000000000012cd51c80d0799f2203524258a8211a70e5b98ea6c8789,000000000000000000024bb45c88bc0ab3ca444211543183206734c9e1bdebee,1571631145,1715a35c,1429208466,00000020eeebbde1c9346720833154114244cab30abc885cb44b02000000000000000000758f810229399dcee5838c89b4a451231b97e0cc0ad0e708906f6c7c8005f6d62930ad5d5ca3151792fd2f55,,,,stale,VALID,1715a35c,,,valid_direct_stale
rsk,validated_stales,data/rsk_validated_stales.csv,44,stale_only_publication,repo-data,1850097,,602597,0000000000000000000c4ce7ca2b431b84aafc2d31fe66fbbcd59f41fff3d904,0000000000000000001199a3f1303f4933fafbb0585553f9297ec11951b28a52,1573052706,17148edf,1709096920,00000020528ab25119c17e29f9535558b0fbfa33493f30f1a39911000000000000000000638505e7893dab9a19c308d54d2c974e4d51924b229576df96e17350b2725a1f22e1c25ddf8e1417d8bfde65,,,,stale,VALID,17148edf,,,valid_direct_stale
rsk,validated_stales,data/rsk_validated_stales.csv,45,stale_only_publication,repo-data,1859512,,603084,00000000000000000003f157f664d073add98ab0ad49b2d56da8b93ee870a854,00000000000000000014e765cabc8e829ab1fd4ab2ab57afa91b8de4184e8007,1573358479,171620d1,199364172,00e0ff3f07804e18e48d1ba9af57abb24afdb19a828ebcca65e714000000000000000000aa35f0b79ff5f52800405d56a8f10fc5d2f277f48ba4557984e3545a9541f3408f8bc75dd12016174c0ee20b,,,,stale,VALID,171620d1,,,valid_direct_stale
rsk,validated_stales,data/rsk_validated_stales.csv,46,stale_only_publication,repo-data,1893955,,604939,0000000000000000000704ee0d64be5764b22536ae0ce616c0c6e1b5dcfc2e29,0000000000000000000180f8a0d6968e8385ea91143b98967068f971b474255b,1574448258,1715b23e,2467079314,00e000205b2574b471f9687096983b1491ea85838e96d6a0f88001000000000000000000fc16dd6d2b42a329fad5641fde557e50031fe87a407b624af8c039990a91024a822cd85d3eb2151792a40c93,,,,stale,VALID,1715b23e,,,valid_direct_stale
rsk,validated_stales,data/rsk_validated_stales.csv,47,stale_only_publication,repo-data,2019208,,611945,000000000000000000144ddd08a0785fb6802efef84351c516792f208cc1b25a,0000000000000000000c9862041797577310e0e95dab60c48a423d58990008bd,1578519584,171465f2,966160375,0000ff3fbd080099583d428ac460ab5de9e010735797170462980c000000000000000000328f33b83e060b1aee6ec836112eb3a88e8c4d3469dce4e2864c331294fb6d4b204c165ef2651417f76f9639,,,,stale,VALID,171465f2,,,valid_direct_stale
rsk,validated_stales,data/rsk_validated_stales.csv,48,stale_only_publication,repo-data,2021288,,612057,0000000000000000000a7f4a86f8383e8c77ccf2c71c99e1019bf8751fd89171,0000000000000000000e3ab863a868d3420e92258e3468b37aaa1395a326e046,1578587695,171465f2,3069116743,0000002046e026a39513aa7ab368348e25920e42d368a863b83a0e000000000000000000e3622a553e40f5786f595a0dac45356b24464924a9f1b746cebcfeaff7cd9e292f56175ef26514174701efb6,,,,stale,VALID,171465f2,,,valid_direct_stale
rsk,validated_stales,data/rsk_validated_stales.csv,49,stale_only_publication,repo-data,2034135,,612798,000000000000000000052c40aacc9320e993f0a15f6eef1e17ae249cdec0e636,0000000000000000000c15666da3b854d4b3830e0dec97b79883457fca56cef1,1579008083,171465f2,1335167497,00000020f1ce56ca7f458398b797ec0d0e83b3d454b8a36d66150c0000000000000000004e39c83fe57483867f1bf77aa3155b6727898ea7ab71026732936263bec5e7fb53c01d5ef2651417090a954f,,,,stale,VALID,171465f2,,,valid_direct_stale
rsk,validated_stales,data/rsk_validated_stales.csv,50,stale_only_publication,repo-data,2058165,,614207,0000000000000000000305f9d4c42f2b52ff4fbdbcc6465f38082467aa31b78e,000000000000000000028a774f203dd848acf80c9c5d0b0bf3f75812861549d5,1579807653,17130c78,3240340198,00e0ff3fd54915861258f7f30b0b5d9c0cf8ac48d83d204f778a020000000000000000001c22774742c209c678881aa8950471d7ac3165dc8967da9044221a443fb3ca9ba5f3295e780c1317e6aa23c1,,,,stale,VALID,17130c78,,,valid_direct_stale
rsk,validated_stales,data/rsk_validated_stales.csv,51,stale_only_publication,repo-data,2066773,,614732,0000000000000000000e879312e640f33750e5497491424c618345c0531e6e00,0000000000000000000dfb426a9b759ce10edbdf2ff2e6d27454a5a5063cd792,1580103476,17130c78,2226808675,00e0002092d73c06a5a55474d2e6f22fdfdb0ee19c759b6a42fb0d000000000000000000c01bb507123b44aac6935631d9b9dcfdf97f2fa83d0b4818fb0687fd1b60b16234772e5e780c13176367ba84,,,,stale,VALID,17130c78,,,valid_direct_stale
rsk,validated_stales,data/rsk_validated_stales.csv,52,stale_only_publication,repo-data,2107023,,616960,000000000000000000108f0e774fe41d100725f0ca3eea0b205d3c5912dbe7f3,0000000000000000000ddf49d8ae918c80f31611afed035a9761f7d6b678240e,1581447243,17121ad4,1814084298,000000200e2478b6d6f761975a03edaf1116f3808c91aed849df0d00000000000000000016eb8f4d059fb382bb9bfe1e0653d00943df8d9be2e6b1ebbddc6be1f2ae8fcd4bf8425ed41a1217caba206c,,,,stale,VALID,17121ad4,,,valid_direct_stale
rsk,validated_stales,data/rsk_validated_stales.csv,53,stale_only_publication,repo-data,2130514,,618235,0000000000000000000d1ac8f8f3121140fc08d36e19cc9f01400c5d48c0bf1d,0000000000000000000148b5a2e82fa231891902bca7e7379c15d5f437086250,1582220552,17121ad4,1280919968,0020002050620837f4d5159c37e7a7bc02198931a22fe8a2b5480100000000000000000088d75cd2daf92447af360cfc34c43544c80e8b6c6092b59793b6c12b86bf669908c54e5ed41a1217a049594c,,,,stale,VALID,17121ad4,,,valid_direct_stale
rsk,validated_stales,data/rsk_validated_stales.csv,54,stale_only_publication,repo-data,2137081,,618607,0000000000000000000970e75c996a01a0dec03709d068124310d0d2dd4a608c,000000000000000000108cfb002f18a6ef5101d7c46d30f847970b18a8831ad1,1582438543,17121ad4,3308729514,00e0ff3fd11a83a8180b9747f8306dc4d70151efa6182f00fb8c100000000000000000003b4859378520bc02a43ed83caadb3e22a83ccacac6d261b6801aaa22fe76363f8f18525ed41a1217aa3437c5,,,,stale,VALID,17121ad4,,,valid_direct_stale
rsk,validated_stales,data/rsk_validated_stales.csv,55,stale_only_publication,repo-data,2147041,,619141,0000000000000000000afb64a255edf537c7c90e5d10d62a7743f2d189e9bbc3,0000000000000000001067bb9fb2aac46e14982a4f8594eacce35102bf60a54b,1582767243,17122cbc,1398096028,000000204ba560bf0251e3ccea94854f2a98146ec4aab29fbb6710000000000000000000b8e26202721f9c139b058c7fb5ce7d5fc449f30b30d42e037a89a826bdfd39878b1c575ebc2c12179c405553,,,,stale,VALID,17122cbc,,,valid_direct_stale
rsk,validated_stales,data/rsk_validated_stales.csv,56,stale_only_publication,repo-data,2159945,,619915,00000000000000000011742482cf54ee9933e6d827acf7cf680a439857d61e3c,00000000000000000001f782584cec9ce11cb8e8707320e2753518db9dcd4735,1583198144,17122cbc,2900145994,00c0ff3f3547cd9ddb183575e2207370e8b81ce19cec4c5882f701000000000000000000a0994a07332469917924ff1eede391c321430bbe7e151b2bc975c7ca9459ee35c0af5d5ebc2c12174ab7dcac,,,,stale,VALID,17122cbc,,,valid_direct_stale
rsk,validated_stales,data/rsk_validated_stales.csv,57,stale_only_publication,repo-data,2185949,,621425,00000000000000000008d9cc7e483ac336aaa8f792250f17264b948ab9398a2f,0000000000000000000160a7bf348fc4960898be32d009d8a7050275d684f3bf,1584065465,17110119,233909469,00200020bff384d6750205a7d809d032be980896c48f34bfa760010000000000000000007f2023053eedf41781d2ade02a7e28487b21f520d2a40780b50bc670b244ffdab9eb6a5e19011117dd2cf10d,,,,stale,VALID,17110119,,,valid_direct_stale
rsk,validated_stales,data/rsk_validated_stales.csv,58,stale_only_publication,repo-data,2202590,,622178,0000000000000000000b068deb4520b4acf83f5ade4e2958c4f8ce1663741b71,00000000000000000003de7d68f7f2085cb8233dd51f61c2fd94b4e676a26d73,1584614806,17110119,739497575,0000ff3f736da276e6b494fdc2611fd53d23b85c08f2f7687dde03000000000000000000812c736040e9551c1e0cc796f49b9f914a077a94e1f730826e039ccf05f18700964d735e1901111767d6132c,,,,stale,VALID,17110119,,,valid_direct_stale
rsk,validated_stales,data/rsk_validated_stales.csv,59,stale_only_publication,repo-data,2303997,,627663,0000000000000000000dc99404426032f8bdfc3d13551bac83e98487a086c626,0000000000000000000758f49855cabc43defa9b1780486ff2ed04dde876f5c8,1587874645,1711a333,3654341908,00004020c8f576e8dd04edf26f4880179bfade43bcca5598f458070000000000000000007565bbd11d6208a947202c4add6abed8787ea15a23bb8b8ef1f98a4c1df6ad8f550ba55e33a3111714d5d0d9,,,,stale,VALID,1711a333,,,valid_direct_stale
rsk,validated_stales,data/rsk_validated_stales.csv,60,stale_only_publication,repo-data,2395011,,632064,0000000000000000001102d5c5e3891ffb14ff61600ba21eeff7d40f3c122459,00000000000000000002f452ffbf940f7b7328be833cfb458b614359a5899498,1590686701,171297f6,3695208292,00e0ff37989489a55943618b45fb3c83be28737b0f94bfff52f402000000000000000000f3e62733213181e54f42812195e5bd8d855544487b842bb7eb4b788bb3345873edf3cf5ef6971217646740dc,,,,stale,VALID,171297f6,,,valid_direct_stale
rsk,validated_stales,data/rsk_validated_stales.csv,61,stale_only_publication,repo-data,2409118,,632749,00000000000000000009eb4b7e3fc497d4d6909069f9a06b3efd7d1664c77e77,0000000000000000000072f9b22126ea0fc5aefdc0bb5f7150895fec4e094a8d,1591108767,171297f6,2744120367,00e000208d4a094eec5f8950715fbbc0fdaec50fea2621b2f9720000000000000000000044432688c11856a9d3067daac63d0d4b74feea6d35d8c5e63d9a1b7fd9a588449f64d65ef69712172ff48fa3,,,,stale,VALID,171297f6,,,valid_direct_stale
rsk,validated_stales,data/rsk_validated_stales.csv,62,stale_only_publication,repo-data,2438097,,634467,000000000000000000068588f0045a0e8da55620a533082279f3cceee4ca1c21,000000000000000000041f76be5283f89c8ee2c818385f17a7e689bc3eb0284e,1592008293,17147f35,55746922,000040204e28b03ebc89e6a7175f3818c8e28e9cf88352be761f04000000000000000000b39f29667f355024f2bbe7bb860cf0b662dd64990b8d7b6359adc7282e539995651ee45e357f14176aa15203,,,,stale,VALID,17147f35,,,valid_direct_stale
rsk,validated_stales,data/rsk_validated_stales.csv,63,stale_only_publication,repo-data,2442243,,634707,0000000000000000000202a9e5a9d6086a604038209d6ce70acae159b252c5be,0000000000000000000d0e5e28aa2471905d6bbeaef3f64f9dde96c7d0d3231a,1592140465,17147f35,3714470328,00e0ff371a23d3d0c796de9d4ff6f3aebe6b5d907124aa285e0e0d0000000000000000008f5ae161b0989319f5f8b843c1caf15ac4358aa5f2fbb51df72ca64b30f9d38cb122e65e357f1417b85166dd,,,,stale,VALID,17147f35,,,valid_direct_stale
rsk,validated_stales,data/rsk_validated_stales.csv,64,stale_only_publication,repo-data,2475329,,636449,00000000000000000009dd0580e1e897058734ff34685c78ae961be66dc4eb8e,0000000000000000000fa9aeb4ba70c5e15e46a55dcf3e80b67c4cc84546a186,1593187990,1711d4f2,1283214027,0000c02086a14645c84c7cb6803ecf5da5465ee1c570bab4aea90f0000000000000000008e651c50cf1def58eca538c8583b2e86c9326a43971d47576a1baea9972fe8cc961ef65ef2d41117cb4a7c4c,,,,stale,VALID,1711d4f2,,,valid_direct_stale
rsk,validated_stales,data/rsk_validated_stales.csv,65,stale_only_publication,repo-data,2498373,,637749,00000000000000000007754fa29bb63a7d28460f0be2987f1901f3156aac3c29,0000000000000000000a8ab90876e9458d06a172c750198ea61e37d8b0146e19,1593912798,1711d519,1661115760,00000020196e14b0d8371ea68e1950c772a1068d45e97608b98a0a000000000000000000a91caab8c519560208d854188278a22852156985f5c91aa0cec3a620b019c82bde2d015f19d51117709d0263,,,,stale,VALID,1711d519,,,valid_direct_stale
rsk,validated_stales,data/rsk_validated_stales.csv,66,stale_only_publication,repo-data,2512618,,638572,000000000000000000096134e3d9ef56272a4239491c1bb9b411c7ea205963b9,000000000000000000035a5b2ade96ddd0a49f25b320022f7d7694fe79c05b97,1594362179,1711d519,848821856,00e0ff3f975bc079fe94767d2f0220b3259fa4d0dd96de2a5b5a03000000000000000000278296e4c6a682471b53590d10d1dd84eb891ee72b5630d61ca0777baa02212d4309085f19d5111760fe9732,,,,stale,VALID,1711d519,,,valid_direct_stale
rsk,validated_stales,data/rsk_validated_stales.csv,67,stale_only_publication,repo-data,2518441,,638888,00000000000000000002c28e33c4bd6776f693a7f95338f6c6d1eb0489a821db,0000000000000000000b75075913ceee00974260850bb8ab3d9e60cda14f2920,1594542814,1711d519,210738196,0000002020294fa1cd609e3dabb80b8560429700eece135907750b000000000000000000e12fefa74aae27ada6726702e7a9c7f228edfc023e5de0f6bf7273a496c60011deca0a5f19d51117149c8f0c,,,,stale,VALID,1711d519,,,valid_direct_stale
rsk,validated_stales,data/rsk_validated_stales.csv,68,stale_only_publication,repo-data,2520934,,639040,0000000000000000000c052e7e6d1f5b12cce2ceda854bbce70157f5c8182d66,0000000000000000000304cdeb9eeb82eb38deb26d9881e9822716cb5f0b84aa,1594620237,1711d519,2702590550,00e0ff2faa840b5fcb162782e981986db2de38eb82eb9eebcd0403000000000000000000ca415981a059223b65eb7a788293ac3a9ad5d66bc868c52049441200f4abe89b4df90b5f19d51117564216a1,,,,stale,VALID,1711d519,,,valid_direct_stale
rsk,validated_stales,data/rsk_validated_stales.csv,69,stale_only_publication,repo-data,2559109,,640952,000000000000000000027d19d59121c1d38e53555bcf3760af910d9e8b971e6b,0000000000000000000a7a4ce8b57fc40db839bef5e7d5209851405d335b0311,1595810721,17103a15,2828925120,0000c02011035b335d40519820d5e7f5be39b80dc47fb5e84c7a0a000000000000000000132ab70354100a37650a90b9a7fb0c8ab7333b6fe6dc328f2f6a349550ca11cfa1231e5f153a1017c0f89da8,,,,stale,VALID,17103a15,,,valid_direct_stale
rsk,validated_stales,data/rsk_validated_stales.csv,70,stale_only_publication,repo-data,2582261,,642120,000000000000000000025367e5c14831322ad37e82cab461e2d21b7348c051d3,00000000000000000006138f0c052b1417925e4a841a10cdb84171d0ddd32d09,1596499597,1710b4f8,1701521167,0000c020092dd3ddd07141b8cd101a844a5e9217142b050c8f13060000000000000000007c714b22521ced6968684d5c1523541277ae25da1cc81fbbee9e9077fce163848da6285ff8b410170f276b65,,,,stale,VALID,1710b4f8,,,valid_direct_stale
rsk,validated_stales,data/rsk_validated_stales.csv,71,stale_only_publication,repo-data,2583158,,642161,0000000000000000001058b1de1aa74aa4741cbd1c9497cd0beaa513405b0b38,000000000000000000094baa8d596d9c521b56c1e0f856229ca49f0f63f4da76,1596525963,1710b4f8,807063568,0000802076daf4630f9fa49c2256f8e0c1561b529c6d598daa4b09000000000000000000d202b999df1f0f34f9a6f7fc5ba6befac5a63cfeaae12284b8149b4948f2e1ac8b0d295ff8b4101710d01a30,,,,stale,VALID,1710b4f8,,,valid_direct_stale
rsk,validated_stales,data/rsk_validated_stales.csv,72,stale_only_publication,repo-data,2609313,,643511,000000000000000000022686c66f9b3c7b2964a66a149c4a8d8b324668309ca3,00000000000000000007422bf01d70e7a695a09668bea5c23c89e79f3c129886,1597313115,17109bac,3942949770,000000208698123c9fe7893cc2a5be6896a095a6e7701df02b42070000000000000000002cef0800f80f132b10c71b154121667b5fae1c083957320d871c841898670fe05b10355fac9b10178aa304eb,,,,stale,VALID,17109bac,,,valid_direct_stale
rsk,validated_stales,data/rsk_validated_stales.csv,73,stale_only_publication,repo-data,2625684,,644370,0000000000000000000e62e8d4ccca57203cb6f48592eca8f7438940c22fb4ee,0000000000000000000a0e39db505ac996d5e453bdfbccb14fbb152f07d2a5b4,1597816436,17109bac,2293693835,00000020b4a5d2072f15bb4fb1ccfbbd53e4d596c95a50db390e0a000000000000000000f9d5fb2379d49729c35af72fe2d214dd448caaf73120cacab2304e31bddcdb7674be3c5fac9b10178bfdb688,,,,stale,VALID,17109bac,,,valid_direct_stale
rsk,validated_stales,data/rsk_validated_stales.csv,74,stale_only_publication,repo-data,2691487,,647767,0000000000000000000eabb5628b8008710fb3f81f9224065126979bf4f38135,0000000000000000000a90bf9471fc62aed5b9e7cb131b49f58b7b32db739328,1599829916,17103a12,2363539807,0000ff3f289373db327b8bf5491b13cbe7b9d5ae62fc7194bf900a0000000000000000009a1524b7b5390a17ad40c6bb4f276ed9dbef6b0216dbf86e6bc8f0739dac8b6b9c775b5f123a10175fc1e08c,,,,stale,VALID,17103a12,,,valid_direct_stale
rsk,validated_stales,data/rsk_validated_stales.csv,75,stale_only_publication,repo-data,2764530,,651874,00000000000000000008df8e70e629348353dfa586492f91dcec31229dbd1eea,00000000000000000008bb2bc525d97ecd7b698a86e8ea197cd5b4c9ec4a7415,1602196213,170e95de,3334930013,00e0ff3f15744aecc9b4d57c19eae8868a697bcd7ed925c52bbb0800000000000000000001bdcd426ec586818da01879925d9ef44806e3932780944071a43067eaf4225cf5927f5fde950e175dfec6c6,,,,stale,VALID,170e95de,,,valid_direct_stale
rsk,validated_stales,data/rsk_validated_stales.csv,76,stale_only_publication,repo-data,2822392,,654795,00000000000000000006ce6a5e8abc9132a4bcf22673ffc8b88feb9c64c07e49,0000000000000000000a7fab217b186518247832ed73c81e63fb25133519e4cf,1604077826,170e134e,1719230230,00e0ff3fcfe419351325fb631ec873ed3278241865187b21ab7f0a000000000000000000662cda171a47c31fc14c57b8a2ae4a73314d2805519aed9a48fe8e3932bfca3402499c5f4e130e17165f7966,,,,stale,VALID,170e134e,,,valid_direct_stale
rsk,validated_stales,data/rsk_validated_stales.csv,77,stale_only_publication,repo-data,2832605,,655220,000000000000000000086cb8ad2bd042cd57b5f1bf6fbaf764e8f850f1d1cf62,00000000000000000002bf318c2c4fcedafe720942ccd179ea5fba891d39cbdc,1604402941,1710c433,3294882685,00e0ff3fdccb391d89ba5fea79d1cc420972fedace4f2c8c31bf0200000000000000000026eec12d0de3033a5ae53328024b335bba0561393eb1afbc43802cb7d370ee00fd3ea15f33c410177deb63c4,,,,stale,VALID,1710c433,,,valid_direct_stale
rsk,validated_stales,data/rsk_validated_stales.csv,78,stale_only_publication,repo-data,2834326,,655313,00000000000000000003899b4521357c1a914c924d33e370e0a1b1ad0cea67b3,0000000000000000000cd26c1e69946ce6062a28374c160fe05d4e6768061129,1604458799,1710c433,3826759780,0000c02029110668674e5de00f164c37282a06e66c94691e6cd20c000000000000000000c23653cf7aa20c78df3eb25ad6c93ff10b2ecbdaa324cd020fcb5f4df71f327f2f19a25f33c4101764b817e4,,,,stale,VALID,1710c433,,,valid_direct_stale
rsk,validated_stales,data/rsk_validated_stales.csv,79,stale_only_publication,repo-data,2857918,,656641,0000000000000000000722835436489adbe627358b4f14d0dd122cf0200babb9,000000000000000000038b6c6daf92f1ed66f6500aa74b4e7a7b042ac5f24e8c,1605211143,1710c433,1552277080,000000208c4ef2c52a047b7a4e4ba70a50f666edf192af6d6c8b03000000000000000000ecc9e72935cdfa2d950ea73f339c05a7087c2fa169ecc8067fc19c1facc916200794ad5f33c4101758de855c,,,,stale,VALID,1710c433,,,valid_direct_stale
rsk,validated_stales,data/rsk_validated_stales.csv,80,stale_only_publication,repo-data,2860134,,656767,0000000000000000000d1228138018746b0bea59dff3b7e6de98af0ede293941,0000000000000000000c3140d9d07a376b59461f271cbfb9eb970b8891ee5e4c,1605282231,1710c433,3087521380,000080204c5eee91880b97ebb9bf1c271f46596b377ad0d940310c000000000000000000316ce9a9efeff2896e353bc594ed1686667b2e68eb01e15a9c248c63133b5f4eb7a9ae5f33c4101764d607b8,,,,stale,VALID,1710c433,,,valid_direct_stale
rsk,validated_stales,data/rsk_validated_stales.csv,81,stale_only_publication,repo-data,2865479,,657053,00000000000000000000049605d9582b95a7e746c41d56d16550e476e7be3673,0000000000000000000cba17634ab961477603f8fef0a92c6f96a29668c8edc1,1605454685,1710c433,4119512634,00e0ff2fc1edc86896a2966f2ca9f0fef803764761b94a6317ba0c000000000000000000ed61909ff601ddd6e97b9654d949022c401c6e92b19aed53c78995dcad6e72b25d4bb15f33c410173ac68af5,,,,stale,VALID,1710c433,,,valid_direct_stale
rsk,validated_stales,data/rsk_validated_stales.csv,82,stale_only_publication,repo-data,2875947,,657664,0000000000000000000a6134af268892e6b7492e5eb48acea42eaaff020d4e43,0000000000000000000afe410ecfadbc4c88e19f0799ae9dea0eb7df3ac6d42f,1605794634,170ffedd,737257278,00e0ff372fd4c63adfb70eea9dae99079fe1884cbcadcf0e41fe0a000000000000000000c602c8b2719b736f38dbbf90170ce1d0ec46c515817081e04b965fb803d24a8e4a7bb65fddfe0f173ea7f12b,,,,stale,VALID,170ffedd,,,valid_direct_stale
rsk,validated_stales,data/rsk_validated_stales.csv,83,stale_only_publication,repo-data,2877088,,657730,000000000000000000015311bc1807d4e7a68226b69a3785dbc1a0aa61e80b9d,0000000000000000000abbe0a5c0cef267d24989d7ecf33c0ccec202b1607d31,1605832396,170ffedd,880333314,00000020317d60b102c2ce0c3cf3ecd78949d267f2cec0a5e0bb0a000000000000000000001f432bd22b5311dfe4de2ffce090e23d4ee9465eb58bbc17cf8fbc00ddbceccc0eb75fddfe0f1702d27834,,,,stale,VALID,170ffedd,,,valid_direct_stale
rsk,validated_stales,data/rsk_validated_stales.csv,84,stale_only_publication,repo-data,2890412,,658550,00000000000000000000615273567268c22eb93d02830e6b82e08c6f3f64bc96,0000000000000000000c92aeb20123ebe5b81e490120e10fad76658f55ee1ea2,1606277583,170ffedd,2881679652,0000c020a21eee558f6576ad0fe12001491eb8e5eb2301b2ae920c0000000000000000006232372eab9921c94df7d64343a70ccd39de51ef8360eb522aabd27dd5ac5835cfd9bd5fddfe0f1724f1c2ab,,,,stale,VALID,170ffedd,,,valid_direct_stale
rsk,validated_stales,data/rsk_validated_stales.csv,85,stale_only_publication,repo-data,2927839,,660586,0000000000000000000ac815bf563c5ce88c98802d9582784a5b5511a06e1658,0000000000000000000ea57a2734654cad432f205e3d0a45dd004f31d5b0af63,1607492221,170eb156,3399395376,0000802063afb0d5314f00dd450a3d5e202f43ad4c6534277aa50e000000000000000000996321cdd911cc992719f93a2828bff4cd29260e3bbdb86cd80ff54e5048de787d62d05f56b10e1730a89eca,,,,stale,VALID,170eb156,,,valid_direct_stale
rsk,validated_stales,data/rsk_validated_stales.csv,86,stale_only_publication,repo-data,2934114,,660903,000000000000000000095fe6785b8572b933b9d9fda4649cbe33068e743a714c,0000000000000000000301e6089cfdf69431a782736cd2e4538a27342a376cbe,1607692845,170eb156,549566470,00002020be6c372a34278a53e4d26c7382a73194f6fd9c08e60103000000000000000000ac1cb07e1c8f71c2996f3e316990d1008943a5c513a1200b3763f46afc992b312d72d35f56b10e1706b8c120,,,,stale,VALID,170eb156,,,valid_direct_stale
rsk,validated_stales,data/rsk_validated_stales.csv,87,stale_only_publication,repo-data,2934753,,660938,0000000000000000000e2a84d45524fe91a8067cc7c66c5405fbf38828e9a218,0000000000000000000e5ee8ae07235bbd3e514e92ca76b3793aa36c65111c3e,1607713871,170eb156,3448243792,000080203e1c11656ca33a79b376ca924e513ebd5b2307aee85e0e000000000000000000e59df5370b3cf6a70075084e02dc9f2cda4f228babac86d1275b2860f3b77d104fc4d35f56b10e17500688cd,,,,stale,VALID,170eb156,,,valid_direct_stale
rsk,validated_stales,data/rsk_validated_stales.csv,88,stale_only_publication,repo-data,2938367,,661122,0000000000000000000e0e769652e151ffd7ec27ed7e80288063c4ecbda9cd68,0000000000000000000166a45d8a7e1a539fd71495d51a70ac6a7446438a2e08,1607830896,170eb156,341039998,00e0ff3f082e8a4346746aac701ad59514d79f531a7e8a5da466010000000000000000000830169b3f1f131551df96d12312345125f411b56f6ee4b74b82b2954a10e83d708dd55f56b10e177edb5314,,,,stale,VALID,170eb156,,,valid_direct_stale
rsk,validated_stales,data/rsk_validated_stales.csv,89,stale_only_publication,repo-data,2956789,,662123,000000000000000000014167c2f2f8922967cf659a41292bc8b8c16eff71bc96,0000000000000000000de0ed2bcbdc27d757f95d37c3f345193b00589b1dbc31,1608422084,170f1372,3836251771,0000002031bc1d9b58003b1945f3c3375df957d727dccb2bede00d000000000000000000fa07108ebf58028abcd724aba8da6b24e0ff01bcb3f0ccddd3c1626f9a3d8f0ac492de5f72130f177b8ea8e4,,,,stale,VALID,170f1372,,,valid_direct_stale
rsk,validated_stales,data/rsk_validated_stales.csv,90,stale_only_publication,repo-data,2966149,,662642,0000000000000000000c7af1e0b2172f1eed6b4d0707ea135c267ba263c7acf1,0000000000000000000283c1322b7bf1fad8c0815091b7cc8722895d46ec5e3a,1608728397,170f1372,4075068693,000000203a5eec465d892287ccb7915081c0d8faf17b2b32c18302000000000000000000f483bef840eecb37ac81cdd385a2fdd91e6566564b4ee3ce507b37543dbde4934d3fe35f72130f17159de4f2,,,,stale,VALID,170f1372,,,valid_direct_stale
rsk,validated_stales,data/rsk_validated_stales.csv,91,stale_only_publication,repo-data,2974007,,663043,000000000000000000019a6273252cd334c21baf6cbf727bb3d3e23fe44dbaf1,000000000000000000080000dcbdaed543e850569af8ccc92ed1fc4056b351da,1608985819,170f1372,201018335,00e0ff3fda51b35640fcd12ec9ccf89a5650e843d5aebddc0000080000000000000000003d4d1f282728f3c46e21853a71ee526e4f76fff86e114d5527fd510bb9a95e51db2ce75f72130f17df4bfb0b,,,,stale,VALID,170f1372,,,valid_direct_stale
rsk,validated_stales,data/rsk_validated_stales.csv,92,stale_only_publication,repo-data,2975605,,663133,0000000000000000000e59e5b263266bf69efa43cae8919792af1d4b068fc41d,0000000000000000000f06de3e63e3ab7ff98397ba54b26a6d70de465f4abd19,1609036474,170f1372,1120720078,0000002019bd4a5f46de706d6ab254ba9783f97fabe3633ede060f000000000000000000c043b4e4a9144208d14764e74065f3b5ad0a8aa96214d209e016ea868caeaf63baf2e75f72130f17ced4cc42,,,,stale,VALID,170f1372,,,valid_direct_stale
rsk,validated_stales,data/rsk_validated_stales.csv,93,stale_only_publication,repo-data,2977806,,663253,0000000000000000000d20beeec3ed8fd25d0cde0a8e6fb4f26c2314c9bb243a,00000000000000000004c2d79962882a878a1b67565c9f0810bf42f7be5065a6,1609107928,170f1372,898678568,00000020a66550bef742bf10089f5c56671b8a872a886299d7c2040000000000000000000a5ed91dbb15efe18a554ce5ab0aa6400ba15a32e4f3e6646d93a1e789e97314d809e95f72130f1728bf9035,,,,stale,VALID,170f1372,,,valid_direct_stale
rsk,validated_stales,data/rsk_validated_stales.csv,94,stale_only_publication,repo-data,2982758,,663533,0000000000000000000799e624a634546e822bbf26a5579c2e90da4c5ecf1598,0000000000000000000baeef4afaf812c38b7e398d7071dfca58513df1022273,1609268036,170f2217,3071278636,00000020732202f13d5158cadf71708d397e8bc312f8fa4aefae0b000000000000000000bf5ee62e26b73abfc709f9c916c01ddc49e982fe3b75db119cd5a6e2c456240e447beb5f17220f172cfe0fb7,,,,stale,VALID,170f2217,,,valid_direct_stale
rsk,validated_stales,data/rsk_validated_stales.csv,95,stale_only_publication,repo-data,2984434,,663658,0000000000000000000148c1f3d0e39d4a1fc1a0923515fa3994e51fbf931221,0000000000000000000805734a0522078a792740fbe804dce1b68aab584462a3,1609322218,170f2217,880713444,00e00020a3624458ab8ab6e1dc04e8fb4027798a0722054a730508000000000000000000f061ef88cc7f9335e7a66e8a4ada8acb6e170bb775fc60ab4cc0f4701bc3d2f4ea4eec5f17220f17e49e7e34,,,,stale,VALID,170f2217,,,valid_direct_stale
rsk,validated_stales,data/rsk_validated_stales.csv,96,stale_only_publication,repo-data,3025338,,666086,0000000000000000000404c633d0ffc0b5fbc915bbee9ae5f6df13da21cce240,0000000000000000000a43c84dd661816cf7cf935eeeeafa87db0664ed69eb13,1610665286,170da8a1,1731235083,0060002013eb69ed6406db87faeaee5e93cff76c8161d64dc8430a00000000000000000069ed6edef129e7c0735d2df80eeef70a539ba31d213508fe594523cefee5dcfd46cd0060a1a80d170b8d3067,,,,stale,VALID,170da8a1,,,valid_direct_stale
rsk,validated_stales,data/rsk_validated_stales.csv,97,stale_only_publication,repo-data,3038174,,666793,00000000000000000009c6131c431436862392d7f11268e0fe02ce575cd549d1,00000000000000000005d94a49cba4f2c602fe377ce7aa6e0d0cd680a8562297,1611082710,170da8a1,51109445,00004020972256a880d60c0d6eaae77c37fe02c6f2a4cb494ad905000000000000000000ac0983cac995bc0309c9197c7684b4e6fcb107cf1c83ccfcb15bc7f24407859ed62b0760a1a80d1745de0b03,,,,stale,VALID,170da8a1,,,valid_direct_stale
rsk,validated_stales,data/rsk_validated_stales.csv,98,stale_only_publication,repo-data,3038835,,666833,00000000000000000005e086e9e74aae37139ba27c5ba8b50ba5c773e22c6b61,000000000000000000083f28f919f6c8181e0cec34a469af2ce5b1c07affd259,1611105457,170da8a1,141879236,0000002059d2ff7ac0b1e52caf69a434ec0c1e18c8f619f9283f0800000000000000000090b5e4b78945bc932e166ba509f8b1dc53d9b6edfd8935e55e831a918e29b032b1840760a1a80d17c4e77408,,,,stale,VALID,170da8a1,,,valid_direct_stale
rsk,validated_stales,data/rsk_validated_stales.csv,99,stale_only_publication,repo-data,3060943,,668031,00000000000000000007cffb0712f3820e38e2078d0ecd6d2b19a98a4cb9c849,000000000000000000030f4ece4b16e5e960dc5285e4e0c9b16633c44597ef17,1611833413,170d8457,3288926277,0000402017ef9745c43366b1c9e0e48552dc60e9e5164bce4e0f03000000000000000000bc9e3549b485f0ff430a51966f40d06aeef8bf7fcf4d42692f68945b0290e5ce45a0126057840d17450809c4,,,,stale,VALID,170d8457,,,valid_direct_stale
rsk,validated_stales,data/rsk_validated_stales.csv,100,stale_only_publication,repo-data,3072505,,668666,0000000000000000000717ffae6ff8e585fe50e2f358e3e197d26e88cd19eef3,00000000000000000004db69daeb0422cb4ee110787d6c86827166594347aa59,1612219735,170d8457,4289336378,0000802059aa474359667182866c7d7810e14ecb2204ebda69db040000000000000000009ad549d916a4d54c8081a4b961cb03d7f7a667de4f4d222831472b275b4b79b05785186057840d173a14aaff,,,,stale,VALID,170d8457,,,valid_direct_stale
rsk,validated_stales,data/rsk_validated_stales.csv,101,stale_only_publication,repo-data,3079420,,669066,0000000000000000000bf03577b92f5439062b36270b821a7e915c6c98abc919,0000000000000000000b3862a65910688a4685bb7480fa7335c60dd2101b89cf,1612448208,170d8457,385499373,0000ff3fcf891b10d20dc63573fa8074bb85468a681059a662380b000000000000000000f6b73c87c0e4510ebaaf9afe107352f96aa05706f4d3bfc5f0251353f4fcc648d0011c6057840d17ed40fa16,,,,stale,VALID,170d8457,,,valid_direct_stale
rsk,validated_stales,data/rsk_validated_stales.csv,102,stale_only_publication,repo-data,3127252,,671646,000000000000000000040e2e14931819cd282023c46c4e19ecc2f9daa36f6eaa,000000000000000000027dccda2bda8421872432168d9d957a12bdba492b2453,1613966671,170cf4e3,1908921605,00e0002053242b49babd127a959d8d163224872184da2bdacc7d0200000000000000000051eca172fd2b7e47dddfd9a732513cad50cdc3530f3adf997b7a34d5ead9dd3f4f2d3360e3f40c1705d5c771,,,,stale,VALID,170cf4e3,,,valid_direct_stale
rsk,validated_stales,data/rsk_validated_stales.csv,103,stale_only_publication,repo-data,3174964,,674131,00000000000000000001cfa87d7b500dfb10e862f4bdae7d0ca41043bfad65c2,00000000000000000003c71420d3d435de113c70c061fbce038d3267117b81ce,1615463156,170d1f8c,757096580,00400020ce817b1167328d03cefb61c0703c11de35d4d32014c703000000000000000000eb711b2f476c72e36ecf764966b9592bd8f3becd6aff2d346834948db7b58fb5f4024a608c1f0d178460202d,,,,stale,VALID,170d1f8c,,,valid_direct_stale
rsk,validated_stales,data/rsk_validated_stales.csv,104,stale_only_publication,repo-data,3192226,,675064,0000000000000000000829711891b872b01a12cc3349b2a8b3f5251d88ece9e5,0000000000000000000b34b2eb6ef1f2f7a6f67938427e9370ef23d921874f9a,1616010373,170d1f8c,3808397222,0000c0209a4f8721d923ef70937e423879f6a6f7f2f16eebb2340b0000000000000000009046c31f0f386add05151f4d876289748e88abc26100a63a1fe623308227d0d1855c52608c1f0d17a687ffe2,,,,stale,VALID,170d1f8c,,,valid_direct_stale
rsk,validated_stales,data/rsk_validated_stales.csv,105,stale_only_publication,repo-data,3198367,,675392,0000000000000000000c64c3eb0e99f14024ca84ccdefc8d01aaf4aa5fadbafa,00000000000000000008e6be94da9368f04f8e938dca58e9de7e4407f3efb46f,1616201197,170cdf6f,3750663622,000000206fb4eff307447edee958ca8d938e4ff06893da94bee608000000000000000000a32e6c37f21082f72b4801127ebf83cb8d643ee63038217765a0d0e8436cbb53ed4555606fdf0c17c6958edf,,,,stale,VALID,170cdf6f,,,valid_direct_stale
rsk,validated_stales,data/rsk_validated_stales.csv,106,stale_only_publication,repo-data,3205860,,675815,000000000000000000052677c72ed5786a84fc841125b207e68410fb5084032b,0000000000000000000745f3229f86e5883cf00306f65f0a22df65906f6d38db,1616436471,170cdf6f,886665608,00400020db386d6f9065df220a5ff60603f03c88e5869f22f34507000000000000000000ab7dec2c40a9fd20795666a64bb30f919f8925de62ec3b9ee3a3773ed861838af7dc58606fdf0c178871d934,,,,stale,VALID,170cdf6f,,,valid_direct_stale
rsk,validated_stales,data/rsk_validated_stales.csv,107,stale_only_publication,repo-data,3209073,,676003,00000000000000000009e7bed1cc04f048e723bf9acad18aa8effb5f0270e8e4,000000000000000000073b689b0c43951b655795bc191c582605252fd9f9a865,1616541403,170cdf6f,3452883392,0000002065a8f9d92f250526581c19bc9557651b95430c9b683b07000000000000000000ebadd0a53ac8dfbbeee4720fdb6549996d265afec773a9bcc907382c23271e6adb765a606fdf0c17c0d1cecd,,,,stale,VALID,170cdf6f,,,valid_direct_stale
rsk,validated_stales,data/rsk_validated_stales.csv,108,stale_only_publication,repo-data,3213056,,676234,0000000000000000000630c9911f16737a0e4a8d4a32de8ce9cd06cc5bb82733,0000000000000000000360569a12d175a899d3d3ed83d2150fb473fe0ae18973,1616670565,170cdf6f,2339941060,000040207389e10afe73b40f15d283edd3d399a875d1129a56600300000000000000000096ad12337cf778d19006d8e5b5278146dc9da15a094520a1a384d440f2cbd795656f5c606fdf0c17c4aa788b,,,,stale,VALID,170cdf6f,,,valid_direct_stale
rsk,validated_stales,data/rsk_validated_stales.csv,109,stale_only_publication,repo-data,3222141,,676749,0000000000000000000b67a0cd7b6263c524bd3f4d11f715a513b8345db13e7d,00000000000000000006768379699004e9a5d6e94ac05cedc5264883e2fd49cd,1616964329,170cdf6f,1713575454,00e0ff27cd49fde2834826c5ed5cc04ae9d6a5e904906979837606000000000000000000e256594859be84fae6e56f0cc779363cee8d8750d9a26a5e14ad02185929cb97e9ea60606fdf0c171e162366,,,,stale,VALID,170cdf6f,,,valid_direct_stale
rsk,validated_stales,data/rsk_validated_stales.csv,110,stale_only_publication,repo-data,3228382,,677102,000000000000000000044dfef81ca818882c24cdfb3178dd183ec7f9817b3fa1,0000000000000000000a18eb464378fcdb7e727d9dc114f0143673b982ed4bac,1617169300,170cdf6f,2025733114,00e0ff37ac4bed82b9733614f014c19d7d727edbfc784346eb180a00000000000000000028d50042bcb541e326b1d50825bdaee63c509092b7a6da6ab87ec9f29d5c47a2940b64606fdf0c17fa3bbe78,,,,stale,VALID,170cdf6f,,,valid_direct_stale
rsk,validated_stales,data/rsk_validated_stales.csv,111,stale_only_publication,repo-data,3232526,,677346,00000000000000000002ba465c231ebcfda85f348ea566ccf13c695ca54dd76e,0000000000000000000b4a3be41d87554506cf749dde1f2a48cf81923b1acf4c,1617306170,170cdf6f,5493842,0000c0204ccf1a3b9281cf482a1fde9d74cf064555871de43b4a0b000000000000000000fb8a111db6d9eca70d77440df13769bae6783fcab44979c0011f5112f9b6e4e03a2266606fdf0c1752d45300,,,,stale,VALID,170cdf6f,,,valid_direct_stale
rsk,validated_stales,data/rsk_validated_stales.csv,112,stale_only_publication,repo-data,3267129,,679244,000000000000000000071e1cad14e552b22337efa59f9d6e095139c8377792b9,00000000000000000001b95441470d339fa0889a1bcebd7796d74e8a16ef9656,1618441930,170c2a48,2307148044,000000205696ef168a4ed79677bdce1b9a88a09f330d474154b901000000000000000000f1d336905924cd2b0ae6de095366c6e3d582a591cc320621748b1f7fcb725ae6ca767760482a0c170c498489,,,,stale,VALID,170c2a48,,,valid_direct_stale
rsk,validated_stales,data/rsk_validated_stales.csv,113,stale_only_publication,repo-data,3299353,,680708,000000000000000000085e7db79413029e10b1c08770fa9157fabbb170ca2c69,00000000000000000008ee0c01a77adc779755b080f7bf5ffddca4d36eaf806c,1619452413,170bef93,3604170020,000000206c80af6ed3a4dcfd5fbff780b0559777dc7aa7010cee080000000000000000008cb1a3b4a1ccf9a857db6d7c71a6a3397dd56d1098679c868b1789c37816c07ffde1866093ef0b172445d3d6,,,,stale,VALID,170bef93,,,valid_direct_stale
rsk,validated_stales,data/rsk_validated_stales.csv,114,stale_only_publication,repo-data,3303239,,680889,000000000000000000047360a231ee98549729b114f834d900c34dbccaf9b396,00000000000000000009fa021c5519a08a19f4f177b9674ee4c6b51c5f7381e7,1619569650,170bef93,1124423377,00008020e781735f1cb5c6e44e67b977f1f4198aa019551c02fa09000000000000000000e3ca607385a329e251a529e419148dc1fc99bf442620e7ff477a1510d30a9613f2ab886093ef0b17d1560543,,,,stale,VALID,170bef93,,,valid_direct_stale
rsk,validated_stales,data/rsk_validated_stales.csv,115,stale_only_publication,repo-data,3355767,,683862,0000000000000000000ac05c6cccccb53afe71b1462c34371af22d56eda96550,000000000000000000094eafbbdb8f943b61291115d8a1852cb55e0b68792a47,1621182158,170b3ce9,2893004579,04008020472a79680b5eb52c85a1d8151129613b948fdbbbaf4e09000000000000000000593fbcd6307250e11a7a71ee948fd79d1ed3bd44abaaa69e73cf5e50d478c821ce46a160e93c0b1723bf6fac,,,,stale,VALID,170b3ce9,,,valid_direct_stale
rsk,validated_stales,data/rsk_validated_stales.csv,116,stale_only_publication,repo-data,3403133,,686028,000000000000000000057efe0b954a46081ca35e7f1862145cb48c48e57c7937,000000000000000000082791d40d85622285c4d704a818884ae4f840793312bf,1622679519,170d5f7b,1917960332,04000020bf12337940f8e44a8818a804d7c4852262850dd4912708000000000000000000081b19fbead2c9669485f4ca5b22e6b2d8416a4956f166435773aa3a9d5669a6df1fb8607b5f0d178cc05172,,,,stale,VALID,170d5f7b,,,valid_direct_stale
rsk,validated_stales,data/rsk_validated_stales.csv,117,stale_only_publication,repo-data,3410847,,686408,0000000000000000000461f56d66d9638c0ca75520387df4bb9844f5802d4ad7,00000000000000000000b7ea667e864c9631a8da40e1ed684b6b0b18b9db5956,1622918707,170d5f7b,2181787100,04e0ff375659dbb9180b6b4b68ede140daa831964c867e66eab70000000000000000000057bf9a21b0e36af37fd88ba13b5f38eafdac33e3240f15089e2c2d62d5a8798133c6bb607b5f0d17dc6d0b82,,,,stale,VALID,170d5f7b,,,valid_direct_stale
rsk,validated_stales,data/rsk_validated_stales.csv,118,stale_only_publication,repo-data,3433490,,687512,0000000000000000000019b04c28105876ecb2859abbcdd031dfa93ae2be8c44,00000000000000000005505fd6a1ae6e3c5834788617f66bd26e4d580f2b7834,1623643457,170e1ef9,2096512874,0400602034782b0f584d6ed26bf617867834583c6eaea1d65f5005000000000000000000679d8a95f82763e0593c63da05c06eaca15eaf17073f9d3aa62c4e7c61454d0041d5c660f91e0e176a3ff67c,,,,stale,VALID,170e1ef9,,,valid_direct_stale
rsk,validated_stales,data/rsk_validated_stales.csv,119,stale_only_publication,repo-data,3444867,,688056,00000000000000000008fb1ea0c477adf2a472c486a2d9ea42865900ee55c8c7,0000000000000000000d56446d309d68fad6bfd3d3bfb99a4d267bcd8bd73223,1624012734,170e1ef9,3385725437,040000202332d78bcd7b264d9ab9bfd3d3bfd6fa689d306d44560d000000000000000000e16879d67a1b99a26ec1e1a85721032c9b474ed3f4324c48030c91bc5fcdd4e0be77cc60f91e0e17fd11cec9,,,,stale,VALID,170e1ef9,,,valid_direct_stale
rsk,validated_stales,data/rsk_validated_stales.csv,120,stale_only_publication,repo-data,3555090,,693141,0000000000000000000a4dbe9f44be64d4a5d53b8309ecce87d38bdf6c72f978,0000000000000000001214865c3cf2d6a0c41f5ce4e9dc7ec1a303405e34e7ff,1627514917,17149624,1710608794,04000020ffe7345e4003a3c17edce9e45c1fc4a0d6f23c5c86141200000000000000000061b76404e3527bfb1d1a51b3f3d66769d01d1166d130cf2308e7634b69c2ab2325e80161249614179ad1f565,,,,stale,VALID,17149624,,,valid_direct_stale
rsk,validated_stales,data/rsk_validated_stales.csv,121,stale_only_publication,repo-data,3560909,,693481,00000000000000000003fc00a7a6ec3d82ece5675dbb0eb16feb1f65081a4e47,0000000000000000000260d905f35b4fdd203476289cc19f72cd20793006d593,1627697700,17149624,1594076268,0400402093d506307920cd729fc19c28763420dd4f5bf305d96002000000000000000000a3d666817e1c29946ec41cb65303e6c1b7fff0e24c0959c737167186397d8e1324b20461249614176cac035f,,,,stale,VALID,17149624,,,valid_direct_stale
rsk,validated_stales,data/rsk_validated_stales.csv,122,stale_only_publication,repo-data,3593315,,695327,0000000000000000000c696f74f34cf755bfcce4f8a3afb8bda9f33ff7fe96c2,0000000000000000000bb0689a09493cf12e2c7ef85bbd3edf8c911f2262d1f5,1628719270,17136aa2,177350441,04e00020f5d162221f918cdf3ebd5bf87e2c2ef13c49099a68b00b0000000000000000008c3544b6603fa16aea2c1bf643ee2295e8999039805b9e42215d0f874a7eb4cba6481461a26a13172927920a,,,,stale,VALID,17136aa2,,,valid_direct_stale
rsk,validated_stales,data/rsk_validated_stales.csv,123,stale_only_publication,repo-data,3607563,,696145,00000000000000000007c8948e5a89cd01804b7e5c6f454597c49d5b3b368b66,00000000000000000011df798a1f1267e4f55172b69c395836ac2b038b6ccbb2,1629164204,1712180b,585249285,0400c020b2cb6c8b032bac3658399cb67251f5e467121f8a79df11000000000000000000cf83038a090991e94aaf543b754bff9ae341cdc81d8e75af09f0398873bbbeb0ac121b610b1812170532e222,,,,stale,VALID,1712180b,,,valid_direct_stale
rsk,validated_stales,data/rsk_validated_stales.csv,124,stale_only_publication,repo-data,3622559,,697008,000000000000000000077247c3ca9bae18511418667c4562fc6f92477b5d339e,0000000000000000000719805ab50710a92d959a8dab562d9ba0f519d4ddfaaa,1629630398,1712180b,2689721234,04000020aafaddd419f5a09b2d56ab8d9a952da91007b55a801907000000000000000000044c71094b2f41dff9637a80bf6dde962414b8cf53a6d97caed91ac82595fd00be2f22610b18121792e351a0,,,,stale,VALID,1712180b,,,valid_direct_stale
rsk,validated_stales,data/rsk_validated_stales.csv,125,stale_only_publication,repo-data,3648096,,698460,0000000000000000000d5bb28890cc7320559f91eae0bc5781d1d70a7d3a879d,00000000000000000001b2b8d46a8d623100ad56f9eeab0a4cd4114c72e0cc0c,1630446597,170ffaa0,559007349,040080200ccce0724c11d44c0aabeef956ad0031628d6ad4b8b201000000000000000000ecbd0cfca781a007deb93c47a8ccb6dca189e24453309ecf36cf53d10a07b4f605a42e61a0fa0f1775c65121,,,,stale,VALID,170ffaa0,,,valid_direct_stale
rsk,validated_stales,data/rsk_validated_stales.csv,126,stale_only_publication,repo-data,3719930,,702379,000000000000000000001b644ac038024ee1c44794fbd6670cfab26f45688351,00000000000000000004923377ae964fdd62c9fb003ee243a1aab2aa325eb9e9,1632721031,170ed0eb,179573576,0400e020e9b95e32aab2aaa143e23e00fbc962dd4f96ae773392040000000000000000006d4a0fb5e1ff9531c3d3d5b683a55e877f4983054e21cca271b53f51b16bce4887585161ebd00e174813b40a,,,,stale,VALID,170ed0eb,,,valid_direct_stale
rsk,validated_stales,data/rsk_validated_stales.csv,127,stale_only_publication,repo-data,3765298,,704860,0000000000000000000082662395224ba78d2ba1fdd3cb5a918ab8c7d5d63beb,0000000000000000000d1543e94678ece56dfff1da5be61bd185ba290b896392,1634153578,170e2632,234119996,044000209263890b29ba85d11be65bdaf1ff6de5ec7846e943150d000000000000000000e2c031461308e18b0b1fa21b0d35e134e889215f72cb39df6ab26818bd8d15196a34676132260e173c63f40d,,,,stale,VALID,170e2632,,,valid_direct_stale
rsk,validated_stales,data/rsk_validated_stales.csv,128,stale_only_publication,repo-data,3785313,,705970,00000000000000000002328fe71f98eff128c9566bbf344d76234570b4a96e69,0000000000000000000833dea8c68b46b677f23fae79592ae9c81d35a1eca397,1634804521,170e0408,1696301863,0400402097a3eca1351dc8e92a5979ae3ff277b6468bc6a8de330800000000000000000045c230509c7fe248d3551d6aac734bb3d52182b19d4ab4dd447ee6bc513b9df02923716108040e1727831b65,,,,stale,VALID,170e0408,,,valid_direct_stale
rsk,validated_stales,data/rsk_validated_stales.csv,129,stale_only_publication,repo-data,3795421,,706575,0000000000000000000cd4c148073e2cf6b0746ce5411afbb571df2557ef2e96,00000000000000000009fc04e91a4903230eeb24ccad52b7022bb8636ca2e71d,1635143630,170e0408,3487722239,0400ff3f1de7a26c63b82b02b752adcc24eb0e2303491ae904fc09000000000000000000785fbe56f94484c92a052c8fc06cecfcf79e5deffb62e225075cf2555c35fcc6ce4f766108040e17ff6ae2cf,,,,stale,VALID,170e0408,,,valid_direct_stale
rsk,validated_stales,data/rsk_validated_stales.csv,130,stale_only_publication,repo-data,3809160,,707433,0000000000000000000929e8bd3c60c7b01941c8a46ef5ca98b0f3193c47dd35,00000000000000000009e748d67c0e32d943e08b10198e3b9fa7adecde001009,1635602048,170e0408,844455554,04e00020091000deecada79f3b8e19108be043d9320e7cd648e709000000000000000000bdfc2b7aeb90d9cd822bae6eb6e14bd02d7ad3269c0990f66c3a589580ee84b5804e7d6108040e17825e5532,,,,stale,VALID,170e0408,,,valid_direct_stale
rsk,validated_stales,data/rsk_validated_stales.csv,131,stale_only_publication,repo-data,3818965,,707998,0000000000000000000bdc845158b07c6906d2984ecb23cf97905d0bc93ba5dc,0000000000000000000860c03a766e577f129ee2aa7a394f7b34242cfd50f03f,1635928365,170cfecf,249750574,04e000203ff050fd2c24347b4f397aaae29e127f576e763ac060080000000000000000006344e899466c5aae02721ba50fa6db614acc994c271be839f269745f3a6fb0212d498261cffe0c172ee4e20e,,,,stale,VALID,170cfecf,,,valid_direct_stale
rsk,validated_stales,data/rsk_validated_stales.csv,132,stale_only_publication,repo-data,3829641,,708622,00000000000000000001a2e49fc7d218f65a13174b2c8dbe6cea5e95e2df621b,00000000000000000009bde58b66036d3a4238bf511bd28f9e6281100404c504,1636288865,170cfecf,294642429,04e0ff3f04c504041081629e8fd21b51bf38423a6d03668be5bd0900000000000000000017e76c70da2f47ebaa3f9971b9e4fbeb640a3cbf909d04145d958c1f8f780beb61c98761cffe0c17fde28f11,,,,stale,VALID,170cfecf,,,valid_direct_stale
rsk,validated_stales,data/rsk_validated_stales.csv,133,stale_only_publication,repo-data,3834458,,708901,00000000000000000002b66cb38b639b7d3e8ffe63b9d062fb0ab6bd56474fc0,0000000000000000000011d5f951919bacf8d3754ad23362924de39dddde4d47,1636453061,170cfecf,1475124008,04008020474ddedd9de34d926233d24a75d3f8ac9b9151f9d51100000000000000000000ff5490e8c12ca4f8ad228f89010f90f8a54b8248142d81c891af841107e8ad53c54a8a61cffe0c17289bec57,,,,stale,VALID,170cfecf,,,valid_direct_stale
rsk,validated_stales,data/rsk_validated_stales.csv,134,stale_only_publication,repo-data,3839863,,709228,00000000000000000003e53e3e5bc529a365fc1d0025b253c428dc94dedafa4b,00000000000000000006c81d278ebb636df4076f4fa60a5cefa755cd025e924a,1636632130,170cfecf,242905941,0400a0204a925e02cd55a7ef5c0aa64f6f07f46d63bb8e271dc8060000000000000000003d63872e73425e0dd185f5f913e6bb55804aac2442349198b6af25d20d2edc3442068d61cffe0c1755737a0e,,,,stale,VALID,170cfecf,,,valid_direct_stale
rsk,validated_stales,data/rsk_validated_stales.csv,135,stale_only_publication,repo-data,3856683,,710201,000000000000000000031074ef00ff3903f2b80cc324cf41463ef927dabd407b,000000000000000000056c73416483278594b13447267b33d545af9061887dfd,1637192243,170c69ea,3480972142,0000ff3ffd7d886190af45d5337b264734b1948527836441736c05000000000000000000bc99503124bb1e674610082b7086cdc5467e7906bc606c38a8226fe1b81f951033929561ea690c176e6b7bcf,,,,stale,VALID,170c69ea,,,valid_direct_stale
rsk,validated_stales,data/rsk_validated_stales.csv,136,stale_only_publication,repo-data,3857109,,710226,0000000000000000000299304196510f9f40d0e640a94258a473009efe587516,00000000000000000002b36f26d1e2d97aa8d199bbf7527bf9ffd30fab7da246,1637206394,170c69ea,909014034,0400c02046a27dab0fd3fff97b52f7bb99d1a87ad9e2d1266fb302000000000000000000d1ac3e6cdd466d7fe0dade52dd62860a488aa38821ef876675b48547944e86057ac99561ea690c1712742e36,,,,stale,VALID,170c69ea,,,valid_direct_stale
rsk,validated_stales,data/rsk_validated_stales.csv,137,stale_only_publication,repo-data,3870646,,710969,0000000000000000000be41b423608eee18feb7e0f6fb9ac6c27835c530179c2,000000000000000000004dd040595540d43ce8ff5946eeaa403fb13d0e582d8f,1637668049,170c69ea,65934465,044000208f2d580e3db13f40aaee4659ffe83cd440555940d04d000000000000000000002f6c2956f670091711d319fca6b672b4e5362c18ae6e91f93d8c5b5c67c50894d1d49c61ea690c178114ee03,,,,stale,VALID,170c69ea,,,valid_direct_stale
rsk,validated_stales,data/rsk_validated_stales.csv,138,stale_only_publication,repo-data,3889473,,712008,000000000000000000045d50de0c18d3a15e3f4bf540fa0838297ff1f06cea21,0000000000000000000911bd3d6e5fb01012b8d49f41da4e723fc316ae040b17,1638314320,170c9a13,51464284,04000020170b04ae16c33f724eda419fd4b81210b05f6e3dbd1109000000000000000000716ab9969e550800a486fb566577c9cec08e3907f72e1809c48a8fbd4aa6e09a50b1a661139a0c175c481103,,,,stale,VALID,170c9a13,,,valid_direct_stale
rsk,validated_stales,data/rsk_validated_stales.csv,139,stale_only_publication,repo-data,3942534,,715139,0000000000000000000407bc4e26035c137869cdb677dfcab268b3faf7d7b5d1,000000000000000000024895eaefb6a22babc760aa042d672af8e15e6b2c05a1,1640114565,170ba21f,1711720544,0400a020a1052c6b5ee1f82a672d04aa60c7ab2ba2b6efea95480200000000000000000099c0d4de55c349ab902da93a61dc79566813d45141404514f98c9ed2ae8477318529c2611fa20b1760c80666,,,,stale,VALID,170ba21f,,,valid_direct_stale
rsk,validated_stales,data/rsk_validated_stales.csv,140,stale_only_publication,repo-data,3944833,,715276,00000000000000000009b160476c5f407ccd4957e20346b862d8fc46004759f0,0000000000000000000a466c0f8718c623997d886c7fe2b36a8e68f9cd70d5c3,1640193070,170ba21f,1228528009,04006020c3d570cdf9688e6ab3e27f6c887d9923c618870f6c460a000000000000000000ae806e37ff787cd00e45afcfb03545a5acee6202008b9b0e15261318dd60c3732e5cc3611fa20b1789d93949,,,,stale,VALID,170ba21f,,,valid_direct_stale
rsk,validated_stales,data/rsk_validated_stales.csv,141,stale_only_publication,repo-data,3947599,,715440,00000000000000000002693ba34e32bed6442dfa553a4b9cb50b7a8c9dc2d58d,00000000000000000008dd3f2667efe73b9beca7909757530a8e2f58f004b87b,1640287661,170ba21f,1715944471,000060207bb804f0582f8e0a53579790a7ec9b3be7ef67263fdd08000000000000000000055682b4d448378edf58cefbdab420dc03d021327e42bbfec5a7f3f73e4730cbadcdc4611fa20b17173c4766,,,,stale,VALID,170ba21f,,,valid_direct_stale
rsk,validated_stales,data/rsk_validated_stales.csv,142,stale_only_publication,repo-data,4138051,,726300,000000000000000000043960a5a94b18f7d94c647354d1fb1e75c34055910ecd,00000000000000000004cc7ab41915d5bd30556f879e65015a5caac53ebae55f,1646671961,170a3773,2489211307,042000205fe5ba3ec5aa5c5a01659e876f5530bdd51519b47acc04000000000000000000ed73004e7cd4859cfbbaf0eaf274b2884c597568b104e1937c7be8085025b49b5938266273370a17ab595e94,,,,stale,VALID,170a3773,,,valid_direct_stale
rsk,validated_stales,data/rsk_validated_stales.csv,143,stale_only_publication,repo-data,4145294,,726699,000000000000000000032733a93e6a7495d7c361174c2db4389dc611a43f1514,00000000000000000003b4b952c601f853a635df2034eadac288309d00610e11,1646914274,170a3773,2491408965,00200020110e61009d3088c2daea3420df35a653f801c652b9b4030000000000000000007dcf9188f45b4374a401660df9d5177f9ded88dd1eb8d10ce7129fa77e249c11e2ea296273370a1745e27f94,,,,stale,VALID,170a3773,,,valid_direct_stale
rsk,validated_stales,data/rsk_validated_stales.csv,144,stale_only_publication,repo-data,4179928,,728744,00000000000000000006cae3d864b21d8820fcc5a11859c3193b7065a661628e,000000000000000000067b27f5b297798439715e4550e94f6c8a7998376b458a,1648091291,170a40c0,1881853479,046000208a456b3798798a6c4fe950455e7139847997b2f5277b060000000000000000008b937d17dbbf90a37a75f5ed10c03ee6f41e83c0ec40130c73637dd8c57a15e69be03b62c0400a1727ce2a70,,,,stale,VALID,170a40c0,,,valid_direct_stale
rsk,validated_stales,data/rsk_validated_stales.csv,145,stale_only_publication,repo-data,4216658,,730848,000000000000000000029ec31578132d01696910f299f8d104f29b8f8bbdc24f,000000000000000000084102f67417a6f9693432b3a24f23c66661ddc847e0d0,1649337334,1709d897,4175465844,00403b26d0e047c8dd6166c6234fa2b3323469f9a61774f60241080000000000000000004fc3d9ad26e8e3e05cbb112e2ceed8aebac6d328126f1d8042a1419723d1a78cf6e34e6297d80917748de0f8,,,,stale,VALID,1709d897,,,valid_direct_stale
rsk,validated_stales,data/rsk_validated_stales.csv,146,stale_only_publication,repo-data,4287569,,734981,000000000000000000013b8819d8d272e100ac368cbc1e763252ad76d403d486,0000000000000000000715aa712de97779afeac54be2c3412b35d6a78576687f,1651733523,17097275,942199389,000080207f687685a7d6352b41c3e24bc5eaaf7977e92d71aa150700000000000000000044412d96d92bbe49ffb568757f47ea24b3d9b41af3787738f6c2ab5864701a6f13747362757209175dd22838,,,,stale,VALID,17097275,,,valid_direct_stale
rsk,validated_stales,data/rsk_validated_stales.csv,147,stale_only_publication,repo-data,4312572,,736408,00000000000000000005224c9af9bbdf3bea89d720a490651ce64f388b4b0673,00000000000000000002c4d3a91eb72c6aa36640850b917c5e13cd9866dc231c,1652566816,170901ba,3039855488,000080201c23dc6698cd135e7c910b854066a36a2cb71ea9d3c40200000000000000000097414db84515e026ee763803221a138c4472a87790bfd787b2a6094cba1b1419202b8062ba010917808330b5,,,,stale,VALID,170901ba,,,valid_direct_stale
rsk,validated_stales,data/rsk_validated_stales.csv,148,stale_only_publication,repo-data,4325812,,737110,0000000000000000000578aa645c2a10e9dc8556be042d29991c0d3c08dd8644,00000000000000000005dea1c5f518777b2a7deafde1c0b0f308fa3e081e9e3c,1653008180,170901ba,3629423994,0400e0203c9e1e083efa08f3b0c0e1fdea7d2a7b7718f5c5a1de05000000000000000000a8e0f4e601bea5cdf0847f726bf57856d35cdae5e56c95268eb949ce0b52069634e78662ba0109177a9d54d8,,,,stale,VALID,170901ba,,,valid_direct_stale
rsk,validated_stales,data/rsk_validated_stales.csv,149,stale_only_publication,repo-data,4326267,,737130,00000000000000000006975197c02823e9104076cc682a2151871f88d2965418,0000000000000000000878f3913602d7cef4c1173f8b017eff49507dce8712e4,1653023791,170901ba,3931132989,0440ab2de41287ce7d5049ff7e018b3f17c1f4ced7023691f37808000000000000000000202231f85a48f56a67ed613a53d01ddd795d6209c0653b3c80938dce26095cbe2f248762ba0109173d5450ea,,,,stale,VALID,170901ba,,,valid_direct_stale
rsk,validated_stales,data/rsk_validated_stales.csv,150,stale_only_publication,repo-data,4338423,,737765,00000000000000000002ebc63dfcb840c72fa81559a7909b7a6c0a58ce259fe8,0000000000000000000039ea2c8234d92d2d5e334243f3d337cbdf91554b4384,1653433589,170901ba,2718185250,0440002084434b5591dfcb37d3f34342335e2d2dd934822cea3900000000000000000000ca37e9f8f34fe8fae3537dba1ee9857eff9a9b62b07ce7eecc1539b13c090944f5648d62ba010917223704a2,,,,stale,VALID,170901ba,,,valid_direct_stale
rsk,validated_stales,data/rsk_validated_stales.csv,151,stale_only_publication,repo-data,4382674,,740280,000000000000000000008d05de4d0b44b57d0745f2753515c4110c48e5344787,00000000000000000001016211ac370b710d199f2219296099af20419de6aecf,1654912902,17094b6a,4072281333,04e0ff37cfaee69d4120af99602919229f190d710b37ac1162010100000000000000000092ed3808ca203e2bea72c83eebe9aaa300716910e8759d0e5455f806db6a569e86f7a3626a4b0917f514baf2,,,,stale,VALID,17094b6a,,,valid_direct_stale
rsk,validated_stales,data/rsk_validated_stales.csv,152,stale_only_publication,repo-data,4397470,,741082,00000000000000000004e2891d08337eb9263b703eb1c897e05dc59e8b246a9b,00000000000000000003b32ad8b8425797fb321a0e74a07ea944c1e95660a5a1,1655409740,17094b6a,1827872278,00c0f82fa1a56056e9c144a97ea0740e1a32fb975742b8d82ab303000000000000000000f924f5d6df3174fb88209458421f8ece145681806aa9601271a193c24e64eff44c8cab626a4b0917161ef36c,,,,stale,VALID,17094b6a,,,valid_direct_stale
rsk,validated_stales,data/rsk_validated_stales.csv,153,stale_only_publication,repo-data,4524561,,747880,00000000000000000008d99e58ea26b6a7653fbcf007e1203b4d5935ad769b3e,000000000000000000091394e57e9b8183347ce928103d063166dd925167a5ae,1659583957,170a2a04,2992303456,0400c020aea5675192dd6631063d1028e97c3483819b7ee59413090000000000000000007c93235ae044a86fafe49acdc45e8f3189a85edd2dbb078ab9c89a71cf945d95d53deb62042a0a1760ed5ab2,,,,stale,VALID,170a2a04,,,valid_direct_stale
rsk,validated_stales,data/rsk_validated_stales.csv,154,stale_only_publication,repo-data,4625197,,753503,000000000000000000047d1cd835034fb1d3a59a25f93eddc8a408372a010022,0000000000000000000748bc23924dd218e5f35de048574bb5e9ceb9f859580b,1662838486,17091620,2943767219,04e0ff370b5859f8b9cee9b54b5748e05df3e518d24d9223bc48070000000000000000004b4908d136f8716dadda5dbf1df10ffcf64b61c1750c7fb2272c59563fd9c71ad6e61c6320160917b35276af,,,,stale,VALID,17091620,,,valid_direct_stale
rsk,validated_stales,data/rsk_validated_stales.csv,155,stale_only_publication,repo-data,4646095,,754633,0000000000000000000152502bebd5bc13756d28b247c348df1a9e42ba08d64c,000000000000000000062334b4007ef71126e7e52ac7bad7806cae4340e96204,1663490552,1708c894,460713892,04e0ff3f0462e94043ae6c80d7bac72ae5e72611f77e00b43423060000000000000000003d5c39d38cdc93ab0fc83e8eedfce59872d8c5022468634e4f12fbb844b51d6df8d9266394c80817a4ef751b,,,,stale,VALID,1708c894,,,valid_direct_stale
rsk,validated_stales,data/rsk_validated_stales.csv,156,stale_only_publication,repo-data,4749747,,760347,000000000000000000079c322e576683da8844f747675a6e811447614e299b68,000000000000000000033e294b044919a02030d0aaf817d043bec08cd9d47187,1666774741,1707a429,1702730245,048066298771d4d98cc0be43d017f8aad03020a01949044b293e030000000000000000004f62dcddf9490addf10a8b375c58050ade5738dd077bffd63e39a241686d7a23d5f6586329a40717059a7d65,,,,stale,VALID,1707a429,,,valid_direct_stale
rsk,validated_stales,data/rsk_validated_stales.csv,157,stale_only_publication,repo-data,4767621,,761335,000000000000000000053a15fb7aeca2e399a9ef15375c1255d15ce42ce8721b,000000000000000000014be5024c4baf0d8a233ca6509a7cde22bca239f94d31,1667347167,1707a429,686763342,04604727314df939a2bc22de7c9a50a63c238a0daf4b4c02e54b01000000000000000000bccf2c085b885add3326a196f6333712ad310ae71b474102e068ceeee3dc7824dfb2616329a407174e2def28,,,,stale,VALID,1707a429,,,valid_direct_stale
rsk,validated_stales,data/rsk_validated_stales.csv,158,stale_only_publication,repo-data,4807936,,763445,000000000000000000065d0f6847466feeeaffa9663895cedde33aa12c262e00,000000000000000000033f492e17dbd5875e51e4574d6858b84ad231a603e51c,1668613679,1707a812,4100525603,040000201ce503a631d24ab858684d57e4515e87d5db172e493f03000000000000000000811c8936a68aed57f2ff87e34554a0f9a7bb6d71c62c91bc44cab74e972bb9f52f06756312a80717230e69f4,,,,stale,VALID,1707a812,,,valid_direct_stale
rsk,validated_stales,data/rsk_validated_stales.csv,159,stale_only_publication,repo-data,4834511,,764744,000000000000000000034df3f4bbd3007a1f647151f870bf9e04988f164c7341,000000000000000000054214778c3c910c9fa015bb25e8c07328ad23a97cd031,1669439190,17079e15,280513735,04e0ff3f31d07ca923ad2873c0e825bb15a09f0c913c8c771442050000000000000000004ed4ee01738cb056cf53d546987a096b717fb4b9f975d5f95cd52f7a95bbc944d69e8163159e0717c74cb810,,,,stale,VALID,17079e15,,,valid_direct_stale
rsk,validated_stales,data/rsk_validated_stales.csv,160,stale_only_publication,repo-data,4929049,,769575,000000000000000000000871bb09533dfc2c9ce5bd8eae0fc80a9a815944d716,0000000000000000000762a2a98595408c32223c35e103076c766c75285811d0,1672419361,1707f590,2004034181,04e00020d0115828756c766c0703e1353c22328c409585a9a26207000000000000000000fbd299591ff876891bd7e4ab4e8a02b4a2c72a825c3d5138cdd09ade5910742d2118af6390f5071785227377,,,,stale,VALID,1707f590,,,valid_direct_stale
rsk,validated_stales,data/rsk_validated_stales.csv,161,stale_only_publication,repo-data,4931154,,769710,000000000000000000025bc9698bd43a720a55a27a17347366ca7d608d5bfeb6,00000000000000000006de439ef1f435e831475257ad4d5077da3e796ab618d7,1672485761,1707f590,3718330458,0480212fd718b66a793eda77504dad57524731e835f4f19e43de06000000000000000000be80b3146e82eb40f4b489332b8caafc6ea2861885d25ef03fa479d92f691cf5811bb06390f507175a38a1dd,,,,stale,VALID,1707f590,,,valid_direct_stale
rsk,validated_stales,data/rsk_validated_stales.csv,162,stale_only_publication,repo-data,4964288,,771627,00000000000000000005a92bdb6f9d55ea8d2b42579e0db6ca7764f97b6910e1,000000000000000000038bbe97c2d26ad0cdcd5c359c350e669adbfbd84319de,1673553608,1708417e,2359271716,00008020de1943d8fbdb9a660e359c355ccdcdd06ad2c297be8b03000000000000000000312cf636e28ecbd3b62567f572e9fe1e98c14be330fec73be1e4413035ed62c6c866c0637e41081724a19f8c,,,,stale,VALID,1708417e,,,valid_direct_stale
rsk,validated_stales,data/rsk_validated_stales.csv,163,stale_only_publication,repo-data,4990460,,773077,0000000000000000000397ec2f830eec065035fcb98e0a0c0a8f075666673066,000000000000000000009588cbe1dec85929fd32c8c96b88fc2dd9c8fe050812,1674389478,17077ce2,2704414833,00001421120805fec8d92dfc886bc9c832fd2959c8dee1cb889500000000000000000000c9b13a6269193ce3392fe845d8865871e9f3eb6366c6457d15a40ea618a15886e627cd63e27c0717711832a1,,,,stale,VALID,17077ce2,,,valid_direct_stale
rsk,validated_stales,data/rsk_validated_stales.csv,164,stale_only_publication,repo-data,4990920,,773104,00000000000000000004b4b574cdb3d36dcd8dbe538d8ceef646a140dacd1d30,00000000000000000002e9d2bc829fe6bbe8677697e1a58129bc35124ef21574,1674403713,17077ce2,1578617397,00e031337415f24e1235bc2981a5e1977667e8bbe69f82bcd2e902000000000000000000b7cc500b96676c9c635aa2e159dc849409edfc194660a7bc6e135ef40bcbcb6f815fcd63e27c071735ca175e,,,,stale,VALID,17077ce2,,,valid_direct_stale
rsk,validated_stales,data/rsk_validated_stales.csv,165,stale_only_publication,repo-data,5033360,,775414,00000000000000000003b23db507ad4aef50fbc9ad358a234f73ba95c656a0c0,00000000000000000000c5a3d9a93a0f2f2121a4df9a20b08269e95cc5eafdd0,1675760514,17072720,730626795,00600120d0fdeac55ce96982b0209adfa421212f0f3aa9d9a3c5000000000000000000003b73552131774ee02267a2d4c93b26e4914b0fa5b783f177baf2232e0b4b40ce8213e26320270717eb7a8c2b,,,,stale,VALID,17072720,,,valid_direct_stale
rsk,validated_stales,data/rsk_validated_stales.csv,166,stale_only_publication,repo-data,5040779,,775827,000000000000000000049fd44307a09b0fd867c7b9e27171e2e000963b223d60,00000000000000000001b9371c0c60798ee500566a30e88cca9562645ec0dc1d,1675995584,17072720,1666327364,000000201ddcc05e646295ca8ce8306a5600e58e79600c1c37b901000000000000000000bd9d4dba3f8200532f3c70d2a293c99e5b3af31a6f66d6c278dffe69102914a1c0a9e5632027071744235263,,,,stale,VALID,17072720,,,valid_direct_stale
rsk,validated_stales,data/rsk_validated_stales.csv,167,stale_only_publication,repo-data,5060063,,776941,00000000000000000004cc87382e38118248ec926716565d50d63f0637c22c07,00000000000000000001229e95fc56f33f20a3f5316fbfb8cf6e7ec48a365a36,1676602657,17073039,814085729,00800020365a368ac47e6ecfb8bf6f31f5a3203ff356fc959e22010000000000000000006aa59468adbf0949649ba8033ded412c47bb248ba051d087daf9c18d8a7147df21edee633930071761f68530,,,,stale,VALID,17073039,,,valid_direct_stale
rsk,validated_stales,data/rsk_validated_stales.csv,168,stale_only_publication,repo-data,5070408,,777550,00000000000000000001f75b65b9066c46682ebd2b8358d7e64affb4d6adb5b3,00000000000000000006e95070824dd2a773135c140120b1ffeb0379c3ea49ae,1676933641,17073039,1947954788,0080d02cae49eac37903ebffb12001145c1373a7d24d827050e9060000000000000000006639e2a80792a13b28966dc1c0fa95df4b80acdba5472af59c94c51f49b08e2309faf36339300717646e1b74,,,,stale,VALID,17073039,,,valid_direct_stale
rsk,validated_stales,data/rsk_validated_stales.csv,169,stale_only_publication,repo-data,5170913,,783010,0000000000000000000340499a069de771c0559841c75d5230dd7802c3588d98,00000000000000000001984ecfa2399449e4a1de5072705662a119fb7831b6b5,1680086190,1706023e,1574625739,0000ff3fb5b63178fb19a16256707250dea1e4499439a2cf4e9801000000000000000000c6393fd733629c1efdeaadc39340ac981729a269782c96555ced8bf84db8074aae1424643e020617cbe1da5d,,,,stale,VALID,1706023e,,,valid_direct_stale
rsk,validated_stales,data/rsk_validated_stales.csv,170,stale_only_publication,repo-data,5324954,,790984,000000000000000000059e4f1f36c54edacc9a6e3a196acd567dae83a7f44dbd,000000000000000000024ee62c8ea7d8d00c438ff7f1d7e531a7945bd17767b2,1684814739,1705ae3a,2456311365,00602420b26777d15b94a731e5d7f1f78f430cd0d8a78e2ce64e020000000000000000001c55803e46d9e17ad08bee4cd1358235c578f0feef4894b02f4fd76480e3d79b933b6c643aae051745566892,,,,stale,VALID,1705ae3a,,,valid_direct_stale
rsk,validated_stales,data/rsk_validated_stales.csv,171,stale_only_publication,repo-data,5351437,,792379,000000000000000000032956cbfd8721abe0572d81542e75e38e6185312bee09,000000000000000000035d7345203315d8c73c37da256eebbe58a683331b60f5,1685623020,17057e69,2020407596,00803a22f5601b3383a658beeb6e25da373cc7d815332045735d030000000000000000005fdb186bd710fbf6a64a01e7869c1e0509d456c9ead50033ff5895903aa7e40eec907864697e05172cf96c78,,,,stale,VALID,17057e69,,,valid_direct_stale
rsk,validated_stales,data/rsk_validated_stales.csv,172,stale_only_publication,repo-data,5422177,,796038,0000000000000000000552fdbbe1edbff2887ea7879dc777b33f8cefc4ba665e,0000000000000000000037318b5f3c904ad3bfe5b2aabd2ec39b2371151b6e10,1687799618,1705606d,921069100,0020ee2d106e1b1571239bc32ebdaab2e5bfd34a903c5f8b3137000000000000000000000ad4becfd639ae3683f2a1526087944b23480bcb71887c13987000f591a3ea5942c799646d6005172c66e636,,,,stale,VALID,1705606d,,,valid_direct_stale
rsk,validated_stales,data/rsk_validated_stales.csv,173,stale_only_publication,repo-data,5427414,,796288,00000000000000000002c72834766a5eac00f50d8a203a6fd03217dc22ff2437,0000000000000000000215abe846ac5190fc7b95df34211ce649b5f7df835ae0,1687961489,1705606d,1319350039,00e00020e05a83dff7b549e61c2134df957bfc9051ac46e8ab150200000000000000000074e64f2eb24fd440834b9cd9bb991add7294cdba7baf907adf3a62044e5cf1f4913f9c646d60051717afa34e,,,,stale,VALID,1705606d,,,valid_direct_stale
rsk,validated_stales,data/rsk_validated_stales.csv,174,stale_only_publication,repo-data,5436056,,796720,00000000000000000001266fa925ca2a17a4b546dfbb24c321372b9576c36f0e,000000000000000000043a54c3b6e4118fdfd2ab3255f848f5271796a44a9a3a,1688227158,17058ebe,3659587203,000080203a9a4aa4961727f548f85532abd2df8f11e4b6c3543a0400000000000000000070450b76197f336f89ed25e363a65a3239c46485dda779a449a53d6a998e8a57564da064be8e051783de20da,,,,stale,VALID,17058ebe,,,valid_direct_stale
rsk,validated_stales,data/rsk_validated_stales.csv,175,stale_only_publication,repo-data,5449543,,797434,00000000000000000000fe9e3172a5d9ee3b815d952476a31056bc007657b83f,0000000000000000000118742e24eca6ae8adaccd5db94a2b2c4cf25159b1638,1688650755,17058ebe,4030624309,0000c02038169b1525cfc4b2a294dbd5ccda8aaea6ec242e7418010000000000000000000ed41354f2e9a2b6aaf64a57e189048e1beb832c01989cbf7e5a6e2d1adb330b03c4a664be8e051735723ef0,,,,stale,VALID,17058ebe,,,valid_direct_stale
rsk,validated_stales,data/rsk_validated_stales.csv,176,stale_only_publication,repo-data,5454476,,797752,0000000000000000000048c6ee31c9f6d913ce3689705b8b1fc388d5762a9c80,0000000000000000000444ffc703dca77de9e081a0cfc68509c465e74fec91bf,1688804607,17058ebe,894074974,00800120bf91ec4fe765c40985c6cfa081e0e97da7dc03c7ff4404000000000000000000f4e3f670f7d8dd7fa34272ff2ebcd89784c036ba05d2937a37290ffe3578a63fff1ca964be8e05175e804a35,,,,stale,VALID,17058ebe,,,valid_direct_stale
rsk,validated_stales,data/rsk_validated_stales.csv,177,stale_only_publication,repo-data,5470289,,798601,00000000000000000003e6e0ca6e4b679bc315b0a1d523153db531df244e34b2,00000000000000000004a37a918cbcb32a0fe2de65efe3c10fc794813d50bebf,1689305434,17053894,1006149719,0000a020bfbe503d8194c70fc1e3ef65dee20f2ab3bc8c917aa304000000000000000000626f587ab5200ab2c8b925589aecea337725669d098db610f8315f40a7be91205ac1b0649438051757a0f83b,,,,stale,VALID,17053894,,,valid_direct_stale
rsk,validated_stales,data/rsk_validated_stales.csv,178,stale_only_publication,repo-data,5545403,,802617,00000000000000000003cde17280f9c458ef226f5a77271ee82489daa6ac1819,00000000000000000002cc1a20c2d50e2a6f5e525db2ef10106dcb55e0a6c46c,1691732714,17055f5b,1076720179,000000206cc4a6e055cb6d1010efb25d525e6f2a0ed5c2201acc02000000000000000000920dfeaa177a781c6491d1065403fc0e6c09e8471825f18aa5043d5acf1ea6f9eacad5645b5f051733722d40,,,,stale,VALID,17055f5b,,,valid_direct_stale
rsk,validated_stales,data/rsk_validated_stales.csv,179,stale_only_publication,repo-data,5549526,,802859,000000000000000000052822cb66ad7eacacf11e8e0f16c268679f7ea25abc98,00000000000000000005268735929aaad948eb4d5c4015f0eb62ca05e2cc6562,1691862490,17055f5b,3286476589,006000206265cce205ca62ebf015405c4deb48d9aa9a923587260500000000000000000077d797119566eedb40329bb1f7e0aae3aa3bb921e3690bcd493e1c063b1042acdac5d7645b5f05172da7e3c3,,,,stale,VALID,17055f5b,,,valid_direct_stale
rsk,validated_stales,data/rsk_validated_stales.csv,180,stale_only_publication,repo-data,5628061,,807025,000000000000000000048d93a8093bd9b104cadd46957a6d14ba3ce6f2a29b9f,000000000000000000045ad846694f7424b135b0b9e4f271693235a304f134b6,1694346286,170532ae,1126205226,0020e720b634f104a335326971f2e4b9b035b124744f6946d85a040000000000000000001f14c10987b6f4cbb04b3c8b5939f1c19246780b84ba2c56f0bdb583fef8be6c2eacfd64ae3205172a872043,,,,stale,VALID,170532ae,,,valid_direct_stale
rsk,validated_stales,data/rsk_validated_stales.csv,181,stale_only_publication,repo-data,5660932,,808821,00000000000000000000afb04a569842491ecfda6a03ff5e8d9322e5888e512b,000000000000000000035ffd032e4eee803ef51c12e701c41d190cae5abfaf64,1695369020,1704ed7f,3776086895,0000c32f64afbf5aae0c191dc401e7121cf53e80ee4e2e03fd5f030000000000000000005879d2d58ed05f09f2cb41bd16db2525a117d718a78f2ef3af68b185721fb00c3c470d657fed04176f8312e1,,,,stale,VALID,1704ed7f,,,valid_direct_stale
rsk,validated_stales,data/rsk_validated_stales.csv,182,stale_only_publication,repo-data,5695557,,810631,00000000000000000004a2b31c38cd724c92d3b33f9dcbe99bfb50ad167ab2ee,0000000000000000000127d56aaec3c26ca24f1bc973d52a8eacf845f1c9c102,1696436789,1704e90f,3830863512,0000e02002c1c9f145f8ac8e2ad573c91b4fa26cc2c3ae6ad5270100000000000000000097ee172777445d717bceb5bb96422b026cd0c3f15c7d8dfb0dbba612b826c5e035921d650fe90417985656e4,,,,stale,VALID,1704e90f,,,valid_direct_stale
rsk,validated_stales,data/rsk_validated_stales.csv,183,stale_only_publication,repo-data,5742428,,813210,000000000000000000021c9f203786c0adcd7ae9a68a25d5e430d2a3dba613d5,0000000000000000000387aabb95cecfc38d2a61b4e2590ae4cc77d267b70a05,1697907058,17049ca9,1909105805,00e0ff3f050ab767d277cce40a59e2b4612a8dc3cfce95bbaa87030000000000000000004d0fb022cf3219874b01b1c8915b6e6464476995d3e34726da13c325cd8c6c6872013465a99c04178da4ca71,,,,stale,VALID,17049ca9,,,valid_direct_stale
rsk,validated_stales,data/rsk_validated_stales.csv,184,stale_only_publication,repo-data,5776847,,815041,000000000000000000018dbe43dce84e99e8b6e3c486b6b99f5d35664ac3d894,0000000000000000000302c9b5fd2478e8e62a9ca0ecfb937bc130d7bbcfb5c5,1698969360,17048194,3445995829,00002020c5b5cfbbd730c17b93fbeca09c2ae6e87824fdb5c902030000000000000000000cf25d11ad8b87f26d8d4f1cdcf13e393a9cbf480137713adcbba286b56c9c1e103744659481041735b965cd,,,,stale,VALID,17048194,,,valid_direct_stale
rsk,validated_stales,data/rsk_validated_stales.csv,185,stale_only_publication,repo-data,5781532,,815288,00000000000000000000e41cff8222ded062e05a7f274d29243cbce880fe95bb,000000000000000000021f3d44ce4fb9e2c062285f18da23a5716d3a0fa9e7a5,1699111500,17048194,642080787,04c06d32a5e7a90f3a6d71a523da185f2862c0e2b94fce443d1f0200000000000000000052c1668c9c3d629d948804fec0bade7df26aa8538cde4a47401c49c4b95fe31d4c6246659481041713604526,,,,stale,VALID,17048194,,,valid_direct_stale
rsk,validated_stales,data/rsk_validated_stales.csv,186,stale_only_publication,repo-data,5786849,,815570,000000000000000000024c1b977ae540b29e329ccfc3bbb37f3b0880c2336212,00000000000000000003cc6de242e556ca7ead8e0f2f1c4f9cb872d7d4fa855b,1699270213,17048194,192258621,0000ff3f5b85fad4d772b89c4f1c2f0f8ead7eca56e542e26dcc03000000000000000000eebcd9c436616320cfed26469dc1f1a55cc9d654e6fdf11cbef7726ba33335b245ce4865948104173da2750b,,,,stale,VALID,17048194,,,valid_direct_stale
rsk,validated_stales,data/rsk_validated_stales.csv,187,stale_only_publication,repo-data,5811669,,816784,0000000000000000000248843d730c9645f67265d4ebc007859d4022f2de7c7f,000000000000000000019bf745700564bc27fbf4bb8bacf32e8dbaf8d09462b5,1699998595,17045a12,453589604,00006020b56294d0f8ba8d2ef3ac8bbbf4fb27bc64057045f79b01000000000000000000addd1265eb47ef747aced7f0a38d2236b095936da3026078092b274a880df4c283eb5365125a0417643a091b,,,,stale,VALID,17045a12,,,valid_direct_stale
rsk,validated_stales,data/rsk_validated_stales.csv,188,stale_only_publication,repo-data,5921290,,822261,00000000000000000003cc5fcca883d8474fe09d4d5fbbaaf526a201c61be2fb,00000000000000000003f01262c9a85073b0c7a5c2424de5eede3c578c771034,1703177546,17042e95,2207906134,0020692d3410778c573cdeeee54d42c2a5c7b07350a8c96212f003000000000000000000ee04e798fe50bd977d30b79cfb8aefa2f618b4a00ed8b7bc32b0a470474a82b54a6d8465952e041756f99983,,,,stale,VALID,17042e95,,,valid_direct_stale
rsk,validated_stales,data/rsk_validated_stales.csv,189,stale_only_publication,repo-data,5934276,,822941,00000000000000000003aaaacecbebd40417c2e6c39b5774a8a212d5b324052b,00000000000000000000fe516d119e7d6613a4bb0a200f8a099b828854310e77,1703545589,1703e8b3,3836769994,00000020770e315488829b098a0f200abba413667d9e116d51fe000000000000000000002cb31fc08513801675ad8c70a96b8ff780fa32d1cd5fcd3a69916c980965ebc6f50a8a65b3e80317ca76b0e4,,,,stale,VALID,1703e8b3,,,valid_direct_stale
rsk,validated_stales,data/rsk_validated_stales.csv,190,stale_only_publication,repo-data,5950247,,823672,000000000000000000001f317d0fdf0dbb37e5e5b0c858cb12f58eab4ff7ad91,000000000000000000012aa95aee0fd451961901b2bd0a5aadd5ab2a1a26de52,1704000439,1703e8b3,221941779,0000002052de261a2aabd5ad5a0abdb201199651d40fee5aa92a01000000000000000000280085d026fdf14e8b1425b615a4a5613720a20a2e4966ddc9ddb1cf82d32a9db7fb9065b3e8031713903a0d,,,,stale,VALID,1703e8b3,,,valid_direct_stale
rsk,validated_stales,data/rsk_validated_stales.csv,191,stale_only_publication,repo-data,6005204,,826263,0000000000000000000284c1a998c1c8f67a4ff0f06d11fa3bcc5cc15fad3757,00000000000000000001da0b9f8bf35ea3f43ce535dd0f92427a204f68d41af5,1705583196,1703d869,1036104037,00e08723f51ad4684f207a42920fdd35e53cf4a35ef38b9f0bda010000000000000000004bc2af6e2573c116e8f48fde220ab9a53476711f49889a9714948045c10661fc5c22a96569d8031765b1c13d,,,,stale,VALID,1703d869,,,valid_direct_stale
rsk,validated_stales,data/rsk_validated_stales.csv,192,stale_only_publication,repo-data,6034715,,827853,00000000000000000002c7de4016a0d09a47c19075cb73947e7f66e3461efd27,00000000000000000002e00dc7c7a81a326aace5e26cc67b68f911d23e60689b,1706474126,1704005a,2809714008,0080f6259b68603ed211f9687bc66ce2e5ac6a321aa8c7c70de0020000000000000000007796ff12348e79a8a6917e38541f1145fcafc26d823ba76583ab79549d2e57bb8ebab6655a00041758d578a7,,,,stale,VALID,1704005a,,,valid_direct_stale
rsk,validated_stales,data/rsk_validated_stales.csv,193,stale_only_publication,repo-data,6044744,,828366,0000000000000000000222082e0016ece6119a9175adcf4ba416631279dc5611,000000000000000000034c1e981c817152d03c82e546a99bb99102d295ea8686,1706783265,1704005a,876766575,004028308686ea95d20291b99ba946e5823cd05271811c981e4c0300000000000000000015302596f4e592827b4a45553efea2e69eee6360ddb2ae8116890733776931f92172bb655a0004176f654234,,,,stale,VALID,1704005a,,,valid_direct_stale
rsk,validated_stales,data/rsk_validated_stales.csv,194,stale_only_publication,repo-data,6132549,,832881,0000000000000000000147af858b815ba7fab00984df3811810a722d4624df8d,00000000000000000003760cfd52ab420790f1563148470d95f39dca9c63cca2,1709422207,17038c12,2327153013,00206e22a2cc639cca9df3950d47483156f1900742ab52fd0c7603000000000000000000e031ea60cdf7cdb675caf3dda24dd932b2017a24e9b1d584a40a9a69f345e8c77fb6e365128c03177589b58a,,,,stale,VALID,17038c12,,,valid_direct_stale
rsk,validated_stales,data/rsk_validated_stales.csv,195,stale_only_publication,repo-data,6143100,,833411,000000000000000000018450917aeae08339ffd3172807420dd35c736032898f,000000000000000000024344278548cb8a357318b22ce979f40cc3fa6555d262,1709734160,17038c12,2590005910,00e0002062d25565fac30cf479e92cb21873358acb488527444302000000000000000000d9deadcb6fe9da9d192ef89967f47525c897f726e93dacfcdb6f72210d458edc1079e865128c0317965a609a,,,,stale,VALID,17038c12,,,valid_direct_stale
rsk,validated_stales,data/rsk_validated_stales.csv,196,stale_only_publication,repo-data,6208830,,836806,0000000000000000000206e3a637468ec7c7b73632d9df302237d8899e8c6bba,000000000000000000029493a8ef91c77b5430a6a16a385536e256b655a899a8,1711723201,170362d3,712737373,00004020a899a855b656e23655386aa1a630547bc791efa893940200000000000000000080b326d48ecfc30d3970f78876d01641aaf19afadc45e4f3295ae5ee00c74292c1d20666d36203175d827b2a,,,,stale,VALID,170362d3,,,valid_direct_stale
rsk,validated_stales,data/rsk_validated_stales.csv,197,stale_only_publication,repo-data,6230680,,837929,000000000000000000016978fc164a420a2060c0a54290365df2f88587204c40,00000000000000000001e675715e679b07ebc77a126482c7cbe0a3473b0ba46f,1712380699,170362d3,1448428913,0060f3216fa40b3b47a3e0cbc78264127ac7eb079b675e7175e6010000000000000000007e89b1aa75348e0e5cb9e5581998e12be440745497eaed32a34952e0d282f5811bdb1066d362031771455556,,,,stale,VALID,170362d3,,,valid_direct_stale
rsk,validated_stales,data/rsk_validated_stales.csv,198,stale_only_publication,repo-data,6231248,,837957,00000000000000000000e8713be25a5a68bfb7fc2c8c4b89a3e889a13f58d829,00000000000000000002a651d9512f1b1d95a09292d7842a84eb253e7fe3d443,1712397832,170362d3,1807632170,0020002043d4e37f3e25eb842a84d79292a0951d1b2f51d951a6020000000000000000006f7da78e36bb926e7d2fd6478657c7e4508a9c3550fa649985344c3881de5d19081e1166d36203172a47be6b,,,,stale,VALID,170362d3,,,valid_direct_stale
rsk,validated_stales,data/rsk_validated_stales.csv,199,stale_only_publication,repo-data,6247197,,838792,00000000000000000002af7214c8796e102b0e9074a5d469266d7afe5af2f087,00000000000000000000537763ad4e4e4b40f8368fe0f00afab25809fa71be9f,1712871703,17034219,614800133,00e0ff379fbe71fa0958b2fa0af0e08f36f8404b4e4ead63775300000000000000000000b7e5e40438a38783b38eb3d137146a5c469d9b24a7f739ba25bc43a4be18e4cb1759186619420317051ba524,,,,stale,VALID,17034219,,,valid_direct_stale
rsk,validated_stales,data/rsk_validated_stales.csv,200,stale_only_publication,repo-data,6254506,,839152,0000000000000000000138944addd37b6ef038349062c29b98ade5914de97ff9,00000000000000000001f2b44f67f8ff7037f3d17abe791ae9715b46be62a067,1713081158,17034219,1048982019,0040d72467a062be465b71e91a79be7ad1f33770fff8674fb4f2010000000000000000009833b29d84959e3687c70cd07383ed7494320b2e0b24e5ff57453d0cfcc9c817468b1b66194203170332863e,,,,stale,VALID,17034219,,,valid_direct_stale
rsk,validated_stales,data/rsk_validated_stales.csv,201,stale_only_publication,repo-data,6301888,,841424,000000000000000000010998fc2714f8ae10ffb73f1986eecc58f5afc457ee07,00000000000000000000963c6affae195c6664501f4c6e493b927603d8169425,1714431230,170331db,3049446482,00207f2a259416d80376923b496e4c1f5064665c19aeff6a3c9600000000000000000000dffd15861e031a81b614aeb71223b44c04dd3fb3f95c1dd742cd3dbdbef10feefe243066db31031752dcc2b5,,,,stale,VALID,170331db,,,valid_direct_stale
rsk,validated_stales,data/rsk_validated_stales.csv,202,stale_only_publication,repo-data,6329110,,842665,00000000000000000002ac309c443aaa8468cfb59fdf84fca1e3fd42d623df39,0000000000000000000125063b1fd098ee6560dc86bfc3bf3d44130f397470d6,1715235185,170331db,3384616843,00e0fd33d67074390f13443dbfc3bf86dc6065ee98d01f3b062501000000000000000000e1cc5a5cde31058674490b6810fefffed05ee75dea3fc1b83e53c3bab362e9d171693c66db3103178b27bdc9,,,,stale,VALID,170331db,,,valid_direct_stale
rsk,validated_stales,data/rsk_validated_stales.csv,203,stale_only_publication,repo-data,6350900,,843741,000000000000000000009186f08b48d2a0dce51df8c0dac593286a8981675eb2,00000000000000000002005053384beadca048d5e1d1492e8211975ff5cf15a7,1715885520,1703629a,2652533788,00000020a715cff55f9711822e49d1e1d548a0dcea4b3853500002000000000000000000a9513ae7a6228aee1afbf6a461cfde92ff32bd517e5c96a37d062e36d21ee662d05546669a6203171c741a9e,,,,stale,VALID,1703629a,,,valid_direct_stale
rsk,validated_stales,data/rsk_validated_stales.csv,204,stale_only_publication,repo-data,6446766,,848526,000000000000000000002d8525fc551d9f794d8e89eb5a13ddd78ae80e9a3357,000000000000000000013782d1083e3bfbff3ddb3779d21ed91a02ea6a9175b1,1718745384,17035cb8,1472055858,00a0d328b175916aea021ad91ed27937db3dfffb3b3e08d1823701000000000000000000a1aeff92de780161a3b73a353957043c332383553faa447be171f3b0183fa9de28f97166b85c031732cabd57,,,,stale,VALID,17035cb8,,,valid_direct_stale
rsk,validated_stales,data/rsk_validated_stales.csv,205,stale_only_publication,repo-data,6456063,,848968,000000000000000000006aade64c55965be1542f138da658dcdb93005e5c486b,00000000000000000000df1e504c307157213014e129b5c237178afe22a81c6d,1719019316,17035d25,2989855654,0060c52e6d1ca822fe8a1737c2b529e11430215771304c501edf00000000000000000000b9029934d1e89e8e1519ce26779419acb1ff96868b76bea7f604d5fe2eab309634277666255d0317a69335b2,,,,stale,VALID,17035d25,,,valid_direct_stale
rsk,validated_stales,data/rsk_validated_stales.csv,206,stale_only_publication,repo-data,6501831,,851170,0000000000000000000283dca37cca165a799e910fb566026968cfd28cffc3b3,000000000000000000006c86c514be7b1ac01548b6975eb0aff21f5616db27dd,1720401192,17038a6d,585305145,00c00022dd27db16561ff2afb05e97b64815c01a7bbe14c5866c00000000000000000000c3a52fe572568dc4682a9e35d8348946ee72e4fbb28e6cb5cf5138ffcd39eb7a283d8b666d8a0317390ce322,,,,stale,VALID,17038a6d,,,valid_direct_stale
rsk,validated_stales,data/rsk_validated_stales.csv,207,stale_only_publication,repo-data,6539941,,853185,0000000000000000000026c0346042277e9a464778417b70c81334d98d617fd9,0000000000000000000154489360a5adb136a1e68bf96412b6f695e1db7c0e09,1721550413,17036e3a,794275130,00c00920090e7cdbe195f6b61264f98be6a136b1ada5609348540100000000000000000075c74fe3e72c9a6465e4311c8023c557b13017f4f1b096f661c61b40f89298704dc69c663a6e03173aad572f,,,,stale,VALID,17036e3a,,,valid_direct_stale
rsk,validated_stales,data/rsk_validated_stales.csv,208,stale_only_publication,repo-data,6636225,,858156,000000000000000000021e5ef0ac499f4be9b11789ec7d67a1b929926363a4a5,00000000000000000002e7b8b6d4fe1dc24b95503f176562ae67575fcb0f381f,1724455661,17033d76,2057514092,00e0ff3f1f380fcb5f5767ae6265173f50954bc21dfed4b6b8e7020000000000000000006f5aa4b6d53cc1762909c268274d86ff4ae61ab842ec7c98086ac3ff6fcd9e9ced1ac966763d03176c2ca37a,,,,stale,VALID,17033d76,,,valid_direct_stale
rsk,validated_stales,data/rsk_validated_stales.csv,209,stale_only_publication,repo-data,6645653,,858607,000000000000000000020d5a1e9725dc333da00c03d123b7187bf713a88b6d66,00000000000000000002a0281b5291924ae7894c3cf65d53cba24f0962bbcd9b,1724739980,17033d76,615338028,00e0442b9bcdbb62094fa2cb535df63c4c89e74a9291521b28a00200000000000000000056bf998798cc157391ef5a9a46e002dcc6a835b8b0c3d93f55f7a1b204f04dab8c71cd66763d03172c50ad24,,,,stale,VALID,17033d76,,,valid_direct_stale
rsk,validated_stales,data/rsk_validated_stales.csv,210,stale_only_publication,repo-data,6667301,,859749,000000000000000000001b2d82e3c85f3e9a6d64056a9af77cfceb2819f01059,000000000000000000029d72b5022da89bab4050c95a19b96cb5660c8df41abc,1725401331,1703255b,395048211,00000032bc1af48d0c66b56cb9195ac95040ab9ba82d02b5729d020000000000000000001e685a68cf0e90d8a6fbfc598c630772c83f5441d3123a252d2475d9bde02250f388d7665b25031713f58b17,,,,stale,VALID,1703255b,,,valid_direct_stale
rsk,validated_stales,data/rsk_validated_stales.csv,211,stale_only_publication,repo-data,6714080,,862068,000000000000000000004b7f2b9b9a9c910a93500d84fbb8926a17dd1ace2f8d,000000000000000000000189d9ca7e6d950e926f7e1813b32907e490da4003f6,1726805977,1703098c,1648224664,0040f32ff60340da90e40729b313187e6f920e956d7ecad98901000000000000000000009c3d4b8b13d6291e86b30a961abb4293d6bd54c546448a18047d9e6f59290db0d9f7ec668c09031798e93d62,,,,stale,VALID,1703098c,,,valid_direct_stale
rsk,validated_stales,data/rsk_validated_stales.csv,212,stale_only_publication,repo-data,6781841,,865333,00000000000000000001c279027823424fa99dee2e4d282eab5b833b5a6f3452,00000000000000000002da0a555b88ffaf91edea4e9937802e72532349532f1a,1728744603,17030ecd,1204509926,0000003e1a2f53492353722e8037994eeaed91afff885b550ada020000000000000000003bd9925a1243ba280588edd85fab25ee8bd8acf509be5ddc0e77ad6748da8ea19b8c0a67cd0e0317e65ccb47,,,,stale,VALID,17030ecd,,,valid_direct_stale
rsk,validated_stales,data/rsk_validated_stales.csv,213,stale_only_publication,repo-data,6816035,,866719,0000000000000000000114d1f1c1ddf51e83d6c0d660b2c1fa9f9a345f36624a,000000000000000000012cd6187ca09c48064b53757185151011fc261e8b9d23,1729520486,17030ecd,1666587993,00205721239d8b1e26fc111015857175534b06489ca07c18d62c010000000000000000008e3d6cfcf7f1f10664eb9c32d1367572a3ef32dcb462440898c4f48cc0d9e55866631667cd0e0317591d5663,,,,stale,VALID,17030ecd,,,valid_direct_stale
rsk,validated_stales,data/rsk_validated_stales.csv,214,stale_only_publication,repo-data,6908861,,870380,00000000000000000000ee7b3b7a868e091f9ec406f389580740b8618abfb48b,000000000000000000015ae39e08dc6e0129469dc768c3566aaa392395318768,1731659372,1702c4e4,3534505030,0000e020688731952339aa6a56c368c79d4629016edc089ee35a01000000000000000000349fcb136600769991ff971bc4082b55aab631b76dfe3d8f43dd6354f15149d56c063767e4c402174644acd2,,,,stale,VALID,1702c4e4,,,valid_direct_stale
rsk,validated_stales,data/rsk_validated_stales.csv,215,stale_only_publication,repo-data,6989399,,873558,00000000000000000000ba2ab3a02b9de883cd7368bf57da3e04cd2ba3bd04af,000000000000000000011f472bf9e68a6d2bbdd5762a4c351b895f8be5b7a176,1733524440,1702b563,2903135348,0000c42676a1b7e58b5f891b354c2a76d5bd2b6d8ae6f92b471f0100000000000000000069d57a1479ff45fe502ce822780082b7aa08fb1779400d7f2eadb441b379e992d87b536763b5021774540aad,,,,stale,VALID,1702b563,,,valid_direct_stale
rsk,validated_stales,data/rsk_validated_stales.csv,216,stale_only_publication,repo-data,7039448,,875589,0000000000000000000005eee6163885d621cd0b4e999630d00433b905ac264e,00000000000000000001ba9c1c8694b210ca236ac098375fad4b9b7c5c846634,1734698706,170297fa,608097459,00e016203466845c7c9b4bad5f3798c06a23ca10b294861c9cba01000000000000000000e26e7cbae92d3a067ea392fc4939d8bfb16082230487c784e6502cdc09d1898dd2666567fa970217b3d43e24,,,,stale,VALID,170297fa,,,valid_direct_stale
rsk,validated_stales,data/rsk_validated_stales.csv,217,stale_only_publication,repo-data,7093832,,877770,00000000000000000000451bdfb9fbd0b836ee62da952e68bbb7c5a3ceb191df,0000000000000000000197e4c4ad3514ec86b2b433074bb9931b20eac3085cd9,1735986378,1702905c,2646547166,0080c625d95c08c3ea201b93b94b0733b4b286ec1435adc4e49701000000000000000000d6be54763d4a0b517109104827dbdb0f7c7d5cebb569b948e27138e1cbc9a274ca0c79675c900217de1abf9d,,,,stale,VALID,1702905c,,,valid_direct_stale
rsk,validated_stales,data/rsk_validated_stales.csv,218,stale_only_publication,repo-data,7175437,,880932,000000000000000000014873584f9bf66973ae51d57c2d58b0341fa10782a620,0000000000000000000042a7e2f7caca7ab5012bf9974c82d0fc1ac2638db6d0,1737914848,17028c61,429190480,00c07c26d0b68d63c21afcd0824c97f92b01b57acacaf7e2a74200000000000000000000ce8ec40a3e41e8986a08f7a178cbab7476e6a59707d9ea330e6997b6374256f1e0799667618c021750ed9419,,,,stale,VALID,17028c61,,,valid_direct_stale
rsk,validated_stales,data/rsk_validated_stales.csv,219,stale_only_publication,repo-data,7187372,,881441,0000000000000000000210d5b36ad7189d9a822efec8df61b3b0d2e461b4a73a,000000000000000000008cf8e47c85fb99bb01b3d4ee1cfb3a64ccc6c82e8a48,1738203527,17029a8a,1403376533,00208122488a2ec8c6cc643afb1ceed4b301bb99fb857ce4f88c00000000000000000000d6b3a3bd20db09d0ef9727758b56ddcf7785280c5d81bd64be3403ea0d8439a687e19a678a9a021795d3a553,,,,stale,VALID,17029a8a,,,valid_direct_stale
rsk,validated_stales,data/rsk_validated_stales.csv,220,stale_only_publication,repo-data,7195914,,881780,00000000000000000002745046f0bb6fab9fd306b5df8afea25e5a4cc80f9282,00000000000000000001e50abf97db894680a9f8dba8b287c5d632cc577f72ed,1738412830,17029a8a,2663436214,0000003aed727f57cc32d6c587b2a8dbf8a9804689db97bf0ae501000000000000000000948f1a6ebe2f8919331e7e15070e254ac365f2b464b9d9d37dd2fd1d5eb977fe1e139e678a9a0217b6cfc09e,,,,stale,VALID,17029a8a,,,valid_direct_stale
rsk,validated_stales,data/rsk_validated_stales.csv,221,stale_only_publication,repo-data,7199208,,881953,000000000000000000007faee36bc09b2ab33e348e5991858f1ad938fb88a570,000000000000000000020c8695934eddb86358053185a0d31d0406f3c86f15b9,1738490604,17029a8a,2389341534,00e09523b9156fc8f306041dd3a08531055863b8dd4e9395860c02000000000000000000bda4def674f0be7f765798502c9d3a670c3d49f24bf0dbce44e569f9b619560bec429f678a9a02175e756a8e,,,,stale,VALID,17029a8a,,,valid_direct_stale
rsk,validated_stales,data/rsk_validated_stales.csv,222,stale_only_publication,repo-data,7222931,,882968,000000000000000000027b4b0c4248269a852754b99ecc4df80e53853c95f62e,00000000000000000000df853e9fea2a4bb1f0d6b37b45a7738db566940eb981,1739070567,17029a8a,4103492366,00e0fd2481b90e9466b58d73a7457bb3d6f0b14b2aea9f3e85df000000000000000000009c02b0fdc1c577b8fdd7133cb486c0c1e86db8848e9bc2b3a4abcb3d0fb734dd671ca8678a9a02170e5396f4,,,,stale,VALID,17029a8a,,,valid_direct_stale
rsk,validated_stales,data/rsk_validated_stales.csv,223,stale_only_publication,repo-data,7227537,,883159,00000000000000000001810ef4e33e95c185838f27904c3e14d9ff7565ea6aa8,0000000000000000000112210ff8f47651d87ac6eae404fda336ee23c3e3e472,1739182414,17027726,176032832,00601b2172e4e3c323ee36a3fd04e4eac67ad85176f4f80f2112010000000000000000006a4900595821f67cd96bf7a32aa5015cf37a2f9043d2f8137407a52bc21846704ed1a96726770217400c7e0a,,,,stale,VALID,17027726,,,valid_direct_stale
rsk,validated_stales,data/rsk_validated_stales.csv,224,stale_only_publication,repo-data,7228117,,883183,00000000000000000002585e763064d66b3f2554ef9dfb8603a2251ae16439e2,000000000000000000025886f65e6aeb7b809151d3110d99521f3c63b6b86881,1739196604,17027726,4108268898,00e070268168b8b6633c1f52990d11d35191807beb6a5ef686580200000000000000000036a8d98a0a50d078c4724939a85679ec0b61175b470d62b2fed155410ebd0817bc08aa67267702176235dff4,,,,stale,VALID,17027726,,,valid_direct_stale
rsk,validated_stales,data/rsk_validated_stales.csv,225,stale_only_publication,repo-data,7240846,,883674,00000000000000000001abda316319c8fec0def0564526d8282ca3a168def490,00000000000000000001bc390b0efbf6e9078085f2e4ea770d48eaf312278674,1739507128,17027726,1919855964,0000ff3f74862712f3ea480d77eae4f2858007e9f6fb0e0b39bc0100000000000000000004805b3d4af8beb1a7313a8b98959af52cb4754d8036019425b0332266e2e455b8c5ae67267702175cad6e72,,,,stale,VALID,17027726,,,valid_direct_stale
rsk,validated_stales,data/rsk_validated_stales.csv,226,stale_only_publication,repo-data,7261272,,884487,000000000000000000012dfc3e3782aef650f0de476258c55ec07fff050cbc4e,00000000000000000000264195b401ae6faf1979f07bf97b2362e4e583f6df67,1739994843,17027726,1191841811,00e0002067dff683e5e462237bf97bf07919af6fae01b495412600000000000000000000f0fdbddc24674bed078b593fd37f34e5ead243b2f2b10ca996570b9db699c9c9db36b6672677021713100a47,,,,stale,VALID,17027726,,,valid_direct_stale
rsk,validated_stales,data/rsk_validated_stales.csv,227,stale_only_publication,repo-data,7276126,,885039,000000000000000000025dcc497e8016ae10d613d8015bd312210607184f55e0,0000000000000000000240bf402f8b361d44189956b4489ce81e6d3a3dbb7956,1740350719,17028bb1,2069499262,0020e0275679bb3d3a6d1ee89c48b4569918441d368b2f40bf400200000000000000000043127d663146fcaf94d63b30ca23a7f8d442d5dccfe0b6f98c0df9ef5373b124ffa4bb67b18b02177e0d5a7b,,,,stale,VALID,17028bb1,,,valid_direct_stale
rsk,validated_stales,data/rsk_validated_stales.csv,228,stale_only_publication,repo-data,7279571,,885161,000000000000000000014f0590824733a73f59b36b556798c85f0880684e0dd8,00000000000000000000228f44a1b7c455b1a63201d44f810a1904aedabe6097,1740433714,17028bb1,95366299,0040f7269760bedaae04190a814fd40132a6b155c4b7a1448f22000000000000000000000cc46e05d7b32daab60a555e7376b7313212cac02d5b926f304b15e65a9379fb32e9bc67b18b02179b2caf05,,,,stale,VALID,17028bb1,,,valid_direct_stale
rsk,validated_stales,data/rsk_validated_stales.csv,229,stale_only_publication,repo-data,7288359,,885539,000000000000000000011099561732ebae66144b9a8ac006c0a7efa99ae57389,00000000000000000001ef2dc2ccf871fa616f00e1ce82137dc8d273fc558dff,1740646808,17028bb1,3996949043,0040812eff8d55fc73d2c87d1382cee1006f61fa71f8ccc22def0100000000000000000004ce9414e4f30c8f7688647725a9c94be7b0e92b975629c1b63d45e686b05c7e9829c067b18b0217339a3cee,,,,stale,VALID,17028bb1,,,valid_direct_stale
rsk,validated_stales,data/rsk_validated_stales.csv,230,stale_only_publication,repo-data,7348921,,888098,0000000000000000000051fed8a781963efa6e0dd87299ed43ba61ec0f4b2c23,0000000000000000000040dc255f05cc8792e5f1356306ab642a1f121ff2243c,1742156417,17028281,1905470649,0060fc233c24f21f121f2a64ab066335f1e59287cc055f25dc4000000000000000000000742cefc8c1575c3b6bd66e15b9fbd05f3dc628db2ecc0ce4562ddd3676453e398132d76781820217b92c9371,,,,stale,VALID,17028281,,,valid_direct_stale
rsk,validated_stales,data/rsk_validated_stales.csv,231,stale_only_publication,repo-data,7394610,,890041,00000000000000000001d888b8c2f8b3457470d1340faf95259339f678ec57c8,000000000000000000009e59c8c03ec146acfbd3bec6f62ae3e09c18de98c485,1743293669,1702796c,2561295488,00a09a2585c498de189ce0e32af6c6bed3fbac46c13ec0c8599e00000000000000000000fa6ea137d0e98f1c21069f371520a1aefcd1a5b5404749ef9ff593f49c3a7c02e58ce8676c7902178044aa98,,,,stale,VALID,1702796c,,,valid_direct_stale
rsk,validated_stales,data/rsk_validated_stales.csv,232,stale_only_publication,repo-data,7452660,,892514,0000000000000000000138347cf98316d6ef64e7b02a53639a03807dde6b3a7d,000000000000000000011358d647316efdbbc421028bf6357ff326cb29450dbc,1744704879,17025105,1421948357,00e04322bc0d4529cb26f37f35f68b0221c4bbfd6e3147d65813010000000000000000007651207b74fe9032765863f0ed9e0223d46805ba99ade26bfa92feea6c43edee6f15fe6705510217c535c154,,,,stale,VALID,17025105,,,valid_direct_stale
rsk,validated_stales,data/rsk_validated_stales.csv,233,stale_only_publication,repo-data,7476013,,893402,00000000000000000001eca3c8283357af739fdfbde6442c6624b8ef8ae93663,00000000000000000001554a810a8ea84ab0468b0f4653e45b14bb6ed1420f79,1745258134,170248b6,1821688404,00801b20790f42d16ebb145be453460f8b46b04aa88e0a814a550100000000000000000070cca2a139660e0dad0985dff3ea2ace002a6372940ea8a88e536dd8579bf53396860668b648021754c2946c,,,,stale,VALID,170248b6,,,valid_direct_stale
rsk,validated_stales,data/rsk_validated_stales.csv,234,stale_only_publication,repo-data,7493858,,894070,00000000000000000000ab39c6a329a930734d41039ce2e3a675ad06204f9b26,000000000000000000011eecbb574a9783bf231840aea9689cf7c60cc732c993,1745677537,170248b6,1796958066,0080f02993c932c70cc6f79c68a9ae401823bf83974a57bbec1e01000000000000000000641e7da32c18c454a5985dda0f7f1167202bbc408ff6f84e1c2bf35539530a94e1ec0c68b648021772671b6b,,,,stale,VALID,170248b6,,,valid_direct_stale
rsk,validated_stales,data/rsk_validated_stales.csv,235,stale_only_publication,repo-data,7667106,,901154,00000000000000000001044135d451cbcbf072e07680bd48fddbd933cccd4b14,0000000000000000000023677bb36c976c71443b2a4e3ebd98a0125895806b76,1749866722,17023a04,2679279788,00803928766b80955812a098bd3e4e2a3b44716c976cb37b672300000000000000000000eb29e1f92f0cd625cf927b014c3810c9d4a6cd4a705ae0d38125acc4b5575acbe2d84c68043a0217ac90b29f,,,,stale,VALID,17023a04,,,valid_direct_stale
rsk,validated_stales,data/rsk_validated_stales.csv,236,stale_only_publication,repo-data,7676436,,901534,0000000000000000000048165f3adf13475f42f7b0865268be3bb191658a8aa7,00000000000000000001bc7e937fa424502e4a84fa1feea9936e84019ec45a69,1750092491,17023a04,3590522281,00a04b2e695ac49e01846e93a9ee1ffa844a2e5024a47f937ebc0100000000000000000043db5abf963fd4138f6ec8c61b6e49b281efe349d995f369999b53f4f95a1effcb4a5068043a0217a90503d6,,,,stale,VALID,17023a04,,,valid_direct_stale
rsk,validated_stales,data/rsk_validated_stales.csv,237,stale_only_publication,repo-data,7684897,,901841,00000000000000000000580c2ea5991749960e62feec73d9fba76c058b21866c,00000000000000000001c3a46dc3c51ed87479c8f790c11531f2fd61e0eb3cae,1750297509,17023a04,33571080,0020ba27ae3cebe061fdf23115c190f7c87974d81ec5c36da4c301000000000000000000bdf8c8442db24e3b81c0b90249bbdd572a63c221b58afb719cc6aa2feb374122a56b5368043a021708410002,,,,stale,VALID,17023a04,,,valid_direct_stale
rsk,validated_stales,data/rsk_validated_stales.csv,238,stale_only_publication,repo-data,7687654,,901939,000000000000000000019cbab2c3b04f56a5da85e28a55fa8ec5e7d793d4ad19,000000000000000000011dc8e6ea8d573d78665f4d464c51dc92a4c99dd83309,1750363340,17023a04,2263688793,00a0a4230933d89dc9a492dc514c464d5f66783d578deae6c81d01000000000000000000f428b5e5ae08d7a3f46ded9c8d3f305ae690f780ab6a0e7a0c47e4b3c86048e8cc6c5468043a02175926ed86,,,,stale,VALID,17023a04,,,valid_direct_stale
rsk,validated_stales,data/rsk_validated_stales.csv,239,stale_only_publication,repo-data,7723301,,903259,0000000000000000000030f07b4fcf25075703864456c652d50fbdb2628585fe,000000000000000000021b7d59ad58051c2b10de4ff804c5f608099ff5d7a88d,1751217816,17026816,911859290,004012218da8d7f59f0908f6c504f84fde102b1c0558ad597d1b020000000000000000006b99bef762361892e5b112eda55fb1b522a1ae5da206b4a0462ebd3f3807b54a98766168166802175ade5936,,,,stale,VALID,17026816,,,valid_direct_stale
rsk,validated_stales,data/rsk_validated_stales.csv,240,stale_only_publication,repo-data,7759726,,904806,00000000000000000000350e4b152f9a9cef7e637e1204199768d75e63303d92,00000000000000000000ed8580ed8f70fdf7f417829b0d3ace414abbd458d469,1752093752,17026816,35540378,00e0163169d458d4bb4a41ce3a0d9b8217f4f7fd708fed8085ed00000000000000000000fbf0d34b407fbb3f543161bb85376d99a199f5734ee685593e4cba242157f01b38d46e68166802179a4d1e02,,,,stale,VALID,17026816,,,valid_direct_stale
rsk,validated_stales,data/rsk_validated_stales.csv,241,stale_only_publication,repo-data,7814631,,907051,00000000000000000001aad53cc3e15fcf36766a25b15ac8c6d84fe2c2055e82,000000000000000000021c9ec50b7f5f13c6dccf7cea0f0462a26d268cc0fd6d,1753413173,17023aa6,1414483019,0080ec206dfdc08c266da262040fea7ccfdcc6135f7f0bc59e1c020000000000000000002c27a5735ecde4aabfb63c9a8330d1428e0dd71164184bd09d0101c81a34826a35f68268a63a02174b4c4f54,,,,stale,VALID,17023aa6,,,valid_direct_stale
rsk,validated_stales,data/rsk_validated_stales.csv,242,stale_only_publication,repo-data,7874730,,909489,000000000000000000001cb7065caaaca472821735331118c31d188e2b7ef03d,000000000000000000007dfadec4b2a105d18b8bd5d75195840d76ddf7dd5f0b,1754876508,17022cb3,882827571,002001200b5fddf7dd760d849551d7d58b8bd105a1b2c4defa7d00000000000000000000a5d4c41c6ae53459c9bb5f80197a89113045ef49b1397b339868c994a08df7895c4a9968b32c021733e19e34,,,,stale,VALID,17022cb3,,,valid_direct_stale
rsk,validated_stales,data/rsk_validated_stales.csv,243,stale_only_publication,repo-data,7884131,,909879,0000000000000000000176b1c0bb5631744070241315d3f5b630861c51c0e632,00000000000000000002142edea3765b7134df71a9508186bf5aa43af78e9cc0,1755108234,17022cb3,3279734137,00000022c09c8ef73aa45abf868150a971df34715b76a3de2e14020000000000000000000490414aa88a10b28e81e58bcc56e11ca616996c9a2df465396b3a0a0f828b278ad39c68b32c021779c57cc3,,,,stale,VALID,17022cb3,,,valid_direct_stale
rsk,validated_stales,data/rsk_validated_stales.csv,244,stale_only_publication,repo-data,7899159,,910525,00000000000000000000d7723ab64114f913df8c3a14fe3d13a96017e5ad87a6,00000000000000000001493dfd40a75712c1efaaa01f534964cb9026d998c7cf,1755476022,17022cb3,1679814237,00800520cfc798d92690cb6449531fa0aaefc11257a740fd3d490100000000000000000064f96b8ee28eabddc69316b2ffe93eca10da2f395a016d1da974d4847abe58f23670a268b32c02175dee1f64,,,,stale,VALID,17022cb3,,,valid_direct_stale
rsk,validated_stales,data/rsk_validated_stales.csv,245,stale_only_publication,repo-data,7949766,,912698,000000000000000000000cdf5d7f499305261f6fadab837f94a3e5acb28795b8,00000000000000000000eb3ccf8fb039827a01150f926c80bc95685bce001802,1756730496,17022b91,2789636488,00a01224021800ce5b6895bc806c920f15017a8239b08fcf3ceb00000000000000000000c8703c5800f6bf39badad311b17a4471aa8b7f476e2ca5c33275f1c9eb5f70f98094b568912b0217887946a6,,,,stale,VALID,17022b91,,,valid_direct_stale
rsk,validated_stales,data/rsk_validated_stales.csv,246,stale_only_publication,repo-data,7985811,,914261,00000000000000000000ce42c5b1a6fb01d652fa82f25458f6c3d53364fb9f69,00000000000000000000686bed0627151f22dbb88dc97c9a06af7e0389956d6c,1757612922,170211ac,2299193069,004003206c6d9589037eaf069a7cc98db8db221f152706ed6b680000000000000000000090a7aa08434e10e255df2dac9953660d7e084a653ecb0c28fca6bf12644897867a0bc368ac110217ede60a89,,,,stale,VALID,170211ac,,,valid_direct_stale
rsk,validated_stales,data/rsk_validated_stales.csv,247,stale_only_publication,repo-data,7986333,,914282,00000000000000000001208a381476ad1cd93142df2fdc9f978a991a496e0aa0,00000000000000000000f40d95165f1e56554a1a7c25dc329e090a256a29726d,1757625904,170211ac,721815977,00805a256d72296a250a099e32dc257c1a4a55561e5f16950df4000000000000000000003b2a2cc1873981673bf45cfe9b243500867034e01a5f80afaa182ca4829ad953303ec368ac110217a909062b,,,,stale,VALID,170211ac,,,valid_direct_stale
rsk,validated_stales,data/rsk_validated_stales.csv,248,stale_only_publication,repo-data,7986320,,914282,00000000000000000001f6d6612ed8d40c023858249952fdee7d7d99c081f0cf,00000000000000000000f40d95165f1e56554a1a7c25dc329e090a256a29726d,1757625490,170211ac,653498882,0040f5266d72296a250a099e32dc257c1a4a55561e5f16950df400000000000000000000054908d135392a44d6b16be8ea7c431cf04b52535673bf0ee53f271991cbdb00923cc368ac110217029af326,,,,stale,VALID,170211ac,,,valid_direct_stale
rsk,validated_stales,data/rsk_validated_stales.csv,249,stale_only_publication,repo-data,7986677,,914301,00000000000000000000a4b0e87728228afec5a5333d32c1de4631708be29e5f,0000000000000000000079ceee5e017f17dd976bd52df0d8f14657a644616ad1,1757634866,170211ac,3614604598,00809533d16a6144a65746f1d8f02dd56b97dd177f015eeece7900000000000000000000eeb8feaaa4c85347c6c108d17918484a0224394d9d6159cd0b83a267530d99973261c368ac110217367d72d7,,,,stale,VALID,170211ac,,,valid_direct_stale
rsk,validated_stales,data/rsk_validated_stales.csv,250,stale_only_publication,repo-data,7987354,,914318,00000000000000000001de4957ebb1c9e08d28fd604f017cb288bed2481455ed,00000000000000000000029068bae75e682aeed6b0fd55195f065c99d0bd6058,1757651841,170211ac,1682531970,0020b02b5860bdd0995c065f1955fdb0d6ee2a685ee7ba689002000000000000000000007f8d5b586b268c6fafd1c4834fc783b57d3d339df85a161b28463aeda881153a81a3c368ac11021782664964,,,,stale,VALID,170211ac,,,valid_direct_stale
rsk,validated_stales,data/rsk_validated_stales.csv,251,stale_only_publication,repo-data,7987379,,914319,000000000000000000008223e92e8a65a3400761c5307b01f0b87270bd24bafa,0000000000000000000199ae94d13ad1dcc1dfbec6b7e841c376ca01c3b01b47,1757652412,170211ac,1187587113,00e00f20471bb0c301ca76c341e8b7c6bedfc1dcd13ad194ae990100000000000000000097234e6f8960bf95bfe73a5a5d410768d33a434b5ab5f8987c423cce1e2e470dbca5c368ac1102172924c946,,,,stale,VALID,170211ac,,,valid_direct_stale
rsk,validated_stales,data/rsk_validated_stales.csv,252,stale_only_publication,repo-data,7987533,,914329,00000000000000000002097c6c16d3e4065640c744d544d35dd797d06189a4ab,00000000000000000000d6693abb5cc51c9745844ab64d16c61f5999a97d9406,1757656328,170211ac,2908592077,00603b2406947da999591fc6164db64a8445971cc55cbb3a69d60000000000000000000022881561a7507ad88f3f278a4c19731e8913045a69f5f48e46b7517b17cd296808b5c368ac110217cd975dad,,,,stale,VALID,170211ac,,,valid_direct_stale
rsk,validated_stales,data/rsk_validated_stales.csv,253,stale_only_publication,repo-data,7987616,,914331,00000000000000000000439817c63926873f46ca396974268b1f9f6eae84b1c1,00000000000000000001038ff6006ec53e65a3cf7a999848f50701fb06387fa4,1757658171,170211ac,2473854624,00c00620a47f3806fb0107f54898997acfa3653ec56e00f68f0301000000000000000000c3ab851af94d4c486579d4643d037470aa9b87f0c3900adb5412c6235d3801753bbcc368ac110217a0067493,,,,stale,VALID,170211ac,,,valid_direct_stale
rsk,validated_stales,data/rsk_validated_stales.csv,254,stale_only_publication,repo-data,7987669,,914332,0000000000000000000122a9c97762f507cc57df067f07b826ab0a81cb4e787f,0000000000000000000153f71b7f7eccbb10249914947240c1efe2db5faaa00d,1757659456,170211ac,1066890008,00c00b200da0aa5fdbe2efc140729414992410bbcc7e7f1bf7530100000000000000000088fb0b73c4d1102ae215c0bb5ae799023d1e9209eb80d379f7d5bcb6c12e4e5f40c1c368ac1102171873973f,,,,stale,VALID,170211ac,,,valid_direct_stale
rsk,validated_stales,data/rsk_validated_stales.csv,255,stale_only_publication,repo-data,7987703,,914332,000000000000000000016c286d182701403f8eb2e322a844a019c933ba6082cb,0000000000000000000153f71b7f7eccbb10249914947240c1efe2db5faaa00d,1757660489,170211ac,288360188,0000ff3f0da0aa5fdbe2efc140729414992410bbcc7e7f1bf75301000000000000000000909e269c6ea2caaf2e24c4aeff22f5e9e7eecd3a8ca4e1bc9deb9975f78bb6ed49c5c368ac110217fc063011,,,,stale,VALID,170211ac,,,valid_direct_stale
rsk,validated_stales,data/rsk_validated_stales.csv,256,stale_only_publication,repo-data,7987759,,914334,0000000000000000000092003874d2b869e8b986339f5bcf8c3a03f5dddd972c,00000000000000000000b6b9a3b2067fa1426f6080c9f3cdd5cad9a92f6fd98c,1757661821,170211ac,3913620003,000000208cd96f2fa9d9cad5cdf3c980606f42a17f06b2a3b9b6000000000000000000009d7c2fbbda61aad6c58a0c0f6871b806fea480c13326bf60bbd14dfb936f20347dcac368ac110217231a45e9,,,,stale,VALID,170211ac,,,valid_direct_stale
rsk,validated_stales,data/rsk_validated_stales.csv,257,stale_only_publication,repo-data,7987912,,914342,00000000000000000000ba485fa4bbba0416890572ff6b5853cdc24e92d7434f,000000000000000000005434a27e0984c47f5290ef8bd39ac0e9efcb3453993b,1757665734,170211ac,3191945019,0040d6233b995334cbefe9c09ad38bef90527fc484097ea234540000000000000000000092ca6058a40183784413f8d87dce7b73265297f065d5d94705d00d7254c09006c6d9c368ac1102173b3741be,,,,stale,VALID,170211ac,,,valid_direct_stale
rsk,validated_stales,data/rsk_validated_stales.csv,258,stale_only_publication,repo-data,7987993,,914344,0000000000000000000075bdcb14ab9b07e87c6c5a43addb81ff6dd74c14d16e,00000000000000000001a861647b7d46bd8303eaafa75375b8685b99899e922b,1757667667,170211ac,476976803,004003202b929e89995b68b87553a7afea0383bd467d7b6461a80100000000000000000004d3821459fe3c6043b90896ea17224f239437c2f57018871d6bc9cf6928b33b53e1c368ac110217a3166e1c,,,,stale,VALID,170211ac,,,valid_direct_stale
rsk,validated_stales,data/rsk_validated_stales.csv,259,stale_only_publication,repo-data,7988021,,914344,000000000000000000020806ba231682bab800c757366c169b2e17259a5e3aaf,00000000000000000001a861647b7d46bd8303eaafa75375b8685b99899e922b,1757668272,170211ac,3261661453,00e0e7232b929e89995b68b87553a7afea0383bd467d7b6461a80100000000000000000029e9f2b78f60359141574b1e775b2a24ce6f15649c45e26fa6929e1d4ad13926b0e3c368ac1102170d0169c2,,,,stale,VALID,170211ac,,,valid_direct_stale
rsk,validated_stales,data/rsk_validated_stales.csv,260,stale_only_publication,repo-data,7988212,,914357,0000000000000000000135a4e20e4402f5f3b5798b2d49ec9f51614feb224c93,00000000000000000001a85c3c399f498d0bec2bc31fd48cfb44a2ea48876ab6,1757673284,170211ac,2370977114,00408e25b66a8748eaa244fb8cd41fc32bec0b8d499f393c5ca80100000000000000000023d8a8125d4fd339b6f39bfebbccffe32a429fdb306554e77b777b4ee9968d7944f7c368ac1102175a3d528d,,,,stale,VALID,170211ac,,,valid_direct_stale
rsk,validated_stales,data/rsk_validated_stales.csv,261,stale_only_publication,repo-data,7988411,,914360,00000000000000000001c7664aeb6f4ce7f29e3f799eb3aafb924255d6643573,00000000000000000001f3dab332d63c282c42733489f3b7e72c3ce8ad2dc21c,1757677967,170211ac,1637208796,0040ad291cc22dade83c2ce7b7f3893473422c283cd632b3daf3010000000000000000001471b3e94f959aff7e362f7812cd16f941cdc5cb40d6d04f61a32c8c80684b698f09c468ac110217dcd29561,,,,stale,VALID,170211ac,,,valid_direct_stale
rsk,validated_stales,data/rsk_validated_stales.csv,262,stale_only_publication,repo-data,7988463,,914362,0000000000000000000098d9f82cd465d4a1e55fabb659d1df2464648f796777,000000000000000000014d09ba7a31a9df4561752127b3c25ca00855382b7a3f,1757679238,170211ac,3917426023,0000783b3f7a2b385508a05cc2b32721756145dfa9317aba094d0100000000000000000048db5b54c9ce3436b157658cae512a7304da82898c59e6b7032158e1f90fe1f3860ec468ac110217672d7fe9,,,,stale,VALID,170211ac,,,valid_direct_stale
rsk,validated_stales,data/rsk_validated_stales.csv,263,stale_only_publication,repo-data,7988446,,914362,0000000000000000000170e712b2da3ba73fb618753fc44d0e4b6b1db3e3fc4b,000000000000000000014d09ba7a31a9df4561752127b3c25ca00855382b7a3f,1757678734,170211ac,4119675958,006008203f7a2b385508a05cc2b32721756145dfa9317aba094d0100000000000000000066c1de0382413a8f224243d73d37aceb1f717dfee876aede87f3c51232e25d3a8e0cc468ac11021736448df5,,,,stale,VALID,170211ac,,,valid_direct_stale
rsk,validated_stales,data/rsk_validated_stales.csv,264,stale_only_publication,repo-data,7988663,,914371,000000000000000000013cad1d0d9a4d168c0b2dbae847fa8a2c3ba0704252c0,00000000000000000000ee795ff54651a33f647300ad5c032d27420e322873c4,1757684155,170211ac,605403861,00807125c47328320e42272d035cad0073643fa35146f55f79ee00000000000000000000bd7c87b7c163b9061084615f9abbc6e0c9c0e7bb366f90cffa4e63664c99b59dbb21c468ac110217d5ba1524,,,,stale,VALID,170211ac,,,valid_direct_stale
rsk,validated_stales,data/rsk_validated_stales.csv,265,stale_only_publication,repo-data,7988708,,914373,00000000000000000000a4a5644ce7e315feeeb1c586903c077993bb5f7825a2,00000000000000000000e40d469b9d1550d36348bef5128f844b470216c94006,1757685484,170211ac,588132442,00a04d220640c91602474b848f12f5be4863d350159d9b460de400000000000000000000eb0d363171fc2d3d48a279b35dd33e1f5cb4a64a23a320dc4ab5872599631f8dec26c468ac1102175a300e23,,,,stale,VALID,170211ac,,,valid_direct_stale
rsk,validated_stales,data/rsk_validated_stales.csv,266,stale_only_publication,repo-data,8050967,,917071,00000000000000000000da93111cbcb0c7cf9f9f55d592494aee2507fd84f755,00000000000000000001b501433c07431974cd79cb04d228f4ef07d5b8a6da57,1759238678,1701fa38,1476523427,00e0ff3f57daa6b8d507eff428d204cb79cd741943073c4301b501000000000000000000184e34631fca31dabdf51b87ce60717ca1cbc44791c3ae8d46cb6cf80c158fb316dadb6838fa0117a3f50158,,,,stale,VALID,1701fa38,,,valid_direct_stale
rsk,validated_stales,data/rsk_validated_stales.csv,267,stale_only_publication,repo-data,8061064,,917494,00000000000000000001c00858518e76172820d693a190fdb290ceb011a999be,000000000000000000002068fc473269c332a259a5961e798cc845c3d5b421db,1759489059,1701ddb4,2887720910,00e0ff3fdb21b4d5c345c88c791e96a559a232c3693247fc682000000000000000000000ecb81bae71e636f490806e01d31709b4499c00ce801be96194e70aa8aeb5f6c023acdf68b4dd0117ce1f1fac,,,,stale,VALID,1701ddb4,,,valid_direct_stale
rsk,validated_stales,data/rsk_validated_stales.csv,268,stale_only_publication,repo-data,8090132,,918623,0000000000000000000076ad6d232e239fd76cedf54b4204f5e28e1a51f4b27f,00000000000000000001a15e86fafb76ebb9e95d846988f0135d471cafc900f2,1760217687,1701ddb4,3703881761,00e00420f200c9af1c475d13f08869845de9b9eb76fbfa865ea101000000000000000000dcf0b7b282fd0caa2dbae1c0beda39faa10cbbb83655f6a43a074be8d3f1204257caea68b4dd011721c0c4dc,,,,stale,VALID,1701ddb4,,,valid_direct_stale
rsk,validated_stales,data/rsk_validated_stales.csv,269,stale_only_publication,repo-data,8098940,,919018,000000000000000000010ce6f68b556b016057c0459abf1693475d830bba7402,00000000000000000001843cda0b48134da2bc1e6a2d04ef8aa5b577b15f73e1,1760438552,1701ddb4,1267600217,0000ff3fe1735fb177b5a58aef042d6a1ebca24d13480bda3c840100000000000000000015765d83e70f8ed212adb464b6ef2ea3133e2c555ce06fa1092880f43953c00c1829ee68b4dd0117590b8e4b,,,,stale,VALID,1701ddb4,,,valid_direct_stale
rsk,validated_stales,data/rsk_validated_stales.csv,270,stale_only_publication,repo-data,8125851,,920212,00000000000000000000e913a4d8ffd03f1f71bac13a9f45fc63bd2e67f17369,00000000000000000000b21c50b43f1e4b9b0e1f20a1a462e8e4cbdd78fc9760,1761112627,1701eb21,390357265,00800b246097fc78ddcbe4e862a4a1201f0e9b4b1e3fb4501cb2000000000000000000000c9d7dac0e8a95a55e079eca3929f15806c4b2dbe1c9fb0cdc21c3e5252b8e533372f86821eb011711614417,,,,stale,VALID,1701eb21,,,valid_direct_stale
rsk,validated_stales,data/rsk_validated_stales.csv,271,stale_only_publication,repo-data,8140142,,920853,000000000000000000016041b632a4e06b41d2e80c54703d6b755019171444de,0000000000000000000158b622e121920409ff2fb817e81facda2f2e9cbc8815,1761468855,1701eb21,2232554280,00e006221588bc9c2e2fdaac1fe817b82fff09049221e122b65801000000000000000000159a5aa7d3bc9a977a1e7fd98740ddc10346fcd42cdf180e0750ac61ea9179d9b7e1fd6821eb011728131285,,,,stale,VALID,1701eb21,,,valid_direct_stale
rsk,validated_stales,data/rsk_validated_stales.csv,272,stale_only_publication,repo-data,8149310,,921261,00000000000000000000bccb5f64ade927a8654956913a9e17adaf301f5e74ba,00000000000000000001804e7bd3f434f9394b8e9ef06f11f7539cafdf2e5497,1761698145,1701eb21,3444351413,0000002697542edfaf9c53f7116ff09e8e4b39f934f4d37b4e800100000000000000000091e7e0af416ffa2f13768d31f329c7ebb108c2e2993e66ca24910a1c068b82ca6161016921eb0117b5a14ccd,,,,stale,VALID,1701eb21,,,valid_direct_stale
rsk,validated_stales,data/rsk_validated_stales.csv,273,stale_only_publication,repo-data,8166690,,921987,0000000000000000000079d5bbefeca4a1fc69b3490123490725d1f5b3684976,00000000000000000001c2fabdc0a597ccca1883095ca6373eee1e807cf02da5,1762134307,1701cdfb,3886740792,00c08224a52df07c801eee3e37a65c098318cacc97a5c0bdfac2010000000000000000003e9f8d31bec498ceaafb769365b54e2149e65169637748ed8bc35da4b2e85ded23090869fbcd011738f5aae7,,,,stale,VALID,1701cdfb,,,valid_direct_stale
rsk,validated_stales,data/rsk_validated_stales.csv,274,stale_only_publication,repo-data,8194209,,923067,00000000000000000000dd01ce16d1df19646a0533ed9b5ba69a576585790c4f,000000000000000000003c6069d8f6df57b092b57012f85736f339a7c6a6a268,1762818214,1701cdfb,1132348238,00209e2768a2a6c6a739f33657f81270b592b057dff6d869603c0000000000000000000057742f8c8c50c8a89741fa5cb0fc4dcab5fc3b9def3e6ec5587370d816f54a74a6781269fbcd01174e437e43,,,,stale,VALID,1701cdfb,,,valid_direct_stale
rsk,validated_stales,data/rsk_validated_stales.csv,275,stale_only_publication,repo-data,8242581,,925051,0000000000000000000199dc74f0c7d25adc618618ee00db80884b347253c264,00000000000000000001a96f998ac724671728a0144b53c2d2024b2d9e7d3692,1764021928,1701d936,3650445858,00a0062092367d9e2d4b02d2c2534b14a028176724c78a996fa901000000000000000000b8411f9421159b9e99309ac917f9919f9735b8d06a844c84891bb1d69458a6f2a8d6246936d90117226295d9,,,,stale,VALID,1701d936,,,valid_direct_stale
rsk,validated_stales,data/rsk_validated_stales.csv,276,stale_only_publication,repo-data,8253001,,925470,00000000000000000000d24443bd1f55c2c571d99d79fc541f920fcc1643e974,0000000000000000000151e69525147ca94cd02e2faff544deb6a297b8e9b614,1764278935,1701e2a0,2745788301,00a0aa2314b6e9b897a2b6de44f5af2f2ed04ca97c142595e651010000000000000000001c4ac046f5c30788285e6b069098eaf6e1d785806d3628c810b25118f03118bb97c22869a0e201178d67a9a3,,,,stale,VALID,1701e2a0,,,valid_direct_stale
rsk,validated_stales,data/rsk_validated_stales.csv,277,stale_only_publication,repo-data,8256351,,925605,0000000000000000000080824aaf3e9614116f4c5901b89220e515babed61b69,0000000000000000000107e85c2f8a4b9cea226aeb9bf9c46f6c29ddb81406d0,1764361990,1701e2a0,2763189558,00c0d821d00614b8dd296c6fc4f99beb6a22ea9c4b8a2f5ce8070100000000000000000027dab749d6110477434a62917e258e2551053be3997c8a262466c2a3c8c6951a06072a69a0e2011736edb2a4,,,,stale,VALID,1701e2a0,,,valid_direct_stale
rsk,validated_stales,data/rsk_validated_stales.csv,278,stale_only_publication,repo-data,8266985,,926056,00000000000000000001d8e793ea5d96636d5531502b2dd3f289905c674aad19,000000000000000000009aab63f245501cba50703369c51bcccbbe809f7694e0,1764625413,1701e2a0,2515435280,00c00120e094769f80becbcc1bc569337050ba1c5045f263ab9a0000000000000000000000f29f00fb9b96ba3baf2441c70b3bd81b446dfb6917b7ce433a379c43fb2858050c2e69a0e20117107fee95,,,,stale,VALID,1701e2a0,,,valid_direct_stale
rsk,validated_stales,data/rsk_validated_stales.csv,279,stale_only_publication,repo-data,8302094,,927487,000000000000000000010a516b693679cbd0f9c07e3d385e8b7033684428c515,00000000000000000000eb423a096c9ab74c435e05d0caadb2694c8bfb7415eb,1765491326,1701e63a,3882593861,0080e031eb1574fb8b4c69b2adcad0055e434cb79a6c093a42eb0000000000000000000087a0bade862479103a0ffae2edf19c40f3ec1b497cde4743fef0917f7bfbba2f7e423b693ae6011745ae6be7,,,,stale,VALID,1701e63a,,,valid_direct_stale
rsk,validated_stales,data/rsk_validated_stales.csv,280,stale_only_publication,repo-data,8305992,,927647,00000000000000000001a730346529e9f1f9d21ef5d7077989cebeb16cea369a,00000000000000000001d29cee5b699f9fd91f56508f0175878630c917c121bf,1765586763,1701e63a,1581800410,00e0632abf21c117c930868775018f50561fd99f9f695bee9cd20100000000000000000069a94eb77a8df4a5deb4a80b0eb6cefae41f45afe997e8c246c51d861a561e844bb73c693ae60117da5b485e,,,,stale,VALID,1701e63a,,,valid_direct_stale
rsk,validated_stales,data/rsk_validated_stales.csv,281,stale_only_publication,repo-data,8354685,,929622,0000000000000000000106d44ba2bf023f2ca7c78a3aa3bb016ce4e7c252925e,00000000000000000001d2f29f6f4d9cb48bd0627076c290fc80f200f47f0787,1766782888,1701e605,3899511956,0060ae3087077ff400f280fc90c2767062d08bb49c4d6f9ff2d201000000000000000000e95d76f828c38b7d6967ad746a3b72fc07ce7a7975ed2aa1a215f1cf96c3e28da8f74e6905e6011794d46de8,,,,stale,VALID,1701e605,,,valid_direct_stale
rsk,validated_stales,data/rsk_validated_stales.csv,282,stale_only_publication,repo-data,8355058,,929640,00000000000000000000ce3c48560dca496bc7605799e35b60ea3d8391921dcb,0000000000000000000036594c23cfb4b74ce17ecbaa388270ba6bfdb5107d57,1766792084,1701e605,2251466293,00609921577d10b5fd6bba708238aacb7ee14cb7b4cf234c593600000000000000000000f8c71349a4a7b4ff3a1554aa294742866650e08c22e931f141288198330353bc941b4f6905e6011735a63286,,,,stale,VALID,1701e605,,,valid_direct_stale
rsk,validated_stales,data/rsk_validated_stales.csv,283,stale_only_publication,repo-data,8360690,,929872,0000000000000000000145610c4a50efe6f65c1efeca68f7ee02165b01fa05e5,0000000000000000000026b67d79c941e23d42327b42812a35e2871372cb29d4,1766932152,1701e605,1555330460,0000d923d429cb721387e2352a81427b32423de241c9797db62600000000000000000000f796e4fed931f4b48813cc23b34d9bdddfac1b6efdc49744d52ad6b57a2e4596b83e516905e601179c75b45c,,,,stale,VALID,1701e605,,,valid_direct_stale
rsk,validated_stales,data/rsk_validated_stales.csv,284,stale_only_publication,repo-data,8382108,,930745,0000000000000000000119a34526f1991c18c034a9d36c8309326f91ddec4f34,00000000000000000001afe90518eec982e798685ccf00d6346228b51b7b49fc,1767457351,1701e605,2260007927,00408222fc497b1bb5286234d600cf5c6898e782c9ee1805e9af010000000000000000008ebb958b7bc4c4579c102f9a46ca686283a4afd434789529163827374385420b4742596905e60117f7fbb486,,,,stale,VALID,1701e605,,,valid_direct_stale
rsk,validated_stales,data/rsk_validated_stales.csv,285,stale_only_publication,repo-data,8402006,,931519,0000000000000000000062ec312763a6e9ea3da4a511fb66200c25edb7f4dcbf,0000000000000000000189026124659e1561434ab3b31c8a66cd916f9bbd78be,1767945933,1701ebf2,4097655366,00c00820be78bd9b6f91cd668a1cb3b34a4361159e65246102890100000000000000000082377ebd33529d2816de1b2b63419affbd747f552fe5b062f4fe3fe038129421cdb66069f2eb011746423df4,,,,stale,VALID,1701ebf2,,,valid_direct_stale
rsk,validated_stales,data/rsk_validated_stales.csv,286,stale_only_publication,repo-data,8417109,,932137,000000000000000000000e4ebec77f59d39c77c2f59f131f9cefc411cf934068,00000000000000000000afb116b73988850e140d647cf32bcf8a69293cc68bc7,1768322751,1701ebf2,1570582687,0060b323c78bc63c29698acf2bf37c640d140e858839b716b1af000000000000000000000b8f021c75097afc30950d50a65c3b062639ba36d91117286d23127994df68c8bf766669f2eb01179f309d5d,,,,stale,VALID,1701ebf2,,,valid_direct_stale
rsk,validated_stales,data/rsk_validated_stales.csv,287,stale_only_publication,repo-data,8465998,,933995,00000000000000000001303228bfd32d30bb5747068ed90fc72f3523968b0efc,00000000000000000001bb18c6f58abd005f98f7120afd47b504490dbabb28d9,1769532771,1701fca1,2563437353,0000003ed928bbba0d4904b547fd0a12f7985f00bd8af5c618bb0100000000000000000059833d60fa5d3b072a13ba1c15e78053c5dc31f36aaf09e5925c70a9de86348763ed7869a1fc011729f3ca98,,,,stale,VALID,1701fca1,,,valid_direct_stale
rsk,validated_stales,data/rsk_validated_stales.csv,288,stale_only_publication,repo-data,8523027,,936328,000000000000000000012d79a920b6cb1b5987c424461a6d177643f968fb5428,00000000000000000000c49fa7893bd737b3835d4f7fd7328f99f3fd5886f3d9,1770959975,17023c7e,2554519119,00200420d9f38658fdf3998f32d77f4f5d83b337d73b89a79fc400000000000000000000d54dc597fb6909d70eb0983887e065037aaac0fcae77a0059ebac6a2d9fc6bd367b48e697e3c02174fde4298,,,,stale,VALID,17023c7e,,,valid_direct_stale
rsk,validated_stales,data/rsk_validated_stales.csv,289,stale_only_publication,repo-data,8536057,,936988,00000000000000000000db6bbdd51d2648b16d1058496916a5db631e120a7802,00000000000000000000c8eed568821eb77e5a89219954525383f9686775e9db,1771284436,17023c7e,2053673771,00201c22dbe9756768f9835352549921895a7eb71e8268d5eec800000000000000000000ecde84203421dd2abe71a8c06dca13002374b6ae61c316c7cc7071056086423dd4a793697e3c02172b93687a,,,,stale,VALID,17023c7e,,,valid_direct_stale
rsk,validated_stales,data/rsk_validated_stales.csv,290,stale_only_publication,repo-data,8579354,,938873,00000000000000000000d32629446e8dd1934051c01166eb367c4eb3881d546c,000000000000000000007e3c8b8a3170500ca776beb8154a081e0f910c6424bf,1772370123,1701f303,2582657282,00a00928bf24640c910f1e084a15b8be76a70c5070318a8b3c7e0000000000000000000070ac51a6a7f53d0b174a605f492b5249f97cef718d38867266af11e34d90dc37cb38a46903f301170239f099,,,,stale,VALID,1701f303,,,valid_direct_stale
rsk,validated_stales,data/rsk_validated_stales.csv,291,stale_only_publication,repo-data,8586593,,939150,00000000000000000000402133fb9264779be7729e75e4fcbb808948b81631c6,0000000000000000000152ab8c366c3bed2b61fe18c0c8b76b6c27638704d2fb,1772550300,1701f303,1037454628,00000120fbd2048763276c6bb7c8c018fe612bed3b6c368cab520100000000000000000018b625e06d8fa7c417c9cb57e92303e56f02df1e805583b5dcac33dd5c5bb8989cf8a66903f30117244dd63d,,,,stale,VALID,1701f303,,,valid_direct_stale
rsk,validated_stales,data/rsk_validated_stales.csv,292,stale_only_publication,repo-data,8650043,,941619,0000000000000000000086eb14324aec5dd5751057b154c4a43061ff3d4347b9,000000000000000000016709c44f5353272b9e0c112fb489edcfe74cf7c6b1c4,1774133756,17021a91,4188332214,00800220c4b1c6f74ce7cfed89b42f110c9e2b2753534fc409670100000000000000000080737bf4bf173d46da72d5ab8b9ccb1ebf55f2d987b4e70f08d4c2746893f8cbfc21bf69911a0217b6e0a4f9,,,,stale,VALID,17021a91,,,valid_direct_stale
rsk,validated_stales,data/rsk_validated_stales.csv,293,stale_only_publication,repo-data,8733653,,945119,000000000000000000000d9e7bcda8dc4e4787923f20d5af3584405838d3e0a2,000000000000000000002b5de901f4a7ace45493458a46e3416d3a9bc26729b4,1776210853,17020684,1091047713,00000026b42967c29b3a6d41e3468a459354e4aca7f401e95d2b0000000000000000000041a5d08e3a7ed32910c05c0af0ac7c348e7658234ce16962d08a8e69b8be0e03a5d3de698406021721110841,,,,stale,VALID,17020684,,,valid_direct_stale
rsk,validated_stales,data/rsk_validated_stales.csv,294,stale_only_publication,repo-data,8753674,,945952,00000000000000000001d8438112e755297f50dff74b262a6da94c9d2337d422,0000000000000000000069a37ab87e25f318c1207904a5ece65550209410ca18,1776707828,17021369,1347920740,0060022018ca1094205055e6eca5047920c118f3257eb87aa369000000000000000000007bef81e58b975b155231d965a292d2989bbebac51c9a39601f78eec9163cdeb4f468e6696913021764a35750,,,,stale,VALID,17021369,,,valid_direct_stale
rsk,validated_stales,data/rsk_validated_stales.csv,295,stale_only_publication,repo-data,8761403,,946239,00000000000000000002025f816747d832a7e71f8b75da9d0b534e72c2dbea41,0000000000000000000082c2d62438d92fa03f1bb3385df44baf5b139c1a4a5e,1776896504,17021369,2801264710,00e015205e4a1a9c135baf4bf45d38b31b3fa02fd93824d6c2820000000000000000000067507c802d5020db1279e3ea49ee86906516a41c5e3fb5ebfa4bf0fc7fb42e7af849e9696913021746e8f7a6,,,,stale,VALID,17021369,,,valid_direct_stale
rsk,validated_stales,data/rsk_validated_stales.csv,296,stale_only_publication,repo-data,8767494,,946470,00000000000000000000e2ea2b4b3b594a6806d35319b85bc12c418dbbe2b566,00000000000000000000b29dcd2bc457c5f25f0405f3f165a2359c7cdcf81c89,1777048669,17021369,3818249284,00e00b20891cf8dc7c9c35a265f1f305045ff2c557c42bcd9db200000000000000000000ee146cefb27673ed24e2baf514fe9a56b96925b9d11e835ba579b6786dadab175d9ceb696913021744dc95e3,,,,stale,VALID,17021369,,,valid_direct_stale
rsk,validated_stales,data/rsk_validated_stales.csv,297,stale_only_publication,repo-data,8781809,,947053,000000000000000000017633af638bdca1b80e820beb127af077e3b119a1906e,000000000000000000012fb1970aef7cfcc5307b12ad38e661a9a7035ba7e24c,1777399816,17021369,3477934683,00005a2f4ce2a75b03a7a961e638ad127b30c5fc7cef0a97b12f010000000000000000000f29525312168a4ccaa9c9b0790f372d9cd3967049b30e33d19a59dae4aa5b4f08f8f069691302175b124dcf,,,,stale,VALID,17021369,,,valid_direct_stale
rsk,validated_stales,data/rsk_validated_stales.csv,298,stale_only_publication,repo-data,8804527,,947985,00000000000000000000d2d5e9921302d07911ad35d2d9253028a0fcc3d5b151,0000000000000000000065815314d764ad7b4fa05815a683412ef4dcd321fe5d,1777964153,17021ff0,972098801,00009a205dfe21d3dcf42e4183a61558a04f7bad64d714538165000000000000000000002f733a1b2136f602b4089b0167bafe82dde7abfe3c4a738f617505379a76cb117994f969f01f0217f10cf139,,,,stale,VALID,17021ff0,,,valid_direct_stale
rsk,validated_stales,data/rsk_validated_stales.csv,299,stale_only_publication,repo-data,8832910,,949203,00000000000000000001a5b179eb18647077ad78072ab0a171dd4686d4058069,0000000000000000000131864c0431cf72d938ab620e7a1d6c0f27dcc12c28b7,1778669291,17021ff0,538274838,00000028b7282cc1dc270f6c1d7a0e62ab38d972cf31044c863101000000000000000000bd2d2be594124d2a16b2028f8043cd67bbf55163008c50812ce66ea15f48889aeb56046af01f0217166c1520,,,,stale,VALID,17021ff0,,,valid_direct_stale
