chain,source_kind,source_path,source_row_number,artifact_scope,provenance,child_height,child_block_hash,btc_height,btc_header_hash,btc_prev_hash,btc_time,btc_bits,btc_nonce,btc_header_hex,coinbase_scriptsig_hex,coinbase_outputs,full_coinbase_hex,classification,validation_status,expected_nbits,rejection_reason,btc_stale_relevance,relevance_reason
vcash,wayback_canonical_hydration,<chain-archive>/vcash/wayback_scrape/results.tsv,2,partial_canonical_subset,wayback:vcash.tech/block + bitcoin-core:canonical,99903,3f7542054abb6213c7b90f96279f28c0cefefe88833d6655632ae05e4a5cbe14,648541,0000000000000000000afd77ee7a451a41076cb64f447f7f052b4791e1beaa9e,00000000000000000007e64efc9e7c4dc6c69838e39caa3a62d0f6f7966f4f6d,1600241969,17103a12,604235396,00e0ff276d4f6f96f7f6d0623aaa9ce33898c6c64d7c9efc4ee607000000000000000000c2370c475f04b75da35fdae0625252618ba3095ac256f580603fb2d555aae62631c1615f123a101784e60324,035de5090432c1615f7669702f7777772e6f6b65782e636f6d2ffabe6d6dd5e60fb1256749fdd564b4312a096318c48777ad283358ff541e821f092c363a020000004204cb9a04cd3b536fc2600000000000,a914804afd8b3479267b0cd0bb2fa2e217096005fb8d87;6a24aa21a9edf2b211831e7c458d6eaf2ac8d961fb2db72ba0cd9d2130759a5327aac609c8ab;6a24b9e11b6d14be5c4a5ee02a6355663d8388fefecec0289f27960fb9c71362bb4a0542753f,020000000001010000000000000000000000000000000000000000000000000000000000000000ffffffff52035de5090432c1615f7669702f7777772e6f6b65782e636f6d2ffabe6d6dd5e60fb1256749fdd564b4312a096318c48777ad283358ff541e821f092c363a020000004204cb9a04cd3b536fc2600000000000ffffffff037c4ed0280000000017a914804afd8b3479267b0cd0bb2fa2e217096005fb8d870000000000000000266a24aa21a9edf2b211831e7c458d6eaf2ac8d961fb2db72ba0cd9d2130759a5327aac609c8ab0000000000000000266a24b9e11b6d14be5c4a5ee02a6355663d8388fefecec0289f27960fb9c71362bb4a0542753f0120000000000000000000000000000000000000000000000000000000000000000000000000,canonical,CANONICAL_CONFIRMED,,,,
vcash,wayback_canonical_hydration,<chain-archive>/vcash/wayback_scrape/results.tsv,3,partial_canonical_subset,wayback:vcash.tech/block + bitcoin-core:canonical,99913,02ce126c0934d053815b11ff824a4b0c7171c400d42d16514ee5f2182cc14f39,648543,00000000000000000004f805a2704d4424d72e174b7bac26022702b0a307e234,00000000000000000003f85e6ffa7b0049167ce9b5822cfb5c71df3203ff676f,1600242697,17103a12,2416617201,00e0ff376f67ff0332df715cfb2c82b5e97c1649007bfa6f5ef8030000000000000000007d40cef9f757d87009e74458b4bd512b81340636d718c79446aa556085a67baf09c4615f123a1017f1a60a90,035fe509202f5669614254432f4d696e656420627920796d67686f6e676b6f6e676274632f2cfabe6d6de392c5af09d2aee9749ba57d02ac2383a41521efcf7cbdc450b94f542fbdce6a1000000000000000108162490d1320d95220e3afd259ad1700,76a914536ffa992491508dca0354e52f32a3a7a679a53a88ac;6a2952534b424c4f434b3ae62b4cb1a382025a9c66df8c16d9488a14aaa9a3085057861f1ff01e00294501;6a24b9e11b6d394fc12c18f2e54e51162dd400c471710c4b4a82ff115b8153d034096c12ce02;6a24aa21a9eddeea34498742ddcd626aa80c36068fc2b27e2b7cbaf4466bc4dbc55d5ffd037d,010000000001010000000000000000000000000000000000000000000000000000000000000000ffffffff63035fe509202f5669614254432f4d696e656420627920796d67686f6e676b6f6e676274632f2cfabe6d6de392c5af09d2aee9749ba57d02ac2383a41521efcf7cbdc450b94f542fbdce6a1000000000000000108162490d1320d95220e3afd259ad1700ffffffff0488314426000000001976a914536ffa992491508dca0354e52f32a3a7a679a53a88ac00000000000000002b6a2952534b424c4f434b3ae62b4cb1a382025a9c66df8c16d9488a14aaa9a3085057861f1ff01e002945010000000000000000266a24b9e11b6d394fc12c18f2e54e51162dd400c471710c4b4a82ff115b8153d034096c12ce020000000000000000266a24aa21a9eddeea34498742ddcd626aa80c36068fc2b27e2b7cbaf4466bc4dbc55d5ffd037d0120000000000000000000000000000000000000000000000000000000000000000000000000,canonical,CANONICAL_CONFIRMED,,,,
vcash,wayback_canonical_hydration,<chain-archive>/vcash/wayback_scrape/results.tsv,4,partial_canonical_subset,wayback:vcash.tech/block + bitcoin-core:canonical,100603,32dc057838c8612caa6780d54e00efca1d7a4e5f4ed23126cd2a354fe14a45a5,648680,000000000000000000057cf566e6864197fe8f621a78dc94fafd77bcea7a8223,000000000000000000077ea755b01b9650e06d94f422709da0b99f66a38b3370,1600316179,17103a12,216298073,0000002070338ba3669fb9a09d7022f4946de050961bb055a77e07000000000000000000cd3cc56eda7b39cc9559b2c827326a09005d48b1f55385dcfc383ab1787d947413e3625f123a10175972e40c,03e8e50904ffe2625f65752f4254432e636f6d2ffabe6d6d0457cf29b0a0046ff69bffeb1bdc625b79de39a1d68bbabe6116d27b34d1a10f0200000076090e7001054f54d50a000000000000,001497cfc76442fe717f2a3f0cc9c175f7561b661997;6a24aa21a9edc1caa6be3ed1db86ca4d677998815759b40cfac230e0e53a895409cc5599b054;6a24b9e11b6da5454ae14f352acd2631d24e5f4e7a1dcaef004ed58067aa2c61c8387805dc32,020000000001010000000000000000000000000000000000000000000000000000000000000000ffffffff4c03e8e50904ffe2625f65752f4254432e636f6d2ffabe6d6d0457cf29b0a0046ff69bffeb1bdc625b79de39a1d68bbabe6116d27b34d1a10f0200000076090e7001054f54d50a000000000000ffffffff034ab69e260000000016001497cfc76442fe717f2a3f0cc9c175f7561b6619970000000000000000266a24aa21a9edc1caa6be3ed1db86ca4d677998815759b40cfac230e0e53a895409cc5599b0540000000000000000266a24b9e11b6da5454ae14f352acd2631d24e5f4e7a1dcaef004ed58067aa2c61c8387805dc320120000000000000000000000000000000000000000000000000000000000000000000000000,canonical,CANONICAL_CONFIRMED,,,,
vcash,wayback_canonical_hydration,<chain-archive>/vcash/wayback_scrape/results.tsv,5,partial_canonical_subset,wayback:vcash.tech/block + bitcoin-core:canonical,100615,c13aca6661b16eb32e31b060f4d5c9dd37e6a90f5dad6f40a75eeb7837d53706,648682,000000000000000000003970a6ebb593101a30c1b19c20bec09fef8c646ebe71,0000000000000000000c0288d303ed7ae9d053457238cba2f2f65d94f219ac08,1600317774,17103a12,2130151573,0000002008ac19f2945df6f2a2cb38724553d0e97aed03d388020c000000000000000000c740edc48beb5d9994621976319acfeb8206ed071dba9754e739b2936a36eccc4ee9625f123a10179588f77e,03eae5090457e9625f485a2f48756f42692ffabe6d6da926dc7f538ed9732d9fba86ea42ad004cf86c9c4d2789c834e552ff840c101a0200000090fed218132aaec080a2000000000000,76a914e582933875bedfdc448473c00b474f8f053a467588ac;6a24aa21a9ed854ccbc6ba338d9666fa9b33154efc0b8eb5dc8f4fe13c2801475b54c4f6713f;6a24b9e11b6d0637d53778eb5ea7406fad5d0fa9e637ddc9d5f460b0312eb36eb16166ca3ac1,020000000001010000000000000000000000000000000000000000000000000000000000000000ffffffff4a03eae5090457e9625f485a2f48756f42692ffabe6d6da926dc7f538ed9732d9fba86ea42ad004cf86c9c4d2789c834e552ff840c101a0200000090fed218132aaec080a2000000000000ffffffff034ff65027000000001976a914e582933875bedfdc448473c00b474f8f053a467588ac0000000000000000266a24aa21a9ed854ccbc6ba338d9666fa9b33154efc0b8eb5dc8f4fe13c2801475b54c4f6713f0000000000000000266a24b9e11b6d0637d53778eb5ea7406fad5d0fa9e637ddc9d5f460b0312eb36eb16166ca3ac10120000000000000000000000000000000000000000000000000000000000000000000000000,canonical,CANONICAL_CONFIRMED,,,,
vcash,wayback_canonical_hydration,<chain-archive>/vcash/wayback_scrape/results.tsv,6,partial_canonical_subset,wayback:vcash.tech/block + bitcoin-core:canonical,100618,e34d1f48e8baf055c0b41dadccc607053196a2241a21c0f672f08831b50998d1,648683,00000000000000000008afb1bfeb97ffa5e589eeb70a29d4d088e574e81d166e,000000000000000000003970a6ebb593101a30c1b19c20bec09fef8c646ebe71,1600317954,17103a12,2178309185,00e0ff3f71be6e648cef9fc0be209cb1c1301a1093b5eba67039000000000000000000000a1520829544a73114d9c7bcb8b43fef77d320a93e4900f4a57b98bc8d9cedd002ea625f123a1017415cd681,03ebe5092cfabe6d6d8d3ec0e4eef23def24dcbf6a954451254336c6451e9c4acdc8bd58011ccf0e4f10000000f09f909f082f4632506f6f6c2f104d696e6564206279207a776b79303031000000000000000000000000000000000000000500dd040000,76a914c825a1ecf2a6830c4401620c3a16f1995057c2ab88ac;6a24aa21a9ed720d26972859e12543d28eadfc904c806d525563397a0e9c945f18a25d081ab1080000000000000000;6a4c2952534b424c4f434b3a5694d8d3623faa4bc8f26d9106b41279236333a2a900d9c41265472600294e38;6a24b9e11b6dd19809b53188f072f6c0211a24a296310507c6ccad1db4c055f0bae8481f4de3,010000000001010000000000000000000000000000000000000000000000000000000000000000ffffffff6403ebe5092cfabe6d6d8d3ec0e4eef23def24dcbf6a954451254336c6451e9c4acdc8bd58011ccf0e4f10000000f09f909f082f4632506f6f6c2f104d696e6564206279207a776b79303031000000000000000000000000000000000000000500dd0400000000000004bdf43e26000000001976a914c825a1ecf2a6830c4401620c3a16f1995057c2ab88ac00000000000000002f6a24aa21a9ed720d26972859e12543d28eadfc904c806d525563397a0e9c945f18a25d081ab108000000000000000000000000000000002c6a4c2952534b424c4f434b3a5694d8d3623faa4bc8f26d9106b41279236333a2a900d9c41265472600294e380000000000000000266a24b9e11b6dd19809b53188f072f6c0211a24a296310507c6ccad1db4c055f0bae8481f4de301200000000000000000000000000000000000000000000000000000000000000000da22ba38,canonical,CANONICAL_CONFIRMED,,,,
vcash,wayback_canonical_hydration,<chain-archive>/vcash/wayback_scrape/results.tsv,7,partial_canonical_subset,wayback:vcash.tech/block + bitcoin-core:canonical,125864,6d1663f1f3241b6d7c20fecdfe2a1c17aa686b46d793479948b5cee292a8825e,653227,00000000000000000000b7a9f4e34c447f3913537eee30be4bfbd9007ebd3376,00000000000000000002b00db4d1a6aee86da10c23250c7214e10155a9b61879,1602973370,170e134e,2072056365,0000c0207918b6a95501e114720c25230ca16de8aea6d1b40db002000000000000000000ca3a04b318f0f2d13b5452d0aa2a98634a33323c5edf49248eff2b8ec19f1359ba6e8b5f4e130e172d12817b,03abf7092cfabe6d6d01be63a7cbac8a3a954ca228252fee538252951613ec96c8aaddc29cd8fc3b3210000000f09f909f082f4632506f6f6c2f124d696e6564206279206c696e3233357461690000000000000000000000000000000000050050ce0000,76a914c825a1ecf2a6830c4401620c3a16f1995057c2ab88ac;6a24aa21a9ede2809ae5c2438d3d9699533a4fed6a2f70c282456bcf3754b23895ac54ba2fb4080000000000000000;6a4c2952534b424c4f434b3ae5e0ad02172818326ef7259fe959c617bef6a9cdc8fe03a1cf8a1323002a8d5c;6a24b9e11b6d5e82a892e2ceb548994793d7466b68aa171c2afecdfe207c6d1b24f3f163166d,010000000001010000000000000000000000000000000000000000000000000000000000000000ffffffff6403abf7092cfabe6d6d01be63a7cbac8a3a954ca228252fee538252951613ec96c8aaddc29cd8fc3b3210000000f09f909f082f4632506f6f6c2f124d696e6564206279206c696e3233357461690000000000000000000000000000000000050050ce0000000000000476ce8c25000000001976a914c825a1ecf2a6830c4401620c3a16f1995057c2ab88ac00000000000000002f6a24aa21a9ede2809ae5c2438d3d9699533a4fed6a2f70c282456bcf3754b23895ac54ba2fb408000000000000000000000000000000002c6a4c2952534b424c4f434b3ae5e0ad02172818326ef7259fe959c617bef6a9cdc8fe03a1cf8a1323002a8d5c0000000000000000266a24b9e11b6d5e82a892e2ceb548994793d7466b68aa171c2afecdfe207c6d1b24f3f163166d01200000000000000000000000000000000000000000000000000000000000000000eb1ad13e,canonical,CANONICAL_CONFIRMED,,,,
vcash,wayback_canonical_hydration,<chain-archive>/vcash/wayback_scrape/results.tsv,8,partial_canonical_subset,wayback:vcash.tech/block + bitcoin-core:canonical,125872,2dda25c796ec6a1800d62bf4bddc687e16ceb46d5e2c864710ee1260191fa0a4,653228,00000000000000000009dabc4c7890c9595b5e401493bb27c9cf36d7311243bb,00000000000000000000b7a9f4e34c447f3913537eee30be4bfbd9007ebd3376,1602974198,170e134e,2123805083,000080207633bd7e00d9fb4bbe30ee7e5313397f444ce3f4a9b7000000000000000000005efbe37f7e70d6ea84826f7b9df889514d65168b9853e5feb482631d6cf8ee8cf6718b5f4e130e179bb1967e,03acf70904f7718b5f737a2f4254432e636f6d2ffabe6d6d630eba699448e0ce703dd62dff8cc6233b0f7ba97df9b268c9ea6995954050e2020000000ca3d3af0328bee36f3f030000000000,001497cfc76442fe717f2a3f0cc9c175f7561b661997;6a24aa21a9edbadf5f53ef3d9fae5b475bfcafe405f628d2a327e1821f9fc35dcda333344908;6a24b9e11b6da4a01f196012ee1047862c5e6db4ce167e68dcbdf42bd600186aec96c725da2d,020000000001010000000000000000000000000000000000000000000000000000000000000000ffffffff4c03acf70904f7718b5f737a2f4254432e636f6d2ffabe6d6d630eba699448e0ce703dd62dff8cc6233b0f7ba97df9b268c9ea6995954050e2020000000ca3d3af0328bee36f3f030000000000ffffffff031641dc260000000016001497cfc76442fe717f2a3f0cc9c175f7561b6619970000000000000000266a24aa21a9edbadf5f53ef3d9fae5b475bfcafe405f628d2a327e1821f9fc35dcda3333449080000000000000000266a24b9e11b6da4a01f196012ee1047862c5e6db4ce167e68dcbdf42bd600186aec96c725da2d0120000000000000000000000000000000000000000000000000000000000000000000000000,canonical,CANONICAL_CONFIRMED,,,,
vcash,wayback_canonical_hydration,<chain-archive>/vcash/wayback_scrape/results.tsv,9,partial_canonical_subset,wayback:vcash.tech/block + bitcoin-core:canonical,125874,9e6b95277fe96c3d933e98886201c4bad132f982e1fe9fb36b5a900e40aec24a,653229,00000000000000000009245e3bc19ca2f0f450eec8f7fdbc92621e4e3ed2b2b4,00000000000000000009dabc4c7890c9595b5e401493bb27c9cf36d7311243bb,1602974485,170e134e,2520185408,0000ff3fbb431231d736cfc927bb9314405e5b59c990784cbcda090000000000000000006c0ec91d98f374be2271925630d3199226fba196137aa9df2cf5ca463eff990615738b5f4e130e1740fa3696,03adf7091a4d696e656420627920416e74506f6f6c20b2005b02202865afabfabe6d6ddd9c5de85aab18248e4871b24dac6c1fa96cb85415f141edab763ccfd499efe602000000000000006b120000919f0000,76a91411dbe48cc6b617f9c6adaf4d9ed5f625b1c7cb5988ac;6a24aa21a9ed5dad31af3b07fb504f8a4350cd6a8bd8550e751bfb3c5d81ec2ecf6906dacf87;6a24b9e11b6d4ac2ae400e905a6bb39ffee182f932d1bac4016288983e933d6ce97f27956b9e,010000000001010000000000000000000000000000000000000000000000000000000000000000ffffffff5303adf7091a4d696e656420627920416e74506f6f6c20b2005b02202865afabfabe6d6ddd9c5de85aab18248e4871b24dac6c1fa96cb85415f141edab763ccfd499efe602000000000000006b120000919f0000ffffffff037894c125000000001976a91411dbe48cc6b617f9c6adaf4d9ed5f625b1c7cb5988ac0000000000000000266a24aa21a9ed5dad31af3b07fb504f8a4350cd6a8bd8550e751bfb3c5d81ec2ecf6906dacf870000000000000000266a24b9e11b6d4ac2ae400e905a6bb39ffee182f932d1bac4016288983e933d6ce97f27956b9e0120000000000000000000000000000000000000000000000000000000000000000000000000,canonical,CANONICAL_CONFIRMED,,,,
vcash,wayback_canonical_hydration,<chain-archive>/vcash/wayback_scrape/results.tsv,10,partial_canonical_subset,wayback:vcash.tech/block + bitcoin-core:canonical,125879,86a3f1deeb1ef38876d2b78d3d790ac773e09f20fa2fa955e34618cd97366a03,653230,000000000000000000076e961670fd063e48c1a2d8d3dcf9bb425f8d37f97ee5,00000000000000000009245e3bc19ca2f0f450eec8f7fdbc92621e4e3ed2b2b4,1602974925,170e134e,1352357079,00e0ff37b4b2d23e4e1e6292bcfdf7c8ee50f4f0a29cc13b5e24090000000000000000001a45026a3e08715d780e5694e562640d062fde74877e75499e67fc445a8e8d41cd748b5f4e130e17d7549b50,03aef70904ce748b5f737a2f4254432e636f6d2ffabe6d6d11ff89024f022cb54e765bc85ce31118088b546481554ae6d1aa78abb249c88d020000000ca3d3af10dc31e2957c2c0000000000,001497cfc76442fe717f2a3f0cc9c175f7561b661997;6a24aa21a9ed4b7387c2463be57fc64398483e6b6651c43d533812c3a014bfaa1885376e98d2;6a24b9e11b6d036a3697cd1846e355a92ffa209fe073c70a793d8db7d27688f31eebdef1a386,020000000001010000000000000000000000000000000000000000000000000000000000000000ffffffff4c03aef70904ce748b5f737a2f4254432e636f6d2ffabe6d6d11ff89024f022cb54e765bc85ce31118088b546481554ae6d1aa78abb249c88d020000000ca3d3af10dc31e2957c2c0000000000ffffffff037e5518260000000016001497cfc76442fe717f2a3f0cc9c175f7561b6619970000000000000000266a24aa21a9ed4b7387c2463be57fc64398483e6b6651c43d533812c3a014bfaa1885376e98d20000000000000000266a24b9e11b6d036a3697cd1846e355a92ffa209fe073c70a793d8db7d27688f31eebdef1a3860120000000000000000000000000000000000000000000000000000000000000000000000000,canonical,CANONICAL_CONFIRMED,,,,
vcash,wayback_canonical_hydration,<chain-archive>/vcash/wayback_scrape/results.tsv,11,partial_canonical_subset,wayback:vcash.tech/block + bitcoin-core:canonical,125883,281340cda2639ca3272ded31b600582b6c4a343f8d1d69d6658fd21e4985a2ce,653231,0000000000000000000019d1787cd846b1588206ce141b0dc499599082bb0519,000000000000000000076e961670fd063e48c1a2d8d3dcf9bb425f8d37f97ee5,1602975213,170e134e,72051716,00000020e57ef9378d5f42bbf9dcd3d8a2c1483e06fd7016966e07000000000000000000e110ed7b2903ba3dab6f7f7e0e271632987468a4de8a433a72c46c81c0a66e47ed758b5f4e130e17046c4b04,03aff70904ed758b5f737a2f4254432e636f6d2ffabe6d6d45f598d9b109a6a4e0d19acd14050ff5062f7b94e02f50016614cc05b28ab31c020000000ca3d3af1268e45e8878000000000000,001497cfc76442fe717f2a3f0cc9c175f7561b661997;6a24aa21a9ed21f2b8d8cd9069370c280176605e57acea1751e9ad331101380c06302f713053;6a24b9e11b6dcea285491ed28f65d6691d8d3f344a6c2b5800b631ed2d27a39c63a2cd401328,020000000001010000000000000000000000000000000000000000000000000000000000000000ffffffff4c03aff70904ed758b5f737a2f4254432e636f6d2ffabe6d6d45f598d9b109a6a4e0d19acd14050ff5062f7b94e02f50016614cc05b28ab31c020000000ca3d3af1268e45e8878000000000000ffffffff03d5b301260000000016001497cfc76442fe717f2a3f0cc9c175f7561b6619970000000000000000266a24aa21a9ed21f2b8d8cd9069370c280176605e57acea1751e9ad331101380c06302f7130530000000000000000266a24b9e11b6dcea285491ed28f65d6691d8d3f344a6c2b5800b631ed2d27a39c63a2cd4013280120000000000000000000000000000000000000000000000000000000000000000000000000,canonical,CANONICAL_CONFIRMED,,,,
vcash,wayback_canonical_hydration,<chain-archive>/vcash/wayback_scrape/results.tsv,12,partial_canonical_subset,wayback:vcash.tech/block + bitcoin-core:canonical,126465,3a8380661833e86c5e4c7c2cdf93139fbde190eb3c34886c6441aface364af39,653334,0000000000000000000b63f2c703a6756268603208bba0ce6057943b9c4f420d,00000000000000000006dd4113e14855ca41aa49135b020f03405c07c1b0666f,1603046745,170e134e,2325894639,000007336f66b0c1075c40030f025b1349aa41ca5548e11341dd06000000000000000000564b10dbb9937e3ec433e3c2e46e44e5afc65b5ec984e2110670d968bb2056ce598d8c5f4e130e17ef55a28a,0316f8092cfabe6d6de1a721fb402eb5087b1987fe95b104e82ec67832c2480ccbaaa293796a25612510000000f09f909f082f4632506f6f6c2f0d4d696e6564206279207a796d3500000000000000000000000000000000000000000000050034050000,76a914c825a1ecf2a6830c4401620c3a16f1995057c2ab88ac;6a24aa21a9ed1ab1ca485c68202db5a297aa65df73358d2d67354bd20da0be97595cb6a25aa7080000000000000000;6a4c2952534b424c4f434b3a2bd75d876bfc9d3a0b672d5fa259c1929ccb7c2b365dde719118432f002a95f5;6a24b9e11b6d39af64e3acaf41646c88343ceb90e1bd9f1393df2c7c4c5e6ce833186680833a,010000000001010000000000000000000000000000000000000000000000000000000000000000ffffffff640316f8092cfabe6d6de1a721fb402eb5087b1987fe95b104e82ec67832c2480ccbaaa293796a25612510000000f09f909f082f4632506f6f6c2f0d4d696e6564206279207a796d3500000000000000000000000000000000000000000000050034050000000000000403954528000000001976a914c825a1ecf2a6830c4401620c3a16f1995057c2ab88ac00000000000000002f6a24aa21a9ed1ab1ca485c68202db5a297aa65df73358d2d67354bd20da0be97595cb6a25aa708000000000000000000000000000000002c6a4c2952534b424c4f434b3a2bd75d876bfc9d3a0b672d5fa259c1929ccb7c2b365dde719118432f002a95f50000000000000000266a24b9e11b6d39af64e3acaf41646c88343ceb90e1bd9f1393df2c7c4c5e6ce833186680833a01200000000000000000000000000000000000000000000000000000000000000000bc7a8b39,canonical,CANONICAL_CONFIRMED,,,,
vcash,wayback_canonical_hydration,<chain-archive>/vcash/wayback_scrape/results.tsv,13,partial_canonical_subset,wayback:vcash.tech/block + bitcoin-core:canonical,126466,de600cb9b054b21d5abc419826900fc66781424cb57101a2e206a41e433ab283,653335,0000000000000000000cca860e169e660d353cd1ae5ca9abaab8462da48da0fa,0000000000000000000b63f2c703a6756268603208bba0ce6057943b9c4f420d,1603046781,170e134e,3772090504,0000c0200d424f9c3b945760cea0bb083260686275a603c7f2630b00000000000000000003374b63c7d66e72a22310b96b6b1949d0abe9d6dc78500acda4056237d86e497d8d8c5f4e130e178888d5e0,0317f809047e8d8c5f485a2f48756f42692ffabe6d6dc4a67ef2bd4f30740b37e437a7ee4d239e402892109c0b587355f78c351964390200000090fed2181650575aa23c000000000000,76a914e582933875bedfdc448473c00b474f8f053a467588ac;6a24aa21a9ed361809dfa05463eb5aa664631259d570e0f48aeae6b58f2204cc4ac991d9c7e9;6a24b9e11b6d83b23a431ea406e2a20171b54c428167c60f90269841bc5a1db254b0b90c60de,020000000001010000000000000000000000000000000000000000000000000000000000000000ffffffff4a0317f809047e8d8c5f485a2f48756f42692ffabe6d6dc4a67ef2bd4f30740b37e437a7ee4d239e402892109c0b587355f78c351964390200000090fed2181650575aa23c000000000000ffffffff0358c10326000000001976a914e582933875bedfdc448473c00b474f8f053a467588ac0000000000000000266a24aa21a9ed361809dfa05463eb5aa664631259d570e0f48aeae6b58f2204cc4ac991d9c7e90000000000000000266a24b9e11b6d83b23a431ea406e2a20171b54c428167c60f90269841bc5a1db254b0b90c60de0120000000000000000000000000000000000000000000000000000000000000000000000000,canonical,CANONICAL_CONFIRMED,,,,
vcash,wayback_canonical_hydration,<chain-archive>/vcash/wayback_scrape/results.tsv,14,partial_canonical_subset,wayback:vcash.tech/block + bitcoin-core:canonical,126474,d8a62e4826e7aeb5c055995db0fb27258eb6c37dbf161665c7839226dfff08ee,653336,000000000000000000063835447ef5b6423c459521e0b622c462c20453379066,0000000000000000000cca860e169e660d353cd1ae5ca9abaab8462da48da0fa,1603048753,170e134e,1129314104,00008020faa08da42d46b8aaaba95caed13c350d669e160e86ca0c0000000000000000006c23f852a21657b06c5d07d172636e154510bd15b99e4d383995aaf78853e40931958c5f4e130e1738f74f43,0318f809172f5669614254432f4d696e656420627920736c7936362f2cfabe6d6dc32ec34f8c9072bcfb055e483c2ea370ba687ee24b75130ed72d2ad7fb400155100000000000000010f62f6b10d92f03422fcd16d3460a0000,76a914536ffa992491508dca0354e52f32a3a7a679a53a88ac;6a2952534b424c4f434b3a140bfb16974dc963f97e1605c8bc24dcbc8f18eb82365dde7191183c002a9629;6a24b9e11b6dee08ffdf269283c7651616bf7dc3b68e2527fbb05d9955c0b5aee726482ea6d8;6a24aa21a9ed32f7197c53fe91d0bc789432efe0a0fafd28f69293ba3e3ca834c3ab2b09b65d,010000000001010000000000000000000000000000000000000000000000000000000000000000ffffffff5a0318f809172f5669614254432f4d696e656420627920736c7936362f2cfabe6d6dc32ec34f8c9072bcfb055e483c2ea370ba687ee24b75130ed72d2ad7fb400155100000000000000010f62f6b10d92f03422fcd16d3460a0000ffffffff049af9dd29000000001976a914536ffa992491508dca0354e52f32a3a7a679a53a88ac00000000000000002b6a2952534b424c4f434b3a140bfb16974dc963f97e1605c8bc24dcbc8f18eb82365dde7191183c002a96290000000000000000266a24b9e11b6dee08ffdf269283c7651616bf7dc3b68e2527fbb05d9955c0b5aee726482ea6d80000000000000000266a24aa21a9ed32f7197c53fe91d0bc789432efe0a0fafd28f69293ba3e3ca834c3ab2b09b65d0120000000000000000000000000000000000000000000000000000000000000000000000000,canonical,CANONICAL_CONFIRMED,,,,
vcash,wayback_canonical_hydration,<chain-archive>/vcash/wayback_scrape/results.tsv,15,partial_canonical_subset,wayback:vcash.tech/block + bitcoin-core:canonical,132817,52d2ebbc27bdcdd6e507da2cbcd1590506cebdd781685d698a08a3fd1ff485f3,654532,00000000000000000001a7012add96c3de99a69f60607d83f6ae9d5aaa171803,0000000000000000000b158d376eed445dd99c432cf2efc8382b7302c710554f,1603872040,170e134e,634038412,00e0ff374f5510c702732b38c8eff22c439cd95d44ed6e378d150b000000000000000000acb9900e1ec60f58500b9cd52e19d073fffc96343e72f0e1ed693e125e99c2522825995f4e130e178ca8ca25,03c4fc09042c25995f2f706f6f6c696e2e636f6d2ffabe6d6dcaeabb3baaa74b4883310fe7bdbbe0a6dccfd12f595290b84472e45ff685aa8301000000000000005bc6c50a10c5352cff8b7686c79fef5c117729f053005f71200200000000,76a9140c0271699741cd1211149dd12ad126a901e156da88ac;6a24b9e11b6df385f41ffda3088a695d6881d7bdce060559d1bc2cda07e5d6cdbd27bcebd252;6a24aa21a9edf77f485e1bf68391f6e9792bf334163e7041dd6f26fdbcae55f4505684317095;6a2952534b424c4f434b3afde424400f8b8fd796e93147e6d7cee18f4ab2d0cfb9eebc79739a21002af827,010000000001010000000000000000000000000000000000000000000000000000000000000000ffffffff5f03c4fc09042c25995f2f706f6f6c696e2e636f6d2ffabe6d6dcaeabb3baaa74b4883310fe7bdbbe0a6dccfd12f595290b84472e45ff685aa8301000000000000005bc6c50a10c5352cff8b7686c79fef5c117729f053005f71200200000000ffffffff04d40d9536000000001976a9140c0271699741cd1211149dd12ad126a901e156da88ac0000000000000000266a24b9e11b6df385f41ffda3088a695d6881d7bdce060559d1bc2cda07e5d6cdbd27bcebd2520000000000000000266a24aa21a9edf77f485e1bf68391f6e9792bf334163e7041dd6f26fdbcae55f450568431709500000000000000002b6a2952534b424c4f434b3afde424400f8b8fd796e93147e6d7cee18f4ab2d0cfb9eebc79739a21002af827012000000000000000000000000000000000000000000000000000000000000000002e0a1061,canonical,CANONICAL_CONFIRMED,,,,
vcash,wayback_canonical_hydration,<chain-archive>/vcash/wayback_scrape/results.tsv,16,partial_canonical_subset,wayback:vcash.tech/block + bitcoin-core:canonical,149360,e20289a7e28e90ee902aff7d5efb74578acc9c55d29aaf597c0ca8b81d6abd2e,658043,0000000000000000000b0ea00873687b7a3bcd74070086eb896e2c5a66b87006,0000000000000000000702993b95cb811f7767bf2cf886efe0ce56225277769c,1605994233,170ffedd,2290922905,00e0ff2f9c7677522256cee0ef86f82cbf67771f81cb953b9902070000000000000000001b7d39e1f62fb2177ac58d744137919f555a462a525fde155a4128f204d4806bf986b95fddfe0f1799b58c88,037b0a0a04fb86b95f737a2f42696e616e63652ffabe6d6d9cba6d707a10d238d44dafcf3c3ddfffc424fdb35ba79ac6e8ef2feb447589b002000000020bb56c018725a107c4b25f9ef20f00,76a914887d65fdc11cd8151c92530f323aada252792dc888ac;6a24aa21a9ed47f00e05ab46d8b595740612dc3e297900c259bf20a138c071522948461f7f36;6a24b9e11b6d2ebd6a1db8a80c7c59af9ad2559ccc8a5774fb5e7dff2a90ee908ee2a78902e2,020000000001010000000000000000000000000000000000000000000000000000000000000000ffffffff4c037b0a0a04fb86b95f737a2f42696e616e63652ffabe6d6d9cba6d707a10d238d44dafcf3c3ddfffc424fdb35ba79ac6e8ef2feb447589b002000000020bb56c018725a107c4b25f9ef20f00ffffffff030258fa25000000001976a914887d65fdc11cd8151c92530f323aada252792dc888ac0000000000000000266a24aa21a9ed47f00e05ab46d8b595740612dc3e297900c259bf20a138c071522948461f7f360000000000000000266a24b9e11b6d2ebd6a1db8a80c7c59af9ad2559ccc8a5774fb5e7dff2a90ee908ee2a78902e20120000000000000000000000000000000000000000000000000000000000000000000000000,canonical,CANONICAL_CONFIRMED,,,,
vcash,wayback_canonical_hydration,<chain-archive>/vcash/wayback_scrape/results.tsv,17,partial_canonical_subset,wayback:vcash.tech/block + bitcoin-core:canonical,149370,2144dceabc6f49d67e30f20a40bcf858b639f7cc3140df9f9c3e1cde9b30b3cf,658046,000000000000000000017c7c8f1fb582d2823b35562bd87bde0417cbffd8e98c,0000000000000000000fc2e9824b5251fc6cd6f44a54a49de1ac592b19d0b145,1605994841,170ffedd,174081428,0000ff3f45b1d0192b59ace19da4544af4d66cfc51524b82e9c20f00000000000000000031ed446dfa0bd49924f38ae8c46f8d7c98e5990323289249f87749bcc47f093e5989b95fddfe0f179445600a,037e0a0a2cfabe6d6de175eb4363cebb6688e6d491fa79e2919757025955f77bf50c91f65de0e5a89910000000f09f909f082f4632506f6f6c2f0e4d696e6564206279206b6868736b000000000000000000000000000000000000000000050016140000,76a914c825a1ecf2a6830c4401620c3a16f1995057c2ab88ac;6a24aa21a9edb4082cb2a9744144f4b3694d80ad5fe9ddd79e7ec114d7d3d07e7aadbf85c72d080000000000000000;6a4c2952534b424c4f434b3a98e72de31524a7a741a304de9a27573a2e3e16e0d2c35960775d4123002bf9da;6a24b9e11b6dcfb3309bde1c3e9c9fdf4031ccf739b658f8bc400af2307ed6496fbceadc4421,010000000001010000000000000000000000000000000000000000000000000000000000000000ffffffff64037e0a0a2cfabe6d6de175eb4363cebb6688e6d491fa79e2919757025955f77bf50c91f65de0e5a89910000000f09f909f082f4632506f6f6c2f0e4d696e6564206279206b6868736b0000000000000000000000000000000000000000000500161400000000000004c4e7bc25000000001976a914c825a1ecf2a6830c4401620c3a16f1995057c2ab88ac00000000000000002f6a24aa21a9edb4082cb2a9744144f4b3694d80ad5fe9ddd79e7ec114d7d3d07e7aadbf85c72d08000000000000000000000000000000002c6a4c2952534b424c4f434b3a98e72de31524a7a741a304de9a27573a2e3e16e0d2c35960775d4123002bf9da0000000000000000266a24b9e11b6dcfb3309bde1c3e9c9fdf4031ccf739b658f8bc400af2307ed6496fbceadc44210120000000000000000000000000000000000000000000000000000000000000000079ee213d,canonical,CANONICAL_CONFIRMED,,,,
vcash,wayback_canonical_hydration,<chain-archive>/vcash/wayback_scrape/results.tsv,18,partial_canonical_subset,wayback:vcash.tech/block + bitcoin-core:canonical,189472,4caf0f6c840cf6e8f2979e8f0012f69b622e7ee10ee061d46ef202d4307e61a1,665929,000000000000000000096696c7e1a8b5f7128feaa120b2bb31af7b686d9f83b1,0000000000000000000b27465784100a3d34f60b9b42adffcfc21ae4ce70dc76,1610569344,170da8a1,793796073,00e0ff3776dc70cee41ac2cfffad429b0bf6343d0a10845746270b0000000000000000009282562875106c3a2c88879f77d3eefbeb22b03069415194fada14eb0ce5c88f8056ff5fa1a80d17e95d502f,0349290a1b2f5669614254432f4d696e6564206279203231633830307461692f2cfabe6d6d0420d2f3d0e479304b2f05b71d35bbf5fa6f0e1efca505077064d66d60a27a841000000000000000101d94cd1015d1a13bda19d2e826d22100,76a914536ffa992491508dca0354e52f32a3a7a679a53a88ac;6a24b9e11b6da1617e30d402f26ed461e00ee17e2e629bf612008f9e97f2e8f60c846c0faf4c;6a24aa21a9edd1ce90238e0fe4dc31c63f58e7726a651581c8a9af62a15d23ed5d40532721a7,010000000001010000000000000000000000000000000000000000000000000000000000000000ffffffff5e0349290a1b2f5669614254432f4d696e6564206279203231633830307461692f2cfabe6d6d0420d2f3d0e479304b2f05b71d35bbf5fa6f0e1efca505077064d66d60a27a841000000000000000101d94cd1015d1a13bda19d2e826d22100ffffffff03e7d7342c000000001976a914536ffa992491508dca0354e52f32a3a7a679a53a88ac0000000000000000266a24b9e11b6da1617e30d402f26ed461e00ee17e2e629bf612008f9e97f2e8f60c846c0faf4c0000000000000000266a24aa21a9edd1ce90238e0fe4dc31c63f58e7726a651581c8a9af62a15d23ed5d40532721a70120000000000000000000000000000000000000000000000000000000000000000000000000,canonical,CANONICAL_CONFIRMED,,,,
vcash,wayback_canonical_hydration,<chain-archive>/vcash/wayback_scrape/results.tsv,19,partial_canonical_subset,wayback:vcash.tech/block + bitcoin-core:canonical,189981,1f14bd5427eae799194a71db7a07165892aef32c4021924ff908ebf63948474b,666024,00000000000000000003eef3dbfa102608f7f11aee11f213fcc0352f263a1466,000000000000000000049fc1fb00f0475f45c1818464ea35057e7a4b110340c3,1610626180,170da8a1,4125090061,0000c020c34003114b7a7e0535ea648481c1455f47f000fbc19f04000000000000000000060e3655b6780e23509f2385a2f9ecf02459aca446129984c39762f419467e2184340060a1a80d170de1dff5,03a8290a182f5669614254432f4d696e656420627920726d653130302f2cfabe6d6db296eed7f95761806111202bcd1b854520640b4bd8ba1624e0fd8a3a9556b97710000000000000001295cd2647e2db62f2983dd0bcc78a4e050100,76a914536ffa992491508dca0354e52f32a3a7a679a53a88ac;6a2952534b424c4f434b3a6f9f1a1048c4c498b7b6aa9fb1ef94778b2690338063584d5a0b902e002e2521;6a24b9e11b6d4b474839f6eb08f94f9221402cf3ae925816077adb714a1999e7ea2754bd141f;6a24aa21a9ed3a7b26f3bb4d49b5a20e5fd06c9181783c41caa41bd0d02ce960188403897d90,010000000001010000000000000000000000000000000000000000000000000000000000000000ffffffff5d03a8290a182f5669614254432f4d696e656420627920726d653130302f2cfabe6d6db296eed7f95761806111202bcd1b854520640b4bd8ba1624e0fd8a3a9556b97710000000000000001295cd2647e2db62f2983dd0bcc78a4e050100ffffffff048bc0e62d000000001976a914536ffa992491508dca0354e52f32a3a7a679a53a88ac00000000000000002b6a2952534b424c4f434b3a6f9f1a1048c4c498b7b6aa9fb1ef94778b2690338063584d5a0b902e002e25210000000000000000266a24b9e11b6d4b474839f6eb08f94f9221402cf3ae925816077adb714a1999e7ea2754bd141f0000000000000000266a24aa21a9ed3a7b26f3bb4d49b5a20e5fd06c9181783c41caa41bd0d02ce960188403897d900120000000000000000000000000000000000000000000000000000000000000000000000000,canonical,CANONICAL_CONFIRMED,,,,
vcash,wayback_canonical_hydration,<chain-archive>/vcash/wayback_scrape/results.tsv,20,partial_canonical_subset,wayback:vcash.tech/block + bitcoin-core:canonical,219234,6d6581d63438bd8a28f3966ad48e53f62dbae8b1f2deefb4631256b25b9e9480,671829,0000000000000000000cb3d05d5d3aab40cf0556f74d18b41e306356620c6025,00000000000000000005ebdefcb9280abb6156355c997f2b70f077df44bc89bc,1614088883,170cf4e3,1216041765,00000020bc89bc44df77f0702b7f995c355661bb0a28b9fcdeeb05000000000000000000d2850333b1c4fd73bf633629c40ad7c0ada9bfe24e67ca5dd9d471ef301dba5db30a3560e3f40c1725537b48,0355400a04b50a3560737a2f4254432e636f6d2ffabe6d6dd74be24e5ce656dfe0b62ab5b118e7d3766f2e56e931d10637c6413f62cc5a9e02000000020bb56c153f512f9c63000000000000,76a91474e878616bd5e5236ecb22667627eeecbff54b9f88ac;6a24aa21a9edc0748db88aeaba1e119d2d11d5391f074fbb910447eab13f0dbeba85416f8cd6;6a2952534b424c4f434b3a0eac2cf4228d9a65479fcbe867e38c0bfedf2490555f458f196f402a002fc6e1;6a24b9e11b6d80949e5bb2561263b4efdef2b1e8ba2df6538ed46a96f3288abd3834d681656d,020000000001010000000000000000000000000000000000000000000000000000000000000000ffffffff4c0355400a04b50a3560737a2f4254432e636f6d2ffabe6d6dd74be24e5ce656dfe0b62ab5b118e7d3766f2e56e931d10637c6413f62cc5a9e02000000020bb56c153f512f9c63000000000000ffffffff047e40da2e000000001976a91474e878616bd5e5236ecb22667627eeecbff54b9f88ac0000000000000000266a24aa21a9edc0748db88aeaba1e119d2d11d5391f074fbb910447eab13f0dbeba85416f8cd600000000000000002b6a2952534b424c4f434b3a0eac2cf4228d9a65479fcbe867e38c0bfedf2490555f458f196f402a002fc6e10000000000000000266a24b9e11b6d80949e5bb2561263b4efdef2b1e8ba2df6538ed46a96f3288abd3834d681656d0120000000000000000000000000000000000000000000000000000000000000000000000000,canonical,CANONICAL_CONFIRMED,,,,
vcash,wayback_canonical_hydration,<chain-archive>/vcash/wayback_scrape/results.tsv,21,partial_canonical_subset,wayback:vcash.tech/block + bitcoin-core:canonical,219245,72b231859253e5632a83b9f5195d429657a6fa1e7af1568b367e4dbf8baee9e9,671830,0000000000000000000a94e99abfcac55d72702dbc967414fdb6f067ca76d969,0000000000000000000cb3d05d5d3aab40cf0556f74d18b41e306356620c6025,1614090258,170cf4e3,3108005110,0000ff3f25600c625663301eb4184df75605cf40ab3a5d5dd0b30c0000000000000000002314e0cb1638ba97aa95eb236bf492e48ef3be77a726a30e91aa87968a5e852e12103560e3f40c17f66440b9,0356400a040c103560626a30312f48756f42692ffabe6d6dbf2168d069e3a926a6725ecc6044b63bf1403ab17cd27e039a57fd6a74dc1581020000008df9e483130378df3d01d7080b8a0100,76a91452f43a457374d1a0a3e58d23ec7b5576c4eb649c88ac;6a24aa21a9ed91d32b8a44efb488618270985e88d355467417ddedffc95802b4bf6591f6f842;6a24b9e11b6de9e9ae8bbf4d7e368b56f17a1efaa65796425d19f5b9832a63e553928531b272,020000000001010000000000000000000000000000000000000000000000000000000000000000ffffffff4c0356400a040c103560626a30312f48756f42692ffabe6d6dbf2168d069e3a926a6725ecc6044b63bf1403ab17cd27e039a57fd6a74dc1581020000008df9e483130378df3d01d7080b8a0100ffffffff03e9d1f32e000000001976a91452f43a457374d1a0a3e58d23ec7b5576c4eb649c88ac0000000000000000266a24aa21a9ed91d32b8a44efb488618270985e88d355467417ddedffc95802b4bf6591f6f8420000000000000000266a24b9e11b6de9e9ae8bbf4d7e368b56f17a1efaa65796425d19f5b9832a63e553928531b2720120000000000000000000000000000000000000000000000000000000000000000000000000,canonical,CANONICAL_CONFIRMED,,,,
vcash,wayback_canonical_hydration,<chain-archive>/vcash/wayback_scrape/results.tsv,22,partial_canonical_subset,wayback:vcash.tech/block + bitcoin-core:canonical,219495,45a7dc2b4444d94a9167f95f9baf6d8a2adcf81afb97acff496138ffa5e5cc37,671877,0000000000000000000b0995542f233ad0bee75bae868c14f8dcb86f209b6915,0000000000000000000c572ef34e3eac4817a6b4d7a0e208ba4719c1fed1cc4b,1614120660,170cf4e3,3794168384,00e0ff2f4bccd1fec11947ba08e2a0d7b4a61748ac3e4ef32e570c000000000000000000229a17f2c35ae26b8609be6a773d184ec24bea6364cca4c77cbbcd51ec005fafd4863560e3f40c17406a26e2,0385400a04d4863560626a30322f48756f42692ffabe6d6d9f41272988ad06c3b297ec49e522152fd8e86e6921db60d9256f41d672d6c8bc010000008df9e483110675cc99a32f0000000000,76a91452f43a457374d1a0a3e58d23ec7b5576c4eb649c88ac;6a24aa21a9ed3bba1542ebf6905474d199773dc4bef1bcd082986fabeb90e2d5bedecbf253fb;6a24b9e11b6d37cce5a5ff386149ffac97fb1af8dc2a8a6daf9b5ff967914ad944442bdca745,020000000001010000000000000000000000000000000000000000000000000000000000000000ffffffff4c0385400a04d4863560626a30322f48756f42692ffabe6d6d9f41272988ad06c3b297ec49e522152fd8e86e6921db60d9256f41d672d6c8bc010000008df9e483110675cc99a32f0000000000ffffffff03d395c22d000000001976a91452f43a457374d1a0a3e58d23ec7b5576c4eb649c88ac0000000000000000266a24aa21a9ed3bba1542ebf6905474d199773dc4bef1bcd082986fabeb90e2d5bedecbf253fb0000000000000000266a24b9e11b6d37cce5a5ff386149ffac97fb1af8dc2a8a6daf9b5ff967914ad944442bdca7450120000000000000000000000000000000000000000000000000000000000000000000000000,canonical,CANONICAL_CONFIRMED,,,,
vcash,wayback_canonical_hydration,<chain-archive>/vcash/wayback_scrape/results.tsv,23,partial_canonical_subset,wayback:vcash.tech/block + bitcoin-core:canonical,219506,4f35287ce54c4b07023d0a45af178c852ad287a910a6db26db2d0e78f49eea24,671879,0000000000000000000290662b44a50935d551f8e2c9d30df0b31cfc14941e68,00000000000000000001fcb3946d4adc313f196f4566e1c2a593bef8044da316,1614122428,170cf4e3,4279683374,0000802016a34d04f8be93a5c2e166456f193f31dc4a6d94b3fc010000000000000000001204a287695850178772f1652eed38785a49560fde8f21c922f5f7fa158e46e3bc8d3560e3f40c172ec916ff,0387400a1b4d696e656420627920416e74506f6f6c37313310001f01b76622affabe6d6d65cb413a3464990be43ab2ae57f1df1c22bc3ed154611bd29f3e298cf3ef9bde020000000000000050c10000a9de0000,76a91411dbe48cc6b617f9c6adaf4d9ed5f625b1c7cb5988ac;6a24aa21a9edbc7388cfa9b2f5af67658a174aa73e274696e7f914d7a52bca636bc16c6bd40f;6a24b9e11b6d24ea9ef4780e2ddb26dba610a987d22a858c17af450a3d02074b4ce57c28354f;6a2952534b424c4f434b3a754305cf9a25b08be1ae6ee96d2a9b01522cc765c12a0e8827c8e52e002fcaf0,010000000001010000000000000000000000000000000000000000000000000000000000000000ffffffff540387400a1b4d696e656420627920416e74506f6f6c37313310001f01b76622affabe6d6d65cb413a3464990be43ab2ae57f1df1c22bc3ed154611bd29f3e298cf3ef9bde020000000000000050c10000a9de0000ffffffff04e2c6a42d000000001976a91411dbe48cc6b617f9c6adaf4d9ed5f625b1c7cb5988ac0000000000000000266a24aa21a9edbc7388cfa9b2f5af67658a174aa73e274696e7f914d7a52bca636bc16c6bd40f0000000000000000266a24b9e11b6d24ea9ef4780e2ddb26dba610a987d22a858c17af450a3d02074b4ce57c28354f00000000000000002b6a2952534b424c4f434b3a754305cf9a25b08be1ae6ee96d2a9b01522cc765c12a0e8827c8e52e002fcaf00120000000000000000000000000000000000000000000000000000000000000000000000000,canonical,CANONICAL_CONFIRMED,,,,
vcash,wayback_canonical_hydration,<chain-archive>/vcash/wayback_scrape/results.tsv,24,partial_canonical_subset,wayback:vcash.tech/block + bitcoin-core:canonical,219507,de08613d74fe9065f5e1465f148b9e53626bb70e1099afc7abb10f07cb877430,671880,0000000000000000000291c3af6c8e06bac0869723e03f9a3298bcb1572351ae,0000000000000000000290662b44a50935d551f8e2c9d30df0b31cfc14941e68,1614122516,170cf4e3,3109971164,00000020681e9414fc1cb3f00dd3c9e2f851d53509a5442b6690020000000000000000008bf26c6b9e3dc540fa4553024a56f7824011b8eb84c63ce581f8818ece8026a9148e3560e3f40c17dc645eb9,0388400a2cfabe6d6df454562e62e77bf1d3e7e795dae1281ea88178f6e9a955424896bbf62a7bf8cf10000000f09f909f082f4632506f6f6c2f114d696e6564206279206173383030346c370000000000000000000000000000000000000500dd390a00,76a914c825a1ecf2a6830c4401620c3a16f1995057c2ab88ac;6a24aa21a9edacbac51175f91f245acc19ee606ababb4e647de3feac6f0e768943c1ee77ba63080000000000000000;6a4c2952534b424c4f434b3a9f7f486f4ea40d7ea535012e90113c0ed7681eaec12a0e8827c8e530002fcaf3;6a24b9e11b6d307487cb070fb1abc7af99100eb76b62539e8b145f46e1f56590fe743d6108de,010000000001010000000000000000000000000000000000000000000000000000000000000000ffffffff640388400a2cfabe6d6df454562e62e77bf1d3e7e795dae1281ea88178f6e9a955424896bbf62a7bf8cf10000000f09f909f082f4632506f6f6c2f114d696e6564206279206173383030346c370000000000000000000000000000000000000500dd390a000000000004fdd12e2d000000001976a914c825a1ecf2a6830c4401620c3a16f1995057c2ab88ac00000000000000002f6a24aa21a9edacbac51175f91f245acc19ee606ababb4e647de3feac6f0e768943c1ee77ba6308000000000000000000000000000000002c6a4c2952534b424c4f434b3a9f7f486f4ea40d7ea535012e90113c0ed7681eaec12a0e8827c8e530002fcaf30000000000000000266a24b9e11b6d307487cb070fb1abc7af99100eb76b62539e8b145f46e1f56590fe743d6108de012000000000000000000000000000000000000000000000000000000000000000009857ab3e,canonical,CANONICAL_CONFIRMED,,,,
vcash,wayback_canonical_hydration,<chain-archive>/vcash/wayback_scrape/results.tsv,25,partial_canonical_subset,wayback:vcash.tech/block + bitcoin-core:canonical,223048,a1dcaf9c4f2476fb4c9b3fac52e372e49fa5ffd02b88974ad37970141e65c6b3,672575,00000000000000000008290c6e2e7ad36117625186cc150a95389261b2a8b54d,000000000000000000072a8c7302381eca9c08fb075f4f34b6ae5f3f292b1f65,1614525238,170cf4e3,1279943741,00008020651f2b293f5faeb6344f5f07fb089cca1e3802738c2a07000000000000000000967086b2f92f8dee5c233a0f0a221a8a32237e76fd7b8b1155979a9068daf21936b33b60e3f40c173d644a4c,033f430a0438b33b60737a2f4254432e636f6d2ffabe6d6dfad4b40760f87d4d788ec31525de30e9222b2e71beea2fa3a118e151dbbbbd3902000000020bb56c1ae0c9c75f76020000000000,76a91474e878616bd5e5236ecb22667627eeecbff54b9f88ac;6a24aa21a9ed921161938ec516992e6b2e0c511f009dcdfa07b263d5596ec74dce4ecec76a1a;6a2952534b424c4f434b3afef22f1f8a299344f7173f94930c1b9250db0565e887c87672ecd526002ffde4;6a24b9e11b6db3c6651e147079d34a97882bd0ffa59fe472e352ac3f9b4cfb76244f9cafdca1,020000000001010000000000000000000000000000000000000000000000000000000000000000ffffffff4c033f430a0438b33b60737a2f4254432e636f6d2ffabe6d6dfad4b40760f87d4d788ec31525de30e9222b2e71beea2fa3a118e151dbbbbd3902000000020bb56c1ae0c9c75f76020000000000ffffffff0452bbe02c000000001976a91474e878616bd5e5236ecb22667627eeecbff54b9f88ac0000000000000000266a24aa21a9ed921161938ec516992e6b2e0c511f009dcdfa07b263d5596ec74dce4ecec76a1a00000000000000002b6a2952534b424c4f434b3afef22f1f8a299344f7173f94930c1b9250db0565e887c87672ecd526002ffde40000000000000000266a24b9e11b6db3c6651e147079d34a97882bd0ffa59fe472e352ac3f9b4cfb76244f9cafdca10120000000000000000000000000000000000000000000000000000000000000000000000000,canonical,CANONICAL_CONFIRMED,,,,
vcash,wayback_canonical_hydration,<chain-archive>/vcash/wayback_scrape/results.tsv,26,partial_canonical_subset,wayback:vcash.tech/block + bitcoin-core:canonical,223053,7a5c8cafedc9de28de66c33be55d085900835c69d9421ca16326825c6cf1139f,672576,00000000000000000008dc289688d75e3c9d804fc2b836743f808bd02794cccd,00000000000000000008290c6e2e7ad36117625186cc150a95389261b2a8b54d,1614525976,170cf4e3,1638687648,0000c0204db5a8b2619238950a15cc8651621761d37a2e6e0c2908000000000000000000a020d28544cc47123f45a30716e1f763e7d73f5508940b96c1e281085d74b9e118b63b60e3f40c17a063ac61,0340430a0419b63b60652f6f6e655f6d6f72655f6d63642ffabe6d6d9249c2c37651c3caf0ab08eb89ad43d8607022955570b08f35e7534b769d6c0308000000e37a223608c3278d94ab000000000000,76a91452f43a457374d1a0a3e58d23ec7b5576c4eb649c88ac;6a24aa21a9ed87ef06919a3bd089e109035bee3298a646064b6697c89269ec20a7a7cc85406d;6a24b9e11b6d9f13f16c5c822663a11c42d9695c830059085de53bc366de28dec9edaf8c5c7a,020000000001010000000000000000000000000000000000000000000000000000000000000000ffffffff500340430a0419b63b60652f6f6e655f6d6f72655f6d63642ffabe6d6d9249c2c37651c3caf0ab08eb89ad43d8607022955570b08f35e7534b769d6c0308000000e37a223608c3278d94ab000000000000ffffffff030240282b000000001976a91452f43a457374d1a0a3e58d23ec7b5576c4eb649c88ac0000000000000000266a24aa21a9ed87ef06919a3bd089e109035bee3298a646064b6697c89269ec20a7a7cc85406d0000000000000000266a24b9e11b6d9f13f16c5c822663a11c42d9695c830059085de53bc366de28dec9edaf8c5c7a0120000000000000000000000000000000000000000000000000000000000000000000000000,canonical,CANONICAL_CONFIRMED,,,,
vcash,wayback_canonical_hydration,<chain-archive>/vcash/wayback_scrape/results.tsv,27,partial_canonical_subset,wayback:vcash.tech/block + bitcoin-core:canonical,248738,5d2560630d5fb8a4d185ddebd9c60b16b20825371e59a052ff519eb5b0f71f5c,678274,00000000000000000004162997d7bbf86109fd73c8d2bb7958385d8f077dee1c,0000000000000000000250c8ca9e6ed3e3deadf573740bc3bd958bf557258847,1617861177,170c2a48,2465100708,0000002047882557f58b95bdc30b7473f5addee3d36e9ecac850020000000000000000001c415acb9ea55fd659d19bddade86de7fadcd3dcabe47139887623452272cba0399a6e60482a0c17a473ee92,0382590a2cfabe6d6d158ba1ab9cd3563ecb9838c92279afc2fe7da60a3424192747d532582056299e10000000f09f909f082f4632506f6f6c2f174d696e656420627920777a6331373334353636383839390000000000000000000000000500fce855d5,76a914c825a1ecf2a6830c4401620c3a16f1995057c2ab88ac;6a24aa21a9ed25c73ab90c48af156d36ad7a9dc920200488abf98bc09870cd33af1912a15bd5;6a4c2952534b424c4f434b3ae7eb22aad04821ac4918e08fc8bccf3872784128baf01d2cd125941c003194d9;6a24b9e11b6d5c1ff7b0b59e51ff52a0591e372508b2160bc6d9ebdd85d1a4b85f0d6360255d,010000000001010000000000000000000000000000000000000000000000000000000000000000ffffffff640382590a2cfabe6d6d158ba1ab9cd3563ecb9838c92279afc2fe7da60a3424192747d532582056299e10000000f09f909f082f4632506f6f6c2f174d696e656420627920777a6331373334353636383839390000000000000000000000000500fce855d500000000047315b72a000000001976a914c825a1ecf2a6830c4401620c3a16f1995057c2ab88ac0000000000000000266a24aa21a9ed25c73ab90c48af156d36ad7a9dc920200488abf98bc09870cd33af1912a15bd500000000000000002c6a4c2952534b424c4f434b3ae7eb22aad04821ac4918e08fc8bccf3872784128baf01d2cd125941c003194d90000000000000000266a24b9e11b6d5c1ff7b0b59e51ff52a0591e372508b2160bc6d9ebdd85d1a4b85f0d6360255d01200000000000000000000000000000000000000000000000000000000000000000c1c2783e,canonical,CANONICAL_CONFIRMED,,,,
vcash,wayback_canonical_hydration,<chain-archive>/vcash/wayback_scrape/results.tsv,28,partial_canonical_subset,wayback:vcash.tech/block + bitcoin-core:canonical,248739,6d1d985775f48a80d43be7e62cd1a8d28b9a6c26eccbbc8d7305641eff0b42f4,678275,000000000000000000061daeae3492329957a1f562e9555d7e7d7657ba6647d6,00000000000000000004162997d7bbf86109fd73c8d2bb7958385d8f077dee1c,1617861377,170c2a48,1334415526,00e0ff2f1cee7d078f5d385879bbd2c873fd0961f8bbd797291604000000000000000000ad22540ac125967341ae8f94c70c1e53f22a5d8e99a4e8df775237a7103afd32019b6e60482a0c17a690894f,0383590a2cfabe6d6d8de75754fc46f01f2753f97a751766f3610547b51ac24641af82f23e93c05edf10000000f09f94a5072f48756f42692f080205b3001aa366cd,76a91495c0df1a447c3838e122e25a24d230a22efd6ed688ac;6a24aa21a9ed9659f63c4dada16432c7ca5aee367c081edd49d4b168adef6ea44726e1af1796;6a4c2952534b424c4f434b3a9dbf6a17b876adaaddc8ddd9cc4daa2d52adca5bbaf01d2cd1259417003194e1;6a24b9e11b6df4420bff1e6405738dbccbec266c9a8bd2a8d12ce6e73bd4808af47557981d6d,010000000001010000000000000000000000000000000000000000000000000000000000000000ffffffff420383590a2cfabe6d6d8de75754fc46f01f2753f97a751766f3610547b51ac24641af82f23e93c05edf10000000f09f94a5072f48756f42692f080205b3001aa366cd14000000043e736728000000001976a91495c0df1a447c3838e122e25a24d230a22efd6ed688ac0000000000000000266a24aa21a9ed9659f63c4dada16432c7ca5aee367c081edd49d4b168adef6ea44726e1af179600000000000000002c6a4c2952534b424c4f434b3a9dbf6a17b876adaaddc8ddd9cc4daa2d52adca5bbaf01d2cd1259417003194e10000000000000000266a24b9e11b6df4420bff1e6405738dbccbec266c9a8bd2a8d12ce6e73bd4808af47557981d6d0120000000000000000000000000000000000000000000000000000000000000000059c45521,canonical,CANONICAL_CONFIRMED,,,,
vcash,wayback_canonical_hydration,<chain-archive>/vcash/wayback_scrape/results.tsv,29,partial_canonical_subset,wayback:vcash.tech/block + bitcoin-core:canonical,248744,645adc956d94348e3cd24500af2261983a54a642be2f41042c4d32827e913296,678277,00000000000000000000c3aaa3ba6d788f387587a031de04b69bcbd9725b2394,0000000000000000000c2206d3efdb6c298c3cf1ba289d3e659151395d0ef6bf,1617861981,170c2a48,3462337052,00000020bff60e5d395191653e9d28baf13c8c296cdbefd306220c0000000000000000002e96f1390b311efdb00b5c5bcb258a28c31ed4f1c9d86cd704b6c425c79d0ec85d9d6e60482a0c171c125fce,0385590a04e97f095f657532322f42696e616e63652ffabe6d6d57c76889134129de2f0da04543c3a92a9f8f042a221d554a7a0b7b76b72bae24010000008e9b20aa063fe0756c46000000000000,76a914887d65fdc11cd8151c92530f323aada252792dc888ac;6a24aa21a9edabbd570e190c5872d9494d3b2544ffe99253d67ed387a7693d3b6f0aa2e05bb6;6a24b9e11b6d9632917e82324d2c04412fbe42a6543a986122af0045d23c8e34946d95dc5a64,020000000001010000000000000000000000000000000000000000000000000000000000000000ffffffff4e0385590a04e97f095f657532322f42696e616e63652ffabe6d6d57c76889134129de2f0da04543c3a92a9f8f042a221d554a7a0b7b76b72bae24010000008e9b20aa063fe0756c46000000000000ffffffff03ced42129000000001976a914887d65fdc11cd8151c92530f323aada252792dc888ac0000000000000000266a24aa21a9edabbd570e190c5872d9494d3b2544ffe99253d67ed387a7693d3b6f0aa2e05bb60000000000000000266a24b9e11b6d9632917e82324d2c04412fbe42a6543a986122af0045d23c8e34946d95dc5a640120000000000000000000000000000000000000000000000000000000000000000000000000,canonical,CANONICAL_CONFIRMED,,,,
vcash,wayback_canonical_hydration,<chain-archive>/vcash/wayback_scrape/results.tsv,30,partial_canonical_subset,wayback:vcash.tech/block + bitcoin-core:canonical,248751,0965dd45b1a494d8d72b29d3ba7d43ee35118ef473bf083955d746031cd34435,678279,0000000000000000000335005b6953f76f4d8d9f566cc0a4e824818fb1659a89,000000000000000000039ca6b82b1e8cc2e57f31277b5a46887ebdebe2970202,1617862950,170c2a48,2499957225,00400020020297e2ebbd7e88465a7b27317fe5c28c1e2bb8a69c03000000000000000000edd9a8ec330bdf9adf2733504f11ac98859a2324e132a08d9be2763566f3cc2126a16e60482a0c17e9510295,0387590a2cfabe6d6d3168de04a4e02294289496e6f8cdf14c7d0d1d700da4fc3f5b05b32836d7501810000000f09f909f082f4632506f6f6c2f0f4d696e656420627920786a6274633200000000000000000000000000000000000000000500a6464660,76a914c825a1ecf2a6830c4401620c3a16f1995057c2ab88ac;6a24aa21a9ed71bf1a0d2a5c8a17e9aa30945f680a88cc34a74914fa33e9278667c40806de72;6a4c2952534b424c4f434b3a5ace9197f24c223a854a88ee641cda06b6ec588475baf01d2cd1252200319518;6a24b9e11b6d3544d31c0346d7553908bf73f48e1135ee437dbad3292bd7d894a4b145dd6509,010000000001010000000000000000000000000000000000000000000000000000000000000000ffffffff640387590a2cfabe6d6d3168de04a4e02294289496e6f8cdf14c7d0d1d700da4fc3f5b05b32836d7501810000000f09f909f082f4632506f6f6c2f0f4d696e656420627920786a6274633200000000000000000000000000000000000000000500a646466033c01f0004bbea8227000000001976a914c825a1ecf2a6830c4401620c3a16f1995057c2ab88ac0000000000000000266a24aa21a9ed71bf1a0d2a5c8a17e9aa30945f680a88cc34a74914fa33e9278667c40806de7200000000000000002c6a4c2952534b424c4f434b3a5ace9197f24c223a854a88ee641cda06b6ec588475baf01d2cd12522003195180000000000000000266a24b9e11b6d3544d31c0346d7553908bf73f48e1135ee437dbad3292bd7d894a4b145dd65090120000000000000000000000000000000000000000000000000000000000000000038228b49,canonical,CANONICAL_CONFIRMED,,,,
vcash,wayback_canonical_hydration,<chain-archive>/vcash/wayback_scrape/results.tsv,31,partial_canonical_subset,wayback:vcash.tech/block + bitcoin-core:canonical,248756,783be1acf6a5f0a7663e8c1d679f57281468e0250f9f76f6c674512b3628a48e,678280,00000000000000000009681ce49ba4cf995582e238408d06ae14ce772fa8f9e3,0000000000000000000335005b6953f76f4d8d9f566cc0a4e824818fb1659a89,1617863531,170c2a48,3374844029,0000c020899a65b18f8124e8a4c06c569f8d4d6ff753695b003503000000000000000000467959a0dbe43140f4f13cc112d3f703e22fa4b6bd12a360246f1601a46010ac6ba36e60482a0c177d0828c9,0388590a1d2f5669614254432f4d696e65642062792068616d65643636373333322f2cfabe6d6d102c2b7101c10ba7c85d26945ea5197b4a93b6709e82b6491c75545a17319e271000000000000000102c450710d557f857b46405bb2f900000,76a914536ffa992491508dca0354e52f32a3a7a679a53a88ac;6a2952534b424c4f434b3a652ccd3f9d55cf775c2cecc87302f998aeaf032b75baf01d2cd125250031952b;6a24b9e11b6d8ea428362b5174c6f6769f0f25e0681428579f671d8c3e66a7f0a5f6ace13b78;6a24aa21a9edb9057f06c707a5f1568b4c4c8d23bfb47ac06bd9d92be23abbabe202c468303a,010000000001010000000000000000000000000000000000000000000000000000000000000000ffffffff600388590a1d2f5669614254432f4d696e65642062792068616d65643636373333322f2cfabe6d6d102c2b7101c10ba7c85d26945ea5197b4a93b6709e82b6491c75545a17319e271000000000000000102c450710d557f857b46405bb2f900000ffffffff04f2d9e427000000001976a914536ffa992491508dca0354e52f32a3a7a679a53a88ac00000000000000002b6a2952534b424c4f434b3a652ccd3f9d55cf775c2cecc87302f998aeaf032b75baf01d2cd125250031952b0000000000000000266a24b9e11b6d8ea428362b5174c6f6769f0f25e0681428579f671d8c3e66a7f0a5f6ace13b780000000000000000266a24aa21a9edb9057f06c707a5f1568b4c4c8d23bfb47ac06bd9d92be23abbabe202c468303a0120000000000000000000000000000000000000000000000000000000000000000000000000,canonical,CANONICAL_CONFIRMED,,,,
vcash,wayback_canonical_hydration,<chain-archive>/vcash/wayback_scrape/results.tsv,32,partial_canonical_subset,wayback:vcash.tech/block + bitcoin-core:canonical,267394,332dbee9e070087101012f5cfd905943fa9429734de7fbc4cf9834dadfcc7401,681910,000000000000000000029e59bf49d342fc6e4a105a9e1ac9d663d21087ecb0b3,0000000000000000000b1c77241c6a7d1a3da81d25980ad0bb7f7254eb9b47c8,1620143904,170da863,505741341,00008020c8479beb54727fbbd00a98251da83d1a7d6a1c24771c0b000000000000000000e25ce206566bacca5aa960d0a2005611c284344a7764f166404e52fefdc00553206f916063a80d171d00251e,03b6670a2cfabe6d6db1cfd648f79a540008488e223189ff5f17c51a4ffd4c789afe4b36604cbaa2d210000000f09f94a5072f48756f42692f0802038a0021240100,76a91495c0df1a447c3838e122e25a24d230a22efd6ed688ac;6a24aa21a9edb51bbce1fae0666d92ea06dd1d8f6c553660d4a0aa8d1dbd0a2ee4ffecac9f5d;6a3448617468e83233183ef60f780b89145728ba1a0638a00f3264a762e84eb8e8aa91f3a0ea566ced9228ab48059fa9910f0162ef6a;6a4c2952534b424c4f434b3a9e8f2edc32323c9a95900b3a16738581c98ad4a4adf618bcba5df2280032b13e;6a24b9e11b6d0174ccdfda3498cfc4fbe74d732994fa435990fd5c2f0101710870e0e9be2d33,010000000001010000000000000000000000000000000000000000000000000000000000000000ffffffff4203b6670a2cfabe6d6db1cfd648f79a540008488e223189ff5f17c51a4ffd4c789afe4b36604cbaa2d210000000f09f94a5072f48756f42692f0802038a00212401000000000005de34fa29000000001976a91495c0df1a447c3838e122e25a24d230a22efd6ed688ac0000000000000000266a24aa21a9edb51bbce1fae0666d92ea06dd1d8f6c553660d4a0aa8d1dbd0a2ee4ffecac9f5d0000000000000000366a3448617468e83233183ef60f780b89145728ba1a0638a00f3264a762e84eb8e8aa91f3a0ea566ced9228ab48059fa9910f0162ef6a00000000000000002c6a4c2952534b424c4f434b3a9e8f2edc32323c9a95900b3a16738581c98ad4a4adf618bcba5df2280032b13e0000000000000000266a24b9e11b6d0174ccdfda3498cfc4fbe74d732994fa435990fd5c2f0101710870e0e9be2d33012000000000000000000000000000000000000000000000000000000000000000006927651e,canonical,CANONICAL_CONFIRMED,,,,
vcash,wayback_canonical_hydration,<chain-archive>/vcash/wayback_scrape/results.tsv,33,partial_canonical_subset,wayback:vcash.tech/block + bitcoin-core:canonical,267395,fcd417719875eca40b90944da040332ababe95c6d4c0527608a18a6fe6733c92,681911,00000000000000000001124bd6fa40cb762029393627dfa3ab4d19a2963dd96c,000000000000000000029e59bf49d342fc6e4a105a9e1ac9d663d21087ecb0b3,1620144105,170da863,2409562665,0400c020b3b0ec8710d263d6c91a9e5a104a6efc42d349bf599e020000000000000000004e7487fabdb7e28a5e3e3779a892d8596ce52206b667b052637479a878113d7ce96f916063a80d1729029f8f,03b7670a2cfabe6d6da0c805b83d96c0c06a94c6c24f29265d58419ed87b85cd63323c8a61fe76a3b510000000f09f909f082f4632506f6f6c2f124d696e65642062792070617261676f6e3478000000000000000000000000000000000005005a330000,76a914c825a1ecf2a6830c4401620c3a16f1995057c2ab88ac;6a24aa21a9ed075df2402f822f050d5cf4d7afd58290421d003cd5a8503b02b7e13dee518002;6a34486174687d91a28c3f6dcb91afa21a50b7cfd889cc4c81f47b015f662e83cf7abd64280aed3fb36636f147e5aca898eae49d167a;6a4c2952534b424c4f434b3a91b063a1096aaddbf2ece26fdda2e4392535f83b79adf618bcba5d290032b145;6a24b9e11b6d923c73e66f8aa1087652c0d4c695beba2a3340a04d94900ba4ec75987117d4fc,010000000001010000000000000000000000000000000000000000000000000000000000000000ffffffff6403b7670a2cfabe6d6da0c805b83d96c0c06a94c6c24f29265d58419ed87b85cd63323c8a61fe76a3b510000000f09f909f082f4632506f6f6c2f124d696e65642062792070617261676f6e3478000000000000000000000000000000000005005a33000000000000057f2c812a000000001976a914c825a1ecf2a6830c4401620c3a16f1995057c2ab88ac0000000000000000266a24aa21a9ed075df2402f822f050d5cf4d7afd58290421d003cd5a8503b02b7e13dee5180020000000000000000366a34486174687d91a28c3f6dcb91afa21a50b7cfd889cc4c81f47b015f662e83cf7abd64280aed3fb36636f147e5aca898eae49d167a00000000000000002c6a4c2952534b424c4f434b3a91b063a1096aaddbf2ece26fdda2e4392535f83b79adf618bcba5d290032b1450000000000000000266a24b9e11b6d923c73e66f8aa1087652c0d4c695beba2a3340a04d94900ba4ec75987117d4fc0120000000000000000000000000000000000000000000000000000000000000000031a35e39,canonical,CANONICAL_CONFIRMED,,,,
vcash,wayback_canonical_hydration,<chain-archive>/vcash/wayback_scrape/results.tsv,34,partial_canonical_subset,wayback:vcash.tech/block + bitcoin-core:canonical,267750,784c4890ac0da8488a72b264957da090b8a64fac7dfea765314e281f4711e850,681995,000000000000000000049af394b2ad51a70f6e3e3c12f7b96117c61bfd065e2d,0000000000000000000a7eef45912d29af3e5eb057a240702fa84371b586eaf7,1620186745,170da863,3924397700,00000020f7ea86b57143a82f7040a257b05e3eaf292d9145ef7e0a0000000000000000009a2c8be2c5485df25907fef75e143bddcec9ec4aa54e84e030d2fea6075a58fa7916926063a80d17848ee9e9,030b680a047b16926068616e677a686f752f7777772e6f6b65782e636f6d2ffabe6d6dac48259d6566255734ba099b02259870b342dabbcd6386dcaaf3f5df39d32c26020000004204cb9a22114a0701c21ef5ee2a0000,a914804afd8b3479267b0cd0bb2fa2e217096005fb8d87;6a24aa21a9ed8d07894fd2b936b1ea1ffef29f8af686166779e187ee0ec5a81a28e91835a4d9;6a24b9e11b6d50e811471f284e3165a7fe7dac4fa6b890a07d9564b2728a48a80dac90484c78,020000000001010000000000000000000000000000000000000000000000000000000000000000ffffffff57030b680a047b16926068616e677a686f752f7777772e6f6b65782e636f6d2ffabe6d6dac48259d6566255734ba099b02259870b342dabbcd6386dcaaf3f5df39d32c26020000004204cb9a22114a0701c21ef5ee2a0000ffffffff03a3c6c7290000000017a914804afd8b3479267b0cd0bb2fa2e217096005fb8d870000000000000000266a24aa21a9ed8d07894fd2b936b1ea1ffef29f8af686166779e187ee0ec5a81a28e91835a4d90000000000000000266a24b9e11b6d50e811471f284e3165a7fe7dac4fa6b890a07d9564b2728a48a80dac90484c780120000000000000000000000000000000000000000000000000000000000000000000000000,canonical,CANONICAL_CONFIRMED,,,,
vcash,wayback_canonical_hydration,<chain-archive>/vcash/wayback_scrape/results.tsv,35,partial_canonical_subset,wayback:vcash.tech/block + bitcoin-core:canonical,293213,6bd0e7fb3ad5deca0fe089c0764f1f6a32fd8e852e1fdf9457c47e8060992ae3,687110,000000000000000000019652574337578efd99b8bc82e30002c02bb9cb610258,000000000000000000061d91d9a6f38221ee812a60c73639d446430479df02aa,1623368771,170d5f7b,2615926371,04000020aa02df79044346d43936c7602a81ee2182f3a6d9911d0600000000000000000029547d30f2e242cb09a8b0cff951f63970a29e2b3909eed942cd23e0d9e1c0d143a4c2607b5f0d1763deeb9b,03067c0a2cfabe6d6d7158e4de9d09ba5908d5ddb41692523e0425cbf304536c09526509ed427c4862100000000102030400000000000000000000000000000000000000000000000000000000000000000000000000000000000000000005008e170000,00144abd5378399df0d3de0c8cb1b7768630a5f57741;6a24aa21a9edef6858bb9309b2b2d13b0b22cc2fb34ff6b24a406d2c35fd29c5e77c490538e4;6a3448617468ab9552b07e9ea1380ea6d441a774e1966d2a3102166699bd8c47c7381bd32cb02d37621782ec467a8902c0548fef1182;6a24b9e11b6de32a9960807ec45794df1f2e858efd326a1f4f76c089e00fcaded53afbe7d06b,010000000001010000000000000000000000000000000000000000000000000000000000000000ffffffff6403067c0a2cfabe6d6d7158e4de9d09ba5908d5ddb41692523e0425cbf304536c09526509ed427c4862100000000102030400000000000000000000000000000000000000000000000000000000000000000000000000000000000000000005008e1700000000000004ac152027000000001600144abd5378399df0d3de0c8cb1b7768630a5f577410000000000000000266a24aa21a9edef6858bb9309b2b2d13b0b22cc2fb34ff6b24a406d2c35fd29c5e77c490538e40000000000000000366a3448617468ab9552b07e9ea1380ea6d441a774e1966d2a3102166699bd8c47c7381bd32cb02d37621782ec467a8902c0548fef11820000000000000000266a24b9e11b6de32a9960807ec45794df1f2e858efd326a1f4f76c089e00fcaded53afbe7d06b0120000000000000000000000000000000000000000000000000000000000000000028192f3c,canonical,CANONICAL_CONFIRMED,,,,
vcash,wayback_canonical_hydration,<chain-archive>/vcash/wayback_scrape/results.tsv,36,partial_canonical_subset,wayback:vcash.tech/block + bitcoin-core:canonical,318881,4d06169776c353a908bc3f0d955572b95ac29d3851e2a18dec02e516f48abf7e,692133,00000000000000000001caa28a0b6a2b5196e65de803d57af810a8a851a97b57,0000000000000000000d0c684eb1a830cbbc9574a89ec93386e38ec195f249e1,1626948411,17149624,1318569512,04000020e149f295c18ee38633c99ea87495bccb30a8b14e680c0d0000000000000000001874609f79bd5fa78e204d10026246e3efd0c82b0c1cfcbac5fd8715b06e62503b43f9602496141728c6974e,03a58f0a0491ed313d4254432e636f6d2f686968737afabe6d6d50793b5fcbbcdc5637c004053ef182340074566058e43bcfbfa2320bcfe0e78d02000000020bb56c1904cadc769c000000000000,76a91474e878616bd5e5236ecb22667627eeecbff54b9f88ac;6a24aa21a9ed83c835213758332dd6fecfce72f08855480b24868c49bda4d13c63f4d4d50ed7;6a24b9e11b6d7ebf8af416e502ec8da1e251389dc25ab97255950d3fbc08a953c3769716064d,020000000001010000000000000000000000000000000000000000000000000000000000000000ffffffff4e03a58f0a0491ed313d4254432e636f6d2f686968737afabe6d6d50793b5fcbbcdc5637c004053ef182340074566058e43bcfbfa2320bcfe0e78d02000000020bb56c1904cadc769c000000000000ffffffff03057fd025000000001976a91474e878616bd5e5236ecb22667627eeecbff54b9f88ac0000000000000000266a24aa21a9ed83c835213758332dd6fecfce72f08855480b24868c49bda4d13c63f4d4d50ed70000000000000000266a24b9e11b6d7ebf8af416e502ec8da1e251389dc25ab97255950d3fbc08a953c3769716064d0120000000000000000000000000000000000000000000000000000000000000000000000000,canonical,CANONICAL_CONFIRMED,,,,
vcash,wayback_canonical_hydration,<chain-archive>/vcash/wayback_scrape/results.tsv,37,partial_canonical_subset,wayback:vcash.tech/block + bitcoin-core:canonical,318887,0b1c952bc95c633e070ff0914e00104527bff07503d44e2e876c2cdf25161565,692136,000000000000000000091f3fac59e2d8a9bc53e160ea0e0333837d80d5c94a78,0000000000000000000763deca7a9183b3e7646fd492258320afed6e3381399f,1626949135,17149624,1874828946,044000209f3981336eedaf20832592d46f64e7b383917acade63070000000000000000001ce6709977f172c1302f11b3a56d38753553a1be5bfa24e2e1641bcfc6e401350f46f96024961417929ebf6f,03a88f0a082f5669614254432f2cfabe6d6def81c13f3d7b457d4d760fddb251b1a0405a3d977ff1be40b80b2cd05d49a88a100000000000000012447083bbc59e672a41d0778b17833ee73800,76a914536ffa992491508dca0354e52f32a3a7a679a53a88ac;6a2952534b424c4f434b3a0def07c5ca627a8ca6a9f7b58ae7237be27d58f905e79eb557299f250035f96d;6a24b9e11b6d65151625df2c6c872e4ed40375f0bf274510004e91f00f073e635cc92b951c0b;6a24aa21a9ed46d5d871f7c1fcf23530b8b4511003cf1b7d42d58824e5367e45cfae2172e9df,010000000001010000000000000000000000000000000000000000000000000000000000000000ffffffff4d03a88f0a082f5669614254432f2cfabe6d6def81c13f3d7b457d4d760fddb251b1a0405a3d977ff1be40b80b2cd05d49a88a100000000000000012447083bbc59e672a41d0778b17833ee73800ffffffff04145ac025000000001976a914536ffa992491508dca0354e52f32a3a7a679a53a88ac00000000000000002b6a2952534b424c4f434b3a0def07c5ca627a8ca6a9f7b58ae7237be27d58f905e79eb557299f250035f96d0000000000000000266a24b9e11b6d65151625df2c6c872e4ed40375f0bf274510004e91f00f073e635cc92b951c0b0000000000000000266a24aa21a9ed46d5d871f7c1fcf23530b8b4511003cf1b7d42d58824e5367e45cfae2172e9df0120000000000000000000000000000000000000000000000000000000000000000000000000,canonical,CANONICAL_CONFIRMED,,,,
vcash,wayback_canonical_hydration,<chain-archive>/vcash/wayback_scrape/results.tsv,38,partial_canonical_subset,wayback:vcash.tech/block + bitcoin-core:canonical,318892,c02ffff0bb3149e0940f7956a892b5f3770e958c457b21515894f70f88963784,692137,00000000000000000007d77923af20a26350855d522ac4552337f81934821387,000000000000000000091f3fac59e2d8a9bc53e160ea0e0333837d80d5c94a78,1626950084,17149624,528016215,04006020784ac9d5807d8333030eea60e153bca9d8e259ac3f1f0900000000000000000026d09da277bb275320e4aaeb71a517ecefe9b764930c3bb416e9bfb39e82f832c449f9602496141757e3781f,03a98f0a1b4d696e656420627920416e74506f6f6c37353307004700622f8334fabe6d6d8cffa8dc472a93fff78454692c3bfc4bd68dfac8e45d5ccdd5b88f377c86f62e020000000000000006fd0100294c0100,76a91411dbe48cc6b617f9c6adaf4d9ed5f625b1c7cb5988ac;6a24aa21a9ed9a4a79d1da7677d417d9d674a378789a0aa03572247f146ee2573c1131ce93a2;6a24b9e11b6d843796880ff7945851217b458c950e77f3b592a856790f94e04931bbf0ff2fc0;6a2952534b424c4f434b3ad68e519a58a95e5b3defb00ac0f43ad97da1f5621f05e79eb55729240035f98e,010000000001010000000000000000000000000000000000000000000000000000000000000000ffffffff5403a98f0a1b4d696e656420627920416e74506f6f6c37353307004700622f8334fabe6d6d8cffa8dc472a93fff78454692c3bfc4bd68dfac8e45d5ccdd5b88f377c86f62e020000000000000006fd0100294c0100ffffffff04da0b1426000000001976a91411dbe48cc6b617f9c6adaf4d9ed5f625b1c7cb5988ac0000000000000000266a24aa21a9ed9a4a79d1da7677d417d9d674a378789a0aa03572247f146ee2573c1131ce93a20000000000000000266a24b9e11b6d843796880ff7945851217b458c950e77f3b592a856790f94e04931bbf0ff2fc000000000000000002b6a2952534b424c4f434b3ad68e519a58a95e5b3defb00ac0f43ad97da1f5621f05e79eb55729240035f98e0120000000000000000000000000000000000000000000000000000000000000000000000000,canonical,CANONICAL_CONFIRMED,,,,
vcash,wayback_canonical_hydration,<chain-archive>/vcash/wayback_scrape/results.tsv,39,partial_canonical_subset,wayback:vcash.tech/block + bitcoin-core:canonical,362685,5758229baa0d0ef53f3df79d2c6cbbef1c1f73ccda81cfef9b28b42569bdce56,700607,0000000000000000000c201397305073c30a650fb56c93ef3fab9d97e090027a,0000000000000000000e0d81bbf20da82bce82fb0d019fff7ac628c1578c4d6c,1631675725,170f48e4,4271428750,040020206c4d8c57c128c67aff9f010dfb82ce2ba80df2bb810d0e000000000000000000686ab7de7bf6a5d74f3bebb69ce0d47e2272d1fa803a12c0b421753d38799d074d654161e4480f178ed498fe,03bfb00a1f2f5669614254432f4d696e6564206279206b7a6e65746c6f6769637472322f2cfabe6d6df5bed546e78d9cfe8376251726b165638ce42e118d76bb19341539bd68a139d31000000000000000105121830c8fae017bf70b5f92aae90200,76a914536ffa992491508dca0354e52f32a3a7a679a53a88ac;6a2952534b424c4f434b3adb504d404adaa3ff993cb86e391c9df2cb5bb1f99eeddae8d94db82100384347;6a24b9e11b6d56cebd6925b4289befcf81dacc731f1cefbb6c2c9df73d3ff50e0daa9b225857;6a24aa21a9ed417c40bf39d1d2bdc9fcfb9e8b47d9927e182bf7d3b074cacb3514a5138671ee,010000000001010000000000000000000000000000000000000000000000000000000000000000ffffffff6203bfb00a1f2f5669614254432f4d696e6564206279206b7a6e65746c6f6769637472322f2cfabe6d6df5bed546e78d9cfe8376251726b165638ce42e118d76bb19341539bd68a139d31000000000000000105121830c8fae017bf70b5f92aae90200ffffffff04326fba25000000001976a914536ffa992491508dca0354e52f32a3a7a679a53a88ac00000000000000002b6a2952534b424c4f434b3adb504d404adaa3ff993cb86e391c9df2cb5bb1f99eeddae8d94db821003843470000000000000000266a24b9e11b6d56cebd6925b4289befcf81dacc731f1cefbb6c2c9df73d3ff50e0daa9b2258570000000000000000266a24aa21a9ed417c40bf39d1d2bdc9fcfb9e8b47d9927e182bf7d3b074cacb3514a5138671ee0120000000000000000000000000000000000000000000000000000000000000000000000000,canonical,CANONICAL_CONFIRMED,,,,
vcash,wayback_canonical_hydration,<chain-archive>/vcash/wayback_scrape/results.tsv,40,partial_canonical_subset,wayback:vcash.tech/block + bitcoin-core:canonical,362687,661a77c05af8bb3fbc647b2271a2f47ab9aaa745b217f4b4067a39e5108ab6c4,700608,00000000000000000008704b9f4a34407d12215d2e6394533404d73e7d6e3104,0000000000000000000c201397305073c30a650fb56c93ef3fab9d97e090027a,1631675875,170f48e4,420648743,0400c0207a0290e0979dab3fef936cb50f650ac37350309713200c0000000000000000007402e5dfcebba914421e4af2fd56abd7260a14b75da83f64e038caeee62d5f14e3654161e4480f1727971219,03c0b00a1b4d696e656420627920416e74506f6f6c373038170029036a182cccfabe6d6d832df815c144a52fda4a0e50fec9408355f584dda4ddd3df0cea729aa88b523c020000000000000026a60b00d41d9400,76a91411dbe48cc6b617f9c6adaf4d9ed5f625b1c7cb5988ac;6a24aa21a9eddad9aad772feb9317365902f658563e4ed9c3b96052fbbdc5f245feea089920d;6a24b9e11b6dc4b68a10e5397a06b4f417b245a7aab97af4a271227b64bc3fbbf85ac0771a66;6a2952534b424c4f434b3aacf0d8138c4b2d2ccf6356e5694b7dd35960af369eeddae8d94db8230038434b,010000000001010000000000000000000000000000000000000000000000000000000000000000ffffffff5403c0b00a1b4d696e656420627920416e74506f6f6c373038170029036a182cccfabe6d6d832df815c144a52fda4a0e50fec9408355f584dda4ddd3df0cea729aa88b523c020000000000000026a60b00d41d9400ffffffff042ad15d25000000001976a91411dbe48cc6b617f9c6adaf4d9ed5f625b1c7cb5988ac0000000000000000266a24aa21a9eddad9aad772feb9317365902f658563e4ed9c3b96052fbbdc5f245feea089920d0000000000000000266a24b9e11b6dc4b68a10e5397a06b4f417b245a7aab97af4a271227b64bc3fbbf85ac0771a6600000000000000002b6a2952534b424c4f434b3aacf0d8138c4b2d2ccf6356e5694b7dd35960af369eeddae8d94db8230038434b0120000000000000000000000000000000000000000000000000000000000000000000000000,canonical,CANONICAL_CONFIRMED,,,,
vcash,wayback_canonical_hydration,<chain-archive>/vcash/wayback_scrape/results.tsv,41,partial_canonical_subset,wayback:vcash.tech/block + bitcoin-core:canonical,362705,45c638b3262285c8ac341d7aba144726cf0f8256c28eb61e4e395af64b976945,700609,0000000000000000000ec60a684c34fe7e997bd16940d0daa9fe90615bce4b18,00000000000000000008704b9f4a34407d12215d2e6394533404d73e7d6e3104,1631677784,170f48e4,1478869180,04e0ff2f04316e7d3ed704345394632e5d21127d40344a9f4b7008000000000000000000ce27d4167626c30d53c321cafc56e22c0f9065ba5fe3f8dba725d9d643cb97cc586d4161e4480f17bcc02558,03c1b00a2cfabe6d6d6b0cd02a6f6c9446ee41017af84c458ee4615b38f5df05cd171230d285cc1dde10000000f09f909f082f4632506f6f6c2f00000000000000000000000000000000000000000000000000000000000000000000000005006e8c3f60,76a914c825a1ecf2a6830c4401620c3a16f1995057c2ab88ac;6a24aa21a9edae1a9a5f145af8bd2c9e5431be70ca343ea3e1a863c3c374c4a2acca7f36aa2d;6a2448617468b78fac33a85ed3d57602ce0e3c93544df5cf6314a5f8a9daaa4345f47a6cb710;6a4c2952534b424c4f434b3ac81f82d295aebd60b3fa855787b31978e22690772d9eeddae8d94d220038438a;6a24b9e11b6d4569974bf65a394e1eb68ec256820fcf264714ba7a1d34acc8852226b338c645,010000000001010000000000000000000000000000000000000000000000000000000000000000ffffffff6403c1b00a2cfabe6d6d6b0cd02a6f6c9446ee41017af84c458ee4615b38f5df05cd171230d285cc1dde10000000f09f909f082f4632506f6f6c2f00000000000000000000000000000000000000000000000000000000000000000000000005006e8c3f60e81609000571f5f926000000001976a914c825a1ecf2a6830c4401620c3a16f1995057c2ab88ac0000000000000000266a24aa21a9edae1a9a5f145af8bd2c9e5431be70ca343ea3e1a863c3c374c4a2acca7f36aa2d0000000000000000266a2448617468b78fac33a85ed3d57602ce0e3c93544df5cf6314a5f8a9daaa4345f47a6cb71000000000000000002c6a4c2952534b424c4f434b3ac81f82d295aebd60b3fa855787b31978e22690772d9eeddae8d94d220038438a0000000000000000266a24b9e11b6d4569974bf65a394e1eb68ec256820fcf264714ba7a1d34acc8852226b338c6450120000000000000000000000000000000000000000000000000000000000000000011d3cb48,canonical,CANONICAL_CONFIRMED,,,,
vcash,wayback_canonical_hydration,<chain-archive>/vcash/wayback_scrape/results.tsv,42,partial_canonical_subset,wayback:vcash.tech/block + bitcoin-core:canonical,363118,af1fc159c691803020cee272d2871adda028b3a2d213cb9e031ca456e45b872b,700685,0000000000000000000e8dc491cf536f487421512d52d9d016089136e9474468,0000000000000000000e17ad87ddf14f34afaf6b531b8979d9251c941a9e5b91,1631727728,170f48e4,956539483,04004020915b9e1a941c25d979891b536bafaf344ff1dd87ad170e0000000000000000003d34a7210bf3c32d719f6b2573240a365676045e3f590c631b0ac945b42fd01d70304261e4480f175ba20339,030db10a1b4d696e656420627920416e74506f6f6c3734398500ab039f2a1dc7fabe6d6d5e6dc1bf2a1c1655c7137974ee3ceec6ea2a1c163c5947df8a2a186ae31723c1020000000000000026490000565a010000000000,76a91411dbe48cc6b617f9c6adaf4d9ed5f625b1c7cb5988ac;6a24aa21a9ed190d0b5c23292059accb57833996a4e8a05b3a820f1fd649d89d5efd6b956618;6a24b9e11b6d2b875be456a41c039ecb13d2a2b328a0dd1a87d272e2ce20308091c659c11faf;6a2952534b424c4f434b3a3afaf33319e7ec012d63aaa0a1d3df1db42edc452aeb063679703b250038498e,010000000001010000000000000000000000000000000000000000000000000000000000000000ffffffff58030db10a1b4d696e656420627920416e74506f6f6c3734398500ab039f2a1dc7fabe6d6d5e6dc1bf2a1c1655c7137974ee3ceec6ea2a1c163c5947df8a2a186ae31723c1020000000000000026490000565a010000000000ffffffff04f27d9d26000000001976a91411dbe48cc6b617f9c6adaf4d9ed5f625b1c7cb5988ac0000000000000000266a24aa21a9ed190d0b5c23292059accb57833996a4e8a05b3a820f1fd649d89d5efd6b9566180000000000000000266a24b9e11b6d2b875be456a41c039ecb13d2a2b328a0dd1a87d272e2ce20308091c659c11faf00000000000000002b6a2952534b424c4f434b3a3afaf33319e7ec012d63aaa0a1d3df1db42edc452aeb063679703b250038498e0120000000000000000000000000000000000000000000000000000000000000000000000000,canonical,CANONICAL_CONFIRMED,,,,
vcash,wayback_canonical_hydration,<chain-archive>/vcash/wayback_scrape/results.tsv,43,partial_canonical_subset,wayback:vcash.tech/block + bitcoin-core:canonical,384244,e511f8da450281620c089993d87efd04da8ae8e63d3a062773d2519de481fe03,704920,000000000000000000025c6a4b7eae417807d753fa7b979c40e6c010524b6b1e,0000000000000000000d523c201f84ebd8970e5461e3015ed77d1e77925524a9,1634182234,170e2632,1332503228,04000020a9245592771e7dd75e01e361540e97d8eb841f203c520d0000000000000000002972dd8e49bc359063d377d8c63500b429656a6a47033783388bdeca3b6d2bcf5aa4676132260e17bc626c4f,0398c10a162f5669614254432f4d696e6564206279206b7a73392f2cfabe6d6db1c1d617a555fad5383edc2e883566467dcd05d4832623fe2afe46cf3ac5de291000000000000000109d298c1325377ea9f3a8e1fc7ba60000,76a914536ffa992491508dca0354e52f32a3a7a679a53a88ac;6a24b9e11b6d03fe81e49d51d27327063a3de6e88ada04fd7ed89399080c62810245daf811e5;6a24aa21a9edf71da8db9fb79e2ac811f7de263aa243b4005f380eeeb7a4deaa7c97851f3f06,010000000001010000000000000000000000000000000000000000000000000000000000000000ffffffff590398c10a162f5669614254432f4d696e6564206279206b7a73392f2cfabe6d6db1c1d617a555fad5383edc2e883566467dcd05d4832623fe2afe46cf3ac5de291000000000000000109d298c1325377ea9f3a8e1fc7ba60000ffffffff03279dc425000000001976a914536ffa992491508dca0354e52f32a3a7a679a53a88ac0000000000000000266a24b9e11b6d03fe81e49d51d27327063a3de6e88ada04fd7ed89399080c62810245daf811e50000000000000000266a24aa21a9edf71da8db9fb79e2ac811f7de263aa243b4005f380eeeb7a4deaa7c97851f3f060120000000000000000000000000000000000000000000000000000000000000000000000000,canonical,CANONICAL_CONFIRMED,,,,
vcash,wayback_canonical_hydration,<chain-archive>/vcash/wayback_scrape/results.tsv,44,partial_canonical_subset,wayback:vcash.tech/block + bitcoin-core:canonical,384576,bfc6478d3941adb8ee96bdc3ea8f2999dc781f6bc9048bb80613a15ad4334dfa,704990,0000000000000000000bd8c0e26c6767f5a62f4b4182dbe8c88a449a4e1827f4,0000000000000000000107bc9f8709975db4c01466b16ffba8fd7dcf506fbe51,1634224517,170e2632,1560898868,0400002051be6f50cf7dfda8fb6fb16614c0b45d9709879fbc07010000000000000000002750d6aa6758a48c51180cbee3a95420dc2df989ed00b9bb2ced8ec5dbdf8ca38549686132260e17346d095d,03dec10a04eccc5ef64254432e636f6d2f6437737573fabe6d6d5a329c128346baedfd699f6af38a32ad329dbc8e46ff3da96fc7ff95da7035b9020000008e9b20aa03f9f9ec62be000000000000,76a91474e878616bd5e5236ecb22667627eeecbff54b9f88ac;6a24aa21a9ed95c58b74fa22be8e83a4fc22e9e1c859b65567a641ecb16a1baf7728c7efd377;6a24b9e11b6dfa4d33d45aa11306b88b04c96b1f78dc99298feac3bd96eeb8ad41398d47c6bf,020000000001010000000000000000000000000000000000000000000000000000000000000000ffffffff4e03dec10a04eccc5ef64254432e636f6d2f6437737573fabe6d6d5a329c128346baedfd699f6af38a32ad329dbc8e46ff3da96fc7ff95da7035b9020000008e9b20aa03f9f9ec62be000000000000ffffffff032e62e425000000001976a91474e878616bd5e5236ecb22667627eeecbff54b9f88ac0000000000000000266a24aa21a9ed95c58b74fa22be8e83a4fc22e9e1c859b65567a641ecb16a1baf7728c7efd3770000000000000000266a24b9e11b6dfa4d33d45aa11306b88b04c96b1f78dc99298feac3bd96eeb8ad41398d47c6bf0120000000000000000000000000000000000000000000000000000000000000000000000000,canonical,CANONICAL_CONFIRMED,,,,
vcash,wayback_canonical_hydration,<chain-archive>/vcash/wayback_scrape/results.tsv,45,partial_canonical_subset,wayback:vcash.tech/block + bitcoin-core:canonical,384587,599dda51959102865a7c19ab9d25811503bf0c8eb45fbf72158b65054ed46d4d,704992,00000000000000000001c6025666dbf18a7eb47f98be65d4547abd1ea2947d8b,0000000000000000000b4eb16b533a664e270255ac8efe746cbfef78595051f2,1634225703,170e2632,3787900196,00000020f251505978efbf6c74fe8eac5502274e663a536bb14e0b000000000000000000d168426751bc281e92bd44aeddfb97e87e7371819e673be5588306bbecbcb619274e686132260e1724c5c6e1,03e0c10a1362696e616e63652f373934a1000102c840bf93fabe6d6d3252935a06fa72e17767c909c8059b331bf572bb1d2253711aba33d62906c18e0200000000000000020700005d7f6500,76a914c499d0604392cc2051d7476056647d1c1bfc3f3888ac;6a24aa21a9ed032d311b2660caa0cd05f67f0de9cd4856227cac33fa8b65593491b1ab6fea1d;6a24b9e11b6d4d6dd44e05658b1572bf5fb48e0cbf031581259dab197c5a8602919551da9d59;6a2952534b424c4f434b3a52734edb3c824c4e8fd7d2ab22e4b45064493a847e1632fb0652402400397d2f,010000000001010000000000000000000000000000000000000000000000000000000000000000ffffffff4c03e0c10a1362696e616e63652f373934a1000102c840bf93fabe6d6d3252935a06fa72e17767c909c8059b331bf572bb1d2253711aba33d62906c18e0200000000000000020700005d7f6500ffffffff040ea04f26000000001976a914c499d0604392cc2051d7476056647d1c1bfc3f3888ac0000000000000000266a24aa21a9ed032d311b2660caa0cd05f67f0de9cd4856227cac33fa8b65593491b1ab6fea1d0000000000000000266a24b9e11b6d4d6dd44e05658b1572bf5fb48e0cbf031581259dab197c5a8602919551da9d5900000000000000002b6a2952534b424c4f434b3a52734edb3c824c4e8fd7d2ab22e4b45064493a847e1632fb0652402400397d2f0120000000000000000000000000000000000000000000000000000000000000000000000000,canonical,CANONICAL_CONFIRMED,,,,
vcash,wayback_canonical_hydration,<chain-archive>/vcash/wayback_scrape/results.tsv,46,partial_canonical_subset,wayback:vcash.tech/block + bitcoin-core:canonical,384592,c209ef0f1a9e87fea39d9f6e86ccf5fe472d104c847e42baa7274de27ce40b71,704993,00000000000000000009d61c802d50730a6a50e28db4ca5a15c10a503a939be3,00000000000000000001c6025666dbf18a7eb47f98be65d4547abd1ea2947d8b,1634226211,170e2632,3257876598,040080208b7d94a21ebd7a54d465be987fb47e8af1db665602c601000000000000000000c6b59c3bcbc5f956e2abe1d24e30b1d7b04696527f646d983caa01325cdb500c2350686132260e1776402fc2,03e1c10a172f5669614254432f4d696e65642062792073313939352f2cfabe6d6d18141d5e1e2ca75d2e026b434e512f550ac2958c346d8fc9b0e51b085539bacb100000000000000010d42e8d131d1bd1e435e433d341b40200,76a914536ffa992491508dca0354e52f32a3a7a679a53a88ac;6a24b9e11b6d710be47ce24d27a7ba427e844c102d47fef5cc866e9f9da3fe879e1a0fef09c2;6a24aa21a9ed915f23d5bfa490e80027f9514e70652a8cfc2f00a8e2c9ccc7feb7e80908fde2,010000000001010000000000000000000000000000000000000000000000000000000000000000ffffffff5a03e1c10a172f5669614254432f4d696e65642062792073313939352f2cfabe6d6d18141d5e1e2ca75d2e026b434e512f550ac2958c346d8fc9b0e51b085539bacb100000000000000010d42e8d131d1bd1e435e433d341b40200ffffffff0397bdee25000000001976a914536ffa992491508dca0354e52f32a3a7a679a53a88ac0000000000000000266a24b9e11b6d710be47ce24d27a7ba427e844c102d47fef5cc866e9f9da3fe879e1a0fef09c20000000000000000266a24aa21a9ed915f23d5bfa490e80027f9514e70652a8cfc2f00a8e2c9ccc7feb7e80908fde20120000000000000000000000000000000000000000000000000000000000000000000000000,canonical,CANONICAL_CONFIRMED,,,,
vcash,wayback_canonical_hydration,<chain-archive>/vcash/wayback_scrape/results.tsv,47,partial_canonical_subset,wayback:vcash.tech/block + bitcoin-core:canonical,415418,a9647eee69c363d218b15a6701402115a3ce577ca63b4f33a587d8995c040ad1,711261,00000000000000000000ddd3437a21a67992a989b214ef0fec0417607d1b6be1,0000000000000000000c0899502774e05fde408f7e321274912861f6f0c50ece,1637843224,170c69ea,1882250819,0000e020ce0ec5f0f66128917412327e8f40de5fe074275099080c000000000000000000419ebd5ca6eab509de0c7aaf82dda9d46e61e23a3aca39d86f8cf128379a618818819f61ea690c1743de3070,035dda0a082f5669614254432f2cfabe6d6d17e8690f3dd826df873f09666734b7ae2aad57a744fe3cb518300657b8e491641000000000000000105ba51d0c342b50e20512efba0d62000000000000,76a914536ffa992491508dca0354e52f32a3a7a679a53a88ac;6a2952534b424c4f434b3ab6c17014c9c01554ce4098d5fecebff1acf43255957dc94174467531003b23e7;6a24b9e11b6dd10a045c99d887a5334f3ba67c57cea315214001675ab118d263c369ee7e64a9;6a24aa21a9ed5874c0f25100d038adfd5bde792f639e015589eadc6f344c245b91ff5388a401,010000000001010000000000000000000000000000000000000000000000000000000000000000ffffffff4f035dda0a082f5669614254432f2cfabe6d6d17e8690f3dd826df873f09666734b7ae2aad57a744fe3cb518300657b8e491641000000000000000105ba51d0c342b50e20512efba0d62000000000000ffffffff047ea00b26000000001976a914536ffa992491508dca0354e52f32a3a7a679a53a88ac00000000000000002b6a2952534b424c4f434b3ab6c17014c9c01554ce4098d5fecebff1acf43255957dc94174467531003b23e70000000000000000266a24b9e11b6dd10a045c99d887a5334f3ba67c57cea315214001675ab118d263c369ee7e64a90000000000000000266a24aa21a9ed5874c0f25100d038adfd5bde792f639e015589eadc6f344c245b91ff5388a4010120000000000000000000000000000000000000000000000000000000000000000000000000,canonical,CANONICAL_CONFIRMED,,,,
vcash,wayback_canonical_hydration,<chain-archive>/vcash/wayback_scrape/results.tsv,48,partial_canonical_subset,wayback:vcash.tech/block + bitcoin-core:canonical,415420,e4948efd4df412b3ece0df6ea5c71e88c0c66c2a1c400efc2639c18f5754786e,711262,0000000000000000000b0987a03bb25f020634ee45f7b8d99e6b1ef5e6327366,00000000000000000000ddd3437a21a67992a989b214ef0fec0417607d1b6be1,1637843599,170c69ea,2457458198,00004020e16b1b7d601704ec0fef14b289a99279a6217a43d3dd0000000000000000000061c016954e09d38939c0b48e6678773e5c317e1caa3da8edc4ff2ad8557a7a228f829f61ea690c1716d67992,035eda0a182f5669614254432f4d696e6564206279206a68623030332f2cfabe6d6d6ed5e91f67e8e9cc2b635c2bca19065755c0d0c8decc5c437e16443626d256fd100000000000000010d1ad480d55d1fdf4c7ac66384d03010000000000,76a914536ffa992491508dca0354e52f32a3a7a679a53a88ac;6a2952534b424c4f434b3ade885da9571103335a84b2ac5d6335986c8328a3957dc9417446752b003b23f1;6a24b9e11b6d6e7854578fc13926fc0e401c2a6cc6c0881ec7a56edfe0ecb312f44dfd8e94e4;6a24aa21a9ed8823dae7528e3b8ba7ac26070bf17f8e0a806673383c1c55909bee64064f5b48,010000000001010000000000000000000000000000000000000000000000000000000000000000ffffffff5f035eda0a182f5669614254432f4d696e6564206279206a68623030332f2cfabe6d6d6ed5e91f67e8e9cc2b635c2bca19065755c0d0c8decc5c437e16443626d256fd100000000000000010d1ad480d55d1fdf4c7ac66384d03010000000000ffffffff0410cad325000000001976a914536ffa992491508dca0354e52f32a3a7a679a53a88ac00000000000000002b6a2952534b424c4f434b3ade885da9571103335a84b2ac5d6335986c8328a3957dc9417446752b003b23f10000000000000000266a24b9e11b6d6e7854578fc13926fc0e401c2a6cc6c0881ec7a56edfe0ecb312f44dfd8e94e40000000000000000266a24aa21a9ed8823dae7528e3b8ba7ac26070bf17f8e0a806673383c1c55909bee64064f5b480120000000000000000000000000000000000000000000000000000000000000000000000000,canonical,CANONICAL_CONFIRMED,,,,
vcash,wayback_canonical_hydration,<chain-archive>/vcash/wayback_scrape/results.tsv,49,partial_canonical_subset,wayback:vcash.tech/block + bitcoin-core:canonical,415426,d63ae5d52ae947aa2618490048c2aadfc9331e009e3a2a4d00ca4450a59bc6b0,711263,0000000000000000000139347f023bc997908780a4588237d6c4a3bfa8f7a682,0000000000000000000b0987a03bb25f020634ee45f7b8d99e6b1ef5e6327366,1637844451,170c69ea,1754492535,0000a020667332e6f51e6b9ed9b8f745ee3406025fb23ba087090b000000000000000000b7d4acb8e7da41a2d50089d5529a60132ed1e16fab29282a20c76ef5ba857474e3859f61ea690c17776e9368,035fda0a1b2f5669614254432f4d696e6564206279207573626974636f696e2f2cfabe6d6d02786c63dce84eb7569135a54ca013dc8f680e3e025428984d293099f2f922d4100000000000000010b1a9d107f4ac1714a14d360ecdab0200,76a914536ffa992491508dca0354e52f32a3a7a679a53a88ac;6a2952534b424c4f434b3ad27283975f6f3c53643c8a33543e6c20762309d0de957dc941744632003b2408;6a24b9e11b6db0c69ba55044ca004d2a3a9e001e33c9dfaac24800491826aa47e92ad5e53ad6;6a24aa21a9ed40788ebff4454e1a89be2d1710c621aa25969b31417857fbfea44bf8a1771967,010000000001010000000000000000000000000000000000000000000000000000000000000000ffffffff5e035fda0a1b2f5669614254432f4d696e6564206279207573626974636f696e2f2cfabe6d6d02786c63dce84eb7569135a54ca013dc8f680e3e025428984d293099f2f922d4100000000000000010b1a9d107f4ac1714a14d360ecdab0200ffffffff04319d2326000000001976a914536ffa992491508dca0354e52f32a3a7a679a53a88ac00000000000000002b6a2952534b424c4f434b3ad27283975f6f3c53643c8a33543e6c20762309d0de957dc941744632003b24080000000000000000266a24b9e11b6db0c69ba55044ca004d2a3a9e001e33c9dfaac24800491826aa47e92ad5e53ad60000000000000000266a24aa21a9ed40788ebff4454e1a89be2d1710c621aa25969b31417857fbfea44bf8a17719670120000000000000000000000000000000000000000000000000000000000000000000000000,canonical,CANONICAL_CONFIRMED,,,,
vcash,wayback_canonical_hydration,<chain-archive>/vcash/wayback_scrape/results.tsv,50,partial_canonical_subset,wayback:vcash.tech/block + bitcoin-core:canonical,451552,b671030efe98c7ce7d3c3917264f7f3205aa7520b9a21efcd273777e903a636c,718695,0000000000000000000a99cb008eeb8c9c7be7c9d0cf87d7a4cb60862a65c293,0000000000000000000a10148de9b3dcd2391e79332dbab93360784f71fb25f8,1642195133,170b8c8b,2173917191,00008020f825fb714f786033b9ba2d33791e39d2dcb3e98d14100a0000000000000000009b1bf6e865918aae7740ec7ed140e456df5bd7def3b1c411ef4a7a3050ef7bd4bde8e1618b8c0b1707589381,0367f70a1b4d696e656420627920416e74506f6f6c3735315000650055c207b2fabe6d6d70045e4f0e4724d4a5f2466020bfed6afcb332b23d1d3a87bd3cf644bee70bcf020000000000000060b300001e550000,76a91411dbe48cc6b617f9c6adaf4d9ed5f625b1c7cb5988ac;6a24aa21a9edda721b59b47deb3288ab70869608fbd2c601230aa9aeab71c689583263a9f7e0;6a24b9e11b6d6c633a907e7773d2fc1ea2b92075aa05327f4f2617393c7dcec798fe0e0371b6;6a2952534b424c4f434b3a821ebba0c84d28f9eb236b80c3bf14df523a57bf8098f4340cbb5f36003d1d2f,010000000001010000000000000000000000000000000000000000000000000000000000000000ffffffff540367f70a1b4d696e656420627920416e74506f6f6c3735315000650055c207b2fabe6d6d70045e4f0e4724d4a5f2466020bfed6afcb332b23d1d3a87bd3cf644bee70bcf020000000000000060b300001e550000ffffffff0499417725000000001976a91411dbe48cc6b617f9c6adaf4d9ed5f625b1c7cb5988ac0000000000000000266a24aa21a9edda721b59b47deb3288ab70869608fbd2c601230aa9aeab71c689583263a9f7e00000000000000000266a24b9e11b6d6c633a907e7773d2fc1ea2b92075aa05327f4f2617393c7dcec798fe0e0371b600000000000000002b6a2952534b424c4f434b3a821ebba0c84d28f9eb236b80c3bf14df523a57bf8098f4340cbb5f36003d1d2f0120000000000000000000000000000000000000000000000000000000000000000000000000,canonical,CANONICAL_CONFIRMED,,,,
vcash,wayback_canonical_hydration,<chain-archive>/vcash/wayback_scrape/results.tsv,51,partial_canonical_subset,wayback:vcash.tech/block + bitcoin-core:canonical,451924,aa82b5a52b4a8a8257e001cd0a20ad458090054a7281009fa90495e3a333a438,718786,000000000000000000082007d03c4cb7e157654e058801c815a854f47b5fe87a,000000000000000000081526214d9368df3dd30bd93d2bd8f567d428bb960844,1642239441,170b8c8b,1532194389,0400e020440896bb28d467f5d82b3dd90bd33ddf68934d212615080000000000000000002943a085308646a2caf042d20972d5daffc68a509fde0ad707ad2e8d8721e15ed195e2618b8c0b17556e535b,03c2f70a04d195e2612f706f6f6c696e2e636f6d2ffabe6d6da8c28313f6bc5e910325fd6cc3ebc01114506b6b26bbbae056495fff4f98bb340100000000000000498d4a23dc7e3d0806a01715e01625a3120046e7000000000000,76a914a8a3f4fbd6a9a7b8c668730694a1e54df3e07b9f88ac;6a24b9e11b6d38a433a3e39504a99f0081724a05908045ad200acd01e057828a4a2ba5b582aa;6a2448617468dde204dd2bb53d845617c8e9bf70438c19168c7fb529d5469ed539eb593e2d54;6a24aa21a9ed809c25efb0bdd8d60667c83041d120275a097db8656e50b7b9861f7a94c88859;6a2952534b424c4f434b3affba401182020d8fff58ba56f9fc393b01f845fbe939a4758c326e21003d2249,010000000001010000000000000000000000000000000000000000000000000000000000000000ffffffff5b03c2f70a04d195e2612f706f6f6c696e2e636f6d2ffabe6d6da8c28313f6bc5e910325fd6cc3ebc01114506b6b26bbbae056495fff4f98bb340100000000000000498d4a23dc7e3d0806a01715e01625a3120046e7000000000000ffffffff0508fb5225000000001976a914a8a3f4fbd6a9a7b8c668730694a1e54df3e07b9f88ac0000000000000000266a24b9e11b6d38a433a3e39504a99f0081724a05908045ad200acd01e057828a4a2ba5b582aa0000000000000000266a2448617468dde204dd2bb53d845617c8e9bf70438c19168c7fb529d5469ed539eb593e2d540000000000000000266a24aa21a9ed809c25efb0bdd8d60667c83041d120275a097db8656e50b7b9861f7a94c8885900000000000000002b6a2952534b424c4f434b3affba401182020d8fff58ba56f9fc393b01f845fbe939a4758c326e21003d2249012000000000000000000000000000000000000000000000000000000000000000005e40e42f,canonical,CANONICAL_CONFIRMED,,,,
vcash,wayback_canonical_hydration,<chain-archive>/vcash/wayback_scrape/results.tsv,52,partial_canonical_subset,wayback:vcash.tech/block + bitcoin-core:canonical,525469,44a028d26d65ac631505487b27dca4f0a17c48a600401a79a61896eb8efa6948,733528,000000000000000000003399ad9057635d9ba86fa2ac1f79613c8c68dbbbe33a,0000000000000000000311275450e3308d3b41c50b7a858f170c0b8efc9b02c9,1650913060,1709f8d9,1540080645,00004020c9029bfc8e0b0c178f857a0bc5413b8d30e35054271103000000000000000000c8a3a619cb5bf1504bc88bea888d9ecb720bedc71401d02cd2094835d429a80a24ef6662d9f8091705c4cb5b,0358310b082f5669614254432f2cfabe6d6d250978ac44fd7d6e0e837ee74d4d786d7869991ffae36d593045ffd612f988af100000000000000010a502ca0009e769e518bbe0440120000000000000,76a914536ffa992491508dca0354e52f32a3a7a679a53a88ac;6a2952534b424c4f434b3a2b7125dd7547680378797d8e831e22141287ac1749f4826870900f3800410bd2;6a24b9e11b6d4869fa8eeb9618a6791a4000a6487ca1f0a4dc277b48051563ac656dd228a044;6a24aa21a9ed479a09348b95fc8a4f7796c5098da96de7a50fa6ff11de770d553a4bc4afd6d7,010000000001010000000000000000000000000000000000000000000000000000000000000000ffffffff4f0358310b082f5669614254432f2cfabe6d6d250978ac44fd7d6e0e837ee74d4d786d7869991ffae36d593045ffd612f988af100000000000000010a502ca0009e769e518bbe0440120000000000000ffffffff04d5234d26000000001976a914536ffa992491508dca0354e52f32a3a7a679a53a88ac00000000000000002b6a2952534b424c4f434b3a2b7125dd7547680378797d8e831e22141287ac1749f4826870900f3800410bd20000000000000000266a24b9e11b6d4869fa8eeb9618a6791a4000a6487ca1f0a4dc277b48051563ac656dd228a0440000000000000000266a24aa21a9ed479a09348b95fc8a4f7796c5098da96de7a50fa6ff11de770d553a4bc4afd6d70120000000000000000000000000000000000000000000000000000000000000000000000000,canonical,CANONICAL_CONFIRMED,,,,
vcash,wayback_canonical_hydration,<chain-archive>/vcash/wayback_scrape/results.tsv,53,partial_canonical_subset,wayback:vcash.tech/block + bitcoin-core:canonical,538715,f46ba1af9f5bfa05dd24ccec96cde09e1ef4da2caae6862a8f567fea480589dd,736322,000000000000000000085fb4d4b78903c031045556f2ef5e3c4f4e8996132058,00000000000000000004e1a11c3e547114fb952c78e27aca278e87e6b54c889b,1652515828,170901ba,3014809480,0400e0209b884cb5e6878e27ca7ae2782c95fb1471543e1ca1e104000000000000000000457719439047f82c28fabb9c6efb5782b77a2991b4404c0f59d250a43e83b1a7f4637f62ba0109178857b2b3,03423c0b04f4637f622f706f6f6c696e2e636f6d2ffabe6d6dd34fe866de1f42b34c174001ef4b52d29326ccb94ce35cbb2d16b7f5f468cf37010000000000000079a6c697e15f0605c8408d887a8e672b1100d7b5000000000000,76a914a8a3f4fbd6a9a7b8c668730694a1e54df3e07b9f88ac;6a24b9e11b6ddd890548ea7f568f2a86e6aa2cdaf41e9ee0cd96eccc24dd05fa5b9fafa16bf4;6a2448617468b532bf1a8efc791607b1cc7402b14d8427f5d2e1c867a7c476209935e946bfcf;6a24aa21a9eddf3408a1a6927d796c4be6e72555d97bdb8c1439d67d09e5435243ac1f8cbd07;6a2952534b424c4f434b3a6e776c6dcdec81172b9456b236140cb8d4ede094a52eae670b8a09240041c805,010000000001010000000000000000000000000000000000000000000000000000000000000000ffffffff5b03423c0b04f4637f622f706f6f6c696e2e636f6d2ffabe6d6dd34fe866de1f42b34c174001ef4b52d29326ccb94ce35cbb2d16b7f5f468cf37010000000000000079a6c697e15f0605c8408d887a8e672b1100d7b5000000000000ffffffff058dc38326000000001976a914a8a3f4fbd6a9a7b8c668730694a1e54df3e07b9f88ac0000000000000000266a24b9e11b6ddd890548ea7f568f2a86e6aa2cdaf41e9ee0cd96eccc24dd05fa5b9fafa16bf40000000000000000266a2448617468b532bf1a8efc791607b1cc7402b14d8427f5d2e1c867a7c476209935e946bfcf0000000000000000266a24aa21a9eddf3408a1a6927d796c4be6e72555d97bdb8c1439d67d09e5435243ac1f8cbd0700000000000000002b6a2952534b424c4f434b3a6e776c6dcdec81172b9456b236140cb8d4ede094a52eae670b8a09240041c805012000000000000000000000000000000000000000000000000000000000000000008c892061,canonical,CANONICAL_CONFIRMED,,,,
vcash,wayback_canonical_hydration,<chain-archive>/vcash/wayback_scrape/results.tsv,54,partial_canonical_subset,wayback:vcash.tech/block + bitcoin-core:canonical,538716,54b2a5b96a6ed9f02609c2aae8f4c2b0fc095e53de139b202c19860c22bc0f1d,736323,00000000000000000004f2dce4e7d547c05934d20fb43f766c235237cbdeeb4e,000000000000000000085fb4d4b78903c031045556f2ef5e3c4f4e8996132058,1652516028,170901ba,1542222957,0020f53058201396894e4f3c5eeff256550431c00389b7d4b45f0800000000000000000061cc0c503b5b0db5811e0308e1dc875b211b7dea3c7a556841da96a9227e2788bc647f62ba0109176d74ec5b,03433c0b1b4d696e656420627920416e74506f6f6c38383430003d01a3162cbbfabe6d6da78653d491c99338f7f1a8976b9e71a25d9ad2341aab30f58757b5cc955c0621020000000000000000006c239300000000000000,a9144b09d828dfc8baaba5d04ee77397e04b1050cc7387;6a24aa21a9ed054cc725dc5e48737780e6ef49938b9c9dfba3582689151cacaad3ea81343970;6a24b9e11b6d1d0fbc220c86192c209b13de535e09fcb0c2f4e8aac20926f0d96e6ab9a5b254;6a2952534b424c4f434b3ad98b75fa432c94ea5aeccd7891444a73d336b0cba52eae670b8a092a0041c80b,010000000001010000000000000000000000000000000000000000000000000000000000000000ffffffff5803433c0b1b4d696e656420627920416e74506f6f6c38383430003d01a3162cbbfabe6d6da78653d491c99338f7f1a8976b9e71a25d9ad2341aab30f58757b5cc955c0621020000000000000000006c239300000000000000ffffffff04eb9022260000000017a9144b09d828dfc8baaba5d04ee77397e04b1050cc73870000000000000000266a24aa21a9ed054cc725dc5e48737780e6ef49938b9c9dfba3582689151cacaad3ea813439700000000000000000266a24b9e11b6d1d0fbc220c86192c209b13de535e09fcb0c2f4e8aac20926f0d96e6ab9a5b25400000000000000002b6a2952534b424c4f434b3ad98b75fa432c94ea5aeccd7891444a73d336b0cba52eae670b8a092a0041c80b0120000000000000000000000000000000000000000000000000000000000000000000000000,canonical,CANONICAL_CONFIRMED,,,,
vcash,wayback_canonical_hydration,<chain-archive>/vcash/wayback_scrape/results.tsv,55,partial_canonical_subset,wayback:vcash.tech/block + bitcoin-core:canonical,538721,935d3b0354287dee356983f7ff3188b39f16daf20c72b494d8eabf097661bdce,736324,000000000000000000052fa43d0810e1c0d5c5e1098bc784fa77d2beeb5c4660,00000000000000000004f2dce4e7d547c05934d20fb43f766c235237cbdeeb4e,1652516846,170901ba,2943353879,00a065314eebdecb3752236c763fb40fd23459c047d5e7e4dcf20400000000000000000045195494f6e834786a3719f7031d8d9a421e33b4781a915df9a843ff131b41b4ee677f62ba010917170470af,03443c0b1b4d696e656420627920416e74506f6f6c383731db000b03a7f6928bfabe6d6d7a3cc13b7b2ee33f64b190cc1cff6220b853c8941c0f8670fd6d903d5ae9f011020000000000000000005a2fcb01000000000000,a9144b09d828dfc8baaba5d04ee77397e04b1050cc7387;6a24aa21a9ed278db18804d5bf14e8642151be4490b59f59301ec814f9a54ab28a0e4566d44c;6a24b9e11b6dcebd617609bfead894b4720cf2da169fb38831fff7836935ee7d2854033b5d93;6a2952534b424c4f434b3adb9652f8631fa825c05da1a1ba3f272562e5da8ea52eae670b8a09240041c826,010000000001010000000000000000000000000000000000000000000000000000000000000000ffffffff5803443c0b1b4d696e656420627920416e74506f6f6c383731db000b03a7f6928bfabe6d6d7a3cc13b7b2ee33f64b190cc1cff6220b853c8941c0f8670fd6d903d5ae9f011020000000000000000005a2fcb01000000000000ffffffff04622166260000000017a9144b09d828dfc8baaba5d04ee77397e04b1050cc73870000000000000000266a24aa21a9ed278db18804d5bf14e8642151be4490b59f59301ec814f9a54ab28a0e4566d44c0000000000000000266a24b9e11b6dcebd617609bfead894b4720cf2da169fb38831fff7836935ee7d2854033b5d9300000000000000002b6a2952534b424c4f434b3adb9652f8631fa825c05da1a1ba3f272562e5da8ea52eae670b8a09240041c8260120000000000000000000000000000000000000000000000000000000000000000000000000,canonical,CANONICAL_CONFIRMED,,,,
vcash,wayback_canonical_hydration,<chain-archive>/vcash/wayback_scrape/results.tsv,56,partial_canonical_subset,wayback:vcash.tech/block + bitcoin-core:canonical,538726,4bf47f0f2b9371ba96e7a6b9ade14aa1b7c9be5cb52ba9771d3082dd6fcf11ae,736326,000000000000000000056a5f157c042642e62f2fc513adf03becfa4241813269,0000000000000000000052762ce178f37241ecae05f3b84a1c2be97233da8b61,1652517375,170901ba,2966048050,0020cd23618bda3372e92b1c4ab8f305aeec4172f378e12c7652000000000000000000006fcd6a8bf54818c00b3472dbb3f514be18c3bb0cad4d577ee8a481f5ae9f1798ff697f62ba010917324dcab0,03463c0b1b4d696e656420627920416e74506f6f6c383036db001502ab1e127bfabe6d6d1b81342c44949b2458945238723dcb374f1efe9193dcef96f16dc4b908988d6b020000000000000000005f9df900000000000000,a9144b09d828dfc8baaba5d04ee77397e04b1050cc7387;6a24aa21a9ed9c142f198842d902fe336395d68487205780ac3ee35ebdc9477331077f7d5046;6a24b9e11b6dae11cf6fdd82301d77a92bb55cbec9b7a14ae1adb9a6e796ba71932b0f7ff44b;6a2952534b424c4f434b3ae6552493b90ece1e273c50d4cb4809ee59c42887a52eae670b8a09280041c838,010000000001010000000000000000000000000000000000000000000000000000000000000000ffffffff5803463c0b1b4d696e656420627920416e74506f6f6c383036db001502ab1e127bfabe6d6d1b81342c44949b2458945238723dcb374f1efe9193dcef96f16dc4b908988d6b020000000000000000005f9df900000000000000ffffffff0460b220260000000017a9144b09d828dfc8baaba5d04ee77397e04b1050cc73870000000000000000266a24aa21a9ed9c142f198842d902fe336395d68487205780ac3ee35ebdc9477331077f7d50460000000000000000266a24b9e11b6dae11cf6fdd82301d77a92bb55cbec9b7a14ae1adb9a6e796ba71932b0f7ff44b00000000000000002b6a2952534b424c4f434b3ae6552493b90ece1e273c50d4cb4809ee59c42887a52eae670b8a09280041c8380120000000000000000000000000000000000000000000000000000000000000000000000000,canonical,CANONICAL_CONFIRMED,,,,
vcash,wayback_canonical_hydration,<chain-archive>/vcash/wayback_scrape/results.tsv,57,partial_canonical_subset,wayback:vcash.tech/block + bitcoin-core:canonical,546306,8e3394b427b5677a45360f439917e1de485b00beb0d01161d3853c0724ef13a8,738247,0000000000000000000227a243e03d650a39433789d7fc447fe6e1817cbe890a,00000000000000000005b31e4ba624896bb3765390aa11d1cdb2d3f6dab92b41,1653725108,17096a20,341691013,00008020412bb9daf6d3b2cdd111aa905376b36b8924a64b1eb305000000000000000000847a3d74d7ab1a22f1974fd0a1bfdb109d266b648ac006860291c8a213d82436b4d79162206a091785ca5d14,03c7430b1b4d696e656420627920416e74506f6f6c373439b7011901c9c3a4a3fabe6d6d4846cc566b43de62704339efc9cd1e8a769191e2c74801458ec69aa2a06c3fb504000000000000000001347773c0000000000000,a9144b09d828dfc8baaba5d04ee77397e04b1050cc7387;6a24aa21a9edf5ac40fa3553757efb543358f96770ed3548f63317672509a1daa3b3f3b99af4;6a24b9e11b6da813ef24073c85d36111d0b0be005b48dee11799430f36457a67b527b494338e;6a2952534b424c4f434b3a678bdff267239919202b4a08957a95eb61693c05144851440a1b9e2900425598,010000000001010000000000000000000000000000000000000000000000000000000000000000ffffffff5803c7430b1b4d696e656420627920416e74506f6f6c373439b7011901c9c3a4a3fabe6d6d4846cc566b43de62704339efc9cd1e8a769191e2c74801458ec69aa2a06c3fb504000000000000000001347773c0000000000000ffffffff048ca2de250000000017a9144b09d828dfc8baaba5d04ee77397e04b1050cc73870000000000000000266a24aa21a9edf5ac40fa3553757efb543358f96770ed3548f63317672509a1daa3b3f3b99af40000000000000000266a24b9e11b6da813ef24073c85d36111d0b0be005b48dee11799430f36457a67b527b494338e00000000000000002b6a2952534b424c4f434b3a678bdff267239919202b4a08957a95eb61693c05144851440a1b9e29004255980120000000000000000000000000000000000000000000000000000000000000000000000000,canonical,CANONICAL_CONFIRMED,,,,
vcash,wayback_canonical_hydration,<chain-archive>/vcash/wayback_scrape/results.tsv,58,partial_canonical_subset,wayback:vcash.tech/block + bitcoin-core:canonical,546330,a647beaf653c128b6764c89c61121368ad2c56cc6a101dc19f4ff24777a32236,738251,000000000000000000068521061c8027c37e111ea6efcfeddd5e7cafb20ab739,000000000000000000003f65c882c9998dd5413443f3d50ff539fd346ed778f4,1653729076,17096a20,4013580245,04600020f478d76e34fd39f50fd5f3433441d58d99c982c8653f0000000000000000000074b3637814c375df6b865e348d3f0aeb2f4fd36d8fceb5105d8847461890a12834e79162206a0917d55f3aef,03cb430b0435e791622f706f6f6c696e2e636f6d2ffabe6d6d9bc4f63c692bf1aa981579bc18b899ff32b6c1d1a11ce3a2844c3f496391af3b0100000000000000a20a18eab9869b9ceebabee90bb243a41100ed051c0000000000,76a914a8a3f4fbd6a9a7b8c668730694a1e54df3e07b9f88ac;6a24b9e11b6d3622a37747f24f9fc11d106acc562cad681312619cc864678b123c65afbe47a6;6a24486174687227a16f51a5967373fdca0f7681fcd4098a99341558d1a841b1e43725a1bdfe;6a24aa21a9edeff18354953de9f68355d81dd18086ed106af7ca5a4db1a47ba39aed87bfe4fe;6a2952534b424c4f434b3af2a60937173ed1b96215584e1374286bf9794b22c88b144851440a280042560c,010000000001010000000000000000000000000000000000000000000000000000000000000000ffffffff5b03cb430b0435e791622f706f6f6c696e2e636f6d2ffabe6d6d9bc4f63c692bf1aa981579bc18b899ff32b6c1d1a11ce3a2844c3f496391af3b0100000000000000a20a18eab9869b9ceebabee90bb243a41100ed051c0000000000ffffffff05deb6d625000000001976a914a8a3f4fbd6a9a7b8c668730694a1e54df3e07b9f88ac0000000000000000266a24b9e11b6d3622a37747f24f9fc11d106acc562cad681312619cc864678b123c65afbe47a60000000000000000266a24486174687227a16f51a5967373fdca0f7681fcd4098a99341558d1a841b1e43725a1bdfe0000000000000000266a24aa21a9edeff18354953de9f68355d81dd18086ed106af7ca5a4db1a47ba39aed87bfe4fe00000000000000002b6a2952534b424c4f434b3af2a60937173ed1b96215584e1374286bf9794b22c88b144851440a280042560c01200000000000000000000000000000000000000000000000000000000000000000f8f5fcba,canonical,CANONICAL_CONFIRMED,,,,
vcash,wayback_canonical_hydration,<chain-archive>/vcash/wayback_scrape/results.tsv,59,partial_canonical_subset,wayback:vcash.tech/block + bitcoin-core:canonical,546335,f77111e5f75a67e254ce8d86c2cfbd3629cf9f842b2bfd2f3b6b85ae28ea1cd6,738252,000000000000000000025d7e899bd232c4b1266ea354f4c8ceea897c9625c944,000000000000000000068521061c8027c37e111ea6efcfeddd5e7cafb20ab739,1653729907,17096a20,3861312520,0420002039b70ab2af7c5eddedcfefa61e117ec327801c062185060000000000000000003a4a932e8871962a9e493e1119a00a1d8768923eb6ad9365921a566ec923e65673ea9162206a091708f426e6,03cc430b0473ea91622f706f6f6c696e2e636f6d2ffabe6d6de5284d9c4f8410e245836d0a5df28f20c2ec36a72bbcc8f9e4de8aeb7a9d02a601000000000000003cf768968034d551e4ee98232d1acefc1200f8cd130000000000,76a914a8a3f4fbd6a9a7b8c668730694a1e54df3e07b9f88ac;6a24b9e11b6dd61cea28ae856b3b2ffd2b2b849fcf2936bdcfc2868dce54e2675af7e51171f7;6a2448617468276d932189c0421ca0182a999f704cd41c5102f3b5bc9e6c912225f6682fd7d7;6a24aa21a9edd122e7ad7793cf7de212bdbd18ce5ba3d2f5fb3a0d1413e47cdd7b1c02c07246;6a2952534b424c4f434b3ab8473c02baa70803a9ca5dd76fb77fbf5b8d693dc88b144851440a2800425626,010000000001010000000000000000000000000000000000000000000000000000000000000000ffffffff5b03cc430b0473ea91622f706f6f6c696e2e636f6d2ffabe6d6de5284d9c4f8410e245836d0a5df28f20c2ec36a72bbcc8f9e4de8aeb7a9d02a601000000000000003cf768968034d551e4ee98232d1acefc1200f8cd130000000000ffffffff05b76fc625000000001976a914a8a3f4fbd6a9a7b8c668730694a1e54df3e07b9f88ac0000000000000000266a24b9e11b6dd61cea28ae856b3b2ffd2b2b849fcf2936bdcfc2868dce54e2675af7e51171f70000000000000000266a2448617468276d932189c0421ca0182a999f704cd41c5102f3b5bc9e6c912225f6682fd7d70000000000000000266a24aa21a9edd122e7ad7793cf7de212bdbd18ce5ba3d2f5fb3a0d1413e47cdd7b1c02c0724600000000000000002b6a2952534b424c4f434b3ab8473c02baa70803a9ca5dd76fb77fbf5b8d693dc88b144851440a28004256260120000000000000000000000000000000000000000000000000000000000000000069b9a2cf,canonical,CANONICAL_CONFIRMED,,,,
vcash,wayback_canonical_hydration,<chain-archive>/vcash/wayback_scrape/results.tsv,60,partial_canonical_subset,wayback:vcash.tech/block + bitcoin-core:canonical,546339,deb4db5678eab9b1ae4263783520a3e2911f999a178c22fd06aa3b216674463e,738254,0000000000000000000389370e42e7371e47a3cfecaa26fe834705cabaee69eb,00000000000000000006aaa7d9d1176bb5308684647058babb6b9b90b87a0915,1653730926,17096a20,3846999158,0000402015097ab8909b6bbbba587064848630b56b17d1d9a7aa06000000000000000000dfc089b755f3619a1d3c91739559e1a998cd096a4b3f0229e4c7e1b2ea165cd86eee9162206a0917768c4ce5,03ce430b1b4d696e656420627920416e74506f6f6c383238b7001f00ec70e91efabe6d6d7271d513ffdbdc1fdb33c972b87356b1e06fbde0730aaee578d8e424e82653a2020000000000000000005c221344020000000000,a9144b09d828dfc8baaba5d04ee77397e04b1050cc7387;6a24aa21a9ed110e4f8a56be9736f9c2f0ccdc0ce8f0007dfe22270c62ba1f172f64f7c14acc;6a24b9e11b6d3e467466213baa06fd228c179a991f91e2a32035786342aeb1b9ea7856dbb4de;6a2952534b424c4f434b3af237747de64364cdd3f6a625d07d9badf322ed1fafc88b144851443400425642,010000000001010000000000000000000000000000000000000000000000000000000000000000ffffffff5803ce430b1b4d696e656420627920416e74506f6f6c383238b7001f00ec70e91efabe6d6d7271d513ffdbdc1fdb33c972b87356b1e06fbde0730aaee578d8e424e82653a2020000000000000000005c221344020000000000ffffffff0410339a250000000017a9144b09d828dfc8baaba5d04ee77397e04b1050cc73870000000000000000266a24aa21a9ed110e4f8a56be9736f9c2f0ccdc0ce8f0007dfe22270c62ba1f172f64f7c14acc0000000000000000266a24b9e11b6d3e467466213baa06fd228c179a991f91e2a32035786342aeb1b9ea7856dbb4de00000000000000002b6a2952534b424c4f434b3af237747de64364cdd3f6a625d07d9badf322ed1fafc88b1448514434004256420120000000000000000000000000000000000000000000000000000000000000000000000000,canonical,CANONICAL_CONFIRMED,,,,
vcash,wayback_canonical_hydration,<chain-archive>/vcash/wayback_scrape/results.tsv,61,partial_canonical_subset,wayback:vcash.tech/block + bitcoin-core:canonical,563409,4fd67b05806415af3225e9b97f5faf2759ba218a85ba3af02489dcffba2c5ea0,741981,00000000000000000002a4da44a06304f03302b6a94965ffe10b2e2cd8d1ebdc,00000000000000000009232a8291788d192943311b12f808bffa24e5f1cf4ba3,1655983956,170984cc,951240838,00e0ff27a34bcff1e524fabf08f8121b314329198d7891822a23090000000000000000008b8e1e4d7abbe35a7d3262f78dc605deec0271506687b587ca4c7c58da39fd0b544fb462cc84091786c8b238,035d520b1362696e616e63652f38303813005103618c9f8cfabe6d6d0c98a624687c073ed980d0f6ae3f3a1b824e6d5d73fb3098049e624cbc9d68680400000000000000fdab00009f673e00,a914ca35b1f4d02907314852f09935b9604507f8d70087;6a24aa21a9ed586e9309e9418e38c8a8096884fac1a85149ad394cbce17eb2ce82662ae51648;6a24b9e11b6da05e2cbaffdc8924f03aba858a21ba5927af5f7fb9e92532af156480057bd64f;6a2952534b424c4f434b3af27a1b3950bb305fbe2eb2a172f358675ac33931d2653b23dc44a33000435cd8,010000000001010000000000000000000000000000000000000000000000000000000000000000ffffffff4c035d520b1362696e616e63652f38303813005103618c9f8cfabe6d6d0c98a624687c073ed980d0f6ae3f3a1b824e6d5d73fb3098049e624cbc9d68680400000000000000fdab00009f673e00ffffffff0451b3e4250000000017a914ca35b1f4d02907314852f09935b9604507f8d700870000000000000000266a24aa21a9ed586e9309e9418e38c8a8096884fac1a85149ad394cbce17eb2ce82662ae516480000000000000000266a24b9e11b6da05e2cbaffdc8924f03aba858a21ba5927af5f7fb9e92532af156480057bd64f00000000000000002b6a2952534b424c4f434b3af27a1b3950bb305fbe2eb2a172f358675ac33931d2653b23dc44a33000435cd80120000000000000000000000000000000000000000000000000000000000000000000000000,canonical,CANONICAL_CONFIRMED,,,,
vcash,wayback_canonical_hydration,<chain-archive>/vcash/wayback_scrape/results.tsv,62,partial_canonical_subset,wayback:vcash.tech/block + bitcoin-core:canonical,563426,570f7133797c42c80d743c6ddead67a734ca39965d3b8c61eb2a00de2dbbfb8c,741986,000000000000000000051545b0655f094d0bd9f6348cb36b9989663852f07625,000000000000000000004b826b6e05e7529f15d4d67d08af2f898f684c3d09da,1655986371,170984cc,366532730,04006020da093d4c688f892faf087dd6d4159f52e7056e6b824b00000000000000000000f1ee3f8b08158c986c7b9f99b88e5b7c4eb53204a0ca85da128c4bf14ade6375c358b462cc8409177ad8d815,0362520b04c358b4622f706f6f6c696e2e636f6d2ffabe6d6d06d26949143f2f566adb8dd7108bc33e03f39733947b149ac2f2be6d8833129001000000000000001c57abd5832ddc5b7cc216cb1f1a4f8e13000c3e000000000000,76a914a8a3f4fbd6a9a7b8c668730694a1e54df3e07b9f88ac;6a24b9e11b6d8cfbbb2dde002aeb618c3b5d9639ca34a767adde6d3c740dc8427c7933710f57;6a2448617468be81dd02165d3e00ff45edee86921dd3a67e473ee8d9c3a955056e4f4954c3d9;6a24aa21a9ed7f75a7fa79ac3cf12c5978c38ec3dd55c28a0d8509642c96d0da1f205f8205a3;6a2952534b424c4f434b3a14cf4efef0468d12c5eb69b0f61ebcd4c064570713d2653b23dc442700435d26,010000000001010000000000000000000000000000000000000000000000000000000000000000ffffffff5b0362520b04c358b4622f706f6f6c696e2e636f6d2ffabe6d6d06d26949143f2f566adb8dd7108bc33e03f39733947b149ac2f2be6d8833129001000000000000001c57abd5832ddc5b7cc216cb1f1a4f8e13000c3e000000000000ffffffff05d26df525000000001976a914a8a3f4fbd6a9a7b8c668730694a1e54df3e07b9f88ac0000000000000000266a24b9e11b6d8cfbbb2dde002aeb618c3b5d9639ca34a767adde6d3c740dc8427c7933710f570000000000000000266a2448617468be81dd02165d3e00ff45edee86921dd3a67e473ee8d9c3a955056e4f4954c3d90000000000000000266a24aa21a9ed7f75a7fa79ac3cf12c5978c38ec3dd55c28a0d8509642c96d0da1f205f8205a300000000000000002b6a2952534b424c4f434b3a14cf4efef0468d12c5eb69b0f61ebcd4c064570713d2653b23dc442700435d260120000000000000000000000000000000000000000000000000000000000000000042e3beef,canonical,CANONICAL_CONFIRMED,,,,
vcash,wayback_canonical_hydration,<chain-archive>/vcash/wayback_scrape/results.tsv,63,partial_canonical_subset,wayback:vcash.tech/block + bitcoin-core:canonical,563890,5afa607bbfaa12a2aa66e65093ef009959831374154695d6de5d0d076875263e,742090,00000000000000000004ca01ca4a3fc976208c4d5c2ec0eaff851c7f6338e1d7,0000000000000000000687ca85d83184775e61b7305ae9b0a122737955a6867f,1656046455,170984cc,592669083,044000207f86a655797322a1b0e95a30b7615e778431d885ca8706000000000000000000860ca5de0fe32bc4c37ccb078b72dc3ef35b0828e16b6117efa74e6e91b6b8f77743b562cc8409179b695323,03ca520b047a43b5622f706f6f6c696e2e636f6d2ffabe6d6d0cd0346ef168d29b5a20c153c6f498cff7ff2c9fb78fb2f561534e25e16f296a0100000000000000832be5b8fc6da0760f71c9f694d08f9c120056ae080000000000,76a914a8a3f4fbd6a9a7b8c668730694a1e54df3e07b9f88ac;6a24b9e11b6d3e267568070d5dded6954615741383599900ef9350e666aaa212aabf7b60fa5a;6a2448617468d210d8aeab809f726c8036b64500875fcae0748b72aa1bc9bd03deec27f6df15;6a24aa21a9edc2828a107b0b416c63a973536efbf089694911108cfb492900494538f1532a37;6a2952534b424c4f434b3a51a7fa83e584bd72fe8856285c1f0d507f03b7921d5595fd20d8d52300436440,010000000001010000000000000000000000000000000000000000000000000000000000000000ffffffff5b03ca520b047a43b5622f706f6f6c696e2e636f6d2ffabe6d6d0cd0346ef168d29b5a20c153c6f498cff7ff2c9fb78fb2f561534e25e16f296a0100000000000000832be5b8fc6da0760f71c9f694d08f9c120056ae080000000000ffffffff052b0d7926000000001976a914a8a3f4fbd6a9a7b8c668730694a1e54df3e07b9f88ac0000000000000000266a24b9e11b6d3e267568070d5dded6954615741383599900ef9350e666aaa212aabf7b60fa5a0000000000000000266a2448617468d210d8aeab809f726c8036b64500875fcae0748b72aa1bc9bd03deec27f6df150000000000000000266a24aa21a9edc2828a107b0b416c63a973536efbf089694911108cfb492900494538f1532a3700000000000000002b6a2952534b424c4f434b3a51a7fa83e584bd72fe8856285c1f0d507f03b7921d5595fd20d8d5230043644001200000000000000000000000000000000000000000000000000000000000000000e959d67b,canonical,CANONICAL_CONFIRMED,,,,
vcash,wayback_canonical_hydration,<chain-archive>/vcash/wayback_scrape/results.tsv,64,partial_canonical_subset,wayback:vcash.tech/block + bitcoin-core:canonical,563892,5070fdcb1ef22dba8f6a922073f929250ed8b146d1c0c6db10615622085ebe40,742092,000000000000000000027699030f5da63a9094cd7cd3c89c2b24112cc3d8aafc,00000000000000000004eef084165fede6128f5fac25f47a34a8f0df85749305,1656046924,170984cc,341417306,00c0c32005937485dff0a8347af425ac5f8f12e6ed5f1684f0ee04000000000000000000743729bc04c24593ad9249e2f0d3bfc15d55ce8778260873538b9f5a23097fd04c45b562cc8409175a9d5914,03cc520b1462696e616e63652f373839ee000b03d8de6d5701fabe6d6d881bd72fa9f528939a328366b0ac666453b8807dbdec8eb8c67b8efe5b95600204000000000000000000ee2f24000000,a914ca35b1f4d02907314852f09935b9604507f8d70087;6a24aa21a9ed64fbb4962b6ea20649b4b23c0b4ade8bfa230764dbe6658bb5ce99ed3b0f8b51;6a24b9e11b6d40be5e0822566110dbc6c0d146b1d80e2529f97320926a8fba2df21ecbfd7050;6a2952534b424c4f434b3a8cb40b8696d89eb09bc0a9071126ebbd429e8926061d5595fd20d82a0043644d,010000000001010000000000000000000000000000000000000000000000000000000000000000ffffffff4d03cc520b1462696e616e63652f373839ee000b03d8de6d5701fabe6d6d881bd72fa9f528939a328366b0ac666453b8807dbdec8eb8c67b8efe5b95600204000000000000000000ee2f24000000ffffffff04f5c941250000000017a914ca35b1f4d02907314852f09935b9604507f8d700870000000000000000266a24aa21a9ed64fbb4962b6ea20649b4b23c0b4ade8bfa230764dbe6658bb5ce99ed3b0f8b510000000000000000266a24b9e11b6d40be5e0822566110dbc6c0d146b1d80e2529f97320926a8fba2df21ecbfd705000000000000000002b6a2952534b424c4f434b3a8cb40b8696d89eb09bc0a9071126ebbd429e8926061d5595fd20d82a0043644d0120000000000000000000000000000000000000000000000000000000000000000000000000,canonical,CANONICAL_CONFIRMED,,,,
vcash,wayback_canonical_hydration,<chain-archive>/vcash/wayback_scrape/results.tsv,65,partial_canonical_subset,wayback:vcash.tech/block + bitcoin-core:canonical,569308,a6e0558e44c02289e719eda501a1f96e9ed4d677b8bb1cb16982e9c359b05e8c,743237,0000000000000000000256864991d225e20132e3aad053d5db58e95e410e3bde,00000000000000000002acdc48480e55b8c8ff63abd1c6bdec75ce22938099cc,1656728931,170984cc,2880236567,00200020cc99809322ce75ecbdc6d1ab63ffc8b8550e4848dcac0200000000000000000037fdb68d40e05ad432bf7e55df59a666615f25f801eb83b03b41b2458cbd040263adbf62cc84091717ecacab,0345570b1b4d696e656420627920416e74506f6f6c38353913009701b9f21910fabe6d6db4e1e79a377d6dab535813100602d1ff59637cc4183947aa983886328210f3a504000000000000000000d31337640e0000000000,a9144b09d828dfc8baaba5d04ee77397e04b1050cc7387;6a24aa21a9ede811b778545dd72edf7bc5fe64bb48dcfed405b22b158605f5214fcb68abb6e8;6a24b9e11b6d8c5eb059c3e98269b11cbbb877d6d49e6ef9a101a5ed19e78922c0448e55e0a6;6a2952534b424c4f434b3ad73c96dabac7522a93ce3d1544a6db4502125a06b23ddce4da0b9f270043b335,010000000001010000000000000000000000000000000000000000000000000000000000000000ffffffff580345570b1b4d696e656420627920416e74506f6f6c38353913009701b9f21910fabe6d6db4e1e79a377d6dab535813100602d1ff59637cc4183947aa983886328210f3a504000000000000000000d31337640e0000000000ffffffff04016b5a250000000017a9144b09d828dfc8baaba5d04ee77397e04b1050cc73870000000000000000266a24aa21a9ede811b778545dd72edf7bc5fe64bb48dcfed405b22b158605f5214fcb68abb6e80000000000000000266a24b9e11b6d8c5eb059c3e98269b11cbbb877d6d49e6ef9a101a5ed19e78922c0448e55e0a600000000000000002b6a2952534b424c4f434b3ad73c96dabac7522a93ce3d1544a6db4502125a06b23ddce4da0b9f270043b3350120000000000000000000000000000000000000000000000000000000000000000000000000,canonical,CANONICAL_CONFIRMED,,,,
vcash,wayback_canonical_hydration,<chain-archive>/vcash/wayback_scrape/results.tsv,66,partial_canonical_subset,wayback:vcash.tech/block + bitcoin-core:canonical,569310,99cc92245180448b47b97f2375fd62107d61c1cdd8843ed60e6d4ff8d21fd30d,743238,00000000000000000009295ee87d3780627f890b4854e79d9a892f75b86d7128,0000000000000000000256864991d225e20132e3aad053d5db58e95e410e3bde,1656729323,170984cc,3724550917,04008020de3b0e415ee958dbd553d0aae33201e225d2914986560200000000000000000028cfc224d6c5b19eaf8553cba76b70f30799a801e9d1ee9f1618308974bdd3b0ebaebf62cc840917052300de,0346570b04efaebf622f706f6f6c696e2e636f6d2ffabe6d6d9a6ec728e2d5f536926d613bb90d44f2989bb5971f1de9f93ead1cf54ab4c86401000000000000009b9856e985881e49953fd99a4e508c04120017b3020000000000,76a914a8a3f4fbd6a9a7b8c668730694a1e54df3e07b9f88ac;6a24b9e11b6d0dd31fd2f84f6d0ed63e84d8cdc1617d1062fd75237fb9478b4480512492cc99;6a24486174684a9338eeb53331d55ba336aa92d002e1d151b3ea37f83166c1450486068ebf19;6a24aa21a9ed2ac76fb19cbd5ef124e2ed48391c7473a6d6635a056c87a6e93b35854d19fb33;6a2952534b424c4f434b3a2975a3924315b73ab26b1439f00065488989591470b23ddce4da0b280043b343,010000000001010000000000000000000000000000000000000000000000000000000000000000ffffffff5b0346570b04efaebf622f706f6f6c696e2e636f6d2ffabe6d6d9a6ec728e2d5f536926d613bb90d44f2989bb5971f1de9f93ead1cf54ab4c86401000000000000009b9856e985881e49953fd99a4e508c04120017b3020000000000ffffffff05e0e78b25000000001976a914a8a3f4fbd6a9a7b8c668730694a1e54df3e07b9f88ac0000000000000000266a24b9e11b6d0dd31fd2f84f6d0ed63e84d8cdc1617d1062fd75237fb9478b4480512492cc990000000000000000266a24486174684a9338eeb53331d55ba336aa92d002e1d151b3ea37f83166c1450486068ebf190000000000000000266a24aa21a9ed2ac76fb19cbd5ef124e2ed48391c7473a6d6635a056c87a6e93b35854d19fb3300000000000000002b6a2952534b424c4f434b3a2975a3924315b73ab26b1439f00065488989591470b23ddce4da0b280043b343012000000000000000000000000000000000000000000000000000000000000000001a91c185,canonical,CANONICAL_CONFIRMED,,,,
vcash,wayback_canonical_hydration,<chain-archive>/vcash/wayback_scrape/results.tsv,67,partial_canonical_subset,wayback:vcash.tech/block + bitcoin-core:canonical,594170,618228b48602c4ac60e0d3d5805d62d341499354a353ba141c1ca7245fc6ea89,748164,000000000000000000089a6b1472720ad237ad7568f23b3cfd041f688ac3e1d1,00000000000000000006493f17be2a6b23aadb8195033a5fdf80650f88f0236d,1659754209,1709fd7e,3573732619,0000c0206d23f0880f6580df5f3a039581dbaa236b2abe173f490600000000000000000052a10764f8e8e3ba35334d3cee58083401a0956f8a086ed9db757a22889115a6e1d6ed627efd09170bd502d5,03846a0b1b4d696e656420627920416e74506f6f6c383539cb0065022a01d190fabe6d6daa5045b146c737c7a359cfeaee7538e1d585558f4bfcbd79b8661cba0c5b2e5b04000000000000000000da516183030000000000,a9144b09d828dfc8baaba5d04ee77397e04b1050cc7387;6a24aa21a9ed9f6adf51590cda7ce7e8c8ec5d768859407d4f602cac9be01a8d62d67591c62a;6a24b9e11b6d89eac65f24a71c1c14ba53a354934941d3625d80d5d3e060acc40286b4288261;6a2952534b424c4f434b3ac460f2e7468e92b6605c4bd6f438560ba650d7f41344b128baf8142600451eef,010000000001010000000000000000000000000000000000000000000000000000000000000000ffffffff5803846a0b1b4d696e656420627920416e74506f6f6c383539cb0065022a01d190fabe6d6daa5045b146c737c7a359cfeaee7538e1d585558f4bfcbd79b8661cba0c5b2e5b04000000000000000000da516183030000000000ffffffff04b46f3c260000000017a9144b09d828dfc8baaba5d04ee77397e04b1050cc73870000000000000000266a24aa21a9ed9f6adf51590cda7ce7e8c8ec5d768859407d4f602cac9be01a8d62d67591c62a0000000000000000266a24b9e11b6d89eac65f24a71c1c14ba53a354934941d3625d80d5d3e060acc40286b428826100000000000000002b6a2952534b424c4f434b3ac460f2e7468e92b6605c4bd6f438560ba650d7f41344b128baf8142600451eef0120000000000000000000000000000000000000000000000000000000000000000000000000,canonical,CANONICAL_CONFIRMED,,,,
vcash,wayback_canonical_hydration,<chain-archive>/vcash/wayback_scrape/results.tsv,68,partial_canonical_subset,wayback:vcash.tech/block + bitcoin-core:canonical,594651,b589ad1549c087e778d980dac3edf455382372ed3a863e27c8c2e6bb68348075,748267,000000000000000000048596051c9f0554f6d0b477b28eac6a97fc37dde4274d,000000000000000000063200ecaab0e54b7989f9aaf7375ec395da38533fbfb7,1659806744,1709fd7e,3576305503,00202f26b7bf3f5338da95c35e37f7aaf989794be5b0aaec003206000000000000000000d3948b616741a6e4ef12a64b705cd79badbb0b9f4780923f201d389b4f15365f18a4ee627efd09175f172ad5,03eb6a0b1b4d696e656420627920416e74506f6f6c38383483005b0063243baffabe6d6d0decf44c51c4bc17e073af088abd56129185feb14bcc91ecc8206370c110cd8302000000000000000000d56b5542000000000000,a9144b09d828dfc8baaba5d04ee77397e04b1050cc7387;6a24aa21a9ed072fefe38fc5e2fe08e345b301ec4eed19abb64d5cea61a14c78cb3d00e82e20;6a24b9e11b6d75803468bbe6c2c8273e863aed72233855f4edc3da80d978e787c04915ad89b5;6a2952534b424c4f434b3a68b496781d28a17ea775578315fa4d1d24c22febbde4ca3309ba2c2400452551,010000000001010000000000000000000000000000000000000000000000000000000000000000ffffffff5803eb6a0b1b4d696e656420627920416e74506f6f6c38383483005b0063243baffabe6d6d0decf44c51c4bc17e073af088abd56129185feb14bcc91ecc8206370c110cd8302000000000000000000d56b5542000000000000ffffffff0401a958250000000017a9144b09d828dfc8baaba5d04ee77397e04b1050cc73870000000000000000266a24aa21a9ed072fefe38fc5e2fe08e345b301ec4eed19abb64d5cea61a14c78cb3d00e82e200000000000000000266a24b9e11b6d75803468bbe6c2c8273e863aed72233855f4edc3da80d978e787c04915ad89b500000000000000002b6a2952534b424c4f434b3a68b496781d28a17ea775578315fa4d1d24c22febbde4ca3309ba2c24004525510120000000000000000000000000000000000000000000000000000000000000000000000000,canonical,CANONICAL_CONFIRMED,,,,
vcash,wayback_canonical_hydration,<chain-archive>/vcash/wayback_scrape/results.tsv,69,partial_canonical_subset,wayback:vcash.tech/block + bitcoin-core:canonical,594670,77a5643d5fffe48acb6e93ab1cf05d64448921bbf13dde1fcab2f62c09000b22,748269,000000000000000000074cb386994b5e7184f0ccebbcd9b8ff9c7386d5e9c7c6,00000000000000000003fc2ecdb7d94cdcff08ed2fafc67bb35eff3add19bcec,1659809628,1709fd7e,1284074652,00600020ecbc19dd3aff5eb37bc6af2fed08ffdc4cd9b7cd2efc0300000000000000000065938cfcc9c7144f97a49b9b8fa32ec64290caf50ab1559dd1f0c7d16b3b7bcf5cafee627efd09179c6c894c,03ed6a0b1b4d696e656420627920416e74506f6f6c38383483005b0374542001fabe6d6d66270538370287004529d2dba5deb1d65de7d8cd6c3c389366d4a615181e56fc020000000000000000006b6ac0aa1c630a6d8801,a9144b09d828dfc8baaba5d04ee77397e04b1050cc7387;6a24aa21a9ed323ae22141ebb70d89de36c0975645961cad31d6df1d9f1c2e9dddad9c93abe8;6a24b9e11b6d220b00092cf6b2ca1fde3df1bb218944645df01cab936ecb8ae4ff5f3d64a577;6a2952534b424c4f434b3af72e30eb22aca1f570ee0a3679de1fc80de8f90699bde4ca3309ba24004525ac,010000000001010000000000000000000000000000000000000000000000000000000000000000ffffffff5803ed6a0b1b4d696e656420627920416e74506f6f6c38383483005b0374542001fabe6d6d66270538370287004529d2dba5deb1d65de7d8cd6c3c389366d4a615181e56fc020000000000000000006b6ac0aa1c630a6d8801ffffffff0469b2bc260000000017a9144b09d828dfc8baaba5d04ee77397e04b1050cc73870000000000000000266a24aa21a9ed323ae22141ebb70d89de36c0975645961cad31d6df1d9f1c2e9dddad9c93abe80000000000000000266a24b9e11b6d220b00092cf6b2ca1fde3df1bb218944645df01cab936ecb8ae4ff5f3d64a57700000000000000002b6a2952534b424c4f434b3af72e30eb22aca1f570ee0a3679de1fc80de8f90699bde4ca3309ba24004525ac0120000000000000000000000000000000000000000000000000000000000000000000000000,canonical,CANONICAL_CONFIRMED,,,,
