btc_height,btc_hash,in_upstream,first_seen_chain
149589,0000000000000540c611e8062b4a59c5b844ac40c5dd00a061178f6e263b0cc5,yes,
150351,000000000000029e4e5ea17bfc7cfc0018e1379580a662f1ba6c08275604aaca,yes,
150881,0000000000000b5dddb9173003b3e3674abc37bf9db2b825c81b7e85b245a497,yes,
151002,0000000000000a6bac17f421028e27cc1fa5ba3b983198c2f1ebb6ff102ff6fc,yes,
151805,0000000000000c624fd4b0ad690f0a628e3ace0c210a2116e036d29c6774a08d,yes,
151888,00000000000001f0d7cfd94cb36c135c3e27df88cc525bb440e933181eec7270,yes,
152012,0000000000000766a5054b5205b5820ab32c0a8798c0d334b7bee58b340ff57a,yes,
153211,000000000000001a96111ffa1f7b03e03309a390d520c76e4bd8b0adf3dfdd34,yes,
153211,0000000000000022e96ad66d9de209f1971c0c1cab004fbd8f9d1162b9ac7125,yes,
153211,00000000000000325e60dbf484c7796416ff0ca7b31b208607bb40e8a090ff7e,yes,
153211,00000000000000b839c3ce4039c0f29753b24069fb06c0aa8e0bcd1356b7f167,yes,
153211,00000000000000f3ec5c1ea18cd3baf62e738cd7b8b71955d0cc8d83192861dc,yes,
153211,0000000000000158080186e96d9061b20e650f62d0c3c5156110c06ef6699538,yes,
153211,000000000000021d02b51e77ff53cea9d3ec3ca249d85809ffcaaefc8b953f63,yes,
153211,0000000000000318413875fda21f6f2546b23c5d7774593460a43164ac4bb496,yes,
153211,0000000000000364ff584a81aff5f3383413c9737c077d0e931ece2efba42b9a,yes,
153211,0000000000000578c83a60c91f7836483a21c818570ae5d7c84a6d4b84751039,yes,
153211,0000000000000681551e642ecc0344ff5cf8a8f553da7849879008dc39a0b412,yes,
153211,00000000000006e15476ca3481051acdba585b798b71873495078dd76bd3a811,yes,
153211,000000000000077eee96b46b9b4438931e267765d2778714a36a6abe5e27d594,yes,
153211,0000000000000801d4e86527c61b946823234262c637eaabcdf8a9d383c6a4b6,yes,
153211,000000000000089430a8d8ef5f580ca85437eb300ee46e9c51281ce8cc6250e7,yes,
153211,0000000000000a5390f91542baf381da8595c188f4115c4db11d4114ee7cfd7a,yes,
153211,0000000000000aff6b9ec0a722984d5a3976f82f5a4cf3f1f6d568feaba02b03,yes,
153211,0000000000000d331fe03597a9cd3a841359affafc6c602466540cc466e315cc,yes,
153376,0000000000000842237d58f04ff445ba09da4c84ddbeb5f9df50bd5f8b4d2644,yes,
153548,00000000000006bbed5da8d2cf9a98c75fb856d379b65c1b5b2f3c49fb6d2403,yes,
153710,0000000000000655868ae14c1a53860addde0aa4478fa273924265d85eb16677,yes,
153715,000000000000003b1aa4d6d6171b6a6973471139a7cfaa6897b7501104c089c0,yes,
153913,00000000000003dccc904c9adee917a4788d37154bfb8cb797d2a04ca7976465,yes,
154146,00000000000002d2a996b791b235f27d653d4996ec40e7e08e106dd30bda6ce8,yes,
154500,0000000000000c59a95abe73ed16ed7855f5638b17e177c88f781c7b7b77b579,yes,
154602,0000000000000a17145926ee084587481899783a23a9f2ca0de8d3c53f2d0ef1,yes,
154920,00000000000007fa2a841c44ec2c123a3fdd3218846028c14b6c746f4d86d811,yes,
154993,000000000000027929ec38163c86e51c4af22c9e5e4f34f68f461dc41ec1947d,yes,
155243,00000000000002a50afc4d3212fde0470f7d7d0b4d4f0433a7ad1e41cd92ccb4,yes,
155361,0000000000000d8e7fbc786b66c27ea120e39baa254b32842efa74ca93688cc5,yes,
155415,0000000000000eaf2b20207992644076d134d4d9ba88be0227b879c7bcd3ef4c,yes,
155677,0000000000000cdf4862d0b02083b7d2d3718295fb17b994270a5c32577a6e7d,yes,
156186,0000000000000e534aaa42e53f5f47aceb8a01d4cddf50c5aaeecacaaa0260a5,yes,
156432,0000000000000e6e85b08d8cb141cf89076a48e236847443cac442a92496b31f,yes,
156509,0000000000000b070e2a022cf21ba4ff777a349629d6cd32d4d6a65b04f9eab4,yes,
156548,0000000000000ce0a7ab9630369206973b8fc0ca68eb20407fe2c45b6a4ad9d3,yes,
156639,000000000000013cf4f2a2f77a3d9ec9ce4bb9b9a1f3efc08f4d31548a161409,yes,
156818,00000000000009ed9210b52da2fb830c0792ae53540085953e5f83ea5226108e,yes,
156940,0000000000000019e170446ae11e08d39f09666350bef756da94ec3e001692a0,yes,
157357,000000000000044add94215000973793ceddbfff7389833f331565ffdb41657e,yes,
157644,000000000000015443e903b801bc9230f41d1d06c8b94019dbbe2decfa877f08,yes,
157679,0000000000000bcf81cea859bcfd6c35346d1ed123216a660d97e8349b5e2a0e,yes,
157929,00000000000009becfdde8b8ca3d6f39c123c34b63c6d73f87a506cfa7afd8a5,yes,
159393,0000000000000b35c2c7e698f6666ccc71f865429446bf15520bafcd7fa2f706,yes,
159651,0000000000000057888abb81de9d620c0e95f1c4512cf00ac6161f2f2de60a50,yes,
159741,00000000000009c74ac94954cbbff14c696e32ccf6b1e30d504379c7a5b6b5ba,yes,
160330,000000000000048f8a5d0008cb675f800afc4ff024646956789d00ab86b08f93,yes,
160374,00000000000003aabedaeb30a94a3c2a4ba9a1437e9f170adc578114593108f9,yes,
160453,000000000000038c5bd2159fdb8ca902e9981f4f976c3ba508b445826df31c64,yes,
160574,00000000000002c2d6713cccbf3b66b9c22f82861fbe953b6bfbd0bb96d0764c,yes,
160696,000000000000046143716f267137c3378d69f16848babe998da18bfb9e63e589,yes,
160732,00000000000007faea25ea707fe00e2902d3d2d712ef2a8099e8da0574812dd0,yes,
161233,0000000000000dda7817e375839269b1cd72a31ec92cbd32d088ed41ded4baa5,yes,
161324,000000000000068ea2e4d6942ac939ee9a2434194107afaaef752125bd036cab,yes,
161669,000000000000070d5dec4dbb9984254ba851ac942e75b86fe9cd63305572c1e1,yes,
161673,000000000000031576ac64e6c3f16bbfc244675069e4ba0b80abc2867b394914,yes,
161771,000000000000021cd4ac470a5c1259d3eb9fe4be6e369582ecb558526554032d,yes,
161880,0000000000000223a6c6e074e399b2250bfd4a661281817af127268d88148d99,yes,
161910,00000000000003c870ba69dcc86caf6387aa802e9ba0862d26a82b7bc503d210,yes,
161924,000000000000016e828da3cb6c451d204bb4f2215eb0e37e03e82e9bee68d992,yes,
162012,000000000000026807a77b351e969c4c9ff1b95158c013214e05c3ac09ed623c,yes,
162129,0000000000000773805745d21430d9df739e217d02244c7abcf801e7b076961d,yes,
162184,0000000000000459d7cde47677c0ee6e6ced9770b38b45cdb47261f331cdea01,yes,
162189,0000000000000a5ba0a0fde42ce75259a69c920968acd2514db63325e3bd8760,yes,
162324,0000000000000aefe3441e03f11ba7d4057e8767d9255187eb8c7bf493aae906,yes,
162580,0000000000000b285fa4f12b7617bed8cfb8cca03e2d5ee28b2f83f5b3a3cda5,yes,
162752,00000000000001e7683bd230c9748890fa9149ba31cddfcdb1685787908fd5f5,yes,
162804,00000000000006a257c72524a70d6aeb56c0f1c7216f04dc3f237c41ff96dea0,yes,
163060,0000000000000b0d3300b680fe724150cc49071a71110f9b6eb94631a8d3445e,yes,
163132,00000000000007ab9bcafa5a5305208216755b3c36a267c3b66b0174d98faef9,yes,
163326,0000000000000391c5e7307684d2e95f8eab514c7837146e615c8a9898ca2d1e,yes,
163327,0000000000000be9d014466ddabc2ba3f8b673b61ff7b1e510a5cb1d59ad5b23,yes,
163330,0000000000000c35348aef4e0850ac7e419b8166c8662b4a8b17e0fb2805ea1f,yes,
163360,000000000000034afab2feda8a0e28d3d194e9fcdd17d531795d2084a943374b,yes,
163609,0000000000000018feea6b268d1d77e29828dfaf68a1b0b7e7f132543c2231f9,yes,
163620,0000000000000405ceb934ec090b40a5cbac7b67b245704158de9660f36cd2fb,yes,
163693,000000000000071ff141db2d0d83f7c524bf997b2b74ca5ee13c251cd8b50fc0,yes,
163724,0000000000000003e9e2c076744ce83e81721cccf69eda801eb1ec78a0c903e7,yes,
163751,0000000000000bf5c0c08832575e202dae3655eb337dea63eff822b62730d815,yes,
163932,000000000000079ebc21cca8725d097815813ecb97fcae97de98392d23815ec2,yes,
164071,00000000000008b11727a2ffa8ebfcab9c843bb28518a5a5f01ac1a03393ec22,yes,
164098,00000000000006a411fe14cd5967d2155c8e787b6dcd1cff426be94229c4a4f2,yes,
164115,000000000000016f30b37a407e1861a54bba3f6617da453f8144c61de90a242a,yes,
164147,00000000000001ed4ce670fcce22309805dcfa6b6166e036d5f201cfee026854,yes,
164267,00000000000004b314be32898e5abf5aa928da89c8802e051b91c200d253c870,yes,
164270,000000000000048dec3e4a1f8f8ab8f22c6fd0fd1f5ca36898961b06b70eae0b,yes,
164414,00000000000009d50afb1f523e5e93bc172f79a1ff8594b4430b7cde4d1bc861,yes,
164604,0000000000000591aacdf0041e58e40ffd5cfd6ea762cd642327b54e13be769b,yes,
164752,0000000000000750c046f99797bc228be7de9b3b664bffec369568e2cb36f11d,yes,
164959,00000000000009c4893bdac7e77e5ad7f6b1908da1449e9cb8a98a5d02956693,yes,
165045,000000000000040211b25f3ee5685551e52e1d5f54264988174290821137298f,yes,
165066,0000000000000ca23951784e20a54714a85c42f30fa504649aae0d0cea84ba83,yes,
165105,0000000000000ba1d9381a089c1e3b25672c4651cb4fec76eff7efd2b22444cb,yes,
165113,0000000000000080fd6c6dd4fba232d103a10624552318a59a69134a6494273d,yes,
165180,00000000000002ed94f3bc516560e924d82dd727bb056a0613d7cf9afebf0a37,yes,
165242,000000000000039df377de2b9857f100bfaebacaa5ca79cac43c0a2d60aa73ce,yes,
165333,000000000000031a6db0ef51b634a3b21c690661758c92707f9a87c433103b1c,yes,
165374,000000000000021d091aa7b0ec4873ff705d346b1c9490b4405af7909d045f27,yes,
165439,00000000000005c273a4f75f2c02ae54e0e6816096f33e1d9ef98bcb70391aa6,yes,
165530,000000000000063f9d12063fb14c0f1b053ddf32c3fc5b15b97db1505851a4e8,yes,
165566,00000000000004c54de4d2fb42d20d0810367519b456b544be766270d4c1601c,yes,
165616,00000000000007bc788422db936261006dac506afdefcc8ee8623228dd089379,yes,
165696,0000000000000406d81a8c92fd5f46d7cbcc32c545764cbddc72cde242afcde5,yes,
165781,00000000000003e0e1de5e64b6b4f86dd1315f22ea8f03eb75e4eb53f1a14faf,yes,
165896,00000000000001c3505024be76175ca8d7bf7af3837fdf50c97bb6b51c811e2b,yes,
166024,00000000000000e5d04a73855f5355d4c499328c2749355e09aa515f2fba5080,yes,
166174,00000000000006c31a95779b46b5836f456034f3740e17df45894af5f08285ad,yes,
166343,000000000000048bbf1d28adbd2a0b7058444619371afee50e6e9c2a1f9f9200,yes,
166403,0000000000000b3e29d8c2df3e577c57dfabdd6852e131a21aa006b9d6e9e31c,yes,
166460,00000000000007f0bffe58cb5516c0935cfaa008486057a5c6c27ca6449052bf,yes,
166500,000000000000038e347b17693c6bfab4c258f1aca517775c530235bf2b2ec3b9,yes,
166536,0000000000000827dc9caf90e3b49500572cbeed5a00225579c8deae374c6110,yes,
166739,0000000000000884fede1677ccb7354fa2bce0aa58061c8547d408fb813c91c8,yes,
166890,000000000000032bcff32b408bdc97928a74202b085c1a6130bf7f2b8a33a8d0,yes,
167041,00000000000005f103560a0c3d7b7978d63762e2a7e79877c8531642edcd7935,yes,
167044,000000000000047232c65cc905fc5038f3d04639e7339453bc7aed5ebc0fd1a5,yes,
167535,0000000000000c06420a5f9e586f057fb622aad59288734e213b8e1f2f3f33bd,yes,
167588,0000000000000644cb9425d23d06e2db5c6adeddbb12ecaa4c42c26a053e2c44,yes,
167863,00000000000008ce62560ec18fc5432bd8e7810811cca7578c390d54277920b3,yes,
167881,00000000000006c889c4aa89efa19cbafa055d1c24ffd2e4f3c5d0c1de0a48c4,yes,
168059,0000000000000b8fcfdbd8a70848e720492989464c6dc0d1d9c012b93c910515,yes,
168249,000000000000025c9ffc383413aa1f9bad72232abe0dd8315ca4802cb44e1826,yes,
168737,00000000000008907e2cd8794422c9c3151398a3d338ebe3a7f834cd1ff60edf,yes,
168754,000000000000043300e45c7079fa130b5caeeaad582c8b2372536cd444824595,yes,
168920,000000000000037616387fa2ce0b942c2344d9a350d4a8bf71d843042f21c05e,yes,
169340,00000000000006e0ab0b04c5264ec3c964560f1dcb121e8d3497868518d61007,yes,
169396,0000000000000a1c1dbc1b616841e59f31ee30647e19a603a4676126864ff962,yes,
169954,00000000000005bd12d113d6d02adbfddf7bc3d07eeff69352479de7a0639e5f,yes,
170060,00000000000003745ea053453caab1f51d7d342416ef8c9731b4cec4c857a29a,yes,
170060,000000000000054fff14aaf40a4b460de3ad4ab5560076574300a021c0f1a59f,yes,
170137,00000000000008f21b8c263c73816ea47ca765892b1589e8b8cf52e75ae1a4cd,yes,
170259,00000000000004199ee59721387f9f05c21189ddc90cec22f2ae5b3e7738c0db,yes,
170651,000000000000049ab0a6c0aa58d823cd2b342a95ebc5046ddfa024a3247c529e,yes,
170752,000000000000085cb466583a6fad9ad25afd28328754ae39fee21e2b49cce250,yes,
171064,00000000000000089fceac7f25bd1a7552ddb65987289602f2c9b934cc75f027,yes,
171132,000000000000096ab02dc48fe5b8ee3a3677d13169d083f88ac478c082aafad3,yes,
171557,0000000000000320a54e227a1b4828b5003bcb14cbd557035d894a5ac09c8dbc,yes,
171727,00000000000001233d4c0ee4853494f6a86c139c1809ac351a33f7ce4e32d519,yes,
171906,0000000000000263feae36698a5b03cbbe0e587956f35692500de49ee42b2d6c,yes,
172001,00000000000005967d3415adca0881346c67d26209e687305cf1538aba21c231,yes,
172221,00000000000008783a8f964121f87586c2dcf74c4c699f4de55555434043ff3d,yes,
172476,00000000000004737bb0c5aed4181fcda65c5177862817626edcb0d2c5d88784,yes,
172529,0000000000000b0986e374fe125f641811d59e8c69ab5a39f7e73f355069fa91,yes,
172828,0000000000000911213f993bb8e67ee0b0ac43f5fbcbdd4011b9a28dc769373e,yes,
173494,000000000000039c86ff2476848d60c09e621941b0856209b5c794a257492c6c,yes,
173714,000000000000083eccc78dd120b18490473a27e43c01e638c2312d1db53448c8,yes,
173780,00000000000008a17a319ffea9607b6bb8706c053e686fdfb77b22d550ed46ed,yes,
173815,00000000000005c9e7fc2b4966ff08f42e5cd0a1baffc475938b074b4dac5b6d,yes,
173928,000000000000023df73ac98923e2de321db3e3396102ad5dcfe3b25f01a81f64,yes,
173957,00000000000001bd778cffee5b5bae4c7b8d56a9aca955a04c60856b31b11155,yes,
173998,00000000000003bf4a1e491c802eeec3f1fbf3c2c7299e7935c2b0f33b189651,yes,
174219,00000000000009548725a95acbe142f74be6c9ab970ebdcea63bd30542098413,yes,
174291,00000000000006be2ad676aad3b5673d4ea83982ea7d0ff3c6b993fd963fd817,yes,
174295,00000000000006f61c6f0fdc1da3111e2ca86872b22e7366904693040575e1d6,yes,
174311,00000000000000ed044b438dee88fd77c61a6cf8dd397dcc54096d8ffc595b0a,yes,
174510,0000000000000457448f1874d53dee357c9812c793a1748ad5550fd879fba0d7,yes,
174605,000000000000068294db0526cb4a5520d21b9d4f271a34012e96784b3b3168c5,yes,
174715,0000000000000898662b346abb834e7994f3a9fb833a9600d8ace2e4d3844018,yes,
174805,00000000000005e21baf9e3c2d2e2710f0cfdbe23a9082fa53277edd81ad8872,yes,
174823,00000000000007d2af49cf122f3b00ee6b18339adbbc1f9ba0af3a5aaff5dc6b,yes,
175189,00000000000007c8ce353e944532e6bc86df43b9688497805b64556921015aa3,yes,
175393,00000000000003b3ccb2f6ed2947986476fda0b31c434618aa7d5356417858e7,yes,
176075,000000000000023806df33791c26d1bf118fad76dfcc8735a3c8d1572100aff6,yes,
176237,00000000000009335e73569878dfba9988dbd30d30c51b7684728e34f2fced39,yes,
176432,0000000000000760d5e12948fa733be331f0c982596874eda13a31eb7094326a,yes,
176478,00000000000007ce347023beee47ce8d446edbe16b015152747a4c71bf69615c,yes,
176515,00000000000002becb1a1a279dcdb408467cc90cd352dfa9b4d96b6551138d0f,yes,
176585,0000000000000a3bfd59ff262dfd7f4793a36e062f0b5b4e2a11ac5f50c1dbb1,yes,
176894,000000000000043051d1c10ca40c4cd23d232bdfcbefd2dffa1aeec150a2c1aa,yes,
177014,00000000000002cf6d2dc75ed8316f9024b139cc9d876bf66fb0b06da0225994,yes,
177115,00000000000005314de017d5722b568875a072cd920cef0c9cc61402e4e632b6,yes,
177196,0000000000000747d19bfc2c6940f73170c1bf771f9657b8b02e4e5b8fe05e4f,yes,
177219,00000000000008661a50e54186670ede89cd11aec487c48aedd89d5568510419,yes,
177281,000000000000048928922adfecc9af081d3842b99b64bc8e8de12366cf3daa6d,yes,
177588,000000000000040a96db5f81095145a7b5a00cf4d3a72c8c450da3a46360717c,yes,
177854,000000000000045b2195824567da6aa312adcae43744507ab79408bea6f94530,yes,
178120,000000000000044ae40e8427e0cda60220070ebaac9f60cd781cca792e4996eb,yes,
178446,000000000000025f106292750b4d3c5813a56c8f31620a7393b59a444c67d966,yes,
178529,000000000000046429f77e5da43df991873228bb9b933f8186b1c31c680e532e,yes,
178739,000000000000057d7147f84f35efc3086e0ee2c74dabbe29a1c47db04728a8b2,yes,
178759,00000000000003da80943b0172cf295115e3fd7f1d2343e88efdba5b489db28f,yes,
178842,00000000000001409f470ad86fb9d6ae2f3199894b402009025747f9343d15d9,yes,
178851,00000000000000bf4b29eb1b53ca31bba89dba30a5dc5adfe4f0d7423052fe43,yes,
179029,00000000000004a1d0ae12b691d7d0cf00878e30fbef3890f2d421d0f6b2d9ba,yes,
179047,0000000000000ab98c3485d3cb10b4558fc11bf7984c387918612051bc3be62d,yes,
179061,000000000000025ca55cdfac11e41bfc9c8c66da2417ab65814c69338de43391,yes,
179105,000000000000015e628594f22a190a6ec8ba9c7af57a2c549bd34edd58c76780,yes,
179144,00000000000005801565976b311b1bbe149fb390fae797f597a636a305d24a8f,yes,
179253,00000000000006f4017519eaf2ba8c7f87a3864e9cabdb0ee4ca0d1159d2dd09,yes,
179313,000000000000072e0b6fe8dd434edf900260f9f22d2807beadc1081ee08abcb5,yes,
179359,00000000000008fc405d0ff9fc4dec00ef9b0b1b8f85d7bffa1287d9d99d8bef,yes,
179486,00000000000007680fbfdd8a3e045f666ad6bfc5b808f876005574967a97d99d,yes,
179628,0000000000000942f299e02f4c20a03dcbc1d7b557dbde7ee0bbb52461a150f3,yes,
179636,0000000000000048235a62b4b7b0f35a7f207784c62486fe8eb2daebdd3bc049,yes,
179638,0000000000000507f8178101a17c4cd3685c026d18ec25919b5f23abbf7fb088,yes,
179640,00000000000004d17df30a3063f8ee4515473810936fe2a832cfa29d19aca81f,yes,
179691,000000000000057f1c66253fe89f3deeec5a203d3deddf29d92ef8b77ffe9699,yes,
179752,000000000000078721453ba009d11d1f8e49d363f76795651d14b66e50dab51f,yes,
179791,0000000000000503777b3dd40362e61799668dd2e434659ff5f38b567c2c1960,yes,
179965,0000000000000002d1985f39155e0389d09b7db84e92520444a644fa3203738b,yes,
180013,000000000000068cc91c704e12031841f8579a572a0f46a7e528fff494166e73,yes,
180147,00000000000005d2a86dbe2491b86b0352878cbe0cfaa349e656cdfb1b84c6bb,yes,
180334,00000000000005b2c608d2e7bd7651b1132afd1cab20061ecd92b814d7ae619a,yes,
180515,0000000000000874c1fe2180e21acccd1cc7f3a2389967b46b667e749c543d5d,yes,
180689,0000000000000181874b5e5d6e2fff0c9233b0df8fdfad37ea1fd1961d27a91e,yes,
180693,00000000000001405421d8a3ad73df2d30476ffa3cadc5040f9a514e2768a7d6,yes,
180852,0000000000000731a6aaf52d4aa7d1087a2bf87344ed356dd4e97fac4ad88ea5,yes,
180908,00000000000006b8842ab86034fe743c187543b00868a23bcc9a9e2034d0ea2f,yes,
180914,00000000000002ef88e92350a1f7d790125ac34ab8041831fd4842dbfc9fc5b4,yes,
180971,00000000000008fde400b5e1dfa7d9990b5bdc87952a17bce808b00228d863dc,yes,
181088,0000000000000108b312d3e6cf7f6a45ee5a9130c52b2a286e4a360df7d6d8eb,yes,
181205,0000000000000663922e9f7164aa451b884a423eba5c8767232d494b17102555,yes,
181230,000000000000095c88044610e0657e780d52fbec02276f2364049d46d7e832eb,yes,
181265,00000000000003d2675dbe8e7d3c7f3a15b830824c4c02ee2153bc954853f4cd,yes,
181440,0000000000000a682e05aaff9ddc54feed3ae140333987d9bd3a40e9d185d4ec,yes,
181481,00000000000002e0dd9b9bfbdfb6205c7eb03ecdb4151444704438ef20b020ad,yes,
181492,00000000000001a8ef912df01104fbaf49a658405c1203aaba9670e1e5e43fe6,yes,
181621,0000000000000005498466bce4bfd661fdde9e501260c447d7703c804c23027b,yes,
181892,0000000000000302d388f6c204e4a01c7515a041e823396a27e09d8f73d6fcfc,yes,
181922,00000000000009d23c67e5f7b8a7fa0ae7422b01b228e01000b070287de06445,yes,
182153,000000000000068690ec030cf3e603ff2aaa63337f6cfd8c1555e472c8088ac0,yes,
182181,00000000000002e576a12760a01f50a85c1c2260e5ee80a4fae87f078874c070,yes,
182210,0000000000000659d369e5f9ab78a13def832fec9a6a3c56097f9596aaa0ad69,yes,
182227,0000000000000591d1f48b50680422756845da951ff85d5d1c724a970f5a66b2,yes,
182262,00000000000001ab7cefdf8b67205115d04438bea24404f1d04db05c58edf412,yes,
182301,000000000000084b57878e48359bde7fa4dd5edeaaa1898ef9b60c9eea7a0ca2,yes,
182321,000000000000018fa8ecc24b058c411601ff71a921a7a9f264175337ac21738c,yes,
182391,00000000000001215c5a788fc5ab71c0f295382032361ae288efafa5106c5c78,yes,
182591,000000000000045b001e5b0c168fa907c28f566d9f3a10086945acbf95ae9437,yes,
182639,0000000000000632d1ba5d4a046ba477e18e3a179c486a5f82e04235b1f379b5,yes,
182687,00000000000002cf7ea6652f18b07544b26388e7c32a5c62bb806b4770f8aa21,yes,
182705,0000000000000796a98140a5d2c3ad4e61c623966c2d07a8e49d9046fca03348,yes,
182865,000000000000056b9927de2a79893fb11803bbb24bfcc0db15156445748d3db0,yes,
182997,00000000000008e7f65ce77dc399eb5dd01ad5afa6f037af79a7a0103b0d5ca4,yes,
183088,000000000000001003e4edee91fb4c919489d9941f702366938c16870f1a4ffa,yes,
183193,0000000000000707dfea425b291d2676f9570d244ece4dcf21c0fca02ea7054a,yes,
183267,000000000000085548bd3087b65e421fdb3ac548f524f0f7b788f6329c3af78a,yes,
183283,00000000000009a39ddb8da640a4aec609ed0e1412037af3f0f15212dbb13f07,yes,
183376,000000000000051b0475e422dfea2290c294da3e898f5aa2dc25bb4ea33ee813,yes,
183446,000000000000087bcd6df6aa427ce7a73361acb215769538bf9b16016a219fe9,yes,
183740,000000000000012683d859fa7085c0b6a1cda5e51ebe2952966a1bf245e4b421,yes,
183764,00000000000006b42e4d13d50dacc3347d87d0393a08c970db868efa274165ff,yes,
183844,000000000000085a529c3619beab6c618d69c15774b3cdb6c6201334806a8c4e,yes,
183874,00000000000009adfdade043a5de94c7d60347446a77f56eb78ec1d1f557926e,yes,
183985,00000000000005785e7263b412557e32819e22c291c3d43c463824b5d03050c9,yes,
184181,00000000000007497d5204e4b0fa5669aa93bdf4d2619b74fa2a5472db9c5f90,yes,
184215,00000000000009367d99a0082d3be4d463d96b649260d4fa1672d92e5519d841,yes,
184266,000000000000022dfc2e02018687c68f9e21eaaa18925ef5f3508534ea7a9f0c,yes,
184329,000000000000030200a49fd70bcc4bb988fc1dd380ae02dc5a37bd8e455fb85e,yes,
184387,0000000000000038a9e7d63ca00122cb7770bcede1e684561200f99a89f2024a,yes,
184387,00000000000004866d71b5201010ff53b2e99a7385247b2aa96a6c2116ca1be8,yes,
184429,000000000000024881e515c5ad7e7e13fb03df566968762a0e8c093d99aa1573,yes,
184486,00000000000008cb2d8f09a4e75934ffe81ca7c2dcb5d4e86a709664c47a8370,yes,
184522,00000000000006843c118826e450f798bc4017d926d16516c5e43c421143ad9e,yes,
184599,00000000000001afa9e1b1067b63fdad85f386a21c652c42c47c8d1eecab54d2,yes,
184616,00000000000002b552393987df42a7f94a4353d864ce63067a82b1371e222da0,yes,
184623,00000000000009bc6ecb39985be1a9633935d5b8d49fb256c113022c7a97cd63,yes,
184624,0000000000000854d8bfad42637b3bf72eb6779f2c8c89a794f29952a0c787e5,yes,
184648,00000000000007a25bd25ab72cbcf007c1ab9321298c4312179897d50e4efe1d,yes,
184679,0000000000000844b9da3e6e5b867ca3c080b5b440a756f9da4bac6d97ff8819,yes,
184757,0000000000000556136b45aab2e8af650d592a59e497fac30ffb7c4a2c568231,yes,
184758,00000000000004c2c453ff45ef2f19366a7bfc89211ae583c19e582c898dd0c6,yes,
184760,000000000000006b947177f05f87a767f5178c61aae0563d2505f883f42a6d47,yes,
184771,000000000000025c0813b34a11b6488b403586b3aafe3d121ddff17e1be3de15,yes,
185059,00000000000009bd9a63daf56f71da2267b340383783146d794e6dacbfaee195,yes,
185186,000000000000009b9eee223716436ece35021d1c7a2e4eacc0f528632b7539ca,yes,
185188,00000000000008dc0a7c261043414151ee10861b841f2095f31de12a802972f5,yes,
185276,0000000000000840fa27d0f115d28ec6bacbf7ffb9da38144438e5770bf0c524,yes,
185317,000000000000040b54a7d36102384832240cb48e3c46e4528aabb2094a04b54f,yes,
185354,00000000000004255c458067a058e3dd3cbc5b67d6ba545db83d0e669f016101,yes,
185394,000000000000078ac8f824b655ce3652f18a43512de5dc735a313dbfc7403c58,yes,
185797,00000000000003b2ccacc405c8b3ea31ca4562a6d00240aa44fdb9a650a862f0,yes,
185817,00000000000002eb34976fa4b0ecdad0492158a76fd3cbd431090a71a8495446,yes,
185891,000000000000024287811f3979c34b1bc45df06184d276c8998647f46920bae3,yes,
186059,000000000000055c9d0ec106d8bad843c8977daa59e7db327e389a08d1f51cb5,yes,
186110,000000000000012fe2652842e3c6f8d1b6b1ac26ce42c23fd909adad79de5371,yes,
186114,0000000000000024ff1f77082b14b782b96ce2390d287b890e05a9087bd34a29,yes,
186114,0000000000000045a740ec861c08d4f9cbbd8c96c9f0f4cde3af002c0a15dba0,yes,
186173,00000000000004f388be493ab27c15e446adef0e34da8e6d0a9412231228f463,yes,
186368,0000000000000373172d109b3629d78d99df7ef1dd9cb36b8504877761c26016,yes,
186419,00000000000004e2458fe715cafc3e64f03f02f2ae9d26e8e4f831011819a00e,yes,
186575,00000000000005aa80c693dfe9b8efe09489b3dfe0699f1c49f7562b5a0af382,yes,
186845,00000000000006a97568bf367e8de9679011a6304b63894ce18916e59a311273,yes,
186972,00000000000007f67a21dcae1d7b3f8a889c1f77f392c9313c136b42663551cf,yes,
187452,0000000000000995627a52c5ea0372d926539a615c972a80455eeffce444f6af,yes,
187601,0000000000000437fcb875e192991cec67aa4d7c53bacfe129ad4293b6354b52,yes,
187637,00000000000004cebf2bb7d719ffede9c8c370c8e1219dbb65c867d8a30a5504,yes,
187643,0000000000000364b01b072b30fea016388261a177abc33069e04a8fd13b78f7,yes,
187783,00000000000008f4bdc82991a6a6e53cf9ae21008e67c234232a23b0b8ee69cf,yes,
187826,0000000000000351313ab889fbf2caadcdb7211e40c02ad5af5c69edff4ea557,yes,
187989,0000000000000909b8f0f118909d5da5db7e03fc520e34f2255a0863743d00c3,yes,
188129,000000000000094c815d8bc76385734bab6a16747d29edd4c80a1c65d896c95d,yes,
188321,000000000000072fe234222cc9ad6f06e25695cf963e822757305facf1f0e8c4,yes,
188347,00000000000006fe9a4f523e27a137cf0ffbda26a5dc088291162fbba334c949,yes,
188520,0000000000000150cb65322057768d4ec8cf0f9605b40d1bef96f2e2eca34e53,yes,
188728,00000000000007655a479f9c8e7656088f6306a751de0c01467d243d92c07dfa,yes,
188966,0000000000000271becf28a72c48cc170842c7d24160a3e2539e35a2170ab119,yes,
189189,0000000000000376ca90cdb12ca3f991dec0038da833f4801a5c29d599212152,yes,
189413,000000000000048d2cbce56466b5bf42fa5ec95b42fe06b29a6c80e6dd84fd3e,yes,
189422,0000000000000821766f122b6b0dc365df284b0cb7184b93ba1d60833727c8eb,yes,
189519,0000000000000270c6b8654caff27060b63edc41eb97436d9f4c1b5ab5132ce5,yes,
189534,00000000000007b5dad149586fff134725dfa0ccee612a110e1c60911b4d05fa,yes,
189589,00000000000000ebaf6edf7189636915858347b1c42ecfe18237fd4e2c19b919,yes,
189819,000000000000071b4a4f45913579881a47d5e4cd190a99f54c758e52aeaccb75,yes,
189852,00000000000006da2062b36ec42d3f9108a24b276614ff1d979d51447b1b8ef6,yes,
189861,0000000000000684080c3c2f4440122ff3179566ece729713cf07cf2340fc29d,yes,
189970,0000000000000608dc82bf5216f38b0a13c38d09243cb9ff28baf7ebaa139716,yes,
190029,00000000000000663f4bfd0aa48295b2ef3971e14f98333c2d68ecf61d6bbda3,yes,
190031,00000000000004e7b80a983007ef14ba5cef033c044f1b49271c10fbb2caa26e,yes,
190107,00000000000003ab65065e4767d2f0726838136e33653e2d94f9b43053a0f635,yes,
190380,0000000000000868531789283ba2f0f7af4a09ef4c6107014a2863e00aece247,yes,
190715,00000000000003b348e09caa2306e061771305be2903120477d69fcc5e677047,yes,
191013,00000000000000c43dff5269442b02562168d3f18fca0a36294612d235326a6b,yes,
191065,0000000000000755aac0e63fed9addd80f8dbec5c1a83b2812c53633bf9dbe9d,yes,
191307,00000000000008d0e8d48ad4668d3bce7f5486cd344c0fc945f7590500bd8c2a,yes,
191317,00000000000003414b1a742396f2092c564ab5c062fa85b7a0913f8ce57fa2fd,yes,
191377,000000000000045c2dc5b17e7aa1e690839e13a2c89a76a762b58eff58720ec5,yes,
191637,00000000000003daaed8ba7c4a7bb5c87581ae71ba21e8b44526cec41fe97b0f,yes,
191810,000000000000073335b2c6ccdfeff59658a1714b6c6de3eadf9ee3954aad0562,yes,
191925,00000000000007ed9501ba3d7d553bb0c2d637273e0807262751c9244250669d,yes,
191931,00000000000001d9c7efc561de0398c82684de343b65069041bdabd1166cd94e,yes,
192132,0000000000000026b693372374f8d164f72cb47a66111dc94ea5ca4b8e008da4,yes,
192238,000000000000004059f375337bf03c8768e2cc61f50d2f16620b42c8f06e7edb,yes,
192498,0000000000000105a2a6aa73a16548e7c478feb328412c3c8e568694bd230deb,yes,
192593,00000000000002ea87b4de6d292a2a4c7e0298d1432545d3d79c9ab9fc02c5bf,yes,
192649,00000000000004888e622f2aed1aae25b9628410c70aeb3dfc6cf74b0be0fb28,yes,
193296,00000000000006d9c44b522209bc5f4310256346e7b287aa98e00fd9c2e93d35,yes,
193565,0000000000000264185221cbf2899f1aa22c3a58fe4cbb4dbf7e695bc5850f65,yes,
193592,00000000000003ecee28887516ee20ac2f9739994b4b0becc0817824fd3a7e01,yes,
193653,00000000000006b5dc4e715dc0de37f87e582d573519f7967b134178fee1d29a,yes,
193932,00000000000005c51cdb28d91f34a59079abb3ccd65563ddd40e8488121a296f,yes,
193945,0000000000000422f7000961da2a3adca1d945e0ccac77126f591f31ab18db9f,yes,
193975,000000000000046ca703968012200349abc33e1c8368a4473a1e52a90a79185e,yes,
193994,000000000000049375fbfcb9f3e1696ab4397c7ad07aff89b42e246fe7c918c0,yes,
194054,0000000000000127ed5fdda98117c6eb63105ad33054cc6dcbadf1cdca08b9af,yes,
194065,000000000000048852d6e6a04f69df498726c4d5d54f07df1ecf42ee55d02fa3,yes,
194089,000000000000046026ab02758e14098ec5a4402192e78a5a769f1570af13189d,yes,
194159,00000000000003d4327559a60558be5b7fba29ee8926af2798560f1f48ac19cc,yes,
194166,0000000000000555059de2d773e33e6e08d820b18acc5f00f0499178e8dccc24,yes,
194229,0000000000000261ad67509dab9966b14ad00d5d5d1d263be12a24d99a336c09,yes,
194230,000000000000074b1aa3d543ad16c1a3bf179d569acb1b06cf33871ad5231fc2,yes,
194325,000000000000001af52ae1eaa7217ddbf4f1728154a0e7b05f6e4d5b40c668d4,yes,
194366,00000000000002fdf4c90894cc2a3ccb24c0a113dcd1fea23777d8da28f53e91,yes,
194385,00000000000005028867b9ab272f5014a04db51c091ef7f4230a72687f74e805,yes,
194406,0000000000000145e4053924aeb86a168ec407edb43f3fdf75da607599019a90,yes,
194455,00000000000001e0a449c61f38fc456e9bfb7b607a883c314e6f7b9331c2cdea,yes,
194496,000000000000027449767e5cb6c61321f9873fa0eb535a25da0a4c63c67125be,yes,
194730,00000000000001d55cc58524966d923892009353241a08bc03235bd289418c1a,yes,
194936,00000000000000b2e5f350fe558a86a8e34797bfd43a116bbc64adb66d9e87a1,yes,
195011,00000000000005eee26d5313ac960172e9c305028871b4f7a7a4ce995eef8034,yes,
195363,00000000000002eedae7b57b3c7329a7f9a441abcb7c7f146ac46251a1b16dee,yes,
195464,00000000000001100dc20a1bbc60cf8a96fed867b1c4a54329c5842503a303a5,yes,
195467,000000000000040c5f3eff9da97188abb2f5f691b442d6352ffdf9d1db399618,yes,
195471,000000000000044e0fa40b26bdc65563fd5ee536a310f7b91286077fc3514fdd,yes,
195528,00000000000004a5e9a164ff96c1537b8284ecbfe86c386b202f4deb46a7ec44,yes,
195551,00000000000003313ba40d3ae0ae3874d32031ffa5dbe823889246c553281c02,yes,
195615,00000000000001cb113967602a2a2cd1ff4272ca767a886bb972c413886b67e6,yes,
195731,000000000000039db13e01ef0f58aa7b67177780a46fc657a515d9aecce13011,yes,
195772,000000000000027f57b86241c1d76e6c3f01c30ca3dc7c59e911cd13d48b1cd6,yes,
196039,0000000000000522f2f8343426b9d91d14b604d99ddfada5a1e5424246cce4db,yes,
196164,00000000000003d9a0d0a91dd7b0ead2655826dc630d9cc03b38b3dd48bfb622,yes,
196482,000000000000031d080e0e20ca136ebbd3c47254636a9394346fe44e939e3115,yes,
196502,000000000000062cb12a6d01e55fb093dd484b2372160ee7d82205a0aade5d23,yes,
196515,0000000000000435ae17346d4b179ae21943e85c0bf5052547e41f96bb471b39,yes,
196699,00000000000005b71d5366f00abc42fbf555d1be267a61ecf99951403ba53d10,yes,
196745,000000000000038be931c32eeab96a8d6e3064fe843b3da115a7709b88b38f54,yes,
196795,00000000000001bb712adbf9ef64262e5d04a64cb21cd12678b5d7ed2b875248,yes,
196905,00000000000002fb58003e262bad99c702017f9cf737bc000269da6a931d560f,yes,
197021,00000000000003589304493de3bb3e36abe66342b3c8997eb6fcf25710079ab3,yes,
197236,0000000000000302497efa8b3b6f7d8e2bd54931ef43cf26f594f3bbc64caf82,yes,
197345,00000000000000fca612a30e21ea4dac7bae080be8951489d561897e4100f466,yes,
197380,00000000000003ee2806650f26e90b1f66aa83e84e3eead30838e1287ada828b,yes,
197452,0000000000000472b8e7a91b65a08bcef2b22c308a7a4e4fc69470ae50f53ab2,yes,
197675,00000000000001b15828aa35d0b9feb2a8fdaa9becc591b87958033a1313d03c,yes,
197883,000000000000011e6d02f6063d4a797ce42fe1f97ecf3dd640b8145f12c2304d,yes,
197893,000000000000015bd72818e86faa72e75acc3d2e42a93af680acb4bddb2aeeec,yes,
198073,00000000000003c18d31b38be3bc04633dd4d327eadd04583dc8da8e80b6f6c9,yes,
198346,0000000000000565c285782f804fab8d5d768c2b329dcf102e5969c7cc32966f,yes,
198359,00000000000000963ccf1b79a3bb6f1b23247f6865aa2526a89adbd60c2dfa3c,yes,
198368,00000000000000c9993d9f5bd4e5623162002a0224330c88e4fde07aa7e1fbf4,yes,
198594,00000000000000a17daafc8c0cd82866a6d2f6240ad81669d96ba01e79f27670,yes,
198778,000000000000025a25dbc063bbf2345037d5042c67df64d97baf0a1d0629bbf7,yes,
198785,00000000000003ef2714ce6b665433062f71459727afd1691d04dbd453f15cb9,yes,
199126,00000000000001940876d93b2c8c636ff9eca069dffff98d7440a05577f6b366,yes,
199388,000000000000053a5baaf81703569bd7357208e36e3b3427c0a9d90faf0bf6c7,yes,
199485,00000000000004c11ed8a0d127d49bd0f1b2c631f33537fb1e1cfe921e587f33,yes,
199519,00000000000004c2b59b259ea04516929c6176fa565beebe3ad7d6f6bb09f94e,yes,
199530,00000000000000521504ea00eeeb139cf46c2479bf143245a13b3c62dfba3582,yes,
199559,00000000000001eaae5a798fda46fe690b04e47354de329c16f0181c6b6c8900,yes,
199604,000000000000059e65d63a1f0fe0320199fdfcb1433557703d2820c52d685196,yes,
199616,0000000000000146e75d7aa6286f1e178e4e4ff31e02be4809d91b6bafb3ff95,yes,
199771,00000000000000511369134a264032426514e6637d9070ba81993a6d2be3b37b,yes,
199861,00000000000002b02b752089e1993611483ce2b0668ba4deb6f319c23360bb0a,yes,
199929,000000000000028fb757f8743a5bec97c4bbcacbf3bb8a246a85387e325ae1cd,yes,
200003,00000000000004f24f2cc912abe8fa1fa881c77da11014b2f2a9bb43ad70bd1b,yes,
200017,00000000000000cd3efd7efd23629f07e298cd96ec49b556e030586a31b22e53,yes,
200206,00000000000003c961a0033302054b518bb955345e5d164950eaf23027ce21b6,yes,
200589,00000000000001a7888ef6bfe3e726c2bc7a28e7cbf4549b6d7c3b9711ce194c,yes,
200649,000000000000044c6c2a7b85e2adbc7aee72e35b152193c75a85f1d4abad4ca7,yes,
200660,000000000000037261e3cbd21e0750ef8e2dd1186d4264127636a933989de641,yes,
200675,00000000000003917f8aac727138a0acec70371c9ede47e0f2adb300bde4fe58,yes,
200785,00000000000003d4f92cf440d56f67d84ac9ff2e9a013ad8e644b9cc2e16c2f5,yes,
200806,00000000000000e78688c1b2c9449f5402d8fad08d9403b295641909e7b3ee8e,yes,
201029,0000000000000434f887515ec56f9fa02d8c14d8fc29e8e8068ae98b0a61e829,yes,
201439,00000000000001ef4e6adfd78bc4b929488f3f0084c24becadeb520a9ff7021b,yes,
201579,0000000000000220890b4126d5e7ade0526320e9697952232f119dfdb7aa9530,yes,
201682,0000000000000528601ce479fbf6121a412c1548bab9f72f3fad98e9a564b37c,yes,
201735,0000000000000299aba6e90df4a474f419c35d8c113d35429698398988ace99c,yes,
202131,00000000000004f2568e4e9f2453ad9fd40ad9f9086ed35a94f8092baa61adc6,yes,
202171,0000000000000173ccc308422ba12ec925dbe5b7da92927d02f84dc51c83e9fe,yes,
202249,000000000000038154b6f5d603d5b7771eaa07a67b456d3665934c280e27c63d,yes,
202288,0000000000000035cd9be864c6fcd4e1b96ea280fae6eae9c169569d89ae5adc,yes,
202399,000000000000029ca6b2c77d5002c4363c4902cbd874837c0f8d01ef7f87685a,yes,
202426,0000000000000148309b186ab2ff6056fc9312ccf076699b053e3cbb4310bff6,yes,
202528,00000000000004235f70be0fd2fcf04dc2c7ff721971cc70d32a750097430a33,yes,
202592,00000000000004510048ab432d49ea637213fcd336f31c2e3f8c7d8d362d02e0,yes,
202602,00000000000005746c4313d7718421cb516341242127eb5805e41d7f79ba7dd3,yes,
202749,0000000000000118b98ecfd32f4f87e060d890ebd1a4ea39ceb669cedf9907a1,yes,
203156,00000000000000d94da9f1354d656664c76d797f4da2ceb57d08cb673833bc08,yes,
203236,00000000000004b9a4379c2ef79cd76b6f5202d21f8ec367516400a40ced15d3,yes,
203589,00000000000005425cb0017cf9bf49c4f66bf9116c1941bc451bb8a433f951af,yes,
203692,000000000000027dbce2b44660b15600edc805ffb6d40b4b40a6af2bd4bb3f3a,yes,
203883,0000000000000461274f98a94a88536bd7add57030629884e65b2d45f4eb016d,yes,
203926,0000000000000558ea75588fc593f5ef224e7616448538e6986c7c310398bddb,yes,
204025,000000000000027466e3bd7b3af2ce314ec68b7390a404df4d760f1f875fe77b,yes,
204105,000000000000033f457d1f3918ec48299fa90f186d5b0881c1ea079221d8b546,yes,
204132,000000000000040afb7045fb0c551a058ce24803687562ef28a1415a58b66f44,yes,
204411,0000000000000521ca82c98269c42e0e1a65e158c10a37bb8cb0621ac1884f99,yes,
204499,00000000000002916cd7a980b4f2b9407976fd8e4b9b747193bf74e15b66473f,yes,
204591,00000000000000b5cc63ef653bc44a782e96eddb460fcf65b070b12e06399d83,yes,
204705,000000000000026e3a5253ebabe4f23225b481c27c8fb1245b8b6b69cb61e6d0,yes,
204783,00000000000003b3ab8b904a43d63bba26fe01bdde7b41cb687b80941f9899cc,yes,
204905,00000000000002060c57776b00a8c585d4b0c6f9536efadea7009017f5ed8bed,yes,
205367,00000000000004154030be7f9fe512ceae47df168f3d0a65f64011cca44eebe6,yes,
205415,00000000000002bb3395654e0a3a21b5b2eeb9369dbb8db13a1d6e66bd386843,yes,
205454,00000000000000aa4efee969337e769a70df8b1faa680ca3d41bbb3b6f118b5a,yes,
205471,00000000000001b85b445af7a6e35fd96d95665f30d6f0a90066e5a99c04fdc9,yes,
205550,0000000000000451ad80e19db94c10f09b52cff4b65d294839764ffd01e5e23b,yes,
205766,00000000000002f21b61f229525a18170ea5841a8f581d99481e5bf772dae694,yes,
206130,00000000000001953b52e7f23cb7a2bb03588c78a98c0913b208d78ed4c4be15,yes,
206143,00000000000004e7ede3ecfc99e10c5a037f06943edb23e6e0944112baa880b8,yes,
206314,00000000000004063eb601d2ebb4f24ad064be80f9230808d852e41f6d2416ca,yes,
206495,0000000000000149634d246ef7e9b9795ba17569385ae4aac933c0e436c51b44,yes,
206656,00000000000001dccdf10060c1a57e5ded19e8b224a2c089b2784a8c1d3b4dc7,yes,
206779,0000000000000039c7cf2c02e759262c311bc8cc7845b9068a5c9faffc113e40,yes,
207018,000000000000014a5aa7caad3e80383423d0d4232e87330606a16b2ccbb50b8d,yes,
207113,0000000000000153f48346c3589e4bb41b1ac915aea89f8add63b63f2fd4afdb,yes,
207276,000000000000042b8d5e2e11ba6c09c99f852944d9840e0698f45b6150c3016c,yes,
207500,000000000000041d7055495d5818dae8b14785dd9485b16ef9608e2570994243,yes,
207646,00000000000003ce324bbddb54ac7adbf4b243e978844d1dfa2dc5211fc10e15,yes,
207818,000000000000045b319e5f1aa2f9dfa5cb562d8869e61ec13d4c27ab4717c525,yes,
207888,00000000000003c44912ca5ee6873cca38fe1725da2ad52145b7795fe3744d92,yes,
208036,000000000000013404fe15c6c019006aaacd911be669219f3e5ba84e67876784,yes,
208146,0000000000000186ded0dd90e5c4c11e1c7150b6600f28d489f17f49a5178111,yes,
208177,000000000000010c0c71a408b12c501a324efc093fa951fad1bfbcc294f07c2b,yes,
208505,000000000000029fe4bec33a94588688352a2101ebc9dfef2d060e4ceaaeb1a6,yes,
208532,00000000000002ed78df5db7c3227c3e6399a14dcc4c4b22efbd3cf7386e62bf,yes,
208764,000000000000002dc05a83ced4faa7c894d2e7a554f645a113e542d22978d416,yes,
208931,000000000000002a9ad3e83bbcd7086f824a0d0372ec1dde4e48e923789080ce,yes,
209033,000000000000007995b4a633f1ed8d1d92a31db30d91d642d380ac62d31a25d9,yes,
209047,0000000000000175ac7b6514f81f03577f8cf63ffdef22673a5a8eac67da27b0,yes,
209198,000000000000038fbeb74be20ab967dd48d8956c90650468f578578e625d2e7e,yes,
209315,0000000000000079a8d755a6ce1365e325161efc51520ecfb7667475536c2fd9,yes,
209437,00000000000003d9b1e3cd404be72a33a8beedeca1af530837ea7077df248d35,yes,
209539,0000000000000259bb7e3f9b385eec48edf41764e8075ea684a46a50366c278a,yes,
209741,00000000000004c96abd667c56ae89e24c4b8ff28d7e421bcaa35bb8e45b7b39,yes,
209855,000000000000034931632501b6d824c6f0fa9b9603128b4c955a5b2feda5b6c1,yes,
209873,00000000000000bb3a268dd523689934ce76ac1898d111d03e8861365cca2c91,yes,
209927,00000000000000db4beede1e3503f323a2ee9c09921806101e76f253824f7ddf,yes,
210026,000000000000007bf79938dbcf5f110df543202a7ec43ea329835d2549071152,yes,
210095,000000000000028ee8d5a680d5a56db64cb8846ff8b7bb840e21ea043cd4b125,yes,
210791,00000000000001b6b7267cc2d32046b247a8378a9bafe020910dd15b6e3dedbb,yes,
211153,0000000000000269ac4391fd1d261de5bc1c06a51bf7c8bd633369fb1c77f35b,yes,
211170,00000000000003f381876c78bfd249b68af2b745e374e2bf04450176a2e944e4,yes,
211444,00000000000003215b4abd41d21c02225730a110e98f11f017a3b78e953f23f0,yes,
211694,00000000000003f7966040b92010be20f56a0082b552faad5c5c0960d1f58042,yes,
211731,00000000000001082da75a6f43771d9c00c648672adc69da82219268b0f505bf,yes,
211734,00000000000000aa9343076f4e3a998b3d63bc7295c03b072e08d32064a48aa7,yes,
211758,000000000000029e346dd941233b4c6ed3a92afe738bec0e70e5ac1c8990e5c1,yes,
212192,000000000000030be108476cd22c27cb390e01c33ce339e44354eae543d5ed3a,yes,
212302,0000000000000317ec8f73107cb2a17e32e1fd7023bee92bc17634d6b53e7ed9,yes,
212397,0000000000000219752dd13a6890fe10f18d058436470fc9966eb18c1ea982ca,yes,
212637,00000000000000466dadcf9f34194e8b19fe17d7734fcd29caa11e6722e78898,yes,
212637,0000000000000159cc4ff9a0794b9f7b298f790f313a3a6cbeaf794e46279d2b,yes,
212694,00000000000000c021bc3473b9c566f78d586c29040db5c70645ae4596e419fd,yes,
212897,0000000000000254108947e3b61304a7d82c5cc57755a08189b52eb5c6167298,yes,
213272,0000000000000182e2a2e717eb78a6e279715741b23f4f4fd47519bf98ae2ebc,yes,
213285,000000000000037787e8aa479035d6299b11b82aba82a3134024b5b9b73e1a11,yes,
213543,00000000000003f0fada73a4bda11b1ad9f7c8ac1cf8b2c7da40655a926001f1,yes,
214224,000000000000006a90949c115813ce5aeec8197c713a0b8df3044ebca188b12e,yes,
214557,0000000000000221189f02cb3ce8f580639da0413a996cba761edf3959c9bbfb,yes,
214874,0000000000000585ede9f394eec90f30be129a3a19cb61336ec1c03e7fc7b299,yes,
214965,00000000000004b10d034f9de282c135db17f9d80059dfe247328668ef811344,yes,
215114,00000000000003ba4e5bb5e8d2bc8986fe4b499b5f117cbc797de8cc1223c465,yes,
215439,000000000000021990b72b7b0b94567272d4a77eec36fc5930e5fdecc43d537e,yes,
215477,0000000000000455c13e4fa649ab0cc1c7ae2deaae617b439d04f34c474bf897,yes,
215958,0000000000000351ce82f5afeb3cb4d9eec1828fa49ceb43527a08b15a5aa5fe,yes,
216107,00000000000001c343aaeb2c008dfd2ba082f333b66c34019291ba7b626bc0ca,yes,
216386,000000000000027fcb274127117c7e7e5fcd7ca211767e4a7f8108f638a20c8f,yes,
216458,000000000000034182ada8bcca89f9520b6377922b60d5edc630aecb9414c6c6,yes,
216838,00000000000000e168bd4728891e27467068588b264ede688b78808d075ae1c6,yes,
216850,00000000000000b529e10297461bbb92dcaf77d6aaa6bd39fa1c7025a429ca32,yes,
216883,00000000000002cf54cd4257f6d01e39c13f5944949e57ccad3465f8f027d01c,yes,
217004,00000000000001f8f5c4690fc364670bf40f0022b217d64f068a30cd669381c3,yes,
217032,00000000000004973ca00dcd90fec25f230f2c5250de92871625db60b8708114,yes,
217111,00000000000001cd09ff7e55cb85955eb290002ce60650560223ac5984e08cb7,yes,
217683,0000000000000029f7a3855c3046ef7f9772909e025e569ba441ee1402e727aa,yes,
217742,00000000000003870259039d954d0329f1995d20fea36d9103bbd7cd544e5b53,yes,
217902,000000000000016d10af6f8c8ae1ebb61d19c0a804f04b2fa0efa0bbc985b8ee,yes,
217992,00000000000000382f6ac2747ea16f1a7fff4c3787ebebd58dca7bae24cca57a,yes,
218051,00000000000000afbd9ca174458b81b317bec90e391414bb6709f887d17222ae,yes,
218595,0000000000000559231a2f134d5819593cad6fd26dec0cf13e609690f6f4a508,yes,
218632,00000000000000b65163237af256f319b91ce5584aa4b8fda04a6cd1eeb01cbe,yes,
218683,00000000000000a9f4567a837aee989703fc5288ecb73e9ebcb2e409fa165800,yes,
218738,000000000000026b87074fcca6f7d82413a966614fad4edfe82592dde3de48a6,yes,
219006,0000000000000350ae0bbcc022d4c703a8ddaf08b47e8d3df549b1e2c8eba19c,yes,
219066,000000000000004e16b951c83ea3050971270121d606038980cfdddd7f60af5d,yes,
219231,00000000000000d2084c29d5c77ad12ef4092b10aeb5694861208cca56421568,yes,
219329,000000000000058d6d25a196d0b4419baee556a7c1ee8e8396d9fb7dc8c7620c,yes,
219823,00000000000004122a06395fa698f46bf8b4d243cbf21a25660df13a8364dced,yes,
219947,00000000000002fde926ff1f644d2e241aa2921af4200941dda9e8d7e853af38,yes,
219980,00000000000001fa0acabbc5f241ae0ce539cd95403162b6aed88871a9e1e015,yes,
220209,000000000000050adb10a2dff9d3170fc990a5cbaceb33aeddfe88086b6e79aa,yes,
220226,000000000000035f5f708a0ada05280944ffd72c330963afc61e51f5a1fae435,yes,
220473,000000000000046e0f8cdc4b65ba2e5d9cfb16a9ca634b9399b88d6a24afd3a5,yes,
220677,00000000000003024bd08975e6cada244f104dc7e526b7e3a3f81ff08504a64c,yes,
220816,000000000000015d301ae6dfb489923b4fa3cbe360de958b985fcbd2bb63476b,yes,
220908,000000000000006c480551533d0d7310155bff5a272b2eb7acc2183c28c91146,yes,
221047,00000000000000c9f21a0fc4963a4f75b9cf35e42e4cdd489dc6fa01b07c8711,yes,
221063,00000000000000c358eb08c7b49572f5689e474f5b9a5f6e50e904f7c51808ef,yes,
221520,000000000000009486d985be3a087f5d9ef6870aafb368571deaecf8dbc58e48,yes,
221605,0000000000000176a75fe5c538ac4ae31f89cc242d1b1b5978f31f5c7db62889,yes,
221721,0000000000000457d33deeb5a4c63828be91eebe2416b853e62f759bfada3e58,yes,
221954,00000000000002efa58a443fdc709aa682f8242eba9013c6384006376dcaff12,yes,
222150,00000000000000b99921fed595186d23646950de2d630d005e6bce827957be45,yes,
222219,000000000000027954f195ee915a2bc333b8acb80d2b37e8045854ed11225df6,yes,
222455,000000000000043406fb8214b1188e00320d3c9f61f6f6a91c23827f065e081f,yes,
222468,00000000000004624fa885d340672ec5ea31c99341c435c321effcc4c3ed632f,yes,
222932,00000000000002d2b1263734e44dcd00689dc6c54e8c31f07cbc49f0a2e2dd3b,yes,
223157,0000000000000213508e9e38212de28b810e56fd11464243e601e29f3d8ac3a7,yes,
223305,000000000000003aec1975a5d70b1a9f70eefcc313e0bdab26d3ea42bf94299d,yes,
223372,00000000000002409bb76e1202ecaccc4eec07b49dc43c7aacc35dcbea1d5ec0,yes,
224002,00000000000002cbe92e74ac85a74ac966a695db9bf7287ac58a4a3b51bf60e3,yes,
224190,00000000000002c12c49dca201a118b03e843f888e39249c5b3bc365433bcd11,yes,
224195,0000000000000376b6bb0c936b625c169f274b86ccfce6978f05f825a5d68035,yes,
224205,0000000000000327037542363c836792797836261db9c2df6bfd38fe08c1d69e,yes,
224427,0000000000000078e536c805dce8f8aed03707b1c9b00ac0478715aae872f473,yes,
224746,000000000000010eb20f6d63c762d4debf9cafeb14d78f541a684e7b167092d8,yes,
224878,00000000000001c12af7d07acdbe9061b607d908c9324725ad9be15c7640a2ab,yes,
225099,000000000000021248287d966166067dfc0fd41d2361243f1ac78bd4a2021b27,yes,
225436,00000000000002059dac4d6c694d8ebe07f45a800618a257ef67fe391f33ec2a,yes,
225437,0000000000000222d8f3c56cd9a3cf19c1d064b03a2380bd92fcfb69895abd0c,yes,
225654,00000000000003c582ea095e42617d29928aebe92bc735ad0f1702ace97276ad,yes,
225830,000000000000020c0af0404ee4491821775ba73f5eddda2f17cfb9f47ff7423d,yes,
226070,000000000000029318784b704df885c2f1198fbdc772472aeaad651e0a94c1fd,yes,
226589,0000000000000065d3c30572f65cc9a0a8759b4470d0180629040f4e0125e10f,yes,
226752,000000000000004532c36ed2c21f9f534e43910c802c1d9d38018aa605a53657,yes,
226776,000000000000026663e85a748d2f650324fa5c161ab8247a1bb4be50cc26147c,yes,
227996,0000000000000028ba7e00f6fd4fbd97a2768312867122fab48ad0605ba8ec88,yes,
228006,000000000000019a6ff35e309e97a158a1cd2a38ee557626bd34a83c1b79b7de,yes,
228007,000000000000008590109192f1f16bff0913be84dd262ffe0f58353527098f04,yes,
228008,000000000000011dbf76678ec76bc962a463f9373e410175c51140da6fb1f656,yes,
228239,00000000000001d0689b4e02aeb3d1f5bfc828f8b87f5ada216945ac534f1c1d,yes,
228240,00000000000001c88e964b2022402e150c5d68bf6158929e1cc679f7b6049b76,yes,
228312,0000000000000052c36d20654ab5d65215e78279ea951a70da0f1b27394fb4a8,yes,
228351,00000000000001937f370b3f673be3e485930e9d89e3c71ff5ac62dffac2b8aa,yes,
228413,000000000000020ddba8dc0a03cee29210393155a884c00a3a3a58bfe9b32fbb,yes,
228415,00000000000002028c2246b9a75ae9e42c808ed251f43a2e6ae2878524e4826e,yes,
228453,00000000000000a7f674126a2ad091aae895f89d46c55c85cef7567920278d49,yes,
228491,00000000000001a56077729d35610772fcbcac6d66918514434b754a15d3f188,yes,
228508,00000000000000bb26603f70a29e3cf19f95baf8db2ba190c77add2aabee716c,yes,
228555,0000000000000216a22af469c121b42a73a2907cf4a1a15616e6b892e326aa21,yes,
228615,000000000000012cc3b85760cd0900fe35da2dd1a63d2954424d7e13b24ff83b,yes,
228757,0000000000000059f23c52f0e475931295680e4616e5dc0f45e014d00ce377a1,yes,
228798,000000000000021009859602f77bdb2d6f8bd2d851f80764426e8418e57aafb4,yes,
228837,000000000000014b8b5622637dd7bf9f0a967d600a7892291140deabb5c53e90,yes,
228955,00000000000000c0c24f6dc2697d6dbd4a22b185f1574429249bbc0302a04264,yes,
229221,0000000000000007c1279f5f662e3d168141186a0379b36ff29fc9edc573ed9c,yes,
229276,000000000000010312192025960c27f5e17375918e6467a6262eb88fda47dd8e,yes,
229314,000000000000021c122691e0a7e0ac2bd3ab509cfa706627b680b221e5360fbd,yes,
229333,00000000000001069f315a76d6fda8738e96bbb2e7bdda92c456396c212aa543,yes,
229745,0000000000000085156964b4ad659ecfc6efa460596b92b362a9e6d9f3ba7a65,yes,
229803,000000000000009fa0824a604df46a6a4c157f91d0ca5b0b016575aa01e796cc,yes,
229887,00000000000001e012a0460dd378848724ce72e6f54e59ea628d1352abae4b8e,yes,
229991,00000000000000df29c415d23a3eb2e3289ebdd4f9f9ea7b6ab90741b2038314,yes,
230222,00000000000001d9d64c61a083557fbc06e278a702eec22fbc62409189171970,yes,
230607,00000000000001491c91652144efa51dc2c731160f7f47f03bc8ec42103b786b,yes,
230647,000000000000005aa95674a5d341b523e299d6064afe5d656b8004c6f1adf7e5,yes,
231475,000000000000021f98b37af099f32c6dedb396b5a6b5c7e730ca0b88dcdf3900,yes,
232122,000000000000012c35eea1c9b75f87a2c6d7e2d989e6fe062f6a61ac6df55554,yes,
232776,00000000000001545569b83da68a10919adb82748119193cc64ddbc76b2d587f,yes,
232900,000000000000007ea5169e9a2e755e90c10fa0fa4b6f6477df5dfb56331c6fc8,yes,
233184,00000000000000f260f0e87f7ea95616efa80d6a43c17a77c4b83d7c3f2085fd,yes,
233530,000000000000003271e7ee9c7c6325a60d6c1989be77bb5ad9e917109bafd2f6,yes,
233640,00000000000000adab35956acb3f8be64689bdcdbb4ea040ee9edf70c2178200,yes,
233677,000000000000000a16cce7d302b59a9598d4a2688d243aa42de76599c53e2173,yes,
233685,000000000000012e1bd868bfc5c2d8557853c64897ab39c347aff44e78621672,yes,
233702,00000000000000b55a10e4d90e68c978b34d8922150c2d08b3277471f9693600,yes,
233787,00000000000001999ed18dd14285bf357babf11f8722383467a108e9262ef096,yes,
233934,000000000000016ed019bdc372234c18912cc0a7113ec5867fa184ee8416cde1,yes,
233970,00000000000000c53934f3c9282a891c1e006a040ea69e61e8d1504d1daf9702,yes,
234264,000000000000011b37cbf53383e438880240158465940958c1899724acb041ac,yes,
234302,00000000000000ccf0db83a50c2e90a92886ebbf13f173b389c4a1ede29668e1,yes,
234361,00000000000000625a5e35f0a1f0092aed1e4f2f769d3f096d2ddede21174125,yes,
234986,000000000000012739827bb48f4d6bfb7ec22e456ece76e60c6aed6e809ff0d1,yes,
235225,000000000000006e1502d5c8964a9d03093cb1a97908b2745e0f907f891e6396,yes,
235847,0000000000000087be8b4265b39fa6536328b24cca0e755594832a3a0e1be835,yes,
236043,0000000000000007f37fafeea5b7fc2fb025a0993eef6391bbcb30ca6169f783,yes,
236092,0000000000000083c848af7fcf6f8b54a0e5d5854717579b7eef12877f8efc10,yes,
236143,00000000000000d4c2dc0f2286e935d483791215ccbab445c3eaad4112544408,yes,
236188,00000000000000e558939e593a7d682bfe3c89c9bddb171187028ebc19bbc5a8,yes,
236556,0000000000000111785bffbe000474f821810f55567ee6376a3ed1094ea08c1d,yes,
236645,00000000000000410dddbddaa0014a57e4998c4a3f894fb0aa413b0ac4f073fd,yes,
236698,000000000000001f84ad3231c2bde324347d3b53447e3bcf29788b4a2e1b9c11,yes,
236772,00000000000000641955c71a33a8e3a1c66e4bef86eee89113805c50682e24c2,yes,
236897,00000000000000ebb46771c0bde5fcf92565dd8effa7151b7f27138bd0ecc0d4,yes,
236986,00000000000000af394682d0678b7c1518353abca611d48f356fe02e618f333e,yes,
237078,00000000000000307a9a0dea79f313fa805324da42e87140912cb090974cfa03,yes,
237083,00000000000000febb050a066b747b531eac3736771219a71eb99e66c5895bbb,yes,
237138,0000000000000110c1c5afbc089c5b08e6fa75a98e73ff82015b33850171c25f,yes,
237148,00000000000001283ead5311baf1249e9a7f03292325148b21e34afbfa34e840,yes,
237153,000000000000005b857774f1a6452b4a39c84b16c543a455a671346eaf2e41b1,yes,
237263,00000000000000c5d5ed57f640d5a1731cd8805da093015ed9075ab2940c137d,yes,
237483,000000000000016d5b689bdfb23ef86091b273b22217a62e45c67441ce737cd1,yes,
237601,000000000000006e8e3e27fde79c1882be5cd0a28cc582cbc52abde82cb74fa1,yes,
237604,00000000000000f4d610ea355da84a7eb6c5c5d7159f613329fb2cb015ec3012,yes,
237798,000000000000002d4383738bdfaacb917c2666446f9977757e0a666bfab1724f,yes,
237830,000000000000004d276622d401aa889a2a980ada656b110354ed5f1bea6843e8,yes,
237959,00000000000000d38debba44f2bc171c6c66de485a0e12938811b9f095862a2f,yes,
237996,00000000000000506e0acdb9bfb864ff272d58d43027da544d428252645d77e3,yes,
238160,00000000000000addee4a8d3098d6208fd519de388a9100059bc447ecc474262,yes,
238271,0000000000000076df150744336c69cc556c3511eab20f6482a589a0e1bb5ad5,yes,
238432,00000000000000c50f68cf33fd774f3143ac72598a96d72273dfcd3476eca7d4,yes,
238512,000000000000011e9220f9301843ee7cbcb03dac4915331d17ffd22a60c00917,yes,
238659,000000000000012eda7aa57354e2fb2648d1a32bf6c73c26fb969b8e9c668c87,yes,
238682,00000000000001382452cc2d6dceb6398e614ce7d8550c2bd324de9c406d3d57,yes,
238792,00000000000001195246e0bf86dd36a72f1bd202d8e261be613f29e8ff302b5f,yes,
239016,00000000000000fc468227f83990359036ce3a6f61a25eaddba16abcdf7cb707,yes,
239103,0000000000000104d112bfdc90db086306214e8b108361f7cd16d6b5f10828e9,yes,
239187,00000000000000e3b9a07af49a6f2adf9faa7296a93d981e4d03675557f3f715,yes,
239191,00000000000000b214a574d6fb5699945c2e3b47756f2fcefd3eb3fb390a0e42,yes,
239238,000000000000014e8fa320ab0d4fbf66e746c8607990c6236e8c889a75df8098,yes,
239372,00000000000000597fddbe19facf96c8b8eda6808e416d66d74aa04481af7a18,yes,
239381,00000000000000272c4b6f676e83b84c64c9e16e74809c77ba14a457505cf32b,yes,
239563,00000000000000d736aa484935a8fb3eb74115f52a58055eeb0a347d642c866a,yes,
239654,00000000000000a9007e957196338c8d951f968377fcd29d5a901aaa7bc3862f,yes,
239765,00000000000001157d459a8902b9aa3d826f747609f5805fa8e4eddd29d6db8f,yes,
239906,00000000000000137690a0a901df41efd9b130dc45c1709745c314cc6715477b,yes,
240080,000000000000003bc1386c03df28c65b0f9eaa5e853f206bd27f0d0e7cefffac,yes,
240118,00000000000000def808b560514904c3259b88bd2e10cc653a0fda823edc34fc,yes,
240381,00000000000000c10a60f70d15d5c59838418f5ca9be6bcfd8e878c0f0d45dba,yes,
240632,0000000000000032f92f854bbe92d0ee5d6fe6c57a921f8cd5f9b7df7bde7696,yes,
240640,000000000000009ef0b62c04a50550c44ae72f43d35c43a114d1096ac72a582d,yes,
240915,000000000000004572c3f534dfddb74af542d6573095d52e530ceed94ac9bfef,yes,
241031,000000000000003eb0df7952601d567ed07a1683793c3aeb1c90fae6b378cfaf,yes,
241541,00000000000000786d33055d8e72b0c1a328e2a3dc5d07579b87cffc596dc32c,yes,
241652,000000000000006cd8d18ac2daba9f26cc36929be01e0d8c9736181e7d8013bd,yes,
241773,00000000000000c9f41d01db091aae4be42be00e7441ff4a7ce6703776973844,yes,
241823,00000000000000c210d15fecb5d6cdaa56c6d6eb78ee8ad2eae3cae4060be5aa,yes,
241830,0000000000000054d37ef77c38bc5327d29506862acd7feb12fbdfd513708621,yes,
241931,000000000000006cf202a3df7370137b61a101dfc041f5e8aa868bb368a01cd5,yes,
242020,000000000000004cf8f5ad06ccec0f51d28a0116876c3e33a915d8cc661a4b89,yes,
242035,0000000000000098a45674475154b434d8f7a566b9c8605d27d299ab845c342f,yes,
242044,00000000000000ae82abe1bc6f64ab49b72ce3c8e365565a76acb1ecef8a25d5,yes,
242115,000000000000008cbbfae08e526b1370c4b075c0d45a7790c9f43ff907ad679a,yes,
242251,00000000000000416bbc20ae3fe2ded7ae2dbbf3c27c48840212bb59e974fbbc,yes,
242435,0000000000000012ea2799304795ae8ebfc9fb0bf158d460c7cc04287f3d34d9,yes,
242795,00000000000000d5b1f34430b9f596509ba496df3f4e6ef728223d2b72c2de41,yes,
243446,000000000000000fede24818e3c5fa90325694b773648d68a0c7033c669cd467,yes,
243890,00000000000000c9606741342c61bcd798e0a365ad03b182b4d64339fa1b6598,yes,
245771,00000000000000b98a0950a8f53619803cddd32616dff218ba882019d0d8c7fc,yes,
245866,000000000000000347d8feb48f4ced6d609c1fe00de51081c54aeac65de6037d,yes,
245885,000000000000004c3daafc2d26e73874272d15a3acdf7511fe404f1b6bda6abf,yes,
247021,000000000000001f0ec8a407df734104e0f6242f3a6830dcc133ea424488f89d,yes,
247201,00000000000000932358163a7c71a6036983ae9d120a88bd36e74c25146778a0,yes,
247624,000000000000000b01dea8aa01023877d3976b9a5263396f152dfe2bfb165645,yes,
247735,00000000000000444f349612c7ffffbd5c8f6cfbf2669d0094a5b93cbd16f64f,yes,
247779,000000000000006a4d1658ba0ce71ff99774d0e94dbf6be959bd2eb0686fbf0f,yes,
248036,000000000000000a23e79d684936efa4cf9c9a9f64e0167ad8a2dfcab1e54efe,yes,
248278,000000000000000af338bd0baf8bab66ff037b23e4a920da9f3d419d2e16ce18,yes,
248641,00000000000000440af0b72df4fed9607d4856ee96762aeb7f940d7eaefb9aa2,yes,
248869,000000000000004a0163f3450ea234be5eb64af35e952fdccd92e67637a7664c,yes,
249012,000000000000002558b84861d3031808917c7f5fd5934d5cc4a60c3062044ab0,yes,
249250,0000000000000032ab6889fe5caac110c0e508cabc14fec80d177ff174516662,yes,
249495,00000000000000167be43ef7f48e21b9ba9e63b047f0ce23486d86e83dcc7e83,yes,
249672,000000000000002724456250e29c52d299f185f3e0c781fddfccb5509db5e496,yes,
249683,00000000000000834d94398221f6fe25e30caad59a3aba4a635a4ffc00cb94c8,yes,
249686,0000000000000029c3be4ce66767392481c4aed7992e0d868b4d0d5d433fa474,yes,
249892,0000000000000026fbf5cdb070aeff4ee97dec51295d2c7fd5d843b72155e520,yes,
250095,000000000000001aead4325694b63342312982330804611d8fe1732a89cf4c8c,yes,
250380,0000000000000038c20a44bb219387dc4da613a8844ee56416afb9719b85f051,yes,
250380,000000000000003a26374b5750b8b6cef26f95f1feb84b31363e16f21231e056,yes,
250380,000000000000006d3dc6203e83f9e766ae025bc0a6c10a93597ee0f60a10f240,yes,
250532,000000000000005299b559068f0d38520db0d71f38ed6fdb842d85e18839dc86,yes,
250790,00000000000000470ffb581a178b803d5055fc5f290f711b50a341640d20d9e4,yes,
251126,00000000000000181880874c587309fea09a84aba5848ce6437b29c7ff868156,yes,
251268,000000000000004c4218e72fd5f74b37ea974c9c390a67bc1fa5076dea62c757,yes,
251312,0000000000000064d4d583cdaad2463237e839cc1884248d3a3c3f3f5fd48432,yes,
252146,000000000000005122ad1d9efc9d6c63987bccb2ef19f8df8b6456735429dd4d,yes,
252238,000000000000002efa0cb0f6f0c6b77e67ef50dfdbd6e2a3f8b1cc1c5d7647ce,yes,
252279,000000000000001d6820cdcffdbc9ee2c58ee451e1f6c5f00252178abe6d6fa3,yes,
252313,0000000000000052f1b8a46712bd4989ad27dbdbf94779cd4a5657f5d0ee7890,yes,
252336,000000000000001ddb44cc0ac0fcc710f7f619cf88172018ab61405943da2f3e,yes,
252635,000000000000004757e25b4babb185e0a0f82c442e11a11153c9b6b6674ab2b1,yes,
252664,000000000000004c2611d54a8ed3eb3aa28a72a888a6a1aa0eb8ae3fa88d3fc2,yes,
252675,0000000000000010ecaeb117f90e1dc0c3b2282dbee50e6ef25c2707b6617f5d,yes,
252722,000000000000002f91a00e787a54668d3a43981ea184b19946e4685bd5df6217,yes,
252762,000000000000004232a1e27311e75d07a41291b6574363271de13feca2e28f55,yes,
252779,0000000000000017c7a3d87d87849786e260c17a4e273a3915c55ccb086edb20,yes,
253111,000000000000000926ede07648a8c7bd28551c097f8758fab3dd4c1759b26f80,yes,
253346,000000000000000d1ae37e71d4397a8fb600a134fe0bf2020b57a902b4f56ae0,yes,
253662,000000000000002d7d6e3441a3cb18be4bf10f5d5ad1849c729fe7e249cd2774,yes,
254021,000000000000002bc403a91436149dc6d4be97b05b0ba7e10894f6b2a04d2122,yes,
254222,0000000000000011e2f4ef2e41ba73b635624ec8c739e9bfa2963d77ed237ef4,yes,
255102,00000000000000167896a8bdc5953e47006f307f5b2176a1d0544a3c718fe29d,yes,
255200,0000000000000025aba391aa62d7a830f1b72fe34c596caa0c032005c7660655,yes,
255571,000000000000000753833deb210edb959003755a17069df12b6c717b200a345c,yes,
255579,0000000000000039e2112eca2bac730b2ac9f25757a7b0a62afa44af2a1c0466,yes,
255882,000000000000002b4597ebd23e8ddcd97f3d730ade26148e65c390e55408eaae,yes,
255996,000000000000002ce4be7d1c1029fe458fe20fa5d58b76c66299726bdc1e0dd2,yes,
256095,000000000000002ec05775a891383d91da1c9ed965612e57212190c5b3714e00,yes,
256299,00000000000000101470d29b717e38b85935760e68e85e18ee9338df26f0e658,yes,
256558,000000000000000205dcc98671ad7a96cdcdc028bb94b3d4f9922f49ed6319f6,yes,
256558,00000000000000097dc0e4c05d2c8d386c5e7f9e378583f712095a17f9a91ce4,yes,
256558,000000000000001630b06542e86c333ae03094c80753b1fa631f70ba675668b4,yes,
256558,000000000000002dfbdd2e33bd2aa6d4f3d41a202d954c07f5221a79b1cc648f,yes,
256717,000000000000000654cb893529170362899cbeb22adf38344ee5f18f35ebdad3,yes,
257079,0000000000000009e1aba8347b82d3c1d67a2ad096d772f59b31a46e4868c2f0,yes,
257320,000000000000000bf3ef99e0dcdd88f7c7a57201317fb51922e723ed797ab8d7,yes,
257799,0000000000000029aa1f4563e72b875bf06990419f802ab9d869073516008228,yes,
257910,000000000000000e02d04f8c5415630b3056bd40b15c02c3f4bce775ee81fdae,yes,
258097,000000000000002525fe628adbeb69c7ff2d631d5ffb76c74a4452b6ea6a180d,yes,
258246,000000000000001d265a0a3f1b4e31c90b854cd1b32112bbe7993a8c111f5470,yes,
258285,00000000000000119530fbfb2f3d23f4f568f587d00c346be5ff2963d776f5b1,yes,
258415,0000000000000025c3c39c43b3985de48e649bd76dcf6774873f47971cb72fe5,yes,
258437,000000000000001dbb017579223449755d61e572f7667a8fc651a37da758f672,yes,
258543,000000000000001347d673e5dcdd14cb68741e2a9fe67f29ec74f5abd5739438,yes,
258608,00000000000000166214f4f8be302cc854c8d9dbafb512071fd4d38b8b1ba08a,yes,
258610,000000000000000a1002e4355fcd2fa833951db23a0ed5c88fd25ddb3afa48d6,yes,
258649,0000000000000003aafc6660aa3d288315178447ad391a5f68011d4bd30deea3,yes,
258810,0000000000000012341ccf736eba9ac3bd6b3c52a2ca11cdcb4c97b5320145cd,yes,
258904,00000000000000040bb45bed157f7f5efc03bc85eaa09abc623c121bbfc1cd2c,yes,
259368,000000000000001464fb29c730f41b2cc8407f390985ab79def1d1f6fc689bba,yes,
259397,000000000000001ff8ab94e2638558c6b3fa305fc75127a6eb67ef26a29fb8c7,yes,
259573,0000000000000010d938a4ef011b5bbf161d82174ed9f5443a55a8bcdb37a884,yes,
259612,00000000000000130ba1de80aeb6f4c56b22e9b45c6b41183034f82875d3fd30,yes,
259749,000000000000001484b74fa986385addceceb1e2b4d74683072ce806acef6514,yes,
259855,00000000000000066933ad83e87fb431f33fa0cb9acbc5fbbc07fa7358b3d2c2,yes,
260247,000000000000000e0d0807cddc5c8a6e0fc125000adc8387de1fe2b939b1e455,yes,
260596,000000000000001336131d5ff4ed5dfdd097be4b8cbcff4b6003dcb59e9ea6f2,yes,
260651,000000000000001b037537fe0d8a325f9eebe7dc9b22d1ccbfbfe8ad2efe74a8,yes,
260686,000000000000000cb900b6bfc93335d3c18f1a0a4c989ed757e4570ce9f9104a,yes,
260971,000000000000000e14ea9336e34997f57432c7e92a04e4f19224597337aca21d,yes,
261198,00000000000000168b0dfa91f97dadddaa7172829e6bc0520af99a56eb3d8706,yes,
261323,0000000000000014b1e9decb44dbeacc8f88a874902e0582dcec6423da1ebe69,yes,
261367,000000000000001ccfe33f9a7f555ced5cd6b9561f30e5f9f86bf492afa352cc,yes,
261419,0000000000000015a6ab8f6f2c055b1813902c58fd485903bb7a2afff1d89fcf,yes,
261594,0000000000000016d3e1d75021c4da56789be91843a8c6c1ab86f01fa8415d48,yes,
261675,000000000000000a1f2b13465557c1161c9e201bbbbd7d1f36db9e118ab8d803,yes,
261682,000000000000001b114223e51e68391574cea924d87d7bb8c20d51f6be6ad6b2,yes,
261870,000000000000000d75aecde297e7e57a9003480449caecf13ac75c248d6901eb,yes,
261907,00000000000000076f8f8f52988bd639275d22775a86e710fce461c66288f329,yes,
261985,000000000000000498d1505dd079703c3fabb41ad5be6c4242673ebd8c467ebe,yes,
262011,000000000000000775cc6b7c3e3b2fce665773a29aa943213916dc8d90b06963,yes,
262408,000000000000000952bdf3d9b58e346e15ce83b9ff07ec9b5294701dae970a94,yes,
262541,000000000000000e4c4f771e9ea33f66cdc1309b5027f6f2405acc4b07585f18,yes,
262563,0000000000000000088ffaf39c763aa5e82103f62ce305bc62f17df580e9234c,yes,
262725,0000000000000001a5728d9102237d31bd5282b104d87eaa33e1d8366cff36ca,yes,
262802,00000000000000091b30478d08a617e5a89e101c4935f6eb3c81f353a66d5d15,yes,
263638,000000000000000a2daa35a2f5dad859a6d74e1a084e0d1d8b9b5d0e51dcbd06,yes,
263730,00000000000000147eb7b0bdbf6305f02fd4cd8073108c367fcf914fdf532b78,yes,
263834,0000000000000001ecd96e4d0d526c6f9dd1b4c4d43521b5b1dee1c8cb997b67,yes,
263930,000000000000000c470c9d1658be51e6bb04d64552d12f52d3f32e71e4eb4a17,yes,
263959,0000000000000015f989998ac1e677a022bca09879c74e43664758a5ca8e402f,yes,
264079,000000000000000c83aaf5b9efd297252771a98b742b9805c688e653dc162bf1,yes,
264082,00000000000000134cfa980838ea2214767299352ea3b74b083076b8f970ff0d,yes,
264752,000000000000000db2cd4b3f88a2ea37d994dae14e659026cfb29775682cd5ab,yes,
265212,0000000000000005bef91ba5756c707760b1928997313f9a808f95d9695d38f4,yes,
265391,000000000000000ba2a888243756d2846f257462153b900f760c6399f589efed,yes,
265446,000000000000000239ed190c6022621d6205d407688279c78de4746d24d6615a,yes,
265494,0000000000000002801be176364018c99dda86f4d7e428abe665a8fbd689bc65,yes,
265587,0000000000000005d9c2f2d6fabcff853ddea12aaaab403a2b4d63c6c413a11f,yes,
265729,000000000000000be5e200c43961efe48f50f17495cf2bc3db42c777fc3e576d,yes,
265731,000000000000000db0a57d8f8803051f59dd600b29b07058ec0d9149bd6c1172,yes,
266044,000000000000000b267582d8c67380ce34ed4aaa67683f25df4cc05c6a16a95c,yes,
266849,000000000000000480b272d17cd21690d0e59abbabbe120d487a49a661363738,yes,
267106,0000000000000008b560408547dd61b801f9522ed679399da5a9c3e60ca049fa,yes,
267855,0000000000000001ddae2c5c3e0648a08acb0ad7d9513e13d13a1acc6ad6b666,yes,
267897,00000000000000063ab33559bcd45b56c5453700691b260255742df029931202,yes,
268115,0000000000000009f4e29223c84a322ea6556448070311517098351fb21c7821,yes,
268202,0000000000000004358965be79ab6a401d06ca870a0520c8505d76b129ff06cd,yes,
268298,00000000000000049a7893d061f141f333b29425304fe6adec7c60415d2beb82,yes,
268409,0000000000000006365b484c22737c797ecff672ce71d850887f2f3f9183951e,yes,
268531,0000000000000003147a0910fea0447e2854ecb0e99026928ba2daae93939107,yes,
268547,0000000000000003e0ac92042c5381e0904f10427107e7229756d1acf4a7cf08,yes,
268560,0000000000000001463d6ac3ac983be23d0e593fac81dd10f789b84b0050d78d,yes,
268582,000000000000000275a65c677253df8c54c97d8f842d2dd94b25e5918fc88930,yes,
268727,000000000000000863a9a10619f4cd26c2175d6ee30902f6e6e85cfcf602e687,yes,
268917,0000000000000004f94e814fe98e583deb97bf284cc86ec0ed06405b55306a36,yes,
269066,0000000000000003deb3eb0a8efc781de8c1e4e284fc1a269a2f6f2d8a614dcf,yes,
269202,000000000000000190c34f75db3c57ecdef861f8da265b398256eb2b1fd39a10,yes,
269416,0000000000000005dd7c70c7e9c7dded3fab43f69d54309ec743840e535602c6,yes,
269416,0000000000000006a3e4072f0c08fbc320c97b3662650984a96a48dea9343864,yes,
269416,0000000000000007b3977943b64def0d93f26b58610bfe17081781248eb72b04,yes,
269607,0000000000000000a223abc1e5b10662b0eea1af15fc5a01bd77bed6ad0fb4b1,yes,
269692,0000000000000005bbdbcee3979faf061746a74edcd349457702be984a7d5d09,yes,
269982,0000000000000006230f9ef3edac365f2e3fe95a1d9fa1b22be27e96d6088afe,yes,
270011,00000000000000073ad697c1fbe65f7294770c8b214a1f5f751e69ab44fc9d0a,yes,
270180,000000000000000236f88bea95c981e8178197f9b166b5a6d81d853debfc62dc,yes,
270399,0000000000000004aac92e48586a7d0b1626a46a03cfc3e1ed8fdc2dd40de8dc,yes,
270570,00000000000000048bce5a4573ec2a4c4f4d124a8aa54679408dc98edb18eddc,yes,
270658,00000000000000013b7c05409d332f93c31369dc7074cd9c3e46ec152fa40f21,yes,
270752,00000000000000012ad03ed32dd39eecd999939e4fcf1c842b3e1649c059acd2,yes,
270932,00000000000000066dbc99d484da5b3f9dc6257249356e697277bedd43e069dc,yes,
271124,00000000000000003a488b85cbf73128ce36f28e87f4bae72b448da6fa44cb91,yes,
271665,000000000000000648f10ea7d68a4a984d6335907c44114e84b34f4603353d6d,yes,
271829,000000000000000046e035d33e39a1fbd357d06b000c0d16ac966d3700865fd7,yes,
271936,0000000000000005b4055f9ad7a6ef98b5be8926c019da642021ceb16b85a14e,yes,
271973,0000000000000003c92741b7b1a0d16ccf1744af765b5befd51a22e59ad50812,yes,
272152,0000000000000006bf76eb9b805db66da01eed039603a496bad084b28d55c1ea,yes,
272728,0000000000000002912dd20b0b43880aa99c783d00ae7f22586e3e7dfa08cb08,yes,
272773,000000000000000284e5f86435b42cfa24b2003cd7448bd08bc734e2aa1f944e,yes,
272806,0000000000000005c143cd7084fa8fa9b564a7485372e464c3b3712348372763,yes,
272936,000000000000000033571c0d48742ec2adb834422bdfc17137819f085bec3f2b,yes,
272938,0000000000000003d166ab614a7b160354e8f87437a2a3aa573ffd60c52f5ef8,yes,
273951,0000000000000004a6c8b95fa2dbac97956f5971a83a3a38021ea82c20c0e594,yes,
273964,000000000000000442d9a58b00b324756f28a289c8e5ffd89d4ac20506c6e2b1,yes,
274398,0000000000000003c74502583a2264834bd1f6cc617b9e9bc5da09e6305674fc,yes,
274530,00000000000000049249f41427d47a03ebaf7040dd07e4e29bf676f9f921884b,yes,
274539,00000000000000010667d009e430c8ecd250a3fe177d5c47dd84b13514a97632,yes,
274626,000000000000000188bed36ce2520876f64a495c5c6900ac675e18db32a70462,yes,
274629,0000000000000004616180d0c0d10b2164fa3e4f8120282a2c1a7b7933a1bf88,yes,
274706,000000000000000184beced8e1f69bce59fe0605b9334eb14c600d34c8c8d81f,yes,
274731,0000000000000000c4ce5fb205d93c51035e7b49be6ffe194364c8f8a625bbef,yes,
274744,0000000000000004a555c0a9649c6ba036dc2cb3b4009cfa3f2acf42a2f48d0c,yes,
274761,00000000000000031815c456d7d5cec5b85e0f95ca02f397008df611610a42f1,yes,
274825,00000000000000006298eb753578957a0a4020a10036a9f11d28318abec61795,yes,
275020,00000000000000016c566cdd3e3a3bf4632ff23264df3d3c915921d4cd67bd02,yes,
275216,00000000000000039c110c297fad407c516f2808c951413a6ac549ed25a25a6e,yes,
275268,00000000000000046e0571e0f05aa7be6d5d4943e968cce6e820fe56cc216186,yes,
275275,0000000000000004b0f090d8de99d3e3ddb0624aca2a8d729d347fc669fa2b29,yes,
275686,00000000000000031fade751b2fa97f3a1bb9188752caafa48d28a3a30462005,yes,
276072,00000000000000021fad4656efe13756e233548a1c3b99303f6cc807b086e8b0,yes,
276586,000000000000000269a6700a3c493a5902de72ac21877d25c26bdf759d860fc5,yes,
277080,0000000000000002a056bd5988c20c25e8b7667e9120efdcd6289cb81dc0d73f,yes,
277197,00000000000000030fdfd60f4a6062ef48e618795830c775602e6fc8ab663747,yes,
277312,000000000000000156eccd9b092b06f56b5163bde9c6655a32956268cfdedc84,yes,
277373,000000000000000122bd83ab0188a3111b2cf0fa2d88b8faf0dbae9f52a66234,yes,
277595,000000000000000370f501bad48cdfb6a6713b9d51f692c5dbc90039a9d278e5,yes,
277680,00000000000000009d896871ff52d5a2dd54a9828900e708e8b78708ad175236,yes,
277712,00000000000000033cb2a1173ec63df6b57b73695154e18be9b84a98efeb521b,yes,
277935,00000000000000015c2d14ac5b974d305d05ebaeae259d6d3bc227046938805a,yes,
278098,0000000000000002c818efac6756d2b988d21b4f37934014b2ab9a7706dff543,yes,
278210,00000000000000013f2a9859b31f1102f57189272c9c7f65c91a73f3d6494f0d,yes,
278319,00000000000000022bdc0026fd39dd8af3c58302b8bc24f811a4e6e786137786,yes,
278608,0000000000000000745842f78b135f67518a3beeaccb3b88493abd53d97fde31,yes,
278662,00000000000000020d1683eece6fb20ad47448f8945938c8a762a72bdc7465c1,yes,
278728,0000000000000000bdd8c1143780f52acc118385aa304813188f0a500bf11454,yes,
278905,00000000000000023e34384836b313da6874a90bee8763d74cb10941f98935dc,yes,
279013,000000000000000032c8e3dcc237aa00827f08bbad857d3fce58acf446c387c1,yes,
279015,0000000000000000c7a2966df511ce7de19c5e7ba1575c63f4905cce4f4f2cdc,yes,
279049,000000000000000115cc230c4303c6cb3b41576c73fa43773c754799d9bd3236,yes,
279058,0000000000000000fd4efab6f3acf052f78722c848cc9e63a39f09938c7c7438,yes,
279133,0000000000000000083d5bd9813ec4610e435f61ffa56bf6648f7dea85a29ea4,yes,
279488,00000000000000002b76173479ae9d08fc1b12443e72d5297c6c9d7e5ce1b028,yes,
280293,0000000000000001f223bf943387b23d907fa538f06537ba65f34b08aac74818,yes,
280382,0000000000000001564bfb5643b28db7050d2f06e801e5632940f91356d9714f,yes,
280562,0000000000000001274c36f80da51ca016c44c368368fb5129e94e6fbb21e1e3,yes,
280856,000000000000000194c8b3b6f9fe2840e5f6f391a3706adf18f97549da866c55,yes,
280982,0000000000000001636ba629856494e1f36cfa826f80888b1fdeb535bae7b534,yes,
281327,000000000000000042db9b447c99eba546c4c3c5aea32b4a31012d27ffb87311,yes,
281532,00000000000000001b03aa9ae7ea1e978cbe43e75702ce44c33dcd7afb37bbc1,yes,
281582,000000000000000260aff98fb265e5d34d9500eae42e1385b928d24c5c66c10d,yes,
281626,000000000000000134ae6df18d6792dc72a06632d0d134b2fe9fdbacd1cb7619,yes,
281633,0000000000000000b614413beee558ba56835c230bb27bab951da5590e22cd37,yes,
281860,00000000000000021a35587ecfb6c96117f5decbcf5927c819697f37fcb03f67,yes,
281956,00000000000000000e9a1983d4c123335c5395a6a1323f9b2326a62c37e4ec96,yes,
282195,0000000000000001c43f03d9423eee1799763645426f56ed9b4ed53412e2bf9a,yes,
282537,0000000000000000209275309a7499ac03207fa747e806f0497fbebe582ba57c,yes,
282615,00000000000000012c3aae4b47c41c1c8ad710f28761ad22753634e0875a9947,yes,
282661,00000000000000007e6b1df40d73e373f9da523115cab7a3150093b3d1aefb12,yes,
282847,000000000000000054de5a263b7d1311b7a832c6f3b0bec1fbc621fc687681aa,yes,
283106,00000000000000014bea269deccd15220a4ea600966bd9c97ea167974d576718,yes,
283133,00000000000000016a3a8899a31520f9495f10f29961bdf5f082375aacef8136,yes,
283254,0000000000000001b46bbcb89c93c5ca6b29d0d75b8b9b1ce95ce4d75854b1ee,yes,
283326,00000000000000006a37fcb285abc37e89728af8185e948a370cb9f27b37cb4a,yes,
283490,0000000000000001b22f96e9e5eccd66f25ea8e74e9c96b1423a7e2bd5ca8faa,yes,
283650,000000000000000032229818c86cf7c5aed492bc9c53c9acb6ab427b2be2948c,yes,
283771,00000000000000019773eb5c1fb8445241cf39037d229976fae870eaf6fbd25e,yes,
283869,0000000000000001a0efb07533ea70c8cf8897bca4ff17995fefe3b5457b9ef1,yes,
283872,000000000000000037f2a00fad324ddcf276f9b18d0a8a9a43831f5555b10ed1,yes,
284161,0000000000000001a84226cdb273d7013ffe83a77a456cab9e3e3c824cb14853,yes,
284344,00000000000000003f080f1b7f86033dc7b1c908f11af3490a897194507b27da,yes,
284624,00000000000000016f099af98ed62864b969293b1be4c50b9394722f43d54ab3,yes,
284747,00000000000000016237d34a5990271b5a2dfb636b36c24b205cdf2089eb549c,yes,
285090,000000000000000189b367a7b94f837e9a8575c45b9e5c906c0ead98264c8ee0,yes,
285748,0000000000000000a02efc4e57f970cc5f8d1ce205923830fe16f5fa65df8dd3,yes,
285818,0000000000000000f61d8b36a8642e573a81248e5d72fb479d80e14ff723c77b,yes,
285833,000000000000000154750d397949a5f2203500cdae8d447c14c6ae9b2001041d,yes,
285948,00000000000000009d7d02db607108a899932a9b6009ad2bf936c4015fc4ef0f,yes,
286271,00000000000000018fdf3468f5a8a3b44b3be2dbb793af2bd5c0436b9bc463fe,yes,
286287,00000000000000000ebb080435bf874c8168c156073f032b7ad5226bb978e87a,yes,
286299,00000000000000000114468c1ca7d0a4fba19ba0f7f9e87e9841374e31d7cfcc,yes,
286371,0000000000000000abc0aab5990a06dcd313cfa60589edcfb4f4858388dcfe0c,yes,
286386,0000000000000000ce00ffa361c4b01cc821927d69bebe85d3f4099dfeb00c63,yes,
286401,000000000000000062ca9e2b8114f7bdf4a0744f908102b3cc4a358d3e645328,yes,
286506,00000000000000004a5befe6c3927a25fd70c5d808811bddf01336767cc20373,yes,
286992,0000000000000000002b5a067c26ca70d4f381ffa23af21159b2e9f0d047c0cf,yes,
287013,0000000000000000ca8a5e8d6e1c99aa2a210dfceef51ee104563dfc7c20a9de,yes,
287459,000000000000000124308a2000694ed138acfd238501d840ee7025109e4c0b54,yes,
287715,000000000000000088c4d75005ab588da15ca5b7c6f0223696664336b3e42997,yes,
288204,0000000000000000f98d4bd05c046ecd098d96b52e1ba04eb448ff9442efa4d5,yes,
288848,00000000000000010bdfaf70e75e00b1cc6fe34ec45b5511d4d77eb906b0cb67,yes,
288852,00000000000000006f75d48736c4ef373a3eb6bd9541814e3ecb142d028a8378,yes,
288885,000000000000000027c9f0bdc38ec3acac09db6e4ebb43a93090bdd8960be64a,yes,
289235,000000000000000027fe47a3f48bfb6210905e5fc0ccc328592c5905e3f1669f,yes,
290178,000000000000000072cf00ee6784478d9f1c8c07f9d31385a4b9b95b6074f690,yes,
290556,00000000000000002e2d4915f884569100cb032f9138af42d2f59256e2267d73,yes,
291123,000000000000000078bd3420eae1e21c6d00cb77f86da4a8d34faabc2568c7d9,yes,
291227,00000000000000000f86c4bc2cab38b65ddacddf4394eb17d99953dd45b487e1,yes,
291289,00000000000000002c8664b2c690e9f4ec61d955681767506933e28be8e73d07,yes,
291425,00000000000000006fdd524886d3d4088a4dee7036fff97ee43b587469fda6c6,yes,
291576,0000000000000000d594aade002752c65ee64b4c3df9aef457b9ddedd3e250a4,yes,
291727,00000000000000003f685ba703eb78081a11fc062ffbb1952ee8ee7fa5fc1f24,yes,
292341,00000000000000002800a499f8f2cb449b7f9393ebe3a9b0c53a99e63048195d,yes,
292533,0000000000000000d75a0713b40e425ec1008e72e5378e20c971380f0ddbf51f,yes,
292990,00000000000000007418253422f5920619eb2746ca3c445d9ed4c734f48bd6ac,yes,
293197,0000000000000000c66dafc4dfb048adb2a80e23e691f9b1e2e664604146b4f9,yes,
293262,00000000000000006c19e7e24e8cb27e9ae395ed6bf7db21367a65cf6732b2d1,yes,
293665,00000000000000004761b40a1d3c9658615ddab2379444688811f13c0410ef9e,yes,
293716,000000000000000005dd30ab033fb912b9fb0a7f3c48a224d28b85a0ec06ffeb,yes,
294003,00000000000000002d968f98996f40b11db1b2409be709b332fb3c08bd48028f,yes,
294674,0000000000000000a2cc5b9427289b9f1b6aad41d6ede145c20300412d04d073,yes,
294835,000000000000000018fff0e745c4c48f64290b11c7253fa5e51ef947a1e97770,yes,
294973,000000000000000043b5a2a51126a77172f928387ac8fa05a4285586a8b2092a,yes,
294999,00000000000000006dbe92a53bb5ca47425b406e8815f083b7c7dedc19ed98af,yes,
295093,00000000000000008da64c4fb6b9e8175c84b694afa939dc451199ce7465cdac,yes,
295112,00000000000000000adcc73e8c62f817aa7b896ff21d48c36fd529701b741d5b,yes,
295272,00000000000000000c3c02d964698c21d93c179bb1c84bc47b7aa5a753e962d8,yes,
295297,00000000000000004f5b95d5bc582f8da0dc0cbbaef243944ed154d7418b7768,yes,
295301,00000000000000005242496b3572f53edf94216915b5eb9954324f59b873f50e,yes,
295504,000000000000000059a177605669c8ba7abb802b7d4d19b483146525ab30d61f,yes,
295666,00000000000000007ca2ad813979860481e22128420bcd6d47917872b895e07a,yes,
295679,00000000000000009a6f6d5d310688d2a04de1b074af2cc3582d09f4315b2727,yes,
295900,000000000000000032b45c7d4951bbc5d560affa9b703fc861b2745a7ef0a196,yes,
296161,0000000000000000afbc381b26db4edb92ca1bad0cc93be4435ae5439c638f76,yes,
296226,0000000000000000a0aaf4a5f8111aa4d7f53d93d3d4c1655b0b3968bbeca281,yes,
296359,0000000000000000057f4e286bc2c6344a05c2125631c7b3315468a3dc51b819,yes,
296499,00000000000000004e045128b2f7695fae773c14e8ca94807026b38f6a98f48a,yes,
296922,00000000000000005047574561883122b470408975759da3a3aaa427b26348a0,yes,
297091,00000000000000005c205efe9c6b494bef8b5aea12354332fdfe2756e684b0af,yes,
297295,00000000000000000e83c18d7d7d26761e66186c763fd908d6f70155cf32eb49,yes,
297469,00000000000000001bb1e7050f0a7c3285a13367b155792f5ded9763e7b8045a,yes,
297835,000000000000000007b28cb11b554efb34d62d51b13a1bb84a37ac1a80e5704b,yes,
297835,000000000000000053b3fce44eaa50c0dca6d6c5d2d63818e08ae72b9894a5fe,yes,
297835,000000000000000064cb2f55ea3758db22489b77997a1a198d1cc3a249820ec7,yes,
297835,0000000000000000783d0e4d291fab910e1fe95b82e6b09cbc2bb8cdcf52d110,yes,
298036,0000000000000000953037bbfd2ad63cbe1c08c957f530aea03016b695cba8a6,yes,
298392,000000000000000032d2d9009f73816c838dbc77880fc9c5efb84f2720c80050,yes,
298782,00000000000000000356d0f6bf86d75b2787b0a73d2e1b17b8a53d7bd6309fa8,yes,
298793,00000000000000004af04afa9b53b1a9bcfcb146199446b7f6df4ca67f405aa7,yes,
298926,00000000000000005626add2e7240a28b2dd3a4e4e2acefa8c4c9825d1325e68,yes,
299176,00000000000000001f620c64e6c9a56bcbac52bcca074a9d8b291028ee4f0c03,yes,
299266,000000000000000050d44bb0998c41f89f850efa05aca23432e3d05ab290f6a5,yes,
299334,00000000000000001f64a823735f212b3d8d09740d1a4b8b82531ac04b416f0f,yes,
299426,00000000000000002dc88dbbefaa1dd6a0f195bfd8a97bff0fe10e66d2518638,yes,
300194,000000000000000045d6a5446b9ca061c49a8a84d27aa186611855da3fc5ac2b,yes,
300273,00000000000000003ea00b983ae4524de9c52fdd0e9933ae75e4208073bb5c96,yes,
300362,00000000000000007a55a477c9843c6ec39d0dec23b408666cfa4505438be310,yes,
301337,000000000000000038f5f0e13b2c3308d82132cca6815e525caf54134036767b,yes,
302734,0000000000000000330c589797927e6fe31cf32ce0d5185a5bf4e21918023184,yes,
302879,00000000000000000fc1286af283d6959654b2c32b3a254725cec2cc27792a09,yes,
303459,00000000000000000d9da2526a9a271b47e8e48e15502b6449debd278415b1b0,yes,
303459,00000000000000004bb5f22cf5377e204dca232a387e81b1035c67eb84ec65c7,yes,
303551,00000000000000000b10cb9008b91cdce88d6a1a48a425b5c2afcd72d64e378a,yes,
303853,000000000000000054be0a9fad1cce0b81402d691a880cb87becc9ead74752ab,yes,
304224,000000000000000031aee069960d1a1c0bdadcb647f169913aab6fa9652caa33,yes,
304273,000000000000000059e1830c914c4ec867af5eda712f3a1d6a596ace3d6dafa2,yes,
305073,00000000000000004a6351e5083968e057ad977099cdb7a8f9e11d4bb44444c4,yes,
305138,00000000000000004ac89fdef43340959806c3d71fcbf7dbf9425386c305d0ac,yes,
305161,00000000000000001a95d811e34fa4025b015ef43be943456e8e604342d45a41,yes,
305166,00000000000000003559198b56d5c262ed3a00ed66584026142d1390170f8b52,yes,
305423,0000000000000000455efb728f295879db1b501454adaa03b6892ce9d990732d,yes,
305586,0000000000000000115b7a1d1e37245958e398dc306f17f9d27fca4b5d1e1bb6,yes,
306311,00000000000000001ad883df54c500adb017ca2fc0f18d4968f6567cad25ef6f,yes,
306359,000000000000000050fba9c95ab8950f95307bc345b0f8694ccfc4828a5802ce,yes,
306521,000000000000000004d82482261db8627f055319600b046448bfe12606e1967c,yes,
306673,0000000000000000292d779afaa73d3cd1f1c579e0552a52c4b6e2dea695037e,yes,
306939,0000000000000000370ce651fb8d420f57a3f6983393fc679071cb7d496e5f4c,yes,
307439,0000000000000000033fae9b137892253ac7d1142e91579a604e8e8926100992,yes,
307595,00000000000000001caecf150fbf67bc36817309ddf7825d15087c7d720ad21e,yes,
307935,0000000000000000312add95f71f24f0cd34100bc1c783185cd220ea57caccf7,yes,
308770,00000000000000001d0c4b50a2f5924b7cb84dead2f876049262accd75634211,yes,
308798,000000000000000013e57464026d4b21296b5b6d61f8196e98f6940c9be91a5d,yes,
308912,00000000000000000a0617d23c98a524081a6707e2628e4a2553bcfc466ca065,yes,
308926,000000000000000007f396de4e4079872aa77a2d961710c9d602fdd5931cc388,yes,
308940,00000000000000001da9bf2167d38536d997a8d80f1deb290015992214b02174,yes,
309222,00000000000000000a00e8f0c39d2ee4732c9720ccff41cf9040507f731c47eb,yes,
309343,0000000000000000322c819a508e8fca8fda8221a8d5b422a34b7a6423403d04,yes,
309499,00000000000000002c1e31309c2dfa0e15a48e29160f54a385a0b86c4923a200,yes,
309514,000000000000000024c4ee27077e037c21b9f854171b10b8ce0aaac3dc1bbad5,yes,
309645,000000000000000011e9f7502f1c9d83996d7c64ca9135cf15332fa1436d8e2a,yes,
310034,000000000000000039c514a78d8f3850ec42a321dde39c550b55f77e1d83bf8a,yes,
310292,000000000000000019fcbccdb0ec68b0ed31bd6accf1a318917efe844ec3972f,yes,
310376,00000000000000002f22e9a5da2ed813666ae4d4e82abb2b2936f5ec3e7953c9,yes,
310813,000000000000000029f3117c4997947f01f09578fc4fdbd9bd8f595f1fbbb5cb,yes,
310914,00000000000000002bc4cd66a5818ccf9b33f8ed864e6a6d3ab5a0b957101079,yes,
311022,00000000000000001b8cd70478d045986dfe780d2276332b61ac2b6e81f531c7,yes,
311023,00000000000000001fe002705867108b54e4f532f78358040c7d2c0e6611a24e,yes,
311076,000000000000000036e15fa7781f3d60117c58ee31ae9ecaf4e7e67d26aa773c,yes,
311217,0000000000000000214b1c2a195e1a8f789c471c3fbab3af527348d5b7910439,yes,
311386,000000000000000011f5b1aabff033b1973bc970188ed765806f399ffd18dabd,yes,
312015,00000000000000002639d13ce1301d55839f8d57ebf274e5ea4c704afe18be1a,yes,
312136,000000000000000024e2eb6219f68e36bc58a44eb5ff88c2191d77a719d9c473,yes,
312289,000000000000000029c96db2925ae8459b78c4244fa06f8033709c585c4e7a15,yes,
312318,00000000000000000aab7a95f7732344c075e80c88fc71efd719c6d790a62384,yes,
312668,00000000000000001cc50e6b364dd2e0077e934bcb76d36ecdf404eba28c7ab0,yes,
313179,00000000000000001facb1c4ecba7538c74f71754e812f15a6a004fa3b59ecad,yes,
313588,0000000000000000055a9c7764bf4ad1cff9b92533acd6b6ce9aa2287685b560,yes,
313716,000000000000000011b850843adb06dcb445b01f7725be2f9cc5e6133bbcc00a,yes,
313751,000000000000000011beddc6aeaba12bbfdfb4d531e84e30074745669931a97f,yes,
314252,00000000000000000a5d973c1a2089a3c6d451cd7b1cbb7f8f13d71092532565,yes,
314429,000000000000000017915d6c3952310d824001f706c56365583aa099f6933643,yes,
315531,00000000000000000f9fa64db62b347043ca892bb190bf6820a49c02d982d741,yes,
315793,000000000000000009a3c2a869168dba3612c1bdad1198ddafea26d901967e65,yes,
316983,000000000000000029000da8903b3df605b111e91b9f18bea9503e53c22b3091,yes,
317071,000000000000000000b300a71978d268a1018b7bd9a89f25729fe6e77b9b011d,yes,
317590,00000000000000000839507dc27f974b2380dde870a3dc637986e32a8e00e379,yes,
317950,000000000000000000dd116808449b5c8dd130e00c246fb14309643e5f98fd2b,yes,
318202,000000000000000010508990102a18f532ffdc2576fa6b858b60574441f8ebf4,yes,
318242,000000000000000015882e950a271ba3efeeaed31788fa85026e8f2d37b057f1,yes,
318295,00000000000000002110e6c2417fa596d13ea555206698593344735d12f79d66,yes,
319112,0000000000000000169a76e8bcf8a3d3d1e04d4ec071fd66ea6d62ab28924b86,yes,
319352,00000000000000001b87a6cb14765775131522df7a1131c4861e331588171f59,yes,
319702,000000000000000011edd563092bc2745a7ef3afef1cc9a7677b771f8cf6abd5,yes,
320385,00000000000000001af016dd744624803372985edda587f0bf5d9689118cdae8,yes,
320820,0000000000000000028ac57f96a4426284c6cb08f0e455ca47c7b20db9d72709,yes,
321504,0000000000000000058969095ceb8a4c55a434e27ed2614881a155f482705d44,yes,
321675,00000000000000000e0e4dbd2c33b0b909109f4bb9afa8d6dcf5a55bb3fd6256,yes,
321959,0000000000000000232f0f338b4468727d10636d920711e95bd73e187228302b,yes,
322382,00000000000000000e27b632d82097b7f1c280d255f2465f62e31c63281dd470,yes,
323090,00000000000000001dbcea891ed1539ac7e402d47f2590f9035350db3db64bc8,yes,
323288,00000000000000000e3a50d56c770ee252204c449aca63bf500280a383b417a4,yes,
323463,000000000000000008b86e0d34675f2aa917fd42c152b391966533dad5df431a,yes,
323711,00000000000000000532100498b3f5114542a546864a6dfc802db29c56472db6,yes,
323801,000000000000000008399be6802cfb59e419f115dba911596ec725cfb3ad262f,yes,
324142,0000000000000000110f895b4d5145e632fbf8fbaf2d330063830300ba45b911,yes,
324559,0000000000000000039cdd2b92f5e860d97b341c6dcb41ba88d1fd8c1e364b07,yes,
324569,000000000000000015d0d17b2f534e9b7e0889740c313a84e5b1be7afaaddd19,yes,
326321,000000000000000018ac828655f1956cde594d0056193f728d44eed3cdf2d313,yes,
326341,00000000000000000a9895ee1692a52dfa2e4f839023ac66d21cb662c381ffa5,yes,
326453,00000000000000000c55f51615e0ac7d5f415347f0cf19053cf126935c8a9e9e,yes,
326673,00000000000000000fcb24efd2c351e1898e0928d9263ce02a196497543c7f46,yes,
326720,0000000000000000065a49f38a370dd2b08228a3fdf08d983b863bc88f897d4d,yes,
327081,00000000000000000ecba38c6a94ebaab5eda8137510e0aca82755fb7601e6cf,yes,
327128,000000000000000008532e7006e5cfa66c81d794359c1591af68a06eff88677e,yes,
327524,00000000000000001c45c913ce30ebe44f63d49098b320db5a8fc71e1dcfca16,yes,
327686,00000000000000001e54e72f3bddb8a011b26a467a11237f18ea176fd13a0119,yes,
328115,00000000000000000ef60304e0a63dc8baf6ce86c783cfb2831729805b2d798f,yes,
328504,0000000000000000197d0b847ed26805302eec9f5d2dcc87f095bc79f920d451,yes,
329838,00000000000000001132ee7db295e56abccd687fa2fa2790831e501445defd24,yes,
330060,0000000000000000176cc9a8c769af145f3ed9aae9c4230424cffe786feaeeb3,yes,
330561,000000000000000019c45d0aa0a6833352af6f30f8fdf554e271f84db9bca530,yes,
330937,000000000000000012ac8cec3a9454ded9b2d754ce4c89ee3f5e7e49428a6d3c,yes,
330989,0000000000000000100222909a335d030af3270e6b829b3db2de020208163552,yes,
331655,000000000000000016c6596f6e3972236b53fa37af60687ba9ad25eca441d46f,yes,
331739,00000000000000000341ad06d0b0af1122db2c741032579b4739eb7b51fc2643,yes,
332406,000000000000000009f1a1d3fa0eeeca1ead97edd68dfd7748e451e1f7a4e3bc,yes,
332515,0000000000000000161ec18d24d950f70e8c1624e4623dec1dccd1550d588871,yes,
332700,000000000000000019b14b17b32d32dffd53a6b1572d3fda8a3d75f193243380,yes,
332702,00000000000000000a3ecd216041408fcfcb878ea231ba8bc571b1e1e53365a3,yes,
332760,000000000000000010493250758adfa273c6106f779dc72040cae22750be3d50,yes,
333195,000000000000000018df1549dcea41046a9bd10bc5789ce0266163d4d8e57d89,yes,
333279,000000000000000011a9947e415dac9b52c56160159f842c2af6fc22b62bc720,yes,
334042,00000000000000001539e9d5343d300f0b2084d708f810bbc4a1b0413a75a346,yes,
334081,000000000000000018e87dfb448883740cd8a56c35e723cb1d5ad9b9014a71ea,yes,
334487,000000000000000004db83cafa3480054e9415de26719e93031b5ca3736f2fbe,yes,
334587,000000000000000009a028bc6c32ea7d82b6ee2637a9c7645afef9e3e939d6ca,yes,
334591,000000000000000003d8461c3e92466d125b170cd0119a428766502183d5fcd7,yes,
334846,00000000000000000cdc70cf2ca202be580bc03f1d0e4b55b0d4104e180029ad,yes,
335236,0000000000000000183586e0f63a2effdfe692ae6b48ec67c467d8b5d82f57d9,yes,
335243,000000000000000015c78693db2e1471fe8ddd19891944e3baf733c797114a76,yes,
335490,000000000000000019de7a8d97652d5e2a25d0bb00f7023fd25bf5e0d768397b,yes,
335742,00000000000000000c40362958d0f1193cfb4501d17d36f31e18a1b63a772f24,yes,
336494,00000000000000000fd967e156c653626dff832374fe226902d1f504e1ca92f6,yes,
336914,000000000000000008a17e661da2b994b7e9f1a669cb0be0da6793fbf42ed69c,yes,
337419,00000000000000000b70f634c3f0535f47fc290b942d2f5221862d274ff5cf75,yes,
337487,00000000000000001aad4da61bba2d712f43226c439ce55c8336e659e81aadb4,yes,
337573,00000000000000000ec6188f240f1c24e264376231648188d00c2839654c1896,yes,
338104,00000000000000000a94800d048597fbca04b8ddcdeca57c32b47a3d5d21929a,yes,
338498,000000000000000010aa3906b58377db993b17d30b212748f8b711e565b52059,yes,
338530,000000000000000010ee6c601642d0935ecf87bd2be429c09f92079e83c9ba32,yes,
338682,0000000000000000054047b6edb2bbebf9b6f1b08c03be231154a8c4eb6053f3,yes,
338798,0000000000000000063312c4567b722486419a87bb5c82afde0679048978ca50,yes,
339503,0000000000000000173974ec72808f51adbe62dcb3be5b289c090510b9fa352a,yes,
339562,00000000000000000cea0bee1bfff976275a414a9928bed62c891bf541b5ff0c,yes,
340008,000000000000000014b67c5ae5be78ec976f78a541ebc7cf84b6997e548dc7c3,yes,
340039,00000000000000000137ff04b08fc5d33dc5f85878a6eb80d183b5e0200d0296,yes,
340085,000000000000000014208b3298ec4d2ae853d30934c4d5ede9f6f35480856c77,yes,
340832,0000000000000000083b6ed8434e156a623a90fccdfa61206f7b6617cf103c4a,yes,
341288,00000000000000000804a085a1a444905c465ba7817d055e1256b6b33163d367,yes,
342086,0000000000000000137559b21a1ef00ea5e4c1d7c23f8127238f6bcee197c460,yes,
342411,00000000000000000bd82bf0d9829e0ed83e9f7af830f46ec9b7c031d6cdd05b,yes,
342894,0000000000000000107d44a08b8ac2c49ff63e21db1b2e25bf52c39ae01093c2,yes,
343607,00000000000000000d899afc1ed7ef4873e38d1afcaca53ba4b0972b215a6a41,yes,
343901,00000000000000000b39c7b67c8f081d595cae273777a1e0e39205dca0ec9aa5,yes,
344642,00000000000000000f543ac474f0b8cdd8a9e37e29126d4efb27b70432799cba,yes,
344977,000000000000000002245706014104dfc96d7841ea57d0cfd39cd67771ca73a0,yes,
345334,0000000000000000090bb7c72bd107ca03bdf501668b71ea39ae227d176fb9b6,yes,
345700,000000000000000013d4d0274c0fa2ddc67f3e2b93d1d5322f35b066b199fad7,yes,
345711,00000000000000001607d9d8e49e3958923f1b6a4ebd465dea0fc5f92596c3a1,yes,
345848,00000000000000000a48d49162fcd579879ba25344f31226d3d002b05ae9ac93,yes,
345882,000000000000000009a3fc01984090914c624af125604c7f6d86e811840f7b59,yes,
346310,000000000000000000853b74b4ba57ffe5a5bd711e298c615ffbece916e43805,yes,
346319,0000000000000000051df08a973095ac3e4db9fcf55aabba3c869d3eb588cf3f,yes,
346851,0000000000000000069b763930953bf48acb48742af2a7244b13de2faa9b1a8f,yes,
347295,0000000000000000142c8fa8984becbe71c90658c89c3f77490bc40ad2b9be0b,yes,
347508,00000000000000000f329e6fb8d85af6096ac0beeba36cb7cee27d6b72584c6b,yes,
347999,00000000000000000916cfa683499a4168ed2e5e5e91619067b28479daea5d7f,yes,
348267,00000000000000000d69185e568cd0d6bc1a6d7ec73d9d33f630393a89b2c2fd,yes,
348877,00000000000000000b11dfec7092965d1efd63ef9892799228aa9c5b08376389,yes,
349012,00000000000000000f13059bcfbb63896365273a8360b60ead58a5e623d0555c,yes,
349073,00000000000000000814d4017c1e5cb6e0356a0afe3d3c2df9b297f81fb8887c,yes,
349299,00000000000000000ab163de1c6fb54ead7f42331bd0304c8648979434030e52,yes,
349381,00000000000000000f96353e54291354c800bb6b7b74b2d50287fe80de630ab6,yes,
349715,00000000000000000440d4ef910f1c0830ebac19af16abed6c8046f187602290,yes,
349844,0000000000000000127825ede10ee446409ed45b877102e01b3419238723cdb8,yes,
350391,000000000000000014c96948ae6b331428cb984abf7b9659dcd091c5d8e03bb4,yes,
350853,00000000000000001061c2f7e7cf6e647276812610e8fccc90d095007e5418d0,yes,
351124,0000000000000000088e15c6dbd57866931d0b5a68b975e561e2535f5b58bc2f,yes,
351255,00000000000000000a7d33db8466b1e84e5522cff551369c09cfd519cc26fbc3,yes,
351328,00000000000000000e036fa6ab45dd07267798ba6896a0f3932bf5248e6a2b6e,yes,
352025,000000000000000011608b6d91dd48b669175040c01a2e804ac8b19e620a8684,yes,
352514,00000000000000000b95701cefa963860abe9d9a6bab63bc1efdb4c9238c2147,yes,
352592,000000000000000011e964327489549a800897e1c25f8f2172006e455d087c9e,yes,
352802,00000000000000000c6d59c30f727419375c55cbc88344b8425b295b7e44eb65,yes,
353014,000000000000000010848a76d51277896423778cf421a2c898b93820b69c5582,yes,
353071,000000000000000013caed588c3fcac1c48a37a65691c3f1a5f6a2518e4b27e2,yes,
353129,0000000000000000034564c42bcbeb7838847e4ca5bc31d9bc233c3000f8f291,yes,
353214,000000000000000015254a78dcb15a3c799fb6a8840063c64e5bb2948ffcde13,yes,
353311,00000000000000000c3449b1a0e828e5d8d117d138783876177ce17f3a16fae2,yes,
353339,0000000000000000104fc42b25b47fd0c735f5c149d5684cdc2c7a1024cbfe0b,yes,
355559,0000000000000000148869e9c9612b995fb07f44d5b7d6bde8d3d3975795054e,yes,
356381,000000000000000005e60a3c97841d0e876a8cef9126f3fcc721591c866de3d3,yes,
357309,000000000000000014c6ca0b3d3311e96cac9207072736034fac8bd0ec28da2f,yes,
357427,000000000000000007a0ac307aedd792541e933262cfccdd0b40d9270e49f813,yes,
359234,00000000000000000dd889807f25225b494a908da187b935d43bb6f79851b943,yes,
359279,000000000000000000a67793364098b7c6338ec691296a1d729a020eaeb344d5,yes,
360057,000000000000000016abf022448c6d53d29c79f3f7352cf920e103fbf0835078,yes,
361445,00000000000000000ea97f669cf1bc0966a59e8fcb32166c6ebfcb020ad052ff,yes,
361967,000000000000000001c591013236d9b016998d10f76a911ecefe4a53fa713db3,yes,
363615,00000000000000000759748838b0f6f43a91730aec3960406b6452fca13dd3e6,yes,
363959,00000000000000001262efe584ec7ac039dba15b56d6ed239249c483636b15ef,yes,
364247,000000000000000006c2b56fe4466c090b39d93d63d5ac16e58f8fefd2e9b9f1,yes,
364367,00000000000000000d9d7bf699cf830736790e874931e579097d2cba367ab794,yes,
364418,000000000000000001b9c10b4b84de74e21cb6428e82bc069f96f80ebf667637,yes,
364439,000000000000000013b0eba5da32debe873ee7613ca81e6645e84de6a55fe92b,yes,
365633,000000000000000011ed38b549c7baa06334467f087bb09c272d99be9d34ad41,yes,
366625,00000000000000000d9edc07b0c0c265fae6b71bfaaa47a6b9cf6f83eec75671,yes,
367490,000000000000000000be0128f1194bbc2c5ca80bb3805974ea62492573ebb76b,yes,
368482,00000000000000000b78bf2322a58aa8b56b581693e6ea5b33fa687e6dc48ffd,yes,
368585,00000000000000000046a31444ecc0a049f41601eaf44ccecd1eb8562e3700e5,yes,
369170,000000000000000003bc49357e59ae3a27674f02c5a906cfc94ae22963fb33aa,yes,
369270,000000000000000009c65f65c49e384267d5a923dad5dd789ac20375d9400894,yes,
370148,00000000000000000b16a4cbd2934fe51fb50fbb4ea56f944ceeea6fb1aed13a,yes,
370619,000000000000000001096490777b0c7ee97f873577d1b1141bc7a651ec0f8829,yes,
371782,0000000000000000012e1cce9b99ab947c80ca25fc36d4a277faa027f74d8f8d,yes,
371947,000000000000000006f82a4134394d3422ce8afab5589d9a26c8895d0d6478c6,yes,
372605,00000000000000000a65f3efd3dedf4cfcd8f3f368e38e68b8471e8ccf4c24c1,yes,
373469,000000000000000005bd859f24f98069eea5b38c00dc56f08100b5a3ec0d46b0,yes,
373704,00000000000000001288d29a93c0071b1869907f7e441bf8237ba928c3556701,yes,
374120,00000000000000000801541cfd5aa588b69864697aea8936cdf6c259f6a2c6d7,yes,
375515,000000000000000006fe5c575578ffcf24acbcb7876f74f68f9e92f1c519f19a,yes,
376531,0000000000000000053a2646bba33979619bc37a22be86b26a88d85e16305546,yes,
376649,00000000000000000897e2499fd8822fd2241d046853c00e4f7585be279d3de5,yes,
377502,00000000000000000aaad2929e733e3c6d6c7e1017f7b57f02b9a9f1054abdc2,yes,
377553,000000000000000005981ef81e2cb172d0534cba01ffeedd44e486a7aea990dd,yes,
377868,00000000000000000da1b9261f9f67fb9f5f7dd4a8946b923528ffa65a9e1ee3,yes,
377868,00000000000000000efe37e0d9cc7f2283964f877d6a1f349bd239eb4840c3a1,yes,
377943,0000000000000000066ba1796a9c56b1dc1517d5b3048b5a606f35d9baee9251,yes,
378134,000000000000000009a5dc2a9d5136f7b78ece91f8ebfa13638a1923fa05722d,yes,
378141,000000000000000002bfc38d17166cd93644781669a6c1d267cba9699e5d2c41,yes,
378188,00000000000000000b26a61883a6f7b180ec1ea9b737f76777a7c400e713b9a2,yes,
378368,0000000000000000067a71e76ca5cf522f59e867bf357f64df87aca09a75b521,yes,
378401,00000000000000000f7a35f6e4a3624b5d796b6f1ab9c941608034a6d3c2d241,yes,
378572,00000000000000000fe0e0354efad090e849132562541ddbd4a5b76a41059d56,yes,
378624,00000000000000000877e016f1a94c1ff149586f058d7e6332e29d69102caa86,yes,
378900,00000000000000000b5d0380d6770cd2e97288750fc72ba2ef81e395208b2683,yes,
379110,000000000000000008974fa44ad00f2fc47ed28b9f7c5390332dde2744662bbb,yes,
379279,00000000000000000826881227cf6a1d472b608f6d62384828034082f35c8fc2,yes,
379288,000000000000000005b2c07218c6b93bcded4af5edfbf5af128b9b675a5d1e03,yes,
379422,000000000000000006e4bb33c7225febd62487bcfbf2b11cf68cc138641d211d,yes,
379454,000000000000000010e2e74380cf4a4874437ed2fb35f8a11b233c1ab09b6713,yes,
379465,00000000000000000b4153e7d0151f93a80ea128c6e478cdf4e52a56710953ec,yes,
379709,00000000000000000513f48feff49c9623795798aa7790d24f0b40808eb47470,yes,
379735,0000000000000000014c463a40271798691071aba2c0d680403031bfdbcf0da3,yes,
379843,0000000000000000040bc6e12dee1fbaaba03fc60f3d61d56023c732a3535c02,yes,
379924,0000000000000000011bf0d411f64a5c4d9c1abad8c5d1c9b1b974af7fc79b7a,yes,
380590,0000000000000000013ce2133bc3109cb8164af70822755b220de3bbdd70dc25,yes,
380598,00000000000000000ef80d944bbf68e93e5aa63e5c6f787e34d8019a51f02e12,yes,
380709,000000000000000001d17b643988ddc0ad21b1fe08f62032cd2b3d1955603db6,yes,
380957,000000000000000005757d161119cf89ac8379462031c533be600f5cace8803f,yes,
381755,000000000000000002a3b663fd7749da918bc18f6ca401e15ff6a86b19d6022f,yes,
381890,00000000000000000744494e1ffc783a27e9b1b021a5c556af37653f983b7393,yes,
381905,0000000000000000064e4c67361eb671310c3b5143e4fe746d81e9faa9457252,yes,
382649,000000000000000011981b8d79967f6d2c04e2a008d3365b404752898eb784d5,yes,
382766,00000000000000000d24d203ef40e89a717a276baa6ba98d6981f2b8b3f029be,yes,
384518,000000000000000001271eaea120b662205e79fc9826dfd3a5319c53dc871dad,yes,
384889,000000000000000006d6cf85cd950e9ea0835fc1f99e3d3bb19a49b8932ebd82,yes,
385039,00000000000000000af10684bfbc1b6f5ebf75ebdd8017dbc8e6d86769e5717a,yes,
385278,0000000000000000007902c67475fa86ef8bfbe4ce95311ad9a86418acd93363,yes,
385917,0000000000000000099fd595d3995aa801b342906dbbc1456026339056df15f2,yes,
386282,000000000000000000219f113b5be11ab9a6f059e329f112253c6d229d99baee,yes,
386304,00000000000000000412bfc1dd1619104258d3f6e3edb77e4bad4b8ae53ed414,yes,
386545,00000000000000000d3a1839b80ce9d1b93e03a6dfae330f5a223b81317676cd,yes,
386817,000000000000000000b00fd3e4c9cec516db337ea7dd3d2b8d7cbe9e4e0e6f5b,yes,
386960,0000000000000000063e653482f80b69753ca9f186573bb9f78658356c338941,yes,
387244,00000000000000000b14ac7436beeacf6d0ebd0e23467615332960ea6988ab21,yes,
387439,000000000000000008e051b41e7ada11e9931153a0bb02960ebb4a9e0374e404,yes,
388181,000000000000000006c6918b4a143bf43c866737facd5ce5b9f294c6c888db85,yes,
388275,000000000000000007305545e29bac0180b7199895f90418f5b8d994b105184d,yes,
388477,0000000000000000086244dbd2b6751bf7df12a87f09fb535eb664cd34e16da8,yes,
388533,000000000000000000a11dfff1de30dd2a10169dc0774897b69ad00e71eaf982,yes,
388579,000000000000000001cd55f2e191048bdd506dc741d2d113abb378fa9baf48dc,yes,
388747,00000000000000000c6b6fa9b37d9224421cf9f87643305da370cdf64669c19c,yes,
388953,00000000000000000b7fb66b80f7a02517b50327a56a4ad0d6357d88d348dec4,yes,
389224,00000000000000000192ca9734930bc57744806e0c61722d9e1549a20953cd1f,yes,
389406,000000000000000006139ffb8b844a99d0e9e53f68cb406d8aa9068946109ce3,yes,
389567,0000000000000000009cd142eeb0a79835d37269036e04cab0fa83bacb5131d6,yes,
390113,00000000000000000534efbe03bc2f1e2ef71adc4105d2dcb3882c85f3fd1aed,yes,
390183,000000000000000008f347eb102d666d43cb2e51914d309b300ca63066ba6983,yes,
390205,00000000000000000b609a1075bcc162b337a75c83466f518887bca05a75277d,yes,
390470,00000000000000000608753d7a35d57f829acfaa39c503c4efb7ee467a469290,yes,
390528,000000000000000005607afeb0d535a7afe72caed1d6b2a024f0fcbb3940731f,yes,
390943,00000000000000000483b8c7663df1166d165f19a4b3f386f08f9c3bf0c385f7,yes,
391045,000000000000000004bc48a380333fd3176a11e149b2e981b170178d49ddf830,yes,
391411,000000000000000004e31466c5da9ba22baeceee22ec14f694d6e4f895e071d1,yes,
391731,00000000000000000051fea1ccb5ea4e119f9f9af398f7c789577fcecf7853b8,yes,
391927,000000000000000005d3d6cc610bbcf03de071babd2f7dde8cdeb3dee698eb65,yes,
392031,0000000000000000050e321769408f400eb1dd4afa498eb39536c80ee20aeff8,yes,
392172,00000000000000000759d715821c61789cb3391f26d25a057c98c1d9f4504d28,yes,
392538,00000000000000000873af1c99657c2a02ebb7896515d438f50b6f339a721ef1,yes,
393398,000000000000000008681ef160c03a977ed9fded483a93d16f6647be9e4ec19f,yes,
393434,000000000000000008b63c87e728eb4297369222d7c449356a1780f5e21698ca,yes,
393452,00000000000000000580734f1626c8de411c3c701ad5a63ee3ea70a4ce31c677,yes,
393636,0000000000000000013dd087c1a4636a393dcd09f132a5dd380dbe803d10853e,yes,
393970,000000000000000006c6f9a3754cb18d815f61fd3613c36a827480dd1ea8ebd8,yes,
394059,000000000000000003e86cd432fb18411740b5cd80bb01ac5a6ed4468f8886d2,yes,
394081,0000000000000000026dfff4dbdf65fab51a6cacf92aab0f91b1864fb1812346,yes,
394552,0000000000000000072545b7bda875c3e31a784880fa1cdae4677b64302f19e6,yes,
394573,00000000000000000670299f822436c3b876adb2f9f8850ffdeab801c788efe5,yes,
394846,000000000000000008a8b696daeb4b6de0b7bf819f3973ed511bbe207286d546,yes,
395020,00000000000000000450bb3843bd6200d4d6324410292733b6987aa06b3ad669,yes,
395096,0000000000000000020cfd0d59451a74a89b1483122d0975eb4919b4d36bb78f,yes,
395959,0000000000000000013aabed47187ce6c52fcc3191103ef5018a276a187892b8,yes,
396515,00000000000000000903fac76a0a51334b607a1576440eb70a24d0da1d3f106f,yes,
396573,000000000000000004e095a5be8e823ed4127329686a596f892feea043de4fc4,yes,
397255,0000000000000000027b5857360ecb199d2b3089db42f446f91312359182edfd,yes,
397486,00000000000000000158e2c73ded7c24f0087514d646ae59ff017347bfff4c15,yes,
398191,000000000000000006b31d1bf36e3f5c9d298aa69d72b0ce76947f839ac512e3,yes,
399098,000000000000000001bb9eac7a0684d2d0481b9a7fe74568ada10ada5734c857,yes,
399138,00000000000000000382da0f1d9cb0bffc6edbbdd53ba8f87877ffe11263100d,yes,
399332,000000000000000006972f107e48524ce3e01752c24a282beafc7b046f29f221,yes,
400940,0000000000000000008a6b9e075718a248a9e5ad070b5e0c9e932a5f4d356756,yes,
401626,000000000000000002614acdf9e68a2d5b1d5782cf54bceecba33d1760313b40,yes,
403269,00000000000000000179c4a3b9aa4e011b322a7e7654e2a18703ae50567c3c31,yes,
404145,0000000000000000014fc67e896071d9cc5345fea4d04795ff6ee8f9ae142268,yes,
404548,0000000000000000010edc4bee21e25e976eb0515da5740d54d060d1579479fa,yes,
407600,000000000000000003e8f7833fda53795ea5baa8f629404d068fa567ed438cdf,yes,
410945,000000000000000001791f74037ca63d26de589c66ebeb9a1d35dac6b1aea2f5,yes,
412649,00000000000000000109a2abf6ba9e67f63f9b9640474ac26c316e266902794c,yes,
413482,00000000000000000561c92fd626a1dfafc0b5c46abfced63a96e9c46f28db5f,yes,
416231,0000000000000000044d0d2c25f33cb48931540366149cde3fb0154f55b58c76,yes,
416338,0000000000000000020f07b897b3b12bd070042d02d5e80dc3190b12baef3d81,yes,
417946,00000000000000000029aa0223d5a4de7c832e77022d4904347a5fa7c5ccfd54,yes,
418800,0000000000000000038769244e2185218c90ae8db6972504605f7e2134a06c87,yes,
420006,0000000000000000005a875c44a180850934825a5796b43f192fb0e1959a3054,yes,
420716,000000000000000000f862c526a5bfceb9706c3d751a45e9ff439c4a2f5ee7f3,yes,
422212,0000000000000000048dd7432c66dfc4ba30e90be651b1a9e6e174d7c9d10ed7,yes,
424032,000000000000000000c2437d1a21f69c903c4ba54a316816d6bc0aa18e4ea7a1,yes,
425134,0000000000000000031cbd54690b715ca6952cdb5e0cc85df7b79e08aad38d45,yes,
427778,000000000000000000f26158303c8c7b70ea4a6e3b00909dd3fad4f5b461c98a,yes,
430009,000000000000000002b455b8373e0f85bf21dba117862f3799e6b9c029832500,yes,
430704,000000000000000000aaafbfc54604b4b927f047a98873656cab633338eb43c9,yes,
431097,00000000000000000361a310c1b1cd95043ee862d50a618505a7d059b4f93bf0,yes,
431715,000000000000000002287d1562b003ca57b46c4552bcc9d8e510faba2d8b4d16,yes,
433037,0000000000000000010e2e585a3360deca2ff6014756319802c264e25d924687,yes,
433890,0000000000000000001d35f949bf9a4ae21b3ac1ff1deca2ff778a503877e338,yes,
434415,000000000000000001007d5b2672ef5c8534c973719fa93471410540a9e03c2d,yes,
434969,000000000000000001279e88d86e4332f09592197fc034cbf97439ea5c39cfd0,yes,
437478,0000000000000000011da79d23e40a8360ed09d7f7e67e85e5fcf14377694df2,yes,
441415,000000000000000002e40990e1676a8c9ab4c6411ac3f443b14a4febdc4e72f0,yes,
443878,000000000000000000a9edbde79264d7e1c63b0be12c74e0ba044b4d72fb4f2d,yes,
446579,0000000000000000035dda07383fb027048c1bd1987d1e1687b0d98911f151dc,yes,
446778,000000000000000000a7c9842e1cb771aec50c54f641b9b45d478587d938be34,yes,
446779,000000000000000001efe44d6674078783f4a5e2db4a58d946aec4cf24dd4742,yes,
446779,00000000000000000237b2b309e0124c64a0d736423b5ad768b553df16b7d751,yes,
446814,000000000000000002c4eab89ce5495a6d17192a12679304380b90778d16083d,yes,
446876,00000000000000000018a0de9989907eda6f273c47943e3914c8b204ce21dcbd,yes,
446881,0000000000000000020843f6f706c610c2d729860da95d68fb49832f5ba001e5,yes,
446893,000000000000000000a5526e193afed82841bd749ba5c3c311e939f100fcc62e,yes,
446895,0000000000000000019b90d0af27d15b63984940f5465354fbb1dff38e7ea006,yes,
446935,0000000000000000024c22ce28104f46dc3de72f6b1100603fb351fac45dc9d2,yes,
446946,000000000000000001cdbd0ea9c1ab39647ce7f1b8bb7e24f4ca1d99a46cd772,yes,
446953,00000000000000000241b3de2482318d39d56be888990805c6bfd6e8500d1ee3,yes,
447004,000000000000000002648e36f13bbe8bac128f0afb04fbb96f3bd9db7c318387,yes,
447035,000000000000000000d1e612208cbbc1121cb9d06627e04d4481eb953a058d7b,yes,
447082,0000000000000000013ddd97c074d1d02082fe6bd8df68fc6abc4b23a894b2f7,yes,
448459,000000000000000002ffb28cce355e76e736d13d7cf8ccd83ff4cc886d736b7d,yes,
448504,00000000000000000247cf65dd17436aaaa8bf69318a50b676d787fd057e8cba,yes,
449965,000000000000000002635f0b2644397a6ea627e16ca2cc24729035b6ce553d92,yes,
450476,000000000000000001a5f6f802299e2eeb636bcef99afef174e0e39a3a400fb7,yes,
450683,00000000000000000238ce6e73a532efeb63f1070e3bbee107807d0e20e2cb9a,yes,
451605,00000000000000000132f0e6b7cae8581b666ba7089bab62b32517cf3546a491,yes,
452485,0000000000000000024f13f2fccbc516b5d9db98fe01157b2acf19e271f8ebfc,yes,
452648,0000000000000000025f56cb85b0cf25a06a938efbe869c79cb73ec75401f869,yes,
452679,000000000000000001830c2f3b22c58c9b586761cad3e11d178a1102e09b8661,yes,
454432,00000000000000000263bd22352871996e6013326fc52fa3739b77ac5ec8c9a3,yes,
456301,0000000000000000005e22dbfc111849cbec7aa5c209cef8b44e170fb1d39df6,yes,
457814,00000000000000000187d7ee2aeb84cc33e08fd78f0563c9539320f86ed32e3c,yes,
457989,000000000000000000618ba70b51a387bf82aad3abee5ea0367ed6d43a28230f,yes,
458338,000000000000000000f84b39939437886a4dae76a18c4ab624f6b0d7300a3dd5,yes,
458383,0000000000000000022c1fb7b29483974c632e1d6ea09a145595c59faf3cd747,yes,
459432,00000000000000000111ddac6e40c208bbf31eb03de250e68da93bc17a94c89d,yes,
460524,0000000000000000012c2bc5e94185df03c7f5077c4e56c506aaae8ca74da7ba,yes,
461508,0000000000000000004fb319362d93e8926120f5c035cd7c698d60a682ec5169,yes,
462645,000000000000000001ca7d5e740c0cf0227216805e7bc19d770fc732547d9aa1,yes,
462962,00000000000000000103a3376976d62e45634563e9386aca31da067e3f9a3cd0,yes,
464297,000000000000000000e95aae8940adb30084caf4f432fd13c04c1e6efe4db8ba,yes,
464447,000000000000000000bbcb4fa772da81f8dfecbc1452e7841dcda8f4c8fea7c5,yes,
464681,000000000000000001e43a1b261fc531a502ea1294985282f357af352a284c7a,yes,
466705,000000000000000001abee9e5f3dde018b226e5518a1fdf962f544cbaf15716c,yes,
467186,00000000000000000014ff91181fe426c7d68fa10d333d4349b1a0b519d0863c,yes,
467201,0000000000000000018d0e4f7101731b9a260a560a4ffc969144fd5315cf3acd,yes,
467911,000000000000000000276c79352e03d04984d4aedf80c974f89b62a92f90c82c,yes,
468427,0000000000000000005b81c4ee3516f8a8ab7204a5012a5b558e53a647437e55,yes,
471114,00000000000000000051196672c3f6efacbade6c0ce2e50131c0cef572b26da5,yes,
471982,0000000000000000013f307c997e6a107120c73796700646f26e858c1b57b070,yes,
472235,000000000000000001824db26c16498a1d546dc38a7d9c14943f2bf3ebb85a56,yes,
472549,000000000000000000af6a6f98033f74090f3bc2d3d82a0cd4575fba72dc53cb,yes,
472975,00000000000000000067a24962827bc94d347066a2acec324625da67a0b10168,yes,
473586,0000000000000000013b4569d28866fd10dbd45ed43725b9785bd8749c1f6c7f,yes,
473721,000000000000000000373cc2bb6b8f9c2dfb3a24f8f719b01b41ec6f28b6835e,yes,
474294,00000000000000000182acdf5657c93a0769dc6f9004047496b2e15efc6a4232,yes,
476564,000000000000000001303f886ed166c8643acabc0a0e3eaaffbe9d8f42e48a5a,yes,
477115,0000000000000000013ee4a86822d37a061732e04ee5f41fb77168f193363d1b,yes,
479075,000000000000000000b58e7f407be286fa8a6999a8d5160da04b5180ee5d226c,yes,
480853,000000000000000000093a0b6064c155ea37f82429fff7c53bdac54663d47a5e,yes,
481203,0000000000000000012fde632d00c609539644dcad331a69196ececcf2d6c44a,yes,
482433,000000000000000000719cf063cbe741ccec03e60d9cc0aeef6b83a86cb09eb0,yes,
482910,000000000000000000ccafc5477e199fb98ebf501a258cfc246a989160b52a5f,yes,
483319,000000000000000000322e3f3334281df8300f4f55b9cac1d75641524a276757,yes,
483608,000000000000000000daaecaf2ee62b99628239ecb851a1a2557a631bb1f4abb,yes,
483755,0000000000000000002a5f584f90d17a7d8abde28c31c20e3fe743909dbe6067,yes,
484306,0000000000000000004d0874375c9c67ad5cd6341b1501b69cf1305014006840,yes,
484361,000000000000000000bbde1e761b3bc5a1663c2b9064f904785c042ffc6dabc7,yes,
486262,000000000000000000c64db61e05259d25af46dc4a182b25cde7d45604cd12ce,yes,
486411,0000000000000000006a21312b5297e69fe375fb42d8832ce6fdec4b373f275f,yes,
488420,0000000000000000002da01fe25697935d1454dc490b0353655844dc5f4bc6d1,yes,
488580,000000000000000000581c04dbb1e21e48dfa910009f3eb5e896fec45a58fedb,yes,
489515,0000000000000000000eede257b04aa43736dee034732f51bc1623792808bcf5,yes,
489644,000000000000000000f2738df5ba0364748f77af64680992b99c4e654553f71f,yes,
490917,0000000000000000002201cef1e89b7de381a40745d30631467bd51767fb7407,yes,
491362,0000000000000000003c573dbf45ba068ce8d8d13e998603448242b966637f25,yes,
492924,000000000000000000647340b5b6c452a22f3aae665eac2004308f5bd8dc1079,yes,
493930,00000000000000000065c209d774cef33d906a44102c7c0119c27dff32c34b9a,yes,
493930,0000000000000000008fe337c1e312fea3145bb864bc5916123ec51ec5567ae6,yes,
493957,0000000000000000007738824e13b4ea73a5f4600e1e9a414439a654325e7149,yes,
493960,0000000000000000006bca231cc31a4df54c9b0b9cf03bdeb3408bb787aa51f6,yes,
493967,000000000000000000781c613e19c52be0fce198e18bb6039f5656826e28add8,yes,
494100,0000000000000000008ce8fd9e64630d842996a6bdeba4a0fe67e4cda7a2fe13,yes,
494111,000000000000000000ac80a923d6b0010be2d667085d9e93de2dd5ea9f0e8c5f,yes,
494120,0000000000000000005eebfcd965ce6655d84580779e53b3f60f4bb877423b07,yes,
494124,0000000000000000004a5a8bfcf65981699911ca25a8172b63392f277e96aeb2,yes,
494143,000000000000000000c63f44071e5745a9663b9fd51e7963782e32daae32d3e9,yes,
494144,0000000000000000006857fd1f8669536b61e34158dc286122ca5d8ae680114a,yes,
494348,0000000000000000008906e58933b66e20a467229391caa9d96c067a23f6e439,yes,
494676,0000000000000000006d0d160c67e34273d46f1f29d8abe1139bb8c266b919a0,yes,
494892,000000000000000000824c65eda36eb2598655decfe989d33735629323dc3080,yes,
494933,000000000000000000903fc1c651867a99512af2a9f6a804c31a9382de1fced9,yes,
494949,00000000000000000034be7a2331337ff974803432f4593698f4cc825d6decd5,yes,
496648,000000000000000000c85ebbd0e18a9440335f5d2de10b102c5a031a83710932,yes,
497373,0000000000000000000d450f4d1ccbc5107f1eaa98284c2c87b6a0702c49c439,yes,
497871,000000000000000000c314b3c7de6a7ee8251ebbb55e9a34181afda0b3bf799b,yes,
497953,0000000000000000001607c9a34558d3f1716aaedaf23daaa42c7c388cea331c,yes,
498984,0000000000000000005df7f9cbec4ec833d73d0133e5f2c31b65096f09d44443,yes,
499002,0000000000000000009f3341356de702b559b79a8ea2884e96c32638e1b03ba6,yes,
500568,00000000000000000080abbac4b6c8971153afa62b345dc34a13b35931942061,yes,
500910,0000000000000000006ffc18f47f8c8ccb5e2db5e7903cab5cc391dc18087980,yes,
502052,0000000000000000000a7410239f8b13c41071a2e7032fdfb1876fa18a562256,yes,
503056,000000000000000000300c45c0820d3fda5c6ad79b80c6fc0bf7d0e0e6d11444,yes,
503806,000000000000000000841bfca4eb3f5b4c028d78a8af8dd0e0fcdd2774d9b8b3,yes,
503839,000000000000000000604325382f569da26fca365c7bdbb0de8bd12da4c86d4f,yes,
503949,0000000000000000007bde14b35e5d2a71a6d4b32b9ddc26cde0acfceb03611b,yes,
504461,0000000000000000001705879f3be92385abd12b026e3b12cafb326a90fb261c,yes,
504786,00000000000000000057a95287b25ba863540b211052bddf27e8228ac9e70fbf,yes,
504952,00000000000000000015c30099593e9b5e974af1d27b7b49910856e3434401cc,yes,
505360,000000000000000000157df170483e244c67311826839c1bb4e9dd0d3684ea00,yes,
505478,000000000000000000762a4b37186fc67f5f72785e9c7b97f826a92a4ca2b534,yes,
505705,000000000000000000520a6174197bca28e864f13dd76db5ea8c9787b8ab5f62,yes,
507498,0000000000000000001fc30b16cfead4149749beeafde9b0f7ab245181e08b35,yes,
508255,0000000000000000003bc150843b71b364653ed2b1114923e2daeb3b4362328a,yes,
508265,00000000000000000014a88b8d394b3bcec6cfae1ab7bb3f12a08e0a8d25c47f,yes,
508275,0000000000000000001004064ea0b04618a230f5f8e18ed0f960aff76b7fb564,yes,
508717,000000000000000000518f45517254a74178d9ff01b74d6e3e4b04fcb47e07dd,yes,
510542,000000000000000000487c9906924886bf7ab1f359c8dcf6d5c4ded0c0c40775,yes,
511270,00000000000000000015a05645d876a430d1e384416f2379a5570520ba48550b,yes,
515316,00000000000000000027ee3c8bad673dae35718afea01845b06497edae0b58b2,yes,
515776,000000000000000000486a5c1e5cb4fd29706de18d458653f1d95f8f4e0414bb,yes,
516037,00000000000000000023bc6875764d351b4a133956397e01e5a5927f21bb9976,yes,
516242,000000000000000000284f4c8e92e1883be2456c0dcbb3112f425378abc50548,yes,
516252,00000000000000000025bb2c6d36fe7a9f8196a2dfb259f5275c155aae929718,yes,
516432,0000000000000000000f244a350e98ddeca40854cc50ce8c640942aba29c7264,yes,
516523,00000000000000000030a4f906051ebe91899a901dac84a1686c09e2db3a355a,yes,
516669,000000000000000000220007fa0106fd627780ed21767c9086b6a160c8411328,yes,
516728,00000000000000000016124d88133f44878bb004669193f14d2d40e77039766f,yes,
516944,0000000000000000000e4ebc30f342fcb6e131b58635555f1683619cbb99ea17,yes,
520697,00000000000000000010d4226ded357a421152fe48922e8450172fa0246bfc93,yes,
522105,000000000000000000299908d99b5eaa58c1866e8f3052ac17ebfc1105ca590c,yes,
523738,00000000000000000038dc4e4202ca390cc9b0164f38e757dab05b019e062750,yes,
525566,00000000000000000028deda08c4303a5303d0fc9a1441f641d84c3c3b63d552,yes,
525890,0000000000000000003d068ec400b1042b8d1ed867cf3c380b64ca074c6d12c7,yes,
527089,00000000000000000033b3f31dfdc967e8f2a615ba6740abc4640a59c2a9e268,yes,
529428,0000000000000000002f9d1ae00af4ac8777469a029de1c770fe6e2f4f59aeb7,yes,
530707,000000000000000000180f14805b550bcc1395a5458de8ac4f2405d989d55c1d,yes,
532627,00000000000000000015e2e0746e78498bc5adb000a1cea1e45991bfa6d755df,yes,
533547,00000000000000000020c9e03ee11dea4daa7aa493ebf9d9d41256b1ca151497,yes,
535495,000000000000000000115e2f370fad2516f8c847f339044ddd3e2da8555ad168,yes,
536188,000000000000000000150c3cf830937ac16df5ab45fe588fc33b97cf14c3b44d,yes,
538103,000000000000000000035016e7e79e9e459cbaa35802311ffa096f4299f8cfd4,yes,
540230,00000000000000000007a67525e5243b8606ca058bbc767604011fa147f89c32,yes,
540801,0000000000000000001b934f570a5a225aa47f7f127ec13456e0871ec10b9a8f,yes,
541971,0000000000000000002074841ea64035c7689a657bf57abfebf05c2dab8076e6,yes,
543182,0000000000000000000c632f114778b3a34e2a00087d21cf658b6747eeed4015,yes,
544568,000000000000000000253cee00eb8260deac882b2a63855152def7e220d202cd,yes,
550671,0000000000000000000eee227ee8e347537bc2fde7ecda048fd2fb0bce14fac4,yes,
552791,0000000000000000000bfd78946a4e49f2a401fc544c17b29ff1fb4d183944a5,yes,
552951,000000000000000000248b5ff033fca9ef3c9a05cf2e36312dd01a3ba34d7593,yes,
553457,000000000000000000209e2da61daf786ab8b1cc74011a50885c63aeeadd4698,yes,
555745,0000000000000000002b283a6038cbe5885ab0a0bdcb8b9885a7fa6c7329bdfb,yes,
559371,00000000000000000026059ae3f61fbd77f16d8c7a8c6b9c61f46ec9e8e86097,yes,
560778,0000000000000000001307370297052e96f75e36c693d0792011b3ef8407dd0b,yes,
564906,0000000000000000002a5fffc63ded44e8beacafaed88906cffd63bd1c1c7456,yes,
565437,0000000000000000000a83718716c6257674624f9a8e36c426de63ace038f765,yes,
566624,0000000000000000000222a9b048cd07842a6851adcf96ed634b78a0adee799d,yes,
570345,00000000000000000018a68b84ee2457362c3761a149e85b1976f401d7518b70,yes,
571486,000000000000000000231ef103e6b509c969f3ed0ceb809de3e5441a0789fe83,yes,
573313,0000000000000000000883f9f6eb9a459426f715ee3895a4dbb6e51e9237eceb,yes,
578123,00000000000000000010fe8e49ae527e56b127f60b9e3135fd4499adb900025a,yes,
578585,0000000000000000000e88c456cb7e52ef5c288cfc30c7cadac12beb50c3b22a,yes,
579169,0000000000000000000705b5fb5ffadd8bb33bb8e7b0cfd6c9c295fe9267e992,yes,
580710,00000000000000000003a307259262d59513248a16a7912a2a152d1a2bfadb66,yes,
581839,00000000000000000015f55314db07fbebd61747a8f6534d32b2ea765cbb4342,yes,
584327,000000000000000000160d6c64bba17309eab4221b959cf188452d458b69b7e3,yes,
584501,0000000000000000000cec2040cd2a8b80ec7d4434a9aa5ac0fbb7ab57d24037,yes,
584596,00000000000000000022fafd684ddaa824619a8ba09fad39771662133ba9fdae,yes,
584719,00000000000000000013f5cbd74ef44673d13f424fe96ef65ce21b6fb9b09d2d,yes,
585083,0000000000000000001d52005a757e38b370dfe86a952f17a1647578546b0635,yes,
589999,00000000000000000014026826002017f841bbbd60384be2cd562dc9b6e96624,yes,
590044,000000000000000000123d82514aa6cad9536b557c24fdf8bf796c1a0e70e708,yes,
591031,0000000000000000000c0ca13721964a48358c5e1ed8119b5e2de20ab7d9048e,yes,
594485,0000000000000000000802ef04f7accd4591cd9f5ba2159a192c3c18180e5c9b,yes,
594500,000000000000000000167f5f0e42ce306f7a125c1bc7709b7d4175607602277b,yes,
595045,0000000000000000000d3d23e861fe0f8615320c42ccb263a8e8dd1b807a76d1,yes,
597171,00000000000000000006580101db2eec7471baea27f3ab6dd3ac2bd4e6fa0f08,yes,
597340,000000000000000000089122684295bb05353764bb1fae0b1fc2c18a5ae17b55,yes,
600308,00000000000000000012cd51c80d0799f2203524258a8211a70e5b98ea6c8789,yes,
603084,00000000000000000003f157f664d073add98ab0ad49b2d56da8b93ee870a854,yes,
604939,0000000000000000000704ee0d64be5764b22536ae0ce616c0c6e1b5dcfc2e29,yes,
612833,00000000000000000000e3d8e446127ced4defc84aec2fc2562891fcfd3b0329,yes,
613646,0000000000000000000217205d4aad05b44e1658b83c17fce5ad70e8ca2b4482,yes,
613657,0000000000000000000b121355a393ab955f76349412a10cdb9f252a06f08874,yes,
613661,000000000000000000048fea2c143ad8074586720d9cece1121f220a9c52fad9,yes,
613748,0000000000000000000c26904c257e704a552349889f0fc2be54c48452eccf37,yes,
613758,000000000000000000059aebad53ff5045b0ee5b54cd1b0b1bd6ea928aac3301,yes,
614207,0000000000000000000305f9d4c42f2b52ff4fbdbcc6465f38082467aa31b78e,yes,
616423,00000000000000000006d0d410adb0351e136ba991047e92f881cc6c2eef7654,yes,
616960,000000000000000000108f0e774fe41d100725f0ca3eea0b205d3c5912dbe7f3,yes,
618235,0000000000000000000d1ac8f8f3121140fc08d36e19cc9f01400c5d48c0bf1d,yes,
618465,00000000000000000005ff1702c937f23d1121b62c483a38722bc4274b4b9675,yes,
618607,0000000000000000000970e75c996a01a0dec03709d068124310d0d2dd4a608c,yes,
619141,0000000000000000000afb64a255edf537c7c90e5d10d62a7743f2d189e9bbc3,yes,
623220,0000000000000000000d6502316008e4aaffe4ff786914d1851da5ae148083db,yes,
626037,00000000000000000001f905ed555d9024c3c846624992d1c3db29cef59323a4,yes,
628490,0000000000000000000f18592c64fbb62fdc29795c47c70478f38b548d2fd3b3,yes,
631518,0000000000000000000caff4c4583a66d158d5002d7ea23612b9e0a58467ba44,yes,
635366,0000000000000000000e83ae1e2f069094cc1deab4aede641e028df3c8507b41,yes,
637110,0000000000000000000aa0415a6efa13adfb092c3af3bdce80b0db19af69a491,yes,
638000,0000000000000000000267ada2f2af62ec23a73ed1a046362a0493f4574d2a08,yes,
639040,0000000000000000000c052e7e6d1f5b12cce2ceda854bbce70157f5c8182d66,yes,
641922,00000000000000000006392caf6a894d98483b36f1e057e2a2377ef9db367d23,yes,
641944,0000000000000000001029028a6f46d9f49e26fe9f81f5a0fb3cf6700a38249f,yes,
642120,000000000000000000025367e5c14831322ad37e82cab461e2d21b7348c051d3,yes,
642647,0000000000000000000622ac83c1e231735b53b6e0d2e19c25c081c528a040c6,yes,
643511,000000000000000000022686c66f9b3c7b2964a66a149c4a8d8b324668309ca3,yes,
644543,0000000000000000000ac8d61492ab76dab7451373c6eaa6803ec0244f623395,yes,
648060,000000000000000000018431f759c8a5cdffb59d2d407bfaa8dae1bba1993c7a,yes,
649333,000000000000000000021aeb19b908e8eb071be0fb9964d8636c5f5d846126ed,yes,
651874,00000000000000000008df8e70e629348353dfa586492f91dcec31229dbd1eea,yes,
652526,0000000000000000000480c4d9ea36b08d181882f81b00d3c66babe9e3012182,yes,
652526,0000000000000000000600a00a3ce071b98d7c961cabe775c7bb73983d0e961c,yes,
652526,000000000000000000073b64e3d8e3f0f2ce2ccc6f63cc04a0a9c7a61092c97a,yes,
652526,0000000000000000000a858824af67b6e59845b0de48bcac1e8133c5d7411dfa,yes,
652526,0000000000000000000e42c7e71c09c6e31c6f740d19c22b151242952ebef322,yes,
652982,000000000000000000032e38df0e5b03029b61a8a0e7f98f9c63fa7dbe0e07da,yes,
653768,00000000000000000001e103359f810f977e5598c33f058206f8bc239ad11d9a,yes,
654526,00000000000000000005447f73cb1766c396c9afdca13d76a2bddd0b69afbc6b,yes,
655313,00000000000000000003899b4521357c1a914c924d33e370e0a1b1ad0cea67b3,yes,
655864,000000000000000000088692e55a40306e76732be060178ee919aa8f91e4a3c2,yes,
656767,0000000000000000000d1228138018746b0bea59dff3b7e6de98af0ede293941,yes,
657053,00000000000000000000049605d9582b95a7e746c41d56d16550e476e7be3673,yes,
657664,0000000000000000000a6134af268892e6b7492e5eb48acea42eaaff020d4e43,yes,
657730,000000000000000000015311bc1807d4e7a68226b69a3785dbc1a0aa61e80b9d,yes,
658550,00000000000000000000615273567268c22eb93d02830e6b82e08c6f3f64bc96,yes,
660840,000000000000000000027d34c43d035676bdc364945809c3f666a25ff73ed357,yes,
661122,0000000000000000000e0e769652e151ffd7ec27ed7e80288063c4ecbda9cd68,yes,
661983,00000000000000000006d890e1147294bf6d34bff9028d0567f2d48105c7b56a,yes,
665714,00000000000000000003b6f0620ae473583668c8df00979e9e9b55326ce97f6d,yes,
666793,00000000000000000009c6131c431436862392d7f11268e0fe02ce575cd549d1,yes,
668666,0000000000000000000717ffae6ff8e585fe50e2f358e3e197d26e88cd19eef3,yes,
669918,00000000000000000002d0b9fc2eee0c71ef035b7d066c067cb494b3462a9ca3,yes,
670359,000000000000000000054930adc58478325c6cfe045ee41ae22e394ca6805108,yes,
671511,000000000000000000031dbcad41bafe1756aaeb7eddc243625d3627dba023ef,yes,
671646,000000000000000000040e2e14931819cd282023c46c4e19ecc2f9daa36f6eaa,yes,
673781,0000000000000000000a2b674d3441dbd0f333d4b465c9f538628b9167f16755,yes,
674283,000000000000000000063e82c5670f49bea07f8a0310229c550926ab91d91153,yes,
675064,0000000000000000000829711891b872b01a12cc3349b2a8b3f5251d88ece9e5,yes,
675392,0000000000000000000c64c3eb0e99f14024ca84ccdefc8d01aaf4aa5fadbafa,yes,
675815,000000000000000000052677c72ed5786a84fc841125b207e68410fb5084032b,yes,
676749,0000000000000000000b67a0cd7b6263c524bd3f4d11f715a513b8345db13e7d,yes,
677102,000000000000000000044dfef81ca818882c24cdfb3178dd183ec7f9817b3fa1,yes,
677346,00000000000000000002ba465c231ebcfda85f348ea566ccf13c695ca54dd76e,yes,
683989,0000000000000000000a33440aaf4651cc871a7e949b13ae64b2525ce2f42432,yes,
687512,0000000000000000000019b04c28105876ecb2859abbcdd031dfa93ae2be8c44,yes,
688056,00000000000000000008fb1ea0c477adf2a472c486a2d9ea42865900ee55c8c7,yes,
688397,0000000000000000000c4dd521d26fa61bc27cfe48083ae2ae378f6835d43205,yes,
688437,00000000000000000004aafdd22b32acd703b5de4ec6d4a081599dd9a5f8eb85,yes,
690988,000000000000000000113905e9dd92bfe7fe39ebc8829072fe89b6108b639d54,yes,
693141,0000000000000000000a4dbe9f44be64d4a5d53b8309ecce87d38bdf6c72f978,yes,
698460,0000000000000000000d5bb28890cc7320559f91eae0bc5781d1d70a7d3a879d,yes,
707998,0000000000000000000bdc845158b07c6906d2984ecb23cf97905d0bc93ba5dc,yes,
708622,00000000000000000001a2e49fc7d218f65a13174b2c8dbe6cea5e95e2df621b,yes,
708720,00000000000000000008d925331b5f55745724881dc6aa7d1dc66dd3f668b248,yes,
710201,000000000000000000031074ef00ff3903f2b80cc324cf41463ef927dabd407b,yes,
710969,0000000000000000000be41b423608eee18feb7e0f6fb9ac6c27835c530179c2,yes,
712008,000000000000000000045d50de0c18d3a15e3f4bf540fa0838297ff1f06cea21,yes,
712644,0000000000000000000a26afbe02926658c019d0e52d6eae5454a33ff8713fcf,yes,
715276,00000000000000000009b160476c5f407ccd4957e20346b862d8fc46004759f0,yes,
715440,00000000000000000002693ba34e32bed6442dfa553a4b9cb50b7a8c9dc2d58d,yes,
722065,0000000000000000000a217ca107bd9139fe3c9d17ec119a3460dddb26880a3d,yes,
726300,000000000000000000043960a5a94b18f7d94c647354d1fb1e75c34055910ecd,yes,
726382,000000000000000000035ac5d0c3428f86fda650fb38be576d51f4d907e77894,yes,
726699,000000000000000000032733a93e6a7495d7c361174c2db4389dc611a43f1514,yes,
730848,000000000000000000029ec31578132d01696910f299f8d104f29b8f8bbdc24f,yes,
734981,000000000000000000013b8819d8d272e100ac368cbc1e763252ad76d403d486,yes,
736408,00000000000000000005224c9af9bbdf3bea89d720a490651ce64f388b4b0673,yes,
737110,0000000000000000000578aa645c2a10e9dc8556be042d29991c0d3c08dd8644,yes,
737130,00000000000000000006975197c02823e9104076cc682a2151871f88d2965418,yes,
740280,000000000000000000008d05de4d0b44b57d0745f2753515c4110c48e5344787,yes,
747880,00000000000000000008d99e58ea26b6a7653fbcf007e1203b4d5935ad769b3e,yes,
753503,000000000000000000047d1cd835034fb1d3a59a25f93eddc8a408372a010022,yes,
754633,0000000000000000000152502bebd5bc13756d28b247c348df1a9e42ba08d64c,yes,
760347,000000000000000000079c322e576683da8844f747675a6e811447614e299b68,yes,
763445,000000000000000000065d0f6847466feeeaffa9663895cedde33aa12c262e00,yes,
769575,000000000000000000000871bb09533dfc2c9ce5bd8eae0fc80a9a815944d716,yes,
769710,000000000000000000025bc9698bd43a720a55a27a17347366ca7d608d5bfeb6,yes,
771745,00000000000000000004370a77a30add64bba97c26a90ca9643b45a75219b2a6,yes,
773077,0000000000000000000397ec2f830eec065035fcb98e0a0c0a8f075666673066,yes,
775414,00000000000000000003b23db507ad4aef50fbc9ad358a234f73ba95c656a0c0,yes,
776941,00000000000000000004cc87382e38118248ec926716565d50d63f0637c22c07,yes,
780979,000000000000000000012ae175cb998a3057002e532d432f669d0a30e8292c6b,yes,
781487,0000000000000000000125e5d7c0d2e1b83982e5284ea21e08f5a73b8109d41b,yes,
783010,0000000000000000000340499a069de771c0559841c75d5230dd7802c3588d98,yes,
790984,000000000000000000059e4f1f36c54edacc9a6e3a196acd567dae83a7f44dbd,yes,
792379,000000000000000000032956cbfd8721abe0572d81542e75e38e6185312bee09,yes,
796038,0000000000000000000552fdbbe1edbff2887ea7879dc777b33f8cefc4ba665e,yes,
796288,00000000000000000002c72834766a5eac00f50d8a203a6fd03217dc22ff2437,yes,
797434,00000000000000000000fe9e3172a5d9ee3b815d952476a31056bc007657b83f,yes,
798601,00000000000000000003e6e0ca6e4b679bc315b0a1d523153db531df244e34b2,yes,
802617,00000000000000000003cde17280f9c458ef226f5a77271ee82489daa6ac1819,yes,
807025,000000000000000000048d93a8093bd9b104cadd46957a6d14ba3ce6f2a29b9f,yes,
811703,0000000000000000000270d5eed2457bf394e45f5035c1d721f4f3ccecbb2ba5,yes,
815041,000000000000000000018dbe43dce84e99e8b6e3c486b6b99f5d35664ac3d894,yes,
815288,00000000000000000000e41cff8222ded062e05a7f274d29243cbce880fe95bb,yes,
815570,000000000000000000024c1b977ae540b29e329ccfc3bbb37f3b0880c2336212,yes,
822261,00000000000000000003cc5fcca883d8474fe09d4d5fbbaaf526a201c61be2fb,yes,
827853,00000000000000000002c7de4016a0d09a47c19075cb73947e7f66e3461efd27,yes,
828366,0000000000000000000222082e0016ece6119a9175adcf4ba416631279dc5611,yes,
832881,0000000000000000000147af858b815ba7fab00984df3811810a722d4624df8d,yes,
836806,0000000000000000000206e3a637468ec7c7b73632d9df302237d8899e8c6bba,yes,
841424,000000000000000000010998fc2714f8ae10ffb73f1986eecc58f5afc457ee07,yes,
842665,00000000000000000002ac309c443aaa8468cfb59fdf84fca1e3fd42d623df39,yes,
848968,000000000000000000006aade64c55965be1542f138da658dcdb93005e5c486b,yes,
851170,0000000000000000000283dca37cca165a799e910fb566026968cfd28cffc3b3,yes,
853185,0000000000000000000026c0346042277e9a464778417b70c81334d98d617fd9,yes,
858607,000000000000000000020d5a1e9725dc333da00c03d123b7187bf713a88b6d66,yes,
859749,000000000000000000001b2d82e3c85f3e9a6d64056a9af77cfceb2819f01059,yes,
862068,000000000000000000004b7f2b9b9a9c910a93500d84fbb8926a17dd1ace2f8d,yes,
866719,0000000000000000000114d1f1c1ddf51e83d6c0d660b2c1fa9f9a345f36624a,yes,
870380,00000000000000000000ee7b3b7a868e091f9ec406f389580740b8618abfb48b,yes,
877770,00000000000000000000451bdfb9fbd0b836ee62da952e68bbb7c5a3ceb191df,yes,
881780,00000000000000000002745046f0bb6fab9fd306b5df8afea25e5a4cc80f9282,yes,
883183,00000000000000000002585e763064d66b3f2554ef9dfb8603a2251ae16439e2,yes,
883335,00000000000000000000d714fe269dd411cbf80b8971dafbd9edfedca401adc6,yes,
885796,00000000000000000001509b28e96d4eba8508a8885e78dc83b60cacdeb985ea,yes,
901154,00000000000000000001044135d451cbcbf072e07680bd48fddbd933cccd4b14,yes,
902598,00000000000000000000ec5356968a01c439fcd8e3e3a0a4f24c1e76db2c201b,yes,
910525,00000000000000000000d7723ab64114f913df8c3a14fe3d13a96017e5ad87a6,yes,
912698,000000000000000000000cdf5d7f499305261f6fadab837f94a3e5acb28795b8,yes,
917494,00000000000000000001c00858518e76172820d693a190fdb290ceb011a999be,yes,
921987,0000000000000000000079d5bbefeca4a1fc69b3490123490725d1f5b3684976,yes,
925051,0000000000000000000199dc74f0c7d25adc618618ee00db80884b347253c264,yes,
925605,0000000000000000000080824aaf3e9614116f4c5901b89220e515babed61b69,yes,
926056,00000000000000000001d8e793ea5d96636d5531502b2dd3f289905c674aad19,yes,
927487,000000000000000000010a516b693679cbd0f9c07e3d385e8b7033684428c515,yes,
929640,00000000000000000000ce3c48560dca496bc7605799e35b60ea3d8391921dcb,yes,
929872,0000000000000000000145610c4a50efe6f65c1efeca68f7ee02165b01fa05e5,yes,
934425,00000000000000000001dbe85a748a48ed55156a16a075a6a4af972bea5a1990,yes,
