chain,btc_header_hash,child_height,child_block_hash,child_block_time,verification,note
namecoin,0000000000000540c611e8062b4a59c5b844ac40c5dd00a061178f6e263b0cc5,22379,5a1cf614cfe0f0cb5fe72f56c5bef6a0d1016361b42be7fbd32183b55912688d,1318821313,auxpow_parent_match,
namecoin,000000000000029e4e5ea17bfc7cfc0018e1379580a662f1ba6c08275604aaca,23816,170d0af655cde128ca22fcaafe646240c71a57a80243c6d3fd5b60d4de01b1c1,1319390169,auxpow_parent_match,
namecoin,0000000000000b5dddb9173003b3e3674abc37bf9db2b825c81b7e85b245a497,24930,ee4495ca75706cd584cc45278027e32caa26516dea7edd36f81de0f69c2bc865,1319783871,auxpow_parent_match,
namecoin,0000000000000a6bac17f421028e27cc1fa5ba3b983198c2f1ebb6ff102ff6fc,25134,0f9c8eb406ef95c780998e6a61316c6d9cdb215916c973082b296afd2d79333a,1319869192,auxpow_parent_match,
namecoin,0000000000000c624fd4b0ad690f0a628e3ace0c210a2116e036d29c6774a08d,26129,caa0b047a9a8d8d33243f48e70b18a322a57dce080687b404a3aa33eadc31341,1320402548,auxpow_parent_match,
namecoin,00000000000001f0d7cfd94cb36c135c3e27df88cc525bb440e933181eec7270,26232,2b54b2a76bae31a51da19bc3351c7f9e6dbbc1962939a2bd6c0bf6b7531464c4,1320450093,auxpow_parent_match,
namecoin,0000000000000766a5054b5205b5820ab32c0a8798c0d334b7bee58b340ff57a,26369,b3a6ae4546db998c78051e62d169daff6dfcdeef735fb1e02ce786255648fc0d,1320519805,auxpow_parent_match,
namecoin,0000000000000842237d58f04ff445ba09da4c84ddbeb5f9df50bd5f8b4d2644,28465,0e1874d6887b307702322e96ec9a03145d0b453089e0a00ffee9d0cd4964e106,1321348956,auxpow_parent_match,
namecoin,000000000000021d02b51e77ff53cea9d3ec3ca249d85809ffcaaefc8b953f63,28477,5587e9660fb55ccfe74cc4f06af45f6ca92dc1d621622e23b1bb1618046fd1d7,1321352177,auxpow_parent_match,
namecoin,000000000000001a96111ffa1f7b03e03309a390d520c76e4bd8b0adf3dfdd34,28673,d41c96047c1a4c242601b8dad8bd1f6d19263bea55a900f9968fefa98b566242,1321442777,auxpow_parent_match,
namecoin,00000000000006bbed5da8d2cf9a98c75fb856d379b65c1b5b2f3c49fb6d2403,28683,b131c3d7013cc5e2a00bf7bc9384066fbde8c7a7a27d5976c5639e9dd00f5cde,1321446991,auxpow_parent_match,
namecoin,0000000000000158080186e96d9061b20e650f62d0c3c5156110c06ef6699538,28879,e0ae621bf3254b51b4221da23e189028f87d69c09017ac4327cb06aa036b24d1,1321535407,auxpow_parent_match,
namecoin,0000000000000655868ae14c1a53860addde0aa4478fa273924265d85eb16677,28904,67dae9e864cf0109a00d89b4745df53d8dff32f7294dbf9bb50c7c9581b49411,1321546721,auxpow_parent_match,
namecoin,000000000000003b1aa4d6d6171b6a6973471139a7cfaa6897b7501104c089c0,28909,d0cbaeb153e117e36a46db924e4969fd9e56e7da5a27b463c31009e4da0218ad,1321548394,auxpow_parent_match,
namecoin,00000000000003dccc904c9adee917a4788d37154bfb8cb797d2a04ca7976465,29203,a085faaade5df2f20d89dc1a49d839a6a1d4669c60b6649a9a3cb8412ac3f4a9,1321679149,auxpow_parent_match,
namecoin,0000000000000801d4e86527c61b946823234262c637eaabcdf8a9d383c6a4b6,29303,ada8f797e226660fc2496ba6937b5337a0f689d0f5061553cd592b87fa116c2a,1321726266,auxpow_parent_match,
namecoin,00000000000002d2a996b791b235f27d653d4996ec40e7e08e106dd30bda6ce8,29535,d9a28d665ce5444dd6ed2c32ff7b6eb9fbda052a8189f76e9592a1595b4baf74,1321831703,auxpow_parent_match,
namecoin,0000000000000c59a95abe73ed16ed7855f5638b17e177c88f781c7b7b77b579,30039,12b8573686ca3341b9725c075a174f961f090c629bd3cbf6deff6829c3e77108,1322060651,auxpow_parent_match,
namecoin,000000000000077eee96b46b9b4438931e267765d2778714a36a6abe5e27d594,30167,c5578b4f28664bcfb9d294240e5dfab7222c71862987ca63c8a5d87597b65f42,1322120380,auxpow_parent_match,
namecoin,0000000000000a17145926ee084587481899783a23a9f2ca0de8d3c53f2d0ef1,30209,0ab9e88dd141298afc74b8712499498562f0dee7072a99fec8f805c415583b77,1322139664,auxpow_parent_match,
namecoin,00000000000000325e60dbf484c7796416ff0ca7b31b208607bb40e8a090ff7e,30245,588a39afb63ed02ef2110f5c7c7b5c8a36ec1bfb71579a5f6aace94084b37ca0,1322153424,auxpow_parent_match,
namecoin,0000000000000aff6b9ec0a722984d5a3976f82f5a4cf3f1f6d568feaba02b03,30260,32775d4e1f13955fcfda36f2153759d7a1ed253c5f5847b9491f76ebd6febe68,1322161424,auxpow_parent_match,
namecoin,0000000000000318413875fda21f6f2546b23c5d7774593460a43164ac4bb496,30435,cc37b623d4044e36ced1ddfdb09f57b588bdd9775bb960fd4f2c4767f6684d64,1322259964,auxpow_parent_match,
namecoin,00000000000007fa2a841c44ec2c123a3fdd3218846028c14b6c746f4d86d811,30595,8e0c7aaab0e0e71fb92b7b15a13973bc9e83e46a2595f477e1200bf246306ade,1322356121,auxpow_parent_match,
namecoin,0000000000000578c83a60c91f7836483a21c818570ae5d7c84a6d4b84751039,30654,b6d3c8cc48ac6a9a39cf8e3e49e79d7868eb712309e9c0b1dbcdb8d8c6f0ef5d,1322395838,auxpow_parent_match,
namecoin,0000000000000022e96ad66d9de209f1971c0c1cab004fbd8f9d1162b9ac7125,30656,dbdfb30d806a4b88ff58e9264424aa35506f1b7ce5adbbfebdf9dcd92fa77855,1322398588,auxpow_parent_match,
namecoin,0000000000000a5390f91542baf381da8595c188f4115c4db11d4114ee7cfd7a,30657,affddb28dd199cb3aece81c0656482cb4bc68e41cd805d3a7510fcbc4c7aa494,1322398883,auxpow_parent_match,
namecoin,000000000000027929ec38163c86e51c4af22c9e5e4f34f68f461dc41ec1947d,30685,2f777dd86e49a0bca3f4fae84e93ae545e04856ee35138e83cdc07071e62ac7a,1322415895,auxpow_parent_match,
namecoin,0000000000000d331fe03597a9cd3a841359affafc6c602466540cc466e315cc,30762,42d45959ba9cfeb39e1e49cfc6de3b9d0d427bb2c3a476abe9410d202f697803,1322463060,auxpow_parent_match,
namecoin,0000000000000a0101e3939b59d526806e0545ee95e7b947b8233ed42bb1b5e7,30902,6d046c0fcbfcda3ebed459ed28c46f63bb5fae3f6ba9b36e9dc6de7ff1748946,1322540063,auxpow_parent_match,
namecoin,00000000000002a50afc4d3212fde0470f7d7d0b4d4f0433a7ad1e41cd92ccb4,30977,3fa91c51789a31479bc37976566da58bff7dec1fb55e3a57d744005254ee5872,1322581828,auxpow_parent_match,
namecoin,0000000000000d8e7fbc786b66c27ea120e39baa254b32842efa74ca93688cc5,31107,cb98e2b8c039c4f2c63ac43d057df0e88c4a8205045c3b93aaafc4f1a60309fd,1322653033,auxpow_parent_match,
namecoin,0000000000000eaf2b20207992644076d134d4d9ba88be0227b879c7bcd3ef4c,31148,faae4aae33c131d868391d19897de3f41fce4296fd07ac82495b8f76d1295cca,1322680314,auxpow_parent_match,
namecoin,0000000000000681551e642ecc0344ff5cf8a8f553da7849879008dc39a0b412,31200,9673d08855272af11dfeeba8321d102f5a689030ff29be0942ffeae08ebc066c,1322713298,auxpow_parent_match,
namecoin,0000000000000cdf4862d0b02083b7d2d3718295fb17b994270a5c32577a6e7d,31375,e396ae6d0a641de3385cbf46bca6d6bfe795d6e0228ca874c9b0de65ff555527,1322805645,auxpow_parent_match,
namecoin,000000000000089430a8d8ef5f580ca85437eb300ee46e9c51281ce8cc6250e7,31488,66aed6f09109adce5b05364eb90635c9edb6b5c4ba8cba7e0f5e9f73794f2219,1322866474,auxpow_parent_match,
namecoin,00000000000000f3ec5c1ea18cd3baf62e738cd7b8b71955d0cc8d83192861dc,31770,d19dfdf09bc6299f3e1e0d9a66ba58933d97dd72f0facac2ce5e1a640f10f646,1323018352,auxpow_parent_match,
namecoin,00000000000006e15476ca3481051acdba585b798b71873495078dd76bd3a811,31882,764d1b0df0b347ac7409323d77a97120d9b39e8f924166744e4cef556bed4c51,1323080849,auxpow_parent_match,
namecoin,0000000000000e534aaa42e53f5f47aceb8a01d4cddf50c5aaeecacaaa0260a5,31926,554a9dc956cd196f68e37e3877ee704f6c0de8467632d5ce4166cb65853505a3,1323103611,auxpow_parent_match,
namecoin,00000000000000b839c3ce4039c0f29753b24069fb06c0aa8e0bcd1356b7f167,31973,75d4a1d8caf698f3a0b0f10fce559bef16cdb08c99defd34b5eb3c950d8ef30d,1323126976,auxpow_parent_match,
namecoin,0000000000000364ff584a81aff5f3383413c9737c077d0e931ece2efba42b9a,32044,0f96651861a932fe40e24d92bd1c37257af7b939e119ac253c6c82e55755d090,1323157834,auxpow_parent_match,
namecoin,0000000000000e6e85b08d8cb141cf89076a48e236847443cac442a92496b31f,32192,0d84c494914e6a44eb5d69496e9f7a675b6bcb390c880aa8d3d42bc688cb82f1,1323238668,auxpow_parent_match,
namecoin,0000000000000b070e2a022cf21ba4ff777a349629d6cd32d4d6a65b04f9eab4,32259,cfcc5154d19611643776145799824e8ad719dea82a21730a408bf3a025212132,1323286643,auxpow_parent_match,
namecoin,0000000000000ce0a7ab9630369206973b8fc0ca68eb20407fe2c45b6a4ad9d3,32296,e45072085c1dd482d3082de3e3a22bdde7d5b5c0a8df6075e03d5004d74612a3,1323312534,auxpow_parent_match,
namecoin,000000000000013cf4f2a2f77a3d9ec9ce4bb9b9a1f3efc08f4d31548a161409,32371,051827b635270f4eeb0b950435fc98b2cb15a36a9d82cf6ee41cb99c09bdfbcc,1323362649,auxpow_parent_match,
namecoin,00000000000009ed9210b52da2fb830c0792ae53540085953e5f83ea5226108e,32542,c424951d0f5b9f8b503cfc0f536b65d3a83be20625c05827050b40a9d8df4809,1323459585,auxpow_parent_match,
namecoin,0000000000000019e170446ae11e08d39f09666350bef756da94ec3e001692a0,32652,65d99feee29622046c0f1010556a814892556b5560e55d711e564ef6d44c701b,1323525855,auxpow_parent_match,
namecoin,000000000000044add94215000973793ceddbfff7389833f331565ffdb41657e,33076,cafca5e2e1f128c2202ecf34f58e612b3f0fab7b68c7535ae2d798ebdd212dfb,1323791591,auxpow_parent_match,
namecoin,000000000000015443e903b801bc9230f41d1d06c8b94019dbbe2decfa877f08,33355,891527163808334b5455fa5608df1f1d3e65ee3f2daf0707e82fc5a883914978,1323976002,auxpow_parent_match,
namecoin,0000000000000bcf81cea859bcfd6c35346d1ed123216a660d97e8349b5e2a0e,33393,4557b43b51b3dc699efe3f50b61523481b39dfdae43146bbda47208032488bed,1323997762,auxpow_parent_match,
namecoin,00000000000009becfdde8b8ca3d6f39c123c34b63c6d73f87a506cfa7afd8a5,33648,7c83645b5176bb9b0c3b6f2a240e6be090636d21a0b42274bade0d1d951f5bf7,1324160719,auxpow_parent_match,
namecoin,0000000000000b35c2c7e698f6666ccc71f865429446bf15520bafcd7fa2f706,35109,29a74ba84a9e91690c1b47b9f45f4ca341a19aa267341397782b586a700b911d,1324989483,auxpow_parent_match,
namecoin,0000000000000057888abb81de9d620c0e95f1c4512cf00ac6161f2f2de60a50,35389,508ac17af1da5e00d378aaf07dd8465e584d75a74393b173e34888b2243e1a1d,1325138606,auxpow_parent_match,
namecoin,00000000000009c74ac94954cbbff14c696e32ccf6b1e30d504379c7a5b6b5ba,35492,644d54cbda2534d1c3ee522030eabadf5a94b55bf6fe168571d84d3101e9035f,1325202194,auxpow_parent_match,
namecoin,000000000000048f8a5d0008cb675f800afc4ff024646956789d00ab86b08f93,36150,3c84fe1e9ebb2a5beded3587cd1bc7f21aafa59348583e411889cd8b87792d2a,1325540164,auxpow_parent_match,
namecoin,00000000000003aabedaeb30a94a3c2a4ba9a1437e9f170adc578114593108f9,36195,edea7d8e8282a3d9c116b52399addc4edd90a180ceaea1ba4910bdddf288de2d,1325567241,auxpow_parent_match,
namecoin,000000000000038c5bd2159fdb8ca902e9981f4f976c3ba508b445826df31c64,36289,34fcc4f4139c9ea334e979bf1e2ccbd94b812c85be120d3473b58664778d4100,1325609601,auxpow_parent_match,
namecoin,00000000000002c2d6713cccbf3b66b9c22f82861fbe953b6bfbd0bb96d0764c,36411,923c4952ffd562fee6fc6f35feb6ecd7ae580267413e4c5f43af46d9660a2676,1325674833,auxpow_parent_match,
namecoin,000000000000046143716f267137c3378d69f16848babe998da18bfb9e63e589,36546,b31e1604af21d1513ad29f67fc4de38ebaa13287134d78c777eee28c4d3c9fa5,1325752406,auxpow_parent_match,
namecoin,00000000000007faea25ea707fe00e2902d3d2d712ef2a8099e8da0574812dd0,36584,61715abd7ac5583f9f569075d73d3164611264e700daf96b328a15a553e4ae2c,1325773101,auxpow_parent_match,
namecoin,0000000000000dda7817e375839269b1cd72a31ec92cbd32d088ed41ded4baa5,37035,82d0ac75cd590683addebf7baa5c26a74275a86ee697bcd87a87c9105d65854b,1326024746,auxpow_parent_match,
namecoin,000000000000068ea2e4d6942ac939ee9a2434194107afaaef752125bd036cab,37135,cb4a1a2ba66a7d8b6412177550344a993caca158a26ca9f32a666038d76cf1b4,1326072465,auxpow_parent_match,
namecoin,000000000000070d5dec4dbb9984254ba851ac942e75b86fe9cd63305572c1e1,37505,625b0dff111c30b5a7aaeed6e3e9b9a42b5436006988c68546d48dc8940ea4c1,1326271565,auxpow_parent_match,
namecoin,000000000000031576ac64e6c3f16bbfc244675069e4ba0b80abc2867b394914,37511,d42183a17b176d471c35bd553dfc76bb49a4c9008198fea4a35578be848596d1,1326274567,auxpow_parent_match,
namecoin,000000000000021cd4ac470a5c1259d3eb9fe4be6e369582ecb558526554032d,37608,dac60f804af8d29784ee93ef5214ed7d1df07220eefe5947de41efbc7e76f9d2,1326326026,auxpow_parent_match,
namecoin,0000000000000223a6c6e074e399b2250bfd4a661281817af127268d88148d99,37716,4add5680d11eb43d806cc59017bdef0f2b66a7f62a5843e45366589a6f7fbaf2,1326379036,auxpow_parent_match,
namecoin,00000000000003c870ba69dcc86caf6387aa802e9ba0862d26a82b7bc503d210,37742,8135b5c7da269b46c979cbce3486dc052a591d6b9dc6f4f4638762af1d7037b9,1326399354,auxpow_parent_match,
namecoin,000000000000016e828da3cb6c451d204bb4f2215eb0e37e03e82e9bee68d992,37769,33faaf127273ef85ab8d7c192441adcaaff92322e9554787d0b7c12f3d4a51d7,1326411657,auxpow_parent_match,
namecoin,000000000000026807a77b351e969c4c9ff1b95158c013214e05c3ac09ed623c,37880,49a805923eab321d2187dc5e4299ce78637da29446fa5834012300dfcf484b37,1326467144,auxpow_parent_match,
namecoin,0000000000000773805745d21430d9df739e217d02244c7abcf801e7b076961d,38009,021bd60c6af4c65bc04010624c51babc0cbdb3a03654551e174b1d61f79642f4,1326533284,auxpow_parent_match,
namecoin,0000000000000459d7cde47677c0ee6e6ced9770b38b45cdb47261f331cdea01,38072,07ff49a52c9594e2e0255bc959a3760bbd1494366c50334508b8b6f15405c006,1326564348,auxpow_parent_match,
namecoin,0000000000000a5ba0a0fde42ce75259a69c920968acd2514db63325e3bd8760,38077,1df713a6ea6e9c4d60daab41ec2ae353848f34196797016add0d3ab4c62efa31,1326568051,auxpow_parent_match,
namecoin,0000000000000aefe3441e03f11ba7d4057e8767d9255187eb8c7bf493aae906,38198,3e5c904d23f736735cf1b02e021480c0dc4d95034af4f5c104439855a9f5a5f7,1326646602,auxpow_parent_match,
namecoin,0000000000000b285fa4f12b7617bed8cfb8cca03e2d5ee28b2f83f5b3a3cda5,38462,7e0552a47b7f2fa6597d00dfbe09854c267615fbd547b48daf9d2fb168325e6c,1326783014,auxpow_parent_match,
namecoin,00000000000001e7683bd230c9748890fa9149ba31cddfcdb1685787908fd5f5,38632,6eb5fe036b06832556c1a4987a82b30ecf7e2bb3c1a12e09698ebece9563c92f,1326885484,auxpow_parent_match,
namecoin,00000000000006a257c72524a70d6aeb56c0f1c7216f04dc3f237c41ff96dea0,38679,d429774ee4c5595b8c65197568ca7318d98a1d77656059c71dc9f0644b9930ef,1326918563,auxpow_parent_match,
namecoin,0000000000000b0d3300b680fe724150cc49071a71110f9b6eb94631a8d3445e,38934,54ac06a2915005b801a7f45b284d0f25c1f01c92951f29a4b787912fb92c09f0,1327080530,auxpow_parent_match,
namecoin,00000000000007ab9bcafa5a5305208216755b3c36a267c3b66b0174d98faef9,39004,2923c153fa9d3efffe823c32348ba0ce77be51d50bb866091a98fd1332559cf1,1327118693,auxpow_parent_match,
namecoin,0000000000000391c5e7307684d2e95f8eab514c7837146e615c8a9898ca2d1e,39179,e0120dc79f4c541288899d1e82e2b81b4f218c1fc84139e5be6c9e37f0897d14,1327222099,auxpow_parent_match,
namecoin,0000000000000be9d014466ddabc2ba3f8b673b61ff7b1e510a5cb1d59ad5b23,39181,0cd95eedddf8eb7bda9419f86315ad63868b304ea4ce9a9a70508aef3c0a27c1,1327223160,auxpow_parent_match,
namecoin,0000000000000c35348aef4e0850ac7e419b8166c8662b4a8b17e0fb2805ea1f,39183,4f42638a5b4735c7ded2d9461b185f9d2435dc7eb102e194d74c7edc3d4bc81e,1327223394,auxpow_parent_match,
namecoin,000000000000034afab2feda8a0e28d3d194e9fcdd17d531795d2084a943374b,39216,fb27554e0c757fb730638b3e71abc53f3d71b08cd6eca628f522454bdf0da4c0,1327242304,auxpow_parent_match,
namecoin,0000000000000018feea6b268d1d77e29828dfaf68a1b0b7e7f132543c2231f9,39443,31fc80f17fa3f4499279f6466f2bc9dcc928353c4656d9a5f4e4b281aff10af3,1327383326,auxpow_parent_match,
namecoin,0000000000000405ceb934ec090b40a5cbac7b67b245704158de9660f36cd2fb,39455,85d76a95ab0bd12069718817b6a1652212e18f203847cd4a735dcb828497d01e,1327391859,auxpow_parent_match,
namecoin,000000000000071ff141db2d0d83f7c524bf997b2b74ca5ee13c251cd8b50fc0,39530,526cb667b4a719df4b6ad9d0487b4451b362f81c9c29f58ed705b3662a3473b1,1327435660,auxpow_parent_match,
namecoin,0000000000000003e9e2c076744ce83e81721cccf69eda801eb1ec78a0c903e7,39557,f73d6a64d61709bd5e94068d0d52b67ed95537ab26937c90c00d5634ae8b2186,1327452632,auxpow_parent_match,
namecoin,0000000000000bf5c0c08832575e202dae3655eb337dea63eff822b62730d815,39577,65abc47fab0fb7bdaf3a2c8fcb19dcd1f580deb65aba30906e9cc9729159b3de,1327467596,auxpow_parent_match,
namecoin,000000000000079ebc21cca8725d097815813ecb97fcae97de98392d23815ec2,39764,f32567e46d297bed4d8f3f98f97a10b7272e6689d33c5700431cfc371590e1cb,1327579679,auxpow_parent_match,
namecoin,00000000000008b11727a2ffa8ebfcab9c843bb28518a5a5f01ac1a03393ec22,39897,b108c12a19ef597210e268b442b07d1dda5ed374cbefd9d32564f1d9b1a232ef,1327668012,auxpow_parent_match,
namecoin,00000000000006a411fe14cd5967d2155c8e787b6dcd1cff426be94229c4a4f2,39916,cd89df0874b14f8e330f93f0dce3189bb5bb330f0d9bb61da6735d13d3673346,1327682711,auxpow_parent_match,
namecoin,000000000000016f30b37a407e1861a54bba3f6617da453f8144c61de90a242a,39939,bcf8f1cbebce227a0eaaa7bf79c24d638e4ad0daba87c33d2fa2c496ca02889b,1327693465,auxpow_parent_match,
namecoin,00000000000001ed4ce670fcce22309805dcfa6b6166e036d5f201cfee026854,39963,8972b72b6ca253745601a8f96a95f417a9eceba26c584348c6553e6bae4f9814,1327709099,auxpow_parent_match,
namecoin,00000000000004b314be32898e5abf5aa928da89c8802e051b91c200d253c870,40104,5eddd6a99f9f5285b5844e49158188079eca1ef1e0d3e6fbd373c03546a4ce41,1327778625,auxpow_parent_match,
namecoin,000000000000048dec3e4a1f8f8ab8f22c6fd0fd1f5ca36898961b06b70eae0b,40106,05328256b11e286b469b793c12acaedbf0432795a9188132afad14d1ad62f138,1327780438,auxpow_parent_match,
namecoin,00000000000009d50afb1f523e5e93bc172f79a1ff8594b4430b7cde4d1bc861,40242,269ad679225329dcb213270eea9ee4d77d8c24faf9d462b6a3e25dd5ab3fe05c,1327855517,auxpow_parent_match,
namecoin,0000000000000591aacdf0041e58e40ffd5cfd6ea762cd642327b54e13be769b,40421,545dd15b79ab8c73d96507b5c44e722426e989ee8ebb2fb6aa825e0bf3adbc3d,1327955178,auxpow_parent_match,
namecoin,0000000000000750c046f99797bc228be7de9b3b664bffec369568e2cb36f11d,40564,f82500633f61be4a9b97ac8ed660b1c6951563cfd2bd0a07163612ffab71a5f5,1328036696,auxpow_parent_match,
namecoin,00000000000009c4893bdac7e77e5ad7f6b1908da1449e9cb8a98a5d02956693,40800,68ac4b163641694c906108a63a9a4e529365e2d7b122d211436ccee6b58e7044,1328165783,auxpow_parent_match,
namecoin,000000000000040211b25f3ee5685551e52e1d5f54264988174290821137298f,40891,71fb9c783d22e94a95fa78332146e3ff3211476ef3fe54daaa693ae693d5726c,1328207179,auxpow_parent_match,
namecoin,0000000000000ca23951784e20a54714a85c42f30fa504649aae0d0cea84ba83,40917,ece7d5f60d4124c6c254cd69c84a6a1c21dc341790f0577da575dd781b54fde4,1328220277,auxpow_parent_match,
namecoin,0000000000000ba1d9381a089c1e3b25672c4651cb4fec76eff7efd2b22444cb,40950,796f3409cc571a934e3c8597167032ae8a4add880b596458e4bbd4fa92835eeb,1328235771,auxpow_parent_match,
namecoin,0000000000000080fd6c6dd4fba232d103a10624552318a59a69134a6494273d,40961,a0ea5a30166aef6f97ed6a67b52014ea40a7376a0c634e4814c7c3727e9ef1e0,1328239187,auxpow_parent_match,
namecoin,00000000000002ed94f3bc516560e924d82dd727bb056a0613d7cf9afebf0a37,41040,f372f9dfb12bf9bb7d87a4357fb54e6c8dc7cd79a9398cd99e6be69a414078dc,1328277698,auxpow_parent_match,
namecoin,000000000000039df377de2b9857f100bfaebacaa5ca79cac43c0a2d60aa73ce,41108,47e8c3edfcb71065d24a5d4f389b5910af60619077999c029ead4d0ef148f96d,1328315229,auxpow_parent_match,
namecoin,000000000000031a6db0ef51b634a3b21c690661758c92707f9a87c433103b1c,41222,d4f3b03f5b3ef2af3937ac0b615728153aba445627ed50c584146b642d4253f3,1328365596,auxpow_parent_match,
namecoin,000000000000021d091aa7b0ec4873ff705d346b1c9490b4405af7909d045f27,41262,9d8254377313dd249688508913400f34e89f4ae343e827526f45b1ff6c8b90dc,1328384263,auxpow_parent_match,
namecoin,00000000000005c273a4f75f2c02ae54e0e6816096f33e1d9ef98bcb70391aa6,41332,1f747bc241f0b81d9bb0a4b8fdd71e62082f24e8969ceee405c96afcdf4a3f83,1328425622,auxpow_parent_match,
namecoin,0000000000000a50f1de5eb6182778660266764e919b573c1ea8697fef0974cb,41434,078027ca0ffb357075ea10e6126c57a887e208794ff56cfbb66ca2c676170c05,1328476647,auxpow_parent_match,
namecoin,000000000000063f9d12063fb14c0f1b053ddf32c3fc5b15b97db1505851a4e8,41445,1c485e337550a2772868c0aef6ab218ea918c1b7ecddcba085739950e99f801e,1328481146,auxpow_parent_match,
namecoin,00000000000004c54de4d2fb42d20d0810367519b456b544be766270d4c1601c,41480,24701431a8b30e733c0fb9eeca19dd3766a88359f23e235695817adcb6e1bd3f,1328502258,auxpow_parent_match,
namecoin,00000000000007bc788422db936261006dac506afdefcc8ee8623228dd089379,41528,deee9fa2e73e55175a55f1637ff4036cf1527a68bbb386e871fa3de44dedc124,1328528434,auxpow_parent_match,
namecoin,0000000000000406d81a8c92fd5f46d7cbcc32c545764cbddc72cde242afcde5,41596,2f9bd8d173f784064dc05761afa8bed2787feeb74123c3cb60f828d3a1088f32,1328579712,auxpow_parent_match,
namecoin,00000000000003e0e1de5e64b6b4f86dd1315f22ea8f03eb75e4eb53f1a14faf,41683,4a13fd29a80eb577932a9bcc5dbc923356846cdfdba7ef54a5723bff6493461b,1328631227,auxpow_parent_match,
namecoin,00000000000001c3505024be76175ca8d7bf7af3837fdf50c97bb6b51c811e2b,41796,49375aaf8eb5d0155408ecae6cf16653b71427b996ae187ae4e0c10544bf71f3,1328702566,auxpow_parent_match,
namecoin,00000000000000e5d04a73855f5355d4c499328c2749355e09aa515f2fba5080,41935,d73038ae81a1340b955b6d3d80a6a7326d0fce820eac9890af515bc143deece5,1328784191,auxpow_parent_match,
namecoin,00000000000006c31a95779b46b5836f456034f3740e17df45894af5f08285ad,42075,a4bd3a4a43bad97ca37ab09c30947fcf1a5d31df38b0287bd562f34beabe33ea,1328870800,auxpow_parent_match,
namecoin,000000000000048bbf1d28adbd2a0b7058444619371afee50e6e9c2a1f9f9200,42227,fc1cbd12e9c982ab658ac9491a23b26fd65020d0c67b43150d6dcceedace6c81,1328975394,auxpow_parent_match,
namecoin,0000000000000b3e29d8c2df3e577c57dfabdd6852e131a21aa006b9d6e9e31c,42275,d1e6b4a170f6bb480246fa64110d85a2811d2325e91aae1e348f468a378616cb,1329008042,auxpow_parent_match,
namecoin,00000000000007f0bffe58cb5516c0935cfaa008486057a5c6c27ca6449052bf,42332,ef8b9083a24cdc306b7508ea5dbd1f27a86da56663652d2bd7eb4d2e155eec8f,1329037611,auxpow_parent_match,
namecoin,000000000000038e347b17693c6bfab4c258f1aca517775c530235bf2b2ec3b9,42362,402604b362109f300276a77a0e3a8cd12eff00502edc48e350e216e498474540,1329061548,auxpow_parent_match,
namecoin,0000000000000827dc9caf90e3b49500572cbeed5a00225579c8deae374c6110,42395,30c4acd36326822b13d76797c773b5df6b1b10f97142d661913f8a6f303fd4a1,1329080223,auxpow_parent_match,
namecoin,0000000000000884fede1677ccb7354fa2bce0aa58061c8547d408fb813c91c8,42599,80cc1fcdc0e303d5656b8ac70a91ddd0293ff4e04e9a11ff7de7870b518427bf,1329206445,auxpow_parent_match,
namecoin,000000000000032bcff32b408bdc97928a74202b085c1a6130bf7f2b8a33a8d0,42764,59423e59dcf7442073faa8b846eb0dcc9b2f14043e970bf474b39837efe5e56f,1329306948,auxpow_parent_match,
namecoin,00000000000005f103560a0c3d7b7978d63762e2a7e79877c8531642edcd7935,42892,78bf5fe3b8d677c5aa66f47b5b050fe6937cf8a1dbc487504cd192786f7db3ff,1329394907,auxpow_parent_match,
namecoin,000000000000047232c65cc905fc5038f3d04639e7339453bc7aed5ebc0fd1a5,42897,a9aa29a51158213eeeb48c6b8deb3fd976c795a24762f7cc9b97b80ca3bcc94b,1329397971,auxpow_parent_match,
namecoin,0000000000000c06420a5f9e586f057fb622aad59288734e213b8e1f2f3f33bd,43368,5abf7e5b687986e32a52606dcd5ce73c7b373703bc43eb79904048ee465229ba,1329668128,auxpow_parent_match,
namecoin,0000000000000644cb9425d23d06e2db5c6adeddbb12ecaa4c42c26a053e2c44,43413,416ea66245805492dc7b2545ae11784e3e511ea3e8f8727cdb060bb28016f405,1329697124,auxpow_parent_match,
namecoin,00000000000008ce62560ec18fc5432bd8e7810811cca7578c390d54277920b3,43662,9aea116a631a923734db97f95eede00af782980ffbb07aedd8814b23179a068a,1329873117,auxpow_parent_match,
namecoin,00000000000006c889c4aa89efa19cbafa055d1c24ffd2e4f3c5d0c1de0a48c4,43676,93a1802686f4cc4784747ce0ff8839a616aa5b8348daa92d49e45262de922c58,1329884162,auxpow_parent_match,
namecoin,0000000000000b8fcfdbd8a70848e720492989464c6dc0d1d9c012b93c910515,43847,9a9ee5963f43bccf653216b8db6b726cb2a9392ea94a08ee45eb6b5c2e372d6d,1329976660,auxpow_parent_match,
namecoin,000000000000025c9ffc383413aa1f9bad72232abe0dd8315ca4802cb44e1826,44036,be1d1c14924b0f3073b85fdd47f8e5151b9bd560b8b003121c3b68de67789c70,1330090077,auxpow_parent_match,
namecoin,00000000000008907e2cd8794422c9c3151398a3d338ebe3a7f834cd1ff60edf,44514,299a71a25ad4bd0b0903dd9fddf89d3d94e895ca6f50e3a80467075e672b1c0f,1330350081,auxpow_parent_match,
namecoin,000000000000043300e45c7079fa130b5caeeaad582c8b2372536cd444824595,44536,8c5cf3c68e5a841b66b80e163a1376168046b6e2244de4f52662b028c9a0973d,1330362854,auxpow_parent_match,
namecoin,000000000000037616387fa2ce0b942c2344d9a350d4a8bf71d843042f21c05e,44688,b6d094973251176a57b27f1c2b9f46c5eb532c6ce019e6abbd3a182f6e9d8e77,1330453417,auxpow_parent_match,
namecoin,00000000000006e0ab0b04c5264ec3c964560f1dcb121e8d3497868518d61007,45087,5fa67c14f0bfb2b7867d7e343c87ebc28bef2f0b3e230fb497a6c80d65d2a338,1330674086,auxpow_parent_match,
namecoin,0000000000000a1c1dbc1b616841e59f31ee30647e19a603a4676126864ff962,45155,9f744ec9d795b2864421a777e6bc71c4a75c91fa5d62e6aa2a43053c9777e865,1330715395,auxpow_parent_match,
namecoin,00000000000005bd12d113d6d02adbfddf7bc3d07eeff69352479de7a0639e5f,45768,d4d30d984e4b82fcc3b042376bf19eb258496f626b0d2a94e440d4fb1b4b3520,1331079640,auxpow_parent_match,
namecoin,00000000000003745ea053453caab1f51d7d342416ef8c9731b4cec4c857a29a,45872,e1fbc6327d3ecbe72bf93ee9614acf9c6b29b4d4cee3d0bf7f34b75e90808dc4,1331138401,auxpow_parent_match,
namecoin,000000000000031c6ad96098aa06a9ea8ec39b62a63a932aa9f367f6b4d0f186,45874,14c31798fa8b7796a91b3972bb818f7af866519152f72df4f3b866191ad9be82,1331138796,auxpow_parent_match,
namecoin,00000000000006a94b1c86cb78dd4308a8ce7310993efe6586a4d89a2ec91328,45901,e232bce6d84a42988ddbd355da937c7f020b9490abfcd431e32ad4cb7a38caa7,1331155748,auxpow_parent_match,
namecoin,00000000000008f21b8c263c73816ea47ca765892b1589e8b8cf52e75ae1a4cd,45951,104636bf2cf85ddc250eaedf1806082a4077020feced248386040831d9b0dcf6,1331180830,auxpow_parent_match,
namecoin,00000000000004351dda86c5a6d6fb855d04228988d5a3afa91d6249b6abf77d,45994,78254ab32b387169e3d382b8082b27f08be1a73eddfcc49972ab46f030d66813,1331204767,auxpow_parent_match,
namecoin,00000000000004199ee59721387f9f05c21189ddc90cec22f2ae5b3e7738c0db,46067,0c5e844afedc948e318ce154301780bae979f031ba90273b447b0634e6355217,1331249605,auxpow_parent_match,
namecoin,000000000000049ab0a6c0aa58d823cd2b342a95ebc5046ddfa024a3247c529e,46419,fc409b46f15d6a83ff9095407cd488a0429f75947859b6ba0f56e9410ce9ed8d,1331466681,auxpow_parent_match,
namecoin,000000000000085cb466583a6fad9ad25afd28328754ae39fee21e2b49cce250,46524,c02868b4883388d5e9b3aacc45d4a38abcbdb7690d8e45146a8fe58340242cb5,1331522031,auxpow_parent_match,
namecoin,00000000000000089fceac7f25bd1a7552ddb65987289602f2c9b934cc75f027,46826,e9e25fdf97546ca2c9241374eb482f50c38523ed9efb59ecbb77e6f4461853a3,1331689342,auxpow_parent_match,
namecoin,000000000000096ab02dc48fe5b8ee3a3677d13169d083f88ac478c082aafad3,46902,98c5d64b08607c4b3082267e2ca4b68509359ff1e5354514a4b3a7a7dfef9da7,1331730632,auxpow_parent_match,
namecoin,000000000000055e55d335480b808b78df035ec195a439bd5c529888a3746d78,46903,32011b91a8318c766241e875ba74a293cbf70e545585b30407cc084618c10835,1331730981,auxpow_parent_match,
namecoin,00000000000006670b0d3f3bd5a2edc76317c58868d95a5f8773caabcdfd65a6,46905,12daeacb3be1f76980c9c01fb5892ff1d5e627cbedd7b7c6f3c91a93f3a474a4,1331731899,auxpow_parent_match,
namecoin,0000000000000320a54e227a1b4828b5003bcb14cbd557035d894a5ac09c8dbc,47331,3fa79dbb0f8fa13613aba6c7ab03e9853290a23754521ac65abe064e37666926,1331990710,auxpow_parent_match,
namecoin,00000000000001233d4c0ee4853494f6a86c139c1809ac351a33f7ce4e32d519,47494,9e4145ae41732f08909a255b6305eb8db5e5fa175a7e4266ebdb1d191f0e69a7,1332077286,auxpow_parent_match,
namecoin,0000000000000263feae36698a5b03cbbe0e587956f35692500de49ee42b2d6c,47682,bb0905adf4cd8f03f0076771296b37a756946f42a054ca4183beecb976873e33,1332178835,auxpow_parent_match,
namecoin,00000000000005967d3415adca0881346c67d26209e687305cf1538aba21c231,47780,d638ceb253f66b9be9ca754253145bd719682b980bb222e63d31ff6a3c92d2fa,1332234016,auxpow_parent_match,
namecoin,00000000000008783a8f964121f87586c2dcf74c4c699f4de55555434043ff3d,47992,354dd78ea7ef086d9bc98769289a609d5839c75e831028ccc478294d66e8df79,1332350157,auxpow_parent_match,
namecoin,00000000000004737bb0c5aed4181fcda65c5177862817626edcb0d2c5d88784,48263,b2cffe9a9ac95c7d5757b6c1705ca6a4c60a8f0fa9df55f73e5f59128dec3c2a,1332507878,auxpow_parent_match,
namecoin,0000000000000b0986e374fe125f641811d59e8c69ab5a39f7e73f355069fa91,48313,cfa5b18f9fe572238a41811843360eac870564f1a8f913f9331236ae51d4b928,1332540032,auxpow_parent_match,
namecoin,0000000000000911213f993bb8e67ee0b0ac43f5fbcbdd4011b9a28dc769373e,48584,4e84f44fffb3d837eda42bc932644ac9739e8b6e85c77d9d0a57014951e069cc,1332690925,auxpow_parent_match,
namecoin,000000000000039c86ff2476848d60c09e621941b0856209b5c794a257492c6c,49246,30b6d447f357a8342bc650525918b837c2a6a4b46d3ba59adce47c8af880fd1c,1333072587,auxpow_parent_match,
namecoin,000000000000083eccc78dd120b18490473a27e43c01e638c2312d1db53448c8,49447,7a48790eb6ccddd51bcb5ffdd0a8c79fdd9966e21a3d0aa43e95c7396c3a79d0,1333193232,auxpow_parent_match,
namecoin,00000000000008a17a319ffea9607b6bb8706c053e686fdfb77b22d550ed46ed,49524,8f0ab14ba674566572bf36daf31dbd6904701276aefabaeb61bfc8eaabde34b5,1333224771,auxpow_parent_match,
namecoin,00000000000005c9e7fc2b4966ff08f42e5cd0a1baffc475938b074b4dac5b6d,49567,abf4936e53375aef91ca1b42c182eea8cf178bdff909485c76126eadcc2dc702,1333248079,auxpow_parent_match,
namecoin,000000000000023df73ac98923e2de321db3e3396102ad5dcfe3b25f01a81f64,49691,baf23a3aef2a9cb79bc89e6b14791dec83839962fbc04d54a48f5bff639d7879,1333312853,auxpow_parent_match,
namecoin,00000000000001bd778cffee5b5bae4c7b8d56a9aca955a04c60856b31b11155,49718,da279e18935b542ed26cdc8fd50226cbc7269a0b6f7969c49248e6e64bfa1040,1333332848,auxpow_parent_match,
namecoin,000000000000083c67506f04453c7c17cd5c72faa7e03aa28ea7f793f6293283,49758,5c2f54d33b9252bf321b709cf6155b6edda76a86166b82deffd3bcb5a25aad40,1333357522,auxpow_parent_match,
namecoin,00000000000003bf4a1e491c802eeec3f1fbf3c2c7299e7935c2b0f33b189651,49773,6706b4b1576882b07b991f73b51f1b25bac8e35d2f83be45bce4f94220f6f5fa,1333364075,auxpow_parent_match,
namecoin,00000000000009548725a95acbe142f74be6c9ab970ebdcea63bd30542098413,50044,934035c12e643cf6f4d0b8df4a7e39c381240acd1d38d56dd3df9c6a04f9af42,1333508730,auxpow_parent_match,
namecoin,00000000000006be2ad676aad3b5673d4ea83982ea7d0ff3c6b993fd963fd817,50131,27592b7f59fb7ad3eb2566f295ce7af910fe9b52b5a7ce8e094538a9ab0963aa,1333549698,auxpow_parent_match,
namecoin,00000000000006f61c6f0fdc1da3111e2ca86872b22e7366904693040575e1d6,50138,a3173c3c5a8804b83ef7c5eeb9ffe1e8ea9ff199b7ddb6e4bcf800b2fe193739,1333553104,auxpow_parent_match,
namecoin,00000000000000ed044b438dee88fd77c61a6cf8dd397dcc54096d8ffc595b0a,50165,3fbdca97f7218ea06ab28d837d117ddff069ee1aa5133f4f543c43a228cfa726,1333566906,auxpow_parent_match,
namecoin,0000000000000457448f1874d53dee357c9812c793a1748ad5550fd879fba0d7,50410,b745104aaecaa4b5b9bd4781b6233b364a7ea6595175cfaf1d84fdffa3154639,1333711476,auxpow_parent_match,
namecoin,000000000000068294db0526cb4a5520d21b9d4f271a34012e96784b3b3168c5,50516,6e193c3e1ea5a2fcc6fb07f9dc2294daa2b584c9387d7cd03a32bb42f8c11b59,1333770799,auxpow_parent_match,
namecoin,0000000000000898662b346abb834e7994f3a9fb833a9600d8ace2e4d3844018,50631,8d359575ab2f271b5b02d229070da1df0a7e7cd8b1ded450fb2bff483a4ddd9e,1333843548,auxpow_parent_match,
namecoin,00000000000005e21baf9e3c2d2e2710f0cfdbe23a9082fa53277edd81ad8872,50737,b3e141c0cdf3eac5d5b48708ee68f4efc55d0d2dc1f3339b9f65b803b59fbb80,1333899905,auxpow_parent_match,
namecoin,00000000000007d2af49cf122f3b00ee6b18339adbbc1f9ba0af3a5aaff5dc6b,50751,2cd33878831bc114e5e7f1249b2b98828ac1c109cc8bb9f1aab843f7b61b6443,1333907559,auxpow_parent_match,
namecoin,00000000000007c8ce353e944532e6bc86df43b9688497805b64556921015aa3,51092,d0db51a30ad1830540cbf5da91d1ced2ceb57bcb704b84f46b84b6a004ddf6a0,1334120575,auxpow_parent_match,
namecoin,00000000000003b3ccb2f6ed2947986476fda0b31c434618aa7d5356417858e7,51282,b92f0dc0e44887fb138c68ea2b6b7a845bcf38a0276688a2849106586fd2c438,1334247861,auxpow_parent_match,
namecoin,00000000000009ae68befcafac4f8178781026e5a7885af40c38fd8fa79597d7,51768,c3edd5f357ed823adbf9c69d559cf29f7f1e6bba836264483603156e2649bacd,1334559993,auxpow_parent_match,
namecoin,000000000000023806df33791c26d1bf118fad76dfcc8735a3c8d1572100aff6,51985,057d615f112069ccad7a5bd38d438cee095578f4eaf7a6968459b7d3dc4cbd29,1334701172,auxpow_parent_match,
namecoin,00000000000009335e73569878dfba9988dbd30d30c51b7684728e34f2fced39,52175,aa8b161e499d249ed1296902659afbd3a3fad8ba227c1b8f397e04f74b25c8b7,1334810591,auxpow_parent_match,
namecoin,0000000000000760d5e12948fa733be331f0c982596874eda13a31eb7094326a,52382,d9d6d3f522df281f404d2c6dee7259ffc544414039001776d3a6322382a7080e,1334915610,auxpow_parent_match,
namecoin,00000000000007ce347023beee47ce8d446edbe16b015152747a4c71bf69615c,52430,65c5614e45dc0fe075183ee6cd45d19d54169c0b312771bc14909e8ff008fccd,1334937966,auxpow_parent_match,
namecoin,00000000000002becb1a1a279dcdb408467cc90cd352dfa9b4d96b6551138d0f,52475,6a0193bedda2e2ba809874165aeb0a7ca35e5bda302a82c6ded158ef4adb48a2,1334963903,auxpow_parent_match,
namecoin,0000000000000a3bfd59ff262dfd7f4793a36e062f0b5b4e2a11ac5f50c1dbb1,52560,271be2356542374ecabce64ddbf97e76536f3b7eb7da8ec06a7e27dfad3aed7f,1335011306,auxpow_parent_match,
namecoin,000000000000043051d1c10ca40c4cd23d232bdfcbefd2dffa1aeec150a2c1aa,52844,ee30cc3d02c1d0ce027fdccbcdc35024adbe1b1471c7548b606d8f69b5f52034,1335181275,auxpow_parent_match,
namecoin,00000000000002cf6d2dc75ed8316f9024b139cc9d876bf66fb0b06da0225994,52964,0900d6c09eab4fcc7baf5e30da1e44ec997037807c344f33338f38127d4c8927,1335259546,auxpow_parent_match,
namecoin,00000000000005314de017d5722b568875a072cd920cef0c9cc61402e4e632b6,53067,3014c33c3180545ce3e3a522370c425b555df530676369f1beef8d4d3556bb38,1335334014,auxpow_parent_match,
namecoin,0000000000000747d19bfc2c6940f73170c1bf771f9657b8b02e4e5b8fe05e4f,53176,f86562ad843a24754ea195b1c0500181dd6fa678e5be374e5c3df333eb095f32,1335389836,auxpow_parent_match,
namecoin,00000000000008661a50e54186670ede89cd11aec487c48aedd89d5568510419,53221,116ff1c26ee00eb29c224313ce564c1de7c793cfa8fa507931bda88a456eab28,1335411893,auxpow_parent_match,
namecoin,000000000000048928922adfecc9af081d3842b99b64bc8e8de12366cf3daa6d,53254,ca3106b15a2ab863ed4452f66e45c0efcc1e651933e0025b21487a2e73dc8aac,1335432131,auxpow_parent_match,
namecoin,000000000000040a96db5f81095145a7b5a00cf4d3a72c8c450da3a46360717c,53551,dea001f2bb6af415d5d5a2dbbbcfe057423921de4a91ff493dcfa6e76685c116,1335622039,auxpow_parent_match,
namecoin,000000000000045b2195824567da6aa312adcae43744507ab79408bea6f94530,53793,ef5d7be3011cf77ec52a429e566e125f3b2467e8711b45f98a9d272eb56e29a2,1335752865,auxpow_parent_match,
namecoin,000000000000044ae40e8427e0cda60220070ebaac9f60cd781cca792e4996eb,54024,d42bee28222fea580059661ff297dffd96804dd12b07bdb3d9d51029894cd97b,1335886618,auxpow_parent_match,
namecoin,000000000000025f106292750b4d3c5813a56c8f31620a7393b59a444c67d966,54363,3968234142f677d3d8089f6a191a7c886a5914893c172d76c4384e38f8e68024,1336064384,auxpow_parent_match,
namecoin,000000000000046429f77e5da43df991873228bb9b933f8186b1c31c680e532e,54448,e57d99bfdac2d49e585b99e43cff348517b107895e9bb148e1a929be0be6cf64,1336106164,auxpow_parent_match,
namecoin,000000000000057d7147f84f35efc3086e0ee2c74dabbe29a1c47db04728a8b2,54657,0af5258320e926159e2f18d807241eded7f5b465d91bdcc9e6aa66e4680405c2,1336226926,auxpow_parent_match,
namecoin,00000000000003da80943b0172cf295115e3fd7f1d2343e88efdba5b489db28f,54671,7b0e6fce6fc5a4f6cacbf8f26ae8179838aa7861cd46df6b3b69ca2a8f4a976a,1336236197,auxpow_parent_match,
namecoin,00000000000001409f470ad86fb9d6ae2f3199894b402009025747f9343d15d9,54720,f1e7810c9344d543a7cc08fb8b87b4b1f079574d136c4700e8d45ddfa8a05a87,1336275065,auxpow_parent_match,
namecoin,00000000000000bf4b29eb1b53ca31bba89dba30a5dc5adfe4f0d7423052fe43,54733,3c0372aa2dce882eb506003b0061509d8f2148f3a196e4e7c57a42bc3dfa99d8,1336281846,auxpow_parent_match,
namecoin,00000000000004a1d0ae12b691d7d0cf00878e30fbef3890f2d421d0f6b2d9ba,54893,bdd6bf5e3b82c3c0a681cd3d24f57082516bff77de193949515debbee34dc289,1336371875,auxpow_parent_match,
namecoin,0000000000000ab98c3485d3cb10b4558fc11bf7984c387918612051bc3be62d,54914,2e5d1b136bd3d5a4ae1ae3042f123d839597eacaed09e475f8df8d2012d24902,1336383264,auxpow_parent_match,
namecoin,000000000000025ca55cdfac11e41bfc9c8c66da2417ab65814c69338de43391,54932,f0cceec64ff8204128c2f0115e4ab44af220210b04683af787f74b487fc41fde,1336392790,auxpow_parent_match,
namecoin,000000000000015e628594f22a190a6ec8ba9c7af57a2c549bd34edd58c76780,54973,ccb93d7e4429601eabebd5906b5253d1b860d5c1ecb7bbfd4f9a390f753c1b8c,1336411871,auxpow_parent_match,
namecoin,00000000000005801565976b311b1bbe149fb390fae797f597a636a305d24a8f,55001,e1ed025d55f806f49e40f0aa79f2c7f623c8ad23e4d55d82f94541ad80637454,1336428787,auxpow_parent_match,
namecoin,00000000000003d8cb636066445455cbe30a367f729786991a6fb06ac6266b90,55065,f0528eaac9521ec68595eb64d787be26e5d33cea815d4812d56f74a22fdff4ae,1336462332,auxpow_parent_match,
namecoin,00000000000006f4017519eaf2ba8c7f87a3864e9cabdb0ee4ca0d1159d2dd09,55094,5c8deb747260c6327c834339ad7f9ae895eaf8a274ffaabc381d37fbf1867933,1336481202,auxpow_parent_match,
namecoin,000000000000072e0b6fe8dd434edf900260f9f22d2807beadc1081ee08abcb5,55146,33a099566fb27316c54818cb390dfcda226af8fd0b16c3a68d8ff1db4c43b45c,1336506141,auxpow_parent_match,
namecoin,00000000000008fc405d0ff9fc4dec00ef9b0b1b8f85d7bffa1287d9d99d8bef,55183,1103f0a71d8f71ad6710bb0106df3f81de8ca4d9d84f3e03eec9c329ae1073b1,1336533157,auxpow_parent_match,
namecoin,00000000000007680fbfdd8a3e045f666ad6bfc5b808f876005574967a97d99d,55299,1ae13e24e0ee3b01b0ea7664d9fcafa9ddea3a89f57be5aca3cf16e572606227,1336603572,auxpow_parent_match,
namecoin,0000000000000942f299e02f4c20a03dcbc1d7b557dbde7ee0bbb52461a150f3,55454,1ebd33a232920e4fdbc2729646e278b2d09573f8d14894622221741bee442d08,1336699091,auxpow_parent_match,
namecoin,0000000000000048235a62b4b7b0f35a7f207784c62486fe8eb2daebdd3bc049,55468,ed61cef080a430fec00a3660e44cbb645d0363a4b08c4ae69dc3b0f660015717,1336706462,auxpow_parent_match,
namecoin,0000000000000507f8178101a17c4cd3685c026d18ec25919b5f23abbf7fb088,55472,cc34bb904493f58171405fd1a1d3a8967e2fedae3e2443870be598606095d211,1336708723,auxpow_parent_match,
namecoin,00000000000004d17df30a3063f8ee4515473810936fe2a832cfa29d19aca81f,55473,f477c3dbcd3c787e8ce9807777a488801cea921a7512cc18f59bbc37072621a3,1336710060,auxpow_parent_match,
namecoin,0000000000000894953e2aa6fce46e116a6b7b9775ab0fe61380dcbbc09f4075,55474,651ac2b6cdadd47e7528f3f8400f217ba1e917df196f6d10a6a0bd56c0be724d,1336710806,auxpow_parent_match,
namecoin,000000000000057f1c66253fe89f3deeec5a203d3deddf29d92ef8b77ffe9699,55540,a61e28d7ca93351da5bcaace4cb8ee605b34e7eaf5ab0cd783315787e5be4536,1336740721,auxpow_parent_match,
namecoin,000000000000078721453ba009d11d1f8e49d363f76795651d14b66e50dab51f,55605,0c4248380c176c7f9aa99ebcc7a9050d0c2d3897cedaf9f60118dbcc5be03b6b,1336771888,auxpow_parent_match,
namecoin,0000000000000503777b3dd40362e61799668dd2e434659ff5f38b567c2c1960,55645,e1cf2e08b27ff4523b4e4e663151db94fc0eddbfeb339ae884386bf3493aa574,1336797833,auxpow_parent_match,
namecoin,0000000000000002d1985f39155e0389d09b7db84e92520444a644fa3203738b,55863,3cf06ae3628ddbda70ff5d51302993f6644d898227cf923c7df43f786ae039b1,1336912818,auxpow_parent_match,
namecoin,000000000000068cc91c704e12031841f8579a572a0f46a7e528fff494166e73,55906,6feaacd2354949302306916570a52173bd3de7cff3384975ec63f8f990da0c4d,1336940319,auxpow_parent_match,
namecoin,00000000000005d2a86dbe2491b86b0352878cbe0cfaa349e656cdfb1b84c6bb,56055,a8f6a9150bdd77d773f016c6f81d90b0504537beacb68030a67ea06964f79410,1337024688,auxpow_parent_match,
namecoin,00000000000005b2c608d2e7bd7651b1132afd1cab20061ecd92b814d7ae619a,56281,590567710e76c2c4f99cc794fd91360a9c407dc4a41657491a6490dc14a81ba4,1337154135,auxpow_parent_match,
namecoin,0000000000000874c1fe2180e21acccd1cc7f3a2389967b46b667e749c543d5d,56470,dae547591a93556f2bf9f5ce21aaa34a158455fcb733d8ef86684e578e80eb7b,1337286223,auxpow_parent_match,
namecoin,0000000000000181874b5e5d6e2fff0c9233b0df8fdfad37ea1fd1961d27a91e,56636,6ef8eeea2340993a946aa9e185680e7aa8b7b3846a6b16497c72c64352e1a9ec,1337386629,auxpow_parent_match,
namecoin,00000000000001405421d8a3ad73df2d30476ffa3cadc5040f9a514e2768a7d6,56641,1fc47a8b66525440628a8e03f4ec8b1dd191cdd6137f62641cd262c36eb02b7c,1337387962,auxpow_parent_match,
namecoin,0000000000000731a6aaf52d4aa7d1087a2bf87344ed356dd4e97fac4ad88ea5,56778,3bd01073da2c262015ca17d897daee7fdef62f4011e69e7331bf0edb0964416a,1337485156,auxpow_parent_match,
namecoin,00000000000006b8842ab86034fe743c187543b00868a23bcc9a9e2034d0ea2f,56836,4752d391beebf7b5fcb41802611b80909bae5bdce8dc793bfd4aa837aa36e074,1337520315,auxpow_parent_match,
namecoin,00000000000002ef88e92350a1f7d790125ac34ab8041831fd4842dbfc9fc5b4,56843,e614b8be8f6aaf40282aef60c82a2e5b7d245e7053e9a506f7ddcde608347c85,1337526573,auxpow_parent_match,
namecoin,00000000000008fde400b5e1dfa7d9990b5bdc87952a17bce808b00228d863dc,56890,458319dbdd6ec45b637a3617cd0d8ce184d7de8a06fa763bf4aa89da45a25f54,1337556510,auxpow_parent_match,
namecoin,0000000000000108b312d3e6cf7f6a45ee5a9130c52b2a286e4a360df7d6d8eb,57016,bfe669727e7e83686da69d3dc876c6b582fa16043edb232064a232233d3da210,1337635850,auxpow_parent_match,
namecoin,0000000000000663922e9f7164aa451b884a423eba5c8767232d494b17102555,57160,1f65a3467869d3eb4d6b59e90ecd019447adb4e8104dbad9c56cbeec520706d2,1337725375,auxpow_parent_match,
namecoin,000000000000095c88044610e0657e780d52fbec02276f2364049d46d7e832eb,57179,0dc395892e9923af13cdb430d9b01c31e8dfbc62ca5dc789d0a5cd59cfebc9de,1337743347,auxpow_parent_match,
namecoin,00000000000003d2675dbe8e7d3c7f3a15b830824c4c02ee2153bc954853f4cd,57216,5bc2480c719238e5d2668ea7e49dd3f1dc7325af3fe0bd9f191f01a5298f4285,1337764435,auxpow_parent_match,
namecoin,000000000000054fff14aaf40a4b460de3ad4ab5560076574300a021c0f1a59f,57362,82d20e94a4524f6b380935787e17f8bf416650b6df8210c6c93964639bfc19a3,1337864726,auxpow_parent_match,
namecoin,00000000000002e0dd9b9bfbdfb6205c7eb03ecdb4151444704438ef20b020ad,57422,6f97f8ac10f0f0688a22de8fd26a2e14ac1a578a28cc679b13c4b4406cc2f8ae,1337913185,auxpow_parent_match,
namecoin,00000000000001a8ef912df01104fbaf49a658405c1203aaba9670e1e5e43fe6,57431,bcdf69a13d88cdf39743e1db60af9c64078299e088ab380adb92d8da712a3321,1337920829,auxpow_parent_match,
namecoin,0000000000000005498466bce4bfd661fdde9e501260c447d7703c804c23027b,57565,8c495c9021ba07b9fc1dea9f23948d1f98d1bb479ee84989cfeb557a4516a629,1338008894,auxpow_parent_match,
namecoin,0000000000000302d388f6c204e4a01c7515a041e823396a27e09d8f73d6fcfc,57818,f86563884fafaed33acf9baf29d17395365d07905a3af2e9a981fc9b22ac829d,1338163447,auxpow_parent_match,
namecoin,00000000000009d23c67e5f7b8a7fa0ae7422b01b228e01000b070287de06445,57841,1f4f055548dd5f57eb484654d2066c16552def2920a665dc08f9a256ffc6e42a,1338182636,auxpow_parent_match,
namecoin,000000000000068690ec030cf3e603ff2aaa63337f6cfd8c1555e472c8088ac0,58061,064c0d59f848733f458eb7fd1ffcdca6d843c50559f663449a2f3ea13e87614e,1338329645,auxpow_parent_match,
namecoin,00000000000002e576a12760a01f50a85c1c2260e5ee80a4fae87f078874c070,58091,af9915739e971e436ec9fc373584ccee41354e2cdb5ca423adf948ec4b25ab12,1338350283,auxpow_parent_match,
namecoin,0000000000000659d369e5f9ab78a13def832fec9a6a3c56097f9596aaa0ad69,58128,5f1bce82fea193f85a28e304152ef2d8fb91682f221f5974ebe2630a5e87c252,1338373920,auxpow_parent_match,
namecoin,0000000000000591d1f48b50680422756845da951ff85d5d1c724a970f5a66b2,58144,eb04449228287153ebb3a325dd45512cee42c51acbce5c448c3c43ddc2ff1aae,1338388347,auxpow_parent_match,
namecoin,00000000000001ab7cefdf8b67205115d04438bea24404f1d04db05c58edf412,58176,2ccdc8cf1e43246227a74613140963ba2dfee320bbed7fd0be789be909206b71,1338407044,auxpow_parent_match,
namecoin,000000000000084b57878e48359bde7fa4dd5edeaaa1898ef9b60c9eea7a0ca2,58223,464766304c9d2d1b3007459da12f3262bc689fedeeb1f2a87d71ca6e9d50a584,1338428812,auxpow_parent_match,
namecoin,000000000000018fa8ecc24b058c411601ff71a921a7a9f264175337ac21738c,58241,09d3a3b42beb87837e8e1594d350a368b9334ed05eca320bbb7d5f2768fcfb6a,1338438860,auxpow_parent_match,
namecoin,00000000000001215c5a788fc5ab71c0f295382032361ae288efafa5106c5c78,58295,4d74c8b675c32fbea1912cc03bab8696db880311171222b57b5cebf7a63e4926,1338483578,auxpow_parent_match,
namecoin,000000000000045b001e5b0c168fa907c28f566d9f3a10086945acbf95ae9437,58475,2528776e6abd52b6880e8a01d8fb1f36c7ed1268271196e9cc482bf0ad1f57e5,1338598011,auxpow_parent_match,
namecoin,0000000000000632d1ba5d4a046ba477e18e3a179c486a5f82e04235b1f379b5,58532,14239344d48be73f70c2e00fcadc4042e5a36f1d23f2d0946f8f07ff57837f44,1338628422,auxpow_parent_match,
namecoin,00000000000002cf7ea6652f18b07544b26388e7c32a5c62bb806b4770f8aa21,58591,c1990b57755fa394ea4472231492f3fe9269ce33273ac49518279e5f06ceb4ce,1338653419,auxpow_parent_match,
namecoin,0000000000000796a98140a5d2c3ad4e61c623966c2d07a8e49d9046fca03348,58608,48ff151adda6187ce72f9ab31cf87d8469846a7e170ef7dbd603008ef9513182,1338662276,auxpow_parent_match,
namecoin,000000000000056b9927de2a79893fb11803bbb24bfcc0db15156445748d3db0,58778,0a2c6a91e50abae1b79fae4e74c83b24cb17585282280a8a5f16f929a91b1310,1338751106,auxpow_parent_match,
namecoin,00000000000008e7f65ce77dc399eb5dd01ad5afa6f037af79a7a0103b0d5ca4,58941,b2ad1287cd045418e5347328d74dfea2ab9db5b3204114e8da24f4a3d07bbf89,1338824353,auxpow_parent_match,
namecoin,000000000000001003e4edee91fb4c919489d9941f702366938c16870f1a4ffa,59034,d4a3729100a24f76711d7d6198a54cafb09215f90182696a02e939ac61dc2ade,1338881422,auxpow_parent_match,
namecoin,0000000000000707dfea425b291d2676f9570d244ece4dcf21c0fca02ea7054a,59142,32b360ed8c9cb0727ae8d87b330963ffe2290d609a9d41657f9a3a94024b3159,1338939394,auxpow_parent_match,
namecoin,000000000000085548bd3087b65e421fdb3ac548f524f0f7b788f6329c3af78a,59214,7140aa5eb693b8101174b69414837b63501d9eede71787252239d263bcbd661f,1338980204,auxpow_parent_match,
namecoin,00000000000009a39ddb8da640a4aec609ed0e1412037af3f0f15212dbb13f07,59229,89144603f712fdf746f6e0abab462273af786918e68334ffc13ba90174fa84ee,1338987058,auxpow_parent_match,
namecoin,000000000000051b0475e422dfea2290c294da3e898f5aa2dc25bb4ea33ee813,59338,de2bff24cb44126ff4bb0911605966264963630a8735451926ada26a0c88b1db,1339045842,auxpow_parent_match,
namecoin,000000000000087bcd6df6aa427ce7a73361acb215769538bf9b16016a219fe9,59417,c79b8f6314646627284a9e48abda721dbf4e9b9f80b2d61b1c2fea51f3a13b9c,1339095746,auxpow_parent_match,
namecoin,000000000000012683d859fa7085c0b6a1cda5e51ebe2952966a1bf245e4b421,59713,b328c2db5f8b0ba5bb98f3c888f23f751bb3e90b303edf728baebd0753e46c29,1339254242,auxpow_parent_match,
namecoin,00000000000006b42e4d13d50dacc3347d87d0393a08c970db868efa274165ff,59740,616a54d3d2d771f1e06b3666d22aac7736da2f806f2723defc5c266cc674fe62,1339270832,auxpow_parent_match,
namecoin,000000000000085a529c3619beab6c618d69c15774b3cdb6c6201334806a8c4e,59818,2bc2d99add6fff21c904bff8b47e0c1eb41b04d46896f0a6da06d4f1ccdf9181,1339310218,auxpow_parent_match,
namecoin,00000000000009adfdade043a5de94c7d60347446a77f56eb78ec1d1f557926e,59857,3cfba892450e6c4fc696a100f6355dc8807de27f5b83eeff01bc3e30fa22f84b,1339326625,auxpow_parent_match,
namecoin,00000000000005785e7263b412557e32819e22c291c3d43c463824b5d03050c9,59953,3f71b29e0d62e8f4d91158af826edd84e68731a04bd81935284a31c6d27ce6bc,1339380984,auxpow_parent_match,
namecoin,00000000000007497d5204e4b0fa5669aa93bdf4d2619b74fa2a5472db9c5f90,60161,9d9a7bb8978e964987672529695928cdadf96f87b00cbfa021d3b6a8f6c0a9a5,1339500652,auxpow_parent_match,
namecoin,00000000000009367d99a0082d3be4d463d96b649260d4fa1672d92e5519d841,60192,49b741163ebe14131a9ad7c4d924971cc7ba7880a30f02f5bee868d85ca80c6c,1339521321,auxpow_parent_match,
namecoin,000000000000022dfc2e02018687c68f9e21eaaa18925ef5f3508534ea7a9f0c,60243,c461c7f0ea081e4154c39802f5d71095ea5c039f747bc7c557b5059e1a47d243,1339550160,auxpow_parent_match,
namecoin,0000000000000a682e05aaff9ddc54feed3ae140333987d9bd3a40e9d185d4ec,60264,86e646712caa4f1833f4c25d94a7467eb3a9586b7dada32cd9997df456e41502,1339560215,auxpow_parent_match,
namecoin,000000000000030200a49fd70bcc4bb988fc1dd380ae02dc5a37bd8e455fb85e,60300,f4383ef97576ddd0b9b2d43ccf2a23896a928807bc5b2fb15107f36663b8c202,1339581160,auxpow_parent_match,
namecoin,0000000000000038a9e7d63ca00122cb7770bcede1e684561200f99a89f2024a,60349,1b5be94a23b15955ea518bcb8cef3a6eb3092c95853f26b0092e97bc2ada9bb8,1339613028,auxpow_parent_match,
namecoin,00000000000004866d71b5201010ff53b2e99a7385247b2aa96a6c2116ca1be8,60350,a39eb40d582ffbbc800bafb5a36abacc8d45208a76e4cb6bc4426422fd27fb60,1339613057,auxpow_parent_match,
namecoin,000000000000024881e515c5ad7e7e13fb03df566968762a0e8c093d99aa1573,60398,9515cbba9a255a659d14c130e6cbde2b4a24b4bb3900fca3723ee0defd62fa94,1339640576,auxpow_parent_match,
namecoin,00000000000008cb2d8f09a4e75934ffe81ca7c2dcb5d4e86a709664c47a8370,60465,2ac8326c76881af11dd3afffc895249955ec8d4854f3b4dd91c29e4b9335ef14,1339673772,auxpow_parent_match,
namecoin,00000000000006843c118826e450f798bc4017d926d16516c5e43c421143ad9e,60506,55b1e6a03fac1004d90cf5088072755f748dc35c6178d6348303ae1654fa30e0,1339693936,auxpow_parent_match,
namecoin,00000000000001afa9e1b1067b63fdad85f386a21c652c42c47c8d1eecab54d2,60570,436c5bd69d8f0b239657053b51d9751b094826a3e387a9c08629540a223b4a6c,1339734125,auxpow_parent_match,
namecoin,00000000000002b552393987df42a7f94a4353d864ce63067a82b1371e222da0,60593,cfb4a98c92fef5511efe5c650ce5875084fb671979fdb0b8ba85f2964f9ccf39,1339744936,auxpow_parent_match,
namecoin,00000000000009bc6ecb39985be1a9633935d5b8d49fb256c113022c7a97cd63,60600,cb7820e5be0bb4e4bcac4759cad729551d0c410087acf918e21112e2a6ff6808,1339749770,auxpow_parent_match,
namecoin,0000000000000854d8bfad42637b3bf72eb6779f2c8c89a794f29952a0c787e5,60601,0d10a4c6e77a8746a5df97f05efc85b12d4947d83e06de4e20ca8dd032e017e8,1339750140,auxpow_parent_match,
namecoin,00000000000007a25bd25ab72cbcf007c1ab9321298c4312179897d50e4efe1d,60615,fc9fe6a2700679e9ba7e909798a254468d9c8371cea42de08c6cb837d6957084,1339756362,auxpow_parent_match,
namecoin,0000000000000844b9da3e6e5b867ca3c080b5b440a756f9da4bac6d97ff8819,60643,f41cad17dd4ded80f9085dbd9707f5547aaf375b17972df5a133779b9f90ba08,1339777746,auxpow_parent_match,
namecoin,0000000000000556136b45aab2e8af650d592a59e497fac30ffb7c4a2c568231,60714,f3e2b82514e29580997cd61f814e5b20a5869b54705300dce95fc92221711f9d,1339820813,auxpow_parent_match,
namecoin,00000000000004c2c453ff45ef2f19366a7bfc89211ae583c19e582c898dd0c6,60715,013f2d30f00414c33163121764b0d101f13f01a1de5ccb5aadf7316433f8cc63,1339823045,auxpow_parent_match,
namecoin,000000000000006b947177f05f87a767f5178c61aae0563d2505f883f42a6d47,60717,da2dc8dd8ac00e1ec8bbaf2d2427c9a4f4817b8aa36e9380d5fc26de2045269d,1339823531,auxpow_parent_match,
namecoin,000000000000025c0813b34a11b6488b403586b3aafe3d121ddff17e1be3de15,60726,b8072dd929d6030ae6495b480f4808cf742cbf8c463ffee5013851556988b19c,1339830186,auxpow_parent_match,
namecoin,00000000000009bd9a63daf56f71da2267b340383783146d794e6dacbfaee195,60992,5bee598c543d06efc8c5b3b5055b6d3fe47b07214e1e1d2d02e30a89a4c9a6f0,1339986240,auxpow_parent_match,
namecoin,000000000000009b9eee223716436ece35021d1c7a2e4eacc0f528632b7539ca,61110,2a4b98943e35a5b7ebc4221f5abfa97d0e472006d1f44a4f6ac90e880881e257,1340054289,auxpow_parent_match,
namecoin,00000000000008dc0a7c261043414151ee10861b841f2095f31de12a802972f5,61114,4b0a35a77b9d7611ac0aac61b3f2becdca96140cdf1ad5e34ca5a63c660723dc,1340055908,auxpow_parent_match,
namecoin,0000000000000840fa27d0f115d28ec6bacbf7ffb9da38144438e5770bf0c524,61180,0e0362ddec1eb8c651da713391eb9ea163ee25709164ef2525a6b84a9d167f5a,1340089301,auxpow_parent_match,
namecoin,000000000000040b54a7d36102384832240cb48e3c46e4528aabb2094a04b54f,61210,434da89a400472a2e967915348deb5e9ecffba1e55b9fdbc0d879635033d6847,1340106033,auxpow_parent_match,
namecoin,00000000000004255c458067a058e3dd3cbc5b67d6ba545db83d0e669f016101,61242,543eb98f3ed4ed1abe0e86fee8d127089ad81dd3b1e5618c65c36c36bd1a89c5,1340133336,auxpow_parent_match,
namecoin,000000000000078ac8f824b655ce3652f18a43512de5dc735a313dbfc7403c58,61303,6c42955e93d06e414f14ec3a15f86a36c138b84979084ee3e7df8d9b2029b693,1340167647,auxpow_parent_match,
namecoin,00000000000003b2ccacc405c8b3ea31ca4562a6d00240aa44fdb9a650a862f0,61718,ec9e8bcf553b7a4229d59b2ea292f2e58ddea0b7735a5dfbfb5eba6a423be768,1340414034,auxpow_parent_match,
namecoin,00000000000002eb34976fa4b0ecdad0492158a76fd3cbd431090a71a8495446,61741,ea4aa6b8f2e32de59d8ccecba0d8dca578d6f580096c67137e453b56bf3b9836,1340425547,auxpow_parent_match,
namecoin,000000000000024287811f3979c34b1bc45df06184d276c8998647f46920bae3,61806,1b41255b913bc89aa037de53c050c69d1088e124f926c145c81ef47f112a3f3c,1340465801,auxpow_parent_match,
namecoin,000000000000055c9d0ec106d8bad843c8977daa59e7db327e389a08d1f51cb5,62008,2dc61ebcdde37db5bbe4ea39794665f1704167c761e056dbcb843a2862181cb4,1340568518,auxpow_parent_match,
namecoin,000000000000012fe2652842e3c6f8d1b6b1ac26ce42c23fd909adad79de5371,62066,9cfe57bf442bb8cea676dd41f8af710c7e149e6a15c569ab984573017fa32c82,1340594571,auxpow_parent_match,
namecoin,0000000000000024ff1f77082b14b782b96ce2390d287b890e05a9087bd34a29,62127,8858df41a082ba58d59f1766818d073c21252e1d3d2c53c7c82612ea1dbabe1f,1340620708,auxpow_parent_match,
namecoin,00000000000004f388be493ab27c15e446adef0e34da8e6d0a9412231228f463,62142,ac5f6398d21f5da26a6c40756017c23ad6e9a51104db735dcbb7d5d8b7f355ea,1340625289,auxpow_parent_match,
namecoin,0000000000000045a740ec861c08d4f9cbbd8c96c9f0f4cde3af002c0a15dba0,62167,bbb6272eed0e1ebe3f26c6eb2d26213947f9561b40255aeecf7bf1099a693375,1340636270,auxpow_parent_match,
namecoin,0000000000000373172d109b3629d78d99df7ef1dd9cb36b8504877761c26016,62378,04723320ee257636f771906f3c4aab245e4fe84dc58411346abc78a1dce361ff,1340742008,auxpow_parent_match,
namecoin,00000000000004e2458fe715cafc3e64f03f02f2ae9d26e8e4f831011819a00e,62427,b409f55be808056fda69e3144a2ba8932531ad6d7bf83fcf750528f21686700c,1340768090,auxpow_parent_match,
namecoin,00000000000005aa80c693dfe9b8efe09489b3dfe0699f1c49f7562b5a0af382,62607,05ce896117596e6b2a1519fcbb8e499f6928997ff76f3cf5afa1b7e0bb315d99,1340858333,auxpow_parent_match,
namecoin,00000000000006a97568bf367e8de9679011a6304b63894ce18916e59a311273,62901,6f33c88901dcf76b382d603bffd7c3b34b95916fc0482da67a31495c6cdec228,1341024038,auxpow_parent_match,
namecoin,00000000000007f67a21dcae1d7b3f8a889c1f77f392c9313c136b42663551cf,63013,ce8522d24e82bd025661b785947095cedd9cac1877b74d44e984a0f10cc78fe1,1341105295,auxpow_parent_match,
namecoin,0000000000000995627a52c5ea0372d926539a615c972a80455eeffce444f6af,63473,48898a7f37b9bea8afe0123638b859e6eb10daee9cc17942e932e697d68b44f5,1341378354,auxpow_parent_match,
namecoin,0000000000000437fcb875e192991cec67aa4d7c53bacfe129ad4293b6354b52,63626,1547abc2168a66ee589fb644b528170894d99445938fb5e6f6f01b16c47dd508,1341465425,auxpow_parent_match,
namecoin,00000000000004cebf2bb7d719ffede9c8c370c8e1219dbb65c867d8a30a5504,63669,8d1092839b5679c5cc53098fec0a85e38eb1ea6f2c578ebe5a84aab23588c082,1341488919,auxpow_parent_match,
namecoin,0000000000000364b01b072b30fea016388261a177abc33069e04a8fd13b78f7,63681,75e0122637fb3c70d25c34d875c3f43ea3fc1635fe9412c901a6fe00d32810e3,1341493735,auxpow_parent_match,
namecoin,00000000000008f4bdc82991a6a6e53cf9ae21008e67c234232a23b0b8ee69cf,63823,04cc6a7ea93fc9fb00537e1fd8fd8312be8512be6569c16e5a2e8411ab640700,1341576921,auxpow_parent_match,
namecoin,0000000000000351313ab889fbf2caadcdb7211e40c02ad5af5c69edff4ea557,63861,c3d0524c6f04022e9b5d92837eba2e7f066a69d02d523c9696c8ad71a92a01b4,1341598794,auxpow_parent_match,
namecoin,0000000000000909b8f0f118909d5da5db7e03fc520e34f2255a0863743d00c3,64000,dbb4735666599ff146013bafd478a9db75eca4dc1aaba5e656fd0983612d7656,1341680765,auxpow_parent_match,
namecoin,000000000000094c815d8bc76385734bab6a16747d29edd4c80a1c65d896c95d,64149,00bfd6fffb5d2c0fc6bd73987f7ab69e6a7f352185e5d1b9ba8fec628385fd87,1341761092,auxpow_parent_match,
namecoin,000000000000072fe234222cc9ad6f06e25695cf963e822757305facf1f0e8c4,64337,4c554fb8ee3024f4805571af886ee7851d0bcab04901e3b7c26f916eb11d2f37,1341863024,auxpow_parent_match,
namecoin,00000000000006fe9a4f523e27a137cf0ffbda26a5dc088291162fbba334c949,64367,2b236251c357db9178a56f8ea5ccf15d521718d83d9e6829df5405c98b6eb36b,1341877690,auxpow_parent_match,
namecoin,0000000000000150cb65322057768d4ec8cf0f9605b40d1bef96f2e2eca34e53,64555,e4a6366437bdd5f11ca22ee53d4efceddf2a96d77dfc1f7d5c19acb8d6d1b981,1341975783,auxpow_parent_match,
namecoin,00000000000007655a479f9c8e7656088f6306a751de0c01467d243d92c07dfa,64784,22304fbce18e2909db915a9e139d31eb304497a55bcee07a9308ab0e547d774a,1342106403,auxpow_parent_match,
namecoin,0000000000000271becf28a72c48cc170842c7d24160a3e2539e35a2170ab119,64999,7f323d37a0fa196a5b69ca43e6adda9b1450a64886817e63e83ed79388026632,1342236143,auxpow_parent_match,
namecoin,0000000000000376ca90cdb12ca3f991dec0038da833f4801a5c29d599212152,65205,222571003d31a89b5226deec1f3863aeb148896979e15fe80b52b2574970661e,1342358461,auxpow_parent_match,
namecoin,000000000000048d2cbce56466b5bf42fa5ec95b42fe06b29a6c80e6dd84fd3e,65415,a6b7ccd399ee90268bb28d48e5cbdace17d00a9a93ef6c04ee338039a172397c,1342491303,auxpow_parent_match,
namecoin,0000000000000821766f122b6b0dc365df284b0cb7184b93ba1d60833727c8eb,65424,5e084a471e5d1db7cf9cce7c54f632ffac51fa1f190f5c320e44f8fd0a684d56,1342493529,auxpow_parent_match,
namecoin,0000000000000270c6b8654caff27060b63edc41eb97436d9f4c1b5ab5132ce5,65512,039a2c4f23e43098a4b617bb00cb3a7e7635714d5e3da7e56a0a8cd55751f9c1,1342541419,auxpow_parent_match,
namecoin,00000000000007b5dad149586fff134725dfa0ccee612a110e1c60911b4d05fa,65529,0da4cc3403e74f6e959937c3c384203e91c2b100b4b5c3f21ba5238be1b67e73,1342547960,auxpow_parent_match,
namecoin,00000000000000ebaf6edf7189636915858347b1c42ecfe18237fd4e2c19b919,65582,e2d3faa99da9e4fbca701a24a0d444bdbb903e8179ac3abb74d2277da622a9dd,1342580286,auxpow_parent_match,
namecoin,000000000000071b4a4f45913579881a47d5e4cd190a99f54c758e52aeaccb75,65826,b16e109ada17ade53674e2cf5be9312946b0eae068043a2938672130e6b234e5,1342714682,auxpow_parent_match,
namecoin,00000000000006da2062b36ec42d3f9108a24b276614ff1d979d51447b1b8ef6,65861,74f3c0340647e881a4122f40c69b58bc7a724601e0f4fa9ab552f90d56b88474,1342738984,auxpow_parent_match,
namecoin,0000000000000684080c3c2f4440122ff3179566ece729713cf07cf2340fc29d,65867,5cb9b44da5d7c49bdde595e8a3a2d77055b92060a2608892beae813705aef211,1342743306,auxpow_parent_match,
namecoin,0000000000000608dc82bf5216f38b0a13c38d09243cb9ff28baf7ebaa139716,65982,f80ebfe03e8259c1833f8ae3e6d6a5de101f6dff68d35dd9cefe269fb79c59e7,1342807699,auxpow_parent_match,
namecoin,00000000000000663f4bfd0aa48295b2ef3971e14f98333c2d68ecf61d6bbda3,66035,3bb11a63c65dd08a106501cc6e21958be8a0d9a90ba625d36e278d74424d5caa,1342844888,auxpow_parent_match,
namecoin,00000000000004e7b80a983007ef14ba5cef033c044f1b49271c10fbb2caa26e,66038,6930eb39db4a7eac6cf0e5643e1edba69ea99865ee06c1067c0ae6e715a933ca,1342849566,auxpow_parent_match,
namecoin,00000000000003ab65065e4767d2f0726838136e33653e2d94f9b43053a0f635,66127,f1d7c2578d70a231fdbc4c940672247a075664f5a4804e1825030794324a201c,1342886033,auxpow_parent_match,
namecoin,0000000000000868531789283ba2f0f7af4a09ef4c6107014a2863e00aece247,66424,1255859deb26e637b1c39d265f33a5faddfcee573dca34db1234aa083666cc9a,1343050159,auxpow_parent_match,
namecoin,00000000000003b348e09caa2306e061771305be2903120477d69fcc5e677047,66773,39cf4b44e22be09cb92803200438b72fb18e96a487d0f96748addbbcaeef1595,1343236408,auxpow_parent_match,
namecoin,00000000000000c43dff5269442b02562168d3f18fca0a36294612d235326a6b,67056,547e9a44412c6dad3f1fc78e7134624f95c30241905db0fdfcb9e9887d7c11c4,1343389380,auxpow_parent_match,
namecoin,0000000000000755aac0e63fed9addd80f8dbec5c1a83b2812c53633bf9dbe9d,67097,894b043629c01e1a390d3dc36e48e0de65e549cafa9008966414cf2c37943da0,1343411235,auxpow_parent_match,
namecoin,00000000000008d0e8d48ad4668d3bce7f5486cd344c0fc945f7590500bd8c2a,67341,320d0e1eb5bafb098e4bfe9f5f8da96834c14bb41b34cf0e1b46cfa401583274,1343548343,auxpow_parent_match,
namecoin,00000000000003414b1a742396f2092c564ab5c062fa85b7a0913f8ce57fa2fd,67353,8fb3995ef74be07cad2e1710c6e770c9e58148d52b07c38e7b83c5fb2637c32b,1343555308,auxpow_parent_match,
namecoin,000000000000045c2dc5b17e7aa1e690839e13a2c89a76a762b58eff58720ec5,67412,9d5d2e8b4894f32c69901eb28553e7fc9db722211166d8c70891a2dc4fbeb4f3,1343582373,auxpow_parent_match,
namecoin,00000000000003daaed8ba7c4a7bb5c87581ae71ba21e8b44526cec41fe97b0f,67658,b5bd24763edd7468e20227a0dcb2329ca895a545cdf602d2e2c035f63ddd6e88,1343711347,auxpow_parent_match,
namecoin,000000000000073335b2c6ccdfeff59658a1714b6c6de3eadf9ee3954aad0562,67883,c748b8da47550d4f476c713e674ca3659d745cb86ad46b067f73daa39bf9667e,1343829610,auxpow_parent_match,
namecoin,00000000000007ed9501ba3d7d553bb0c2d637273e0807262751c9244250669d,68020,2904d20c08a63da280917283cadc469b631b10d0a1246632d596b0d075b9da79,1343894499,auxpow_parent_match,
namecoin,00000000000001d9c7efc561de0398c82684de343b65069041bdabd1166cd94e,68031,67d1834a418c69e5252ef43d8ce676e3e35a433a3e38c4a1609cd7f19c6604c1,1343898315,auxpow_parent_match,
namecoin,0000000000000026b693372374f8d164f72cb47a66111dc94ea5ca4b8e008da4,68244,ebf96b47ddc555575e4afc434d482c0f296b504fe1184666fc40a7be89214a94,1343999630,auxpow_parent_match,
namecoin,000000000000004059f375337bf03c8768e2cc61f50d2f16620b42c8f06e7edb,68370,b0d820d7d8877395108e2139009132f81fb7596c3c65054c2df250168a3978a1,1344061822,auxpow_parent_match,
namecoin,0000000000000105a2a6aa73a16548e7c478feb328412c3c8e568694bd230deb,68660,76e8d038217880feedccd1331791bff978e9c38949c319530ac8df21598f7734,1344213697,auxpow_parent_match,
namecoin,00000000000002ea87b4de6d292a2a4c7e0298d1432545d3d79c9ab9fc02c5bf,68754,a8eda478f096823e2d0730156a81eb869fc779a26a88a09ebfcd2c35fa328c40,1344269799,auxpow_parent_match,
namecoin,00000000000004888e622f2aed1aae25b9628410c70aeb3dfc6cf74b0be0fb28,68811,96b93b6f45121ff79a6027b3680d65fb7dd38301f191f1e77a855b2eca666c4b,1344306077,auxpow_parent_match,
namecoin,00000000000006d9c44b522209bc5f4310256346e7b287aa98e00fd9c2e93d35,69441,a556c51c717c4d96dc89aa1489ee05252e298338f05850249bd055d40cfe8c87,1344645996,auxpow_parent_match,
namecoin,0000000000000264185221cbf2899f1aa22c3a58fe4cbb4dbf7e695bc5850f65,69680,6adf3423e850edda2ef6ee368c8ebd5b877a0c6b49d1b713dc74c0298cfd4e40,1344789539,auxpow_parent_match,
namecoin,00000000000003ecee28887516ee20ac2f9739994b4b0becc0817824fd3a7e01,69710,20bee79c41f9cadf45e5295d9533e44bd4b05776d29862d6dc62def10f304384,1344802950,auxpow_parent_match,
namecoin,00000000000006b5dc4e715dc0de37f87e582d573519f7967b134178fee1d29a,69770,a5722e8ce210ffb0028f0d0fbec63d00bad8c246185675a8c583be75faf93841,1344837606,auxpow_parent_match,
namecoin,00000000000005c51cdb28d91f34a59079abb3ccd65563ddd40e8488121a296f,70076,0634f17cd76b6e0b42440d3f7838b79503865ade54f53190b6e0aef282cc3114,1344987155,auxpow_parent_match,
namecoin,0000000000000422f7000961da2a3adca1d945e0ccac77126f591f31ab18db9f,70088,63e31659d3d69f0a792db1dbb273a77e5296a26de7d52b8f70fddb9000fcf9f8,1344994522,auxpow_parent_match,
namecoin,000000000000046ca703968012200349abc33e1c8368a4473a1e52a90a79185e,70125,9c053a4e67c01030ada5a9f714d3aa30ba75f71a59f152c8036cf2cedd940a71,1345009507,auxpow_parent_match,
namecoin,000000000000049375fbfcb9f3e1696ab4397c7ad07aff89b42e246fe7c918c0,70149,74e3dab7c743f73edc81524aa8d4a0d53f285232950bbcd6e6d0b3f762b969ba,1345022610,auxpow_parent_match,
namecoin,0000000000000127ed5fdda98117c6eb63105ad33054cc6dcbadf1cdca08b9af,70217,7ca6bbb29a9ab83e1061ee9474fcb6f662e548d0e2a445fb8a1f92c643875add,1345050504,auxpow_parent_match,
namecoin,000000000000048852d6e6a04f69df498726c4d5d54f07df1ecf42ee55d02fa3,70227,011ca22a0cee875eb8ea2dee86baf139ad9ef070ebc01613513c4f32cc64f154,1345056806,auxpow_parent_match,
namecoin,000000000000046026ab02758e14098ec5a4402192e78a5a769f1570af13189d,70275,2666c9e64e5648df40582c8a02fbd6c22bc6c448a2d0f277fdd6fab20d8c1e41,1345082526,auxpow_parent_match,
namecoin,00000000000003d4327559a60558be5b7fba29ee8926af2798560f1f48ac19cc,70315,89977b8c076bf63d5756fb9813670a99b53b20220e76a01668d4caf1d32efb28,1345107766,auxpow_parent_match,
namecoin,0000000000000555059de2d773e33e6e08d820b18acc5f00f0499178e8dccc24,70325,64c9ffca2425d0c73e47e54b9d93c0ab03fb76e4661253650edee36c10ab4fa3,1345111423,auxpow_parent_match,
namecoin,0000000000000261ad67509dab9966b14ad00d5d5d1d263be12a24d99a336c09,70398,01f1f38199d575c8ea63be261d8c228d4af5a11eff014b0a11228dae56e2e5a7,1345146031,auxpow_parent_match,
namecoin,000000000000074b1aa3d543ad16c1a3bf179d569acb1b06cf33871ad5231fc2,70399,4bc032027ff47782378ce3a8e53859fec72f500f954509e5fe89608a4feb1747,1345146847,auxpow_parent_match,
namecoin,000000000000001af52ae1eaa7217ddbf4f1728154a0e7b05f6e4d5b40c668d4,70512,c2a72c316a0eea92adad765a8ed90ccadb2806dd3806b0039a8f92ae6db60701,1345204247,auxpow_parent_match,
namecoin,00000000000002fdf4c90894cc2a3ccb24c0a113dcd1fea23777d8da28f53e91,70563,bcacedd29393b184f7cee24fb421335ef5e0002071a7d85c6b3ffcc856fc45fb,1345231927,auxpow_parent_match,
namecoin,00000000000005028867b9ab272f5014a04db51c091ef7f4230a72687f74e805,70579,d9aaf69c4ef783b62323de7041004638d5d9a199b787c588f4e71a3e30037d9f,1345244539,auxpow_parent_match,
namecoin,0000000000000145e4053924aeb86a168ec407edb43f3fdf75da607599019a90,70606,a1cc7fb1896b332553a1b7d0d7139b51b8cb14ac051180bb5be4904961f07289,1345258138,auxpow_parent_match,
namecoin,00000000000001e0a449c61f38fc456e9bfb7b607a883c314e6f7b9331c2cdea,70644,1634d0f4188fe46d753da3aae505f14ffa946747ccc5df9c2d29b16c3e8207ad,1345285871,auxpow_parent_match,
namecoin,000000000000027449767e5cb6c61321f9873fa0eb535a25da0a4c63c67125be,70673,213f47b95b5b19bc45a3331ce1fe70566796d43923a90973851d685be349923c,1345309498,auxpow_parent_match,
namecoin,00000000000001d55cc58524966d923892009353241a08bc03235bd289418c1a,70864,e41380a8193a065b3d771d21ca692e411528a8762a8bd6be6ebb03cb050a819f,1345423671,auxpow_parent_match,
namecoin,00000000000000b2e5f350fe558a86a8e34797bfd43a116bbc64adb66d9e87a1,71042,3d8c7002cd10d1957eb3e366543a12c404fae3862d10fdf88c7082390e09ea9d,1345521931,auxpow_parent_match,
namecoin,00000000000005eee26d5313ac960172e9c305028871b4f7a7a4ce995eef8034,71113,47711636c3a909dd47d643ce668b903f13c74f5ef9a2607463094013e040cf82,1345561326,auxpow_parent_match,
namecoin,00000000000002eedae7b57b3c7329a7f9a441abcb7c7f146ac46251a1b16dee,71433,b61730f71aabdf35d2688896d8ddabe7d47b3eead2b6c04b3fdd5bc398956277,1345752266,auxpow_parent_match,
namecoin,00000000000001100dc20a1bbc60cf8a96fed867b1c4a54329c5842503a303a5,71517,2f105cf33f5c2046ff69498a913b3fa26982f178d09f3ce8e03363ca53b76797,1345806270,auxpow_parent_match,
namecoin,000000000000040c5f3eff9da97188abb2f5f691b442d6352ffdf9d1db399618,71522,cb258bc5659e60d64f55bf4f253907802c716a990a13db7fb37a1593d48721dd,1345808897,auxpow_parent_match,
namecoin,000000000000044e0fa40b26bdc65563fd5ee536a310f7b91286077fc3514fdd,71525,594e5178bed360811d5cbdf562a064a25c895310e875a945a816ac18f487c9d3,1345811902,auxpow_parent_match,
namecoin,00000000000004a5e9a164ff96c1537b8284ecbfe86c386b202f4deb46a7ec44,71576,94dd366d50412c610783bb976586b1f01ce49f0edf87b2044d8529ffcfa9c754,1345844620,auxpow_parent_match,
namecoin,00000000000003313ba40d3ae0ae3874d32031ffa5dbe823889246c553281c02,71594,243afb58dad79cf5e44ec722aa40889f1aa39a6fc0f06337f7c1150293294a6f,1345858504,auxpow_parent_match,
namecoin,00000000000001cb113967602a2a2cd1ff4272ca767a886bb972c413886b67e6,71657,a1d370edc27cb0c99fa5570945cbe938c6c246202b17e02b38f615e11d3ae565,1345903325,auxpow_parent_match,
namecoin,000000000000039db13e01ef0f58aa7b67177780a46fc657a515d9aecce13011,71768,fc74fb4e2a88bbbf21cfc55fa90a94410c9afb1f068f7964f760b92d9c80591d,1345961363,auxpow_parent_match,
namecoin,000000000000027f57b86241c1d76e6c3f01c30ca3dc7c59e911cd13d48b1cd6,71800,829ef84206127375aeb0c25df1fa56f96375da8b2baf1471f5dc3881cc0b852d,1345983061,auxpow_parent_match,
namecoin,0000000000000522f2f8343426b9d91d14b604d99ddfada5a1e5424246cce4db,72084,18bf55af90e58298347f4e534b2a6ef1d79db6cad233582b012edece549dd4ac,1346134048,auxpow_parent_match,
namecoin,00000000000003d9a0d0a91dd7b0ead2655826dc630d9cc03b38b3dd48bfb622,72204,b120f86d83519fddf1286180babbd35261c9fd9d86677869c3b6877584d7ef0a,1346202617,auxpow_parent_match,
namecoin,000000000000031d080e0e20ca136ebbd3c47254636a9394346fe44e939e3115,72531,9bc1339764beb956830262fe592583cc47878119629133241ac80d77f60c30e4,1346373672,auxpow_parent_match,
namecoin,000000000000062cb12a6d01e55fb093dd484b2372160ee7d82205a0aade5d23,72557,cd3808c0d950c2d2bf5219286ba4e107c59d6401f8ad8c4c430e2b9261536851,1346386431,auxpow_parent_match,
namecoin,0000000000000435ae17346d4b179ae21943e85c0bf5052547e41f96bb471b39,72578,84fd8a5706dd1a3ea8f20fc69da4c1161812fae02c14a977fbb7d3e52d24fcb2,1346398763,auxpow_parent_match,
namecoin,00000000000005b71d5366f00abc42fbf555d1be267a61ecf99951403ba53d10,72750,79785351911bb8cf3bbcbe95cc8fd92c27d336a981ca1941d748002fc9665977,1346498585,auxpow_parent_match,
namecoin,000000000000038be931c32eeab96a8d6e3064fe843b3da115a7709b88b38f54,72804,3184340fb589c2faa86a487d2a8f864ef1611604a9fcd63ddb872054281e4e8e,1346525058,auxpow_parent_match,
namecoin,00000000000001bb712adbf9ef64262e5d04a64cb21cd12678b5d7ed2b875248,72858,5440a535128b3fce7aa49b7c03fdf68b21a001f499c909bbcbef4b50a848f51b,1346556788,auxpow_parent_match,
namecoin,00000000000002fb58003e262bad99c702017f9cf737bc000269da6a931d560f,72973,7ec43c50b08eab3cc1a08466bb5f7c0826a5dec85f0124d5f91c8e29d7da7d1d,1346615524,auxpow_parent_match,
namecoin,00000000000003589304493de3bb3e36abe66342b3c8997eb6fcf25710079ab3,73083,01c4f46f858ce6a03b749e836648f082a86d5480039719e51fa7fbcbbee5f7db,1346671287,auxpow_parent_match,
namecoin,0000000000000302497efa8b3b6f7d8e2bd54931ef43cf26f594f3bbc64caf82,73293,531068fb8a5ae98ca53798fea92aadb85f9d046eb111d709828964acb24604f0,1346797998,auxpow_parent_match,
namecoin,00000000000000fca612a30e21ea4dac7bae080be8951489d561897e4100f466,73398,a55d9cd2f311af99262bcecb6e3c1876696ce1caa34fae6f9bc77cdb1caaca86,1346848347,auxpow_parent_match,
namecoin,00000000000003ee2806650f26e90b1f66aa83e84e3eead30838e1287ada828b,73429,8d07a199d7c36fccf23e4da367f3edbd463e2d844521eef4f4408af2f70b5107,1346867430,auxpow_parent_match,
namecoin,0000000000000472b8e7a91b65a08bcef2b22c308a7a4e4fc69470ae50f53ab2,73492,04f64dea70a93a95f179c930094f93c1cbd1fbdc594c86c61d4009dd15d1eb1a,1346897890,auxpow_parent_match,
namecoin,00000000000001b15828aa35d0b9feb2a8fdaa9becc591b87958033a1313d03c,73710,8384753b755bafa9d365764af262bdb0e88e871491b0dcc3229c1115dc79fdfd,1347008587,auxpow_parent_match,
namecoin,000000000000011e6d02f6063d4a797ce42fe1f97ecf3dd640b8145f12c2304d,73934,15b6ef3b4277075a0fabb6f6b9eae8cb6e75b5016b850b9818f100dc629ea1bf,1347130496,auxpow_parent_match,
namecoin,000000000000015bd72818e86faa72e75acc3d2e42a93af680acb4bddb2aeeec,73939,c7b92876801767f28c5aeeec87c925a305eb9f2c14e74c27fd489118db4347d5,1347133509,auxpow_parent_match,
namecoin,00000000000003c18d31b38be3bc04633dd4d327eadd04583dc8da8e80b6f6c9,74114,32764836991459f58e2a6bceb3166edb2499ec628c2a99bd404d733b15514a53,1347234545,auxpow_parent_match,
namecoin,0000000000000565c285782f804fab8d5d768c2b329dcf102e5969c7cc32966f,74398,d3c33deed09adbae539358fc04936561142035c403a82c03c45abbd6fcc8be99,1347395173,auxpow_parent_match,
namecoin,00000000000000963ccf1b79a3bb6f1b23247f6865aa2526a89adbd60c2dfa3c,74415,98930ff586716531df13e60b54b30dbad3897dbcb829c90b2562dc3a3ac54c32,1347402846,auxpow_parent_match,
namecoin,00000000000000c9993d9f5bd4e5623162002a0224330c88e4fde07aa7e1fbf4,74420,66b071e09fc130019d19e2c37e0148ab4933fcae2c06a793e284b645a3e7ea5b,1347407788,auxpow_parent_match,
namecoin,00000000000000a17daafc8c0cd82866a6d2f6240ad81669d96ba01e79f27670,74663,c31456e7abe46e4ef574b764e8d0815c3ad97adfcbdc20bdc6993c879259de57,1347546663,auxpow_parent_match,
namecoin,000000000000025a25dbc063bbf2345037d5042c67df64d97baf0a1d0629bbf7,74842,50e82387a3a545aa8a6e07ae2f083884a18d9f5701d9cdfffb634f3923ab407d,1347642598,auxpow_parent_match,
namecoin,00000000000003ef2714ce6b665433062f71459727afd1691d04dbd453f15cb9,74851,fe4e7a4d9e188aeb06a8d7a2192a390e0ac28e7a32dde464978a01f23baeb170,1347647600,auxpow_parent_match,
namecoin,00000000000001940876d93b2c8c636ff9eca069dffff98d7440a05577f6b366,75158,2a1e6985bbbb1aed137fed002992cb4571c3507d1effc8151928496f8e2be3cf,1347843806,auxpow_parent_match,
namecoin,000000000000053a5baaf81703569bd7357208e36e3b3427c0a9d90faf0bf6c7,75389,cb5ea0debaa2a6e654dbded12b02121b2b632b985eb87d313d3228bbbfbbc7b0,1347973874,auxpow_parent_match,
namecoin,00000000000004c11ed8a0d127d49bd0f1b2c631f33537fb1e1cfe921e587f33,75487,3438060ed5286cbcdcf3e053fae24f0f8fb1115d72de1e465e87552581325a21,1348031910,auxpow_parent_match,
namecoin,00000000000004c2b59b259ea04516929c6176fa565beebe3ad7d6f6bb09f94e,75515,d38c21ad81e5c1ff6dfecb9d160179e1db612d07394ddd1aa1e4562609344709,1348046843,auxpow_parent_match,
namecoin,00000000000000521504ea00eeeb139cf46c2479bf143245a13b3c62dfba3582,75521,d38e8a1094a1839d6b94b08ad199b38e974dadc6859b0db61551a7e748947ae2,1348049895,auxpow_parent_match,
namecoin,00000000000001eaae5a798fda46fe690b04e47354de329c16f0181c6b6c8900,75556,aef1a8944e5d485ab4a7be176e69c419502886b3bbc83773523f5fec7a95bad2,1348074194,auxpow_parent_match,
namecoin,000000000000059e65d63a1f0fe0320199fdfcb1433557703d2820c52d685196,75608,e9aa0cb38f64e8cf79a7a871a25d6029567745c52e976218f7995c8b506d3175,1348101703,auxpow_parent_match,
namecoin,0000000000000146e75d7aa6286f1e178e4e4ff31e02be4809d91b6bafb3ff95,75619,8de3668e4c982cb7963163b4e7c9eab1feec35dd3ee217e54385eff2c743143e,1348110818,auxpow_parent_match,
namecoin,00000000000000511369134a264032426514e6637d9070ba81993a6d2be3b37b,75754,b3250e45907ec6063c25116fecee30cbf4d33af4dc6d03c31ced48fa6c216bad,1348197088,auxpow_parent_match,
namecoin,00000000000002b02b752089e1993611483ce2b0668ba4deb6f319c23360bb0a,75844,5ee862def4d054434b54a8d62ac4ff46959ee664b6546b4e291fbbb483e0d256,1348244474,auxpow_parent_match,
namecoin,000000000000028fb757f8743a5bec97c4bbcacbf3bb8a246a85387e325ae1cd,75889,5b7ea67750e07f22537edcfc48f2982185a9955c8e546b01f032da278267d1ed,1348278650,auxpow_parent_match,
namecoin,00000000000004f24f2cc912abe8fa1fa881c77da11014b2f2a9bb43ad70bd1b,75966,17168080ca2cc6af13c08eb786131a5e4524c554940d5f438d1fbb5a5d24cc9d,1348311361,auxpow_parent_match,
namecoin,00000000000000cd3efd7efd23629f07e298cd96ec49b556e030586a31b22e53,75981,490a5bb7a369ed2e32d821d3117fc5001d9e31a96bf1fc4770fa807d5ddcb322,1348320328,auxpow_parent_match,
namecoin,00000000000003c961a0033302054b518bb955345e5d164950eaf23027ce21b6,76161,5f0b22b050e4d187992658fec75851e7e04dfc36b75caf91eec6a2f30a3bd49c,1348433104,auxpow_parent_match,
namecoin,00000000000001a7888ef6bfe3e726c2bc7a28e7cbf4549b6d7c3b9711ce194c,76510,827d4a5660d1b374af294899e0afb2658435452904f1373bcdefaf760eb80d4b,1348654879,auxpow_parent_match,
namecoin,000000000000044c6c2a7b85e2adbc7aee72e35b152193c75a85f1d4abad4ca7,76553,a5393fa76e5d0e1c4614da0a9126d32086b0dfdd060d446b84e3069072756440,1348691160,auxpow_parent_match,
namecoin,000000000000037261e3cbd21e0750ef8e2dd1186d4264127636a933989de641,76568,ae6727be8d53a02aad097dcdf252d9879cbd22f165b409a20eb2c74a5dd63698,1348700561,auxpow_parent_match,
namecoin,00000000000003917f8aac727138a0acec70371c9ede47e0f2adb300bde4fe58,76581,e0546565321470c76d9c3d27bf92c078c4bb95110349a0afdb497b976f62a851,1348708743,auxpow_parent_match,
namecoin,00000000000003d4f92cf440d56f67d84ac9ff2e9a013ad8e644b9cc2e16c2f5,76694,e9b09f1e04acdcc21a7ae601c9bb1de2e4189f517aa52f2bffb8fffe06a2c214,1348769662,auxpow_parent_match,
namecoin,00000000000000e78688c1b2c9449f5402d8fad08d9403b295641909e7b3ee8e,76711,a2474d96aae5dd0d150513fd5cf7327222109dfef9d725df09a92690a5c88681,1348779899,auxpow_parent_match,
namecoin,0000000000000434f887515ec56f9fa02d8c14d8fc29e8e8068ae98b0a61e829,76953,1b2fe5c2b68d62223949f4a37763319f22ff7058c67e7d65386684e09a961ed0,1348901257,auxpow_parent_match,
namecoin,00000000000001ef4e6adfd78bc4b929488f3f0084c24becadeb520a9ff7021b,77372,c441f3884876bf704487871261e451856c9d5fb66409eafb7110dd09691eaa86,1349133176,auxpow_parent_match,
namecoin,0000000000000220890b4126d5e7ade0526320e9697952232f119dfdb7aa9530,77501,d8c885433132958999fa12892d3ed41253f0cff2a5493dc03b3851ba83efaf79,1349215492,auxpow_parent_match,
namecoin,0000000000000528601ce479fbf6121a412c1548bab9f72f3fad98e9a564b37c,77632,e68e5347984f2a42ab43ef10e0213cde8da0ee58e3f93f975f6b57f48b4c0d8d,1349282048,auxpow_parent_match,
namecoin,0000000000000299aba6e90df4a474f419c35d8c113d35429698398988ace99c,77690,7f740e005607ffa22985207aab8fd7e00340215971d4c44bc7e19e1ebd103bb2,1349316059,auxpow_parent_match,
namecoin,00000000000004f2568e4e9f2453ad9fd40ad9f9086ed35a94f8092baa61adc6,78106,29aa7df4c8dfa0f05325583fb8a33bb05573de9a26b9c6dcd92d088b06c546fc,1349561466,auxpow_parent_match,
namecoin,0000000000000173ccc308422ba12ec925dbe5b7da92927d02f84dc51c83e9fe,78152,61451d874f9182f95253747fe36745062e06ebcecba6ae49ffa3048b960701fb,1349592685,auxpow_parent_match,
namecoin,000000000000038154b6f5d603d5b7771eaa07a67b456d3665934c280e27c63d,78235,7953cdf3d66ec9d52606bf093352bcaef1ebc8d229439744cdd89a449cff2688,1349641453,auxpow_parent_match,
namecoin,0000000000000035cd9be864c6fcd4e1b96ea280fae6eae9c169569d89ae5adc,78272,efe2f93b00b2752412caeaa8f7202105e21b7aa5b7463d6e4b9be629e8802960,1349665455,auxpow_parent_match,
namecoin,000000000000029ca6b2c77d5002c4363c4902cbd874837c0f8d01ef7f87685a,78375,ee80bb0cc07e4badf57ff8229366a473f9d535a9353ff74d426127da7509255a,1349717818,auxpow_parent_match,
namecoin,0000000000000148309b186ab2ff6056fc9312ccf076699b053e3cbb4310bff6,78400,dc4d56f4721d29db863258ab4b2ff70498f41b5cb0ed93d616b36da4772a2087,1349729076,auxpow_parent_match,
namecoin,00000000000004235f70be0fd2fcf04dc2c7ff721971cc70d32a750097430a33,78517,ac387b66bd87a12c5a264e344b7e0b47bbf15af2554002e83e3b51f2f0d73122,1349796333,auxpow_parent_match,
namecoin,00000000000004510048ab432d49ea637213fcd336f31c2e3f8c7d8d362d02e0,78583,0bb35184b4e49c59615562df6386de5b681752ef847b0d403534f84eed0825e5,1349829078,auxpow_parent_match,
namecoin,00000000000005746c4313d7718421cb516341242127eb5805e41d7f79ba7dd3,78589,e0ed2e6dc0eeba8dbf589519a7198fd766a827a87c478e2622c633e3550a6f22,1349835704,auxpow_parent_match,
namecoin,0000000000000118b98ecfd32f4f87e060d890ebd1a4ea39ceb669cedf9907a1,78736,094d5ff55114216f8e2076ea79d7b76d12e181a6117226884da47d2add71a457,1349920926,auxpow_parent_match,
namecoin,00000000000000d94da9f1354d656664c76d797f4da2ceb57d08cb673833bc08,79127,4c905a135eda85642f1201f835af16f0c956cb50227b55452ea5cdd5c435a46f,1350165308,auxpow_parent_match,
namecoin,00000000000004b9a4379c2ef79cd76b6f5202d21f8ec367516400a40ced15d3,79205,34a8d4238d33fd3b673fea583f1b43e8f29139b8259055d076616da53a3e180c,1350216428,auxpow_parent_match,
namecoin,00000000000005425cb0017cf9bf49c4f66bf9116c1941bc451bb8a433f951af,79510,96664a5641f0493844a1a6c8227575eb3f453e780c7502d064c4fe8c963baf2c,1350414384,auxpow_parent_match,
namecoin,000000000000027dbce2b44660b15600edc805ffb6d40b4b40a6af2bd4bb3f3a,79609,d0922c0b87e97fd602aeb8dd32fc5a12f88023ebf54ed7db1d97ee51f997d744,1350473570,auxpow_parent_match,
namecoin,0000000000000461274f98a94a88536bd7add57030629884e65b2d45f4eb016d,79807,558f1f6b18612e9d8e402e07a9c146c8719743d38befc6db3d68be21407d8833,1350585343,auxpow_parent_match,
namecoin,0000000000000558ea75588fc593f5ef224e7616448538e6986c7c310398bddb,79845,da8dcdbc73000427a6aa843447e8dbb59aaca06ddd2840a4fcbc17a78c95918b,1350609130,auxpow_parent_match,
namecoin,000000000000027466e3bd7b3af2ce314ec68b7390a404df4d760f1f875fe77b,79935,fee675b4f80903a929fe852ca96a77d9c9b5b787ae969d291bbbfe32efb9476c,1350665692,auxpow_parent_match,
namecoin,000000000000033f457d1f3918ec48299fa90f186d5b0881c1ea079221d8b546,80023,e49cfe8c11f69c73232c8ba226b9dc0ac5a17516a927ac75f5f48c0fc4df391b,1350716978,auxpow_parent_match,
namecoin,000000000000040afb7045fb0c551a058ce24803687562ef28a1415a58b66f44,80046,b06f0bf65ebd9bb25dd6d30a3fd2afc6ab58e57d03298dbfce1583017b8b1eef,1350733839,auxpow_parent_match,
namecoin,0000000000000521ca82c98269c42e0e1a65e158c10a37bb8cb0621ac1884f99,80328,cf0c3312c7110e25e2372f0442e73801a9938c989dca1fc53b303ffd41ca8c67,1350894640,auxpow_parent_match,
namecoin,00000000000002916cd7a980b4f2b9407976fd8e4b9b747193bf74e15b66473f,80393,5cf36b5da250da223e37a13e388337f462b1c98fe475f4ff40e439e661096645,1350929899,auxpow_parent_match,
namecoin,00000000000000b5cc63ef653bc44a782e96eddb460fcf65b070b12e06399d83,80469,cc7096f57b8b917674fa3373d5a6163334a037693bc6cd53ff7b61ea72ad686a,1350985673,auxpow_parent_match,
namecoin,000000000000026e3a5253ebabe4f23225b481c27c8fb1245b8b6b69cb61e6d0,80584,2a9f0126e8fbeb9f6934c1290ae7c73738559c4ba2e2ff078046d3c448f9e159,1351056683,auxpow_parent_match,
namecoin,00000000000003b3ab8b904a43d63bba26fe01bdde7b41cb687b80941f9899cc,80641,06bfbc16a3f60f94f6388de7cab5e89e6fcf1629b2226b9e7ba4eda7e0c57f71,1351094533,auxpow_parent_match,
namecoin,00000000000002060c57776b00a8c585d4b0c6f9536efadea7009017f5ed8bed,80772,ea278e75fc802c6d738ee6db4fc390efe7a65d250b77a8311c1b2efc12b860bc,1351172372,auxpow_parent_match,
namecoin,00000000000004154030be7f9fe512ceae47df168f3d0a65f64011cca44eebe6,81224,f6b87784ef4e48e722d4f279807e2d60d6536387ad9b21ab0a5adc05a11e8f80,1351418555,auxpow_parent_match,
namecoin,00000000000002bb3395654e0a3a21b5b2eeb9369dbb8db13a1d6e66bd386843,81251,d6f02cdfb31ec0d1cd3b01ffefa550f2b0fb4b77bb076229972ef4e78466578d,1351436226,auxpow_parent_match,
namecoin,00000000000000aa4efee969337e769a70df8b1faa680ca3d41bbb3b6f118b5a,81305,0a7a492decb451700ac32f883bc1fb9ba15477a2420f81a94ed3390a46aa91c6,1351457777,auxpow_parent_match,
namecoin,00000000000001b85b445af7a6e35fd96d95665f30d6f0a90066e5a99c04fdc9,81322,37cf8e77147c8b7e2858de786b6a83f632e19f38aced45f5da9ff17a468afc6a,1351465125,auxpow_parent_match,
namecoin,0000000000000451ad80e19db94c10f09b52cff4b65d294839764ffd01e5e23b,81396,68d69dc5003fe4ac4879399dde7676166eac8061581483d87093b23f151f1d6c,1351511089,auxpow_parent_match,
namecoin,00000000000002f21b61f229525a18170ea5841a8f581d99481e5bf772dae694,81599,0174a592d28dd033214eb856aa3c27431a2eb511eb457bbb4b6191f06a68bb01,1351633893,auxpow_parent_match,
namecoin,00000000000001953b52e7f23cb7a2bb03588c78a98c0913b208d78ed4c4be15,81986,ce2032ae6f4ca384e93bd9eac9b1192838440829e53aa6d119febc35d6e0aa8f,1351861608,auxpow_parent_match,
namecoin,00000000000004e7ede3ecfc99e10c5a037f06943edb23e6e0944112baa880b8,82005,b014426a96be25bbfdf92bd620da1a60ef60ef80c9eb03e997ea6ec04d64ed45,1351870039,auxpow_parent_match,
namecoin,00000000000004063eb601d2ebb4f24ad064be80f9230808d852e41f6d2416ca,82183,975e3c30297584cbb3aa9eb8149d17bed82085ae337f2ce9d434a811c7d184a2,1351972045,auxpow_parent_match,
namecoin,0000000000000149634d246ef7e9b9795ba17569385ae4aac933c0e436c51b44,82362,4ea104c9bea0f08b89663c9e044bcf4955b3022de5c25cc9acf8077a5b22f0d8,1352070436,auxpow_parent_match,
namecoin,00000000000001dccdf10060c1a57e5ded19e8b224a2c089b2784a8c1d3b4dc7,82528,d6258b2f404f274b30a9053d2319a3b2d549a0a521c0bd904ebfca6ed6bd98b1,1352155631,auxpow_parent_match,
namecoin,0000000000000039c7cf2c02e759262c311bc8cc7845b9068a5c9faffc113e40,82656,3ebc2ffee9d3e7d6924f49538e3e0268e9def5236e2b0600888985a72fa707f2,1352236637,auxpow_parent_match,
namecoin,000000000000014a5aa7caad3e80383423d0d4232e87330606a16b2ccbb50b8d,82870,728ee2e7519638389b4d9d5b82ce777361769f9625d42f2bba42148cd1dff097,1352368036,auxpow_parent_match,
namecoin,0000000000000153f48346c3589e4bb41b1ac915aea89f8add63b63f2fd4afdb,82958,2d177e924e96cc9a0b022533e3f043a11b367396d775c21607a2bf3219be384f,1352421874,auxpow_parent_match,
namecoin,000000000000042b8d5e2e11ba6c09c99f852944d9840e0698f45b6150c3016c,83095,8991bd5da03caef9ac1c0c31e8017ae344bb1eb4423d6cafee21d93179ff91f8,1352514816,auxpow_parent_match,
namecoin,000000000000041d7055495d5818dae8b14785dd9485b16ef9608e2570994243,83310,01aa9730b46623705401a69f168989c36d2de2525108035e2c5a27c41cd2279a,1352652125,auxpow_parent_match,
namecoin,00000000000003ce324bbddb54ac7adbf4b243e978844d1dfa2dc5211fc10e15,83451,db864e556ec62c2750bfe73a345a4717d987f5643848aec19d285773959dfaf5,1352741327,auxpow_parent_match,
namecoin,000000000000045b319e5f1aa2f9dfa5cb562d8869e61ec13d4c27ab4717c525,83606,762620511b34e5f174eaf442177c9e1edd1f0304820850acd467446b36f84666,1352848208,auxpow_parent_match,
namecoin,00000000000003c44912ca5ee6873cca38fe1725da2ad52145b7795fe3744d92,83684,151d39e473d8e66a8f37e5f387842918fd6336bde932b80822e8860e008ec3c0,1352894275,auxpow_parent_match,
namecoin,000000000000013404fe15c6c019006aaacd911be669219f3e5ba84e67876784,83823,96e79891a9fc2816a035241cbac9aae366d453844e775e25346c1d639e41c737,1352980616,auxpow_parent_match,
namecoin,0000000000000186ded0dd90e5c4c11e1c7150b6600f28d489f17f49a5178111,83904,0ded7e448961e37ca5cf256e399600827573ac73b25306a50e4d942931469506,1353053009,auxpow_parent_match,
namecoin,000000000000010c0c71a408b12c501a324efc093fa951fad1bfbcc294f07c2b,83924,06ed30eb00d33bb1abd7579d0b7466eb704ac707df97c8136b25b1df74bf2279,1353068841,auxpow_parent_match,
namecoin,000000000000029fe4bec33a94588688352a2101ebc9dfef2d060e4ceaaeb1a6,84170,9208c99de2649246f18043158366108c6601180db8cdaa18b06915abc91e28fc,1353252716,auxpow_parent_match,
namecoin,00000000000002ed78df5db7c3227c3e6399a14dcc4c4b22efbd3cf7386e62bf,84202,ac489c8c98fb3d5e66ce69d3434861c3659d9c098160268ed9052f52e860f9cd,1353282722,auxpow_parent_match,
namecoin,000000000000002dc05a83ced4faa7c894d2e7a554f645a113e542d22978d416,84354,22ac8b0e483e4e8dd7af868989fdfc18f452002aeec6d13caed4f7287ae8c42f,1353419017,auxpow_parent_match,
namecoin,000000000000002a9ad3e83bbcd7086f824a0d0372ec1dde4e48e923789080ce,84473,26fc99474076e56e2407790644ab2e783e181a5ccf09d3915c111c6acbaef9d2,1353514035,auxpow_parent_match,
namecoin,000000000000007995b4a633f1ed8d1d92a31db30d91d642d380ac62d31a25d9,84564,24c9ba2e7fbb4e27d1b3b926930e5c44675fed9ed750fbcd8b22fbae95e88edf,1353571961,auxpow_parent_match,
namecoin,0000000000000175ac7b6514f81f03577f8cf63ffdef22673a5a8eac67da27b0,84576,97edc51f06617ca7986b974cf5d3db974bd8a306dc5a3b5f302a0c0fcf875c4b,1353580971,auxpow_parent_match,
namecoin,000000000000038fbeb74be20ab967dd48d8956c90650468f578578e625d2e7e,84701,a00825d720d184434ca9a9fa664d16be8101d47116ebec1b5efca79eae6fdf04,1353674871,auxpow_parent_match,
namecoin,0000000000000079a8d755a6ce1365e325161efc51520ecfb7667475536c2fd9,84802,5606d22ca5e8dc5b26fc7e02b60d208f024678cf297a34ebf8425ae0944f0b3f,1353735981,auxpow_parent_match,
namecoin,00000000000003d9b1e3cd404be72a33a8beedeca1af530837ea7077df248d35,84913,23dc08df8f6b5550df51b829a026e9fcbf8829e6d7dc4d2b6872e16ae54310aa,1353803548,auxpow_parent_match,
namecoin,0000000000000259bb7e3f9b385eec48edf41764e8075ea684a46a50366c278a,85014,c0a9e3351cb4655d43668778d142cd15f21aa641a069c1517d53c9fdb754f947,1353866868,auxpow_parent_match,
namecoin,00000000000004c96abd667c56ae89e24c4b8ff28d7e421bcaa35bb8e45b7b39,85188,c356796c3a5dcbe9cc15908ea05d018643c5ef96de2e5f4f498d0af1366419c8,1353975638,auxpow_parent_match,
namecoin,000000000000034931632501b6d824c6f0fa9b9603128b4c955a5b2feda5b6c1,85280,38ed4b80b5014e3f02c501b25ff7861d6a19966a0c855c246d3126bdb40f540b,1354041163,auxpow_parent_match,
namecoin,00000000000000bb3a268dd523689934ce76ac1898d111d03e8861365cca2c91,85302,d8bc539b6f7afef94d325ec98bd8807b2b27ca71560214b1401a6db773f1415a,1354054052,auxpow_parent_match,
namecoin,00000000000000db4beede1e3503f323a2ee9c09921806101e76f253824f7ddf,85340,1697811aaaf99eb69ce58cdd36e8c60a60b170b3d3565720046b5ad79deac4e4,1354079869,auxpow_parent_match,
namecoin,000000000000007bf79938dbcf5f110df543202a7ec43ea329835d2549071152,85422,0895aab58f915bc898efcf403fa55f35827996ce254c35d2382ac3f34bb9f34e,1354129073,auxpow_parent_match,
namecoin,000000000000028ee8d5a680d5a56db64cb8846ff8b7bb840e21ea043cd4b125,85485,fc7531391bbf0e8df3f20a025de296dde688469df6649c830454f1a0aa1b3ba0,1354165448,auxpow_parent_match,
namecoin,00000000000001b6b7267cc2d32046b247a8378a9bafe020910dd15b6e3dedbb,86105,78ee79c702d73af38f6ddba61f779037428a7c050e0551243893dd5e47df6ec5,1354570209,auxpow_parent_match,
namecoin,0000000000000269ac4391fd1d261de5bc1c06a51bf7c8bd633369fb1c77f35b,86409,16da78ded074c2bfc0f171becfe8460e1387050b4fbe411b6b53410d4a61cb43,1354820669,auxpow_parent_match,
namecoin,00000000000003f381876c78bfd249b68af2b745e374e2bf04450176a2e944e4,86423,7f0142d8fdfbcdfea5e635e47bb9157c5d4751d44ff04fa2d86da7ea6f703465,1354833417,auxpow_parent_match,
namecoin,00000000000003215b4abd41d21c02225730a110e98f11f017a3b78e953f23f0,86624,39851ccd7db4df5b2b5493050a1674c1404c6889acd85023790021c8cb904fbb,1355010856,auxpow_parent_match,
namecoin,00000000000003f7966040b92010be20f56a0082b552faad5c5c0960d1f58042,86848,3bfb2c0cd95160526efb75658aa26e0997899c37fdc0f10c64f43c7b0cfb01a3,1355171255,auxpow_parent_match,
namecoin,00000000000001082da75a6f43771d9c00c648672adc69da82219268b0f505bf,86879,6040b344e6b692926f90ac70603d31682853577940e9a2fa3409faacd0a57bdf,1355198175,auxpow_parent_match,
namecoin,00000000000000aa9343076f4e3a998b3d63bc7295c03b072e08d32064a48aa7,86882,0d7f6f0d6d491cf83de65a4b471b21c116a5df50b775c94fc991410fa0f3c87b,1355200012,auxpow_parent_match,
namecoin,000000000000029e346dd941233b4c6ed3a92afe738bec0e70e5ac1c8990e5c1,86898,64631a499861f29f7a78bb043a2693f5f593ffd01b698ae094b69f437700757c,1355213817,auxpow_parent_match,
namecoin,000000000000030be108476cd22c27cb390e01c33ce339e44354eae543d5ed3a,87278,3d1b33f6f688ab3e8658b571847788fbe84b16723580abc5d7a6fba00b6f9a23,1355507258,auxpow_parent_match,
namecoin,0000000000000317ec8f73107cb2a17e32e1fd7023bee92bc17634d6b53e7ed9,87381,3f3b894925d702a4bb6a69c73221c0e545bcfec2b2199228f375e9ccb435ef74,1355587822,auxpow_parent_match,
namecoin,0000000000000219752dd13a6890fe10f18d058436470fc9966eb18c1ea982ca,87477,de9e4ad31ed7e52a9a078784c390a7a2913d84e667969ad30031621b3a32ec59,1355657354,auxpow_parent_match,
namecoin,00000000000000466dadcf9f34194e8b19fe17d7734fcd29caa11e6722e78898,87677,be4ed9e8db0b566180795ce316785de6613c71436cc3dbf51870c16a77bfe2de,1355828759,auxpow_parent_match,
namecoin,0000000000000159cc4ff9a0794b9f7b298f790f313a3a6cbeaf794e46279d2b,87678,27f42764b0928ff5e36afb4803e000784f8d7155fd8d197c8c404a7857ce792e,1355829044,auxpow_parent_match,
namecoin,00000000000000c021bc3473b9c566f78d586c29040db5c70645ae4596e419fd,87719,2abf2f0c3106e1e8a134fd6a42fc5f243988909992d54d5959d2c318fd739ea3,1355863448,auxpow_parent_match,
namecoin,0000000000000254108947e3b61304a7d82c5cc57755a08189b52eb5c6167298,87890,4a79b4066bbc5ecf5f5d5e6dd1246c884e854776d2bc0fa64a2c3312c4984596,1356003628,auxpow_parent_match,
namecoin,0000000000000182e2a2e717eb78a6e279715741b23f4f4fd47519bf98ae2ebc,88217,74765440a5c568d874161c047498aaba1bca2001e609ac389f9953c941604beb,1356244334,auxpow_parent_match,
namecoin,000000000000037787e8aa479035d6299b11b82aba82a3134024b5b9b73e1a11,88222,374be9b7612b345ceea733ec8e11c58b10f21f08694f2bf765ff99c3c7b8ba46,1356250183,auxpow_parent_match,
namecoin,00000000000000708af9c8a3cefab58ee5f3f10c9a125f6824adb073361132a4,88283,84fb19d718f5153920c850d9116360260ae7caf3306932eaeab9b338a50ea472,1356286475,auxpow_parent_match,
namecoin,00000000000004b57bf1798437a82229630e0c1c09cae9d48807f757fc9c939a,88308,9cbca5a14377b6ae1f851a824705bb9f848f24e8a3983f168585f76e58fd635f,1356300958,auxpow_parent_match,
namecoin,00000000000003d811adf5307f8ed23438b7b7d61d6b3ac69e89e4da53a7cc90,88320,df4a66002a640900ce38192f9c05fa5f39cdcd2469c68466314ad171291a7ed4,1356316849,auxpow_parent_match,
namecoin,00000000000004f3f3c29affd0b7c4039e4db5e73d8875de6146285d2518aaf9,88338,0b5100cce071e33cf3948212001c971e2b3ac535a3a30f8b04cd050b39a68308,1356326397,auxpow_parent_match,
namecoin,00000000000003f0fada73a4bda11b1ad9f7c8ac1cf8b2c7da40655a926001f1,88484,0a849b0d9f89a6aeae55749a01a4b45854599521eefa42f283d0768180652ea0,1356425857,auxpow_parent_match,
namecoin,000000000000006a90949c115813ce5aeec8197c713a0b8df3044ebca188b12e,89153,12b8b2c050a4b085541fdab11007efba0a5efa83b131c6707d2ba96d8f474226,1356816234,auxpow_parent_match,
namecoin,0000000000000221189f02cb3ce8f580639da0413a996cba761edf3959c9bbfb,89465,2e811c2cddae39a8e78be2eb0d77979dc5135c7d3c4c080148f278e632bd994d,1356995146,auxpow_parent_match,
namecoin,0000000000000585ede9f394eec90f30be129a3a19cb61336ec1c03e7fc7b299,89793,3bbb41ddd5ad54863987065074569e793c4bbeab6b86f8adcc25dfa106be9884,1357170159,auxpow_parent_match,
namecoin,00000000000004b10d034f9de282c135db17f9d80059dfe247328668ef811344,89884,34e7d3b612755891262e92f0f6aa923e9491600fa5c03f687232c171d1f07dc3,1357216479,auxpow_parent_match,
namecoin,00000000000003ba4e5bb5e8d2bc8986fe4b499b5f117cbc797de8cc1223c465,90043,07cc0970c9063ddd00ff117240ee2651f13b2c53916b4986d86d6775522a6532,1357304565,auxpow_parent_match,
namecoin,000000000000021990b72b7b0b94567272d4a77eec36fc5930e5fdecc43d537e,90376,b446cfae769995d184815d1daae76d95715355cf6c4fa2292d640a3a4215944a,1357496015,auxpow_parent_match,
namecoin,0000000000000455c13e4fa649ab0cc1c7ae2deaae617b439d04f34c474bf897,90407,89a7fb929eb9ac30d11f26471e211a7e766e2addf5d4173384949cf5d66a482b,1357515378,auxpow_parent_match,
namecoin,0000000000000351ce82f5afeb3cb4d9eec1828fa49ceb43527a08b15a5aa5fe,90969,dcd1638fcc3ff4e3ff5400dc12a3749c784ed3a534b1f4f0316c68903128db31,1357799408,auxpow_parent_match,
namecoin,00000000000001c343aaeb2c008dfd2ba082f333b66c34019291ba7b626bc0ca,91128,5c8bf0eb08fd474d64694c40f7c7b6a6e25984bc83158d5e41b6981604cf5050,1357897387,auxpow_parent_match,
namecoin,0000000000000237a9928e6c5f65fc44f0fd5b6dd2c8e9e49b92065ea4fdcdd5,91171,7666efffc41c00b9f2855da56333cd7db270333b04086888534a0d4b853dd63f,1357922582,auxpow_parent_match,
namecoin,000000000000027fcb274127117c7e7e5fcd7ca211767e4a7f8108f638a20c8f,91469,4a4ccfdefd2f18433ea29970d2cc924d59b6410ae3f5c5f90d8064941b99c5b1,1358094433,auxpow_parent_match,
namecoin,000000000000034182ada8bcca89f9520b6377922b60d5edc630aecb9414c6c6,91552,d4cf24a6ef372d0ce71cee5e2929d6b5bb9f986b015eda735fa897a034cfae7a,1358143283,auxpow_parent_match,
namecoin,00000000000000e168bd4728891e27467068588b264ede688b78808d075ae1c6,91978,ccc9afb4c62750afac97b7959f9f5b4de532002c77faef01e18db9f63c4120b2,1358380929,auxpow_parent_match,
namecoin,00000000000000b529e10297461bbb92dcaf77d6aaa6bd39fa1c7025a429ca32,91989,e3e37330e586efe84ede0b0f35dc2be8ee3eac99b13574affdc1172f4f2e5d44,1358389960,auxpow_parent_match,
namecoin,00000000000002cf54cd4257f6d01e39c13f5944949e57ccad3465f8f027d01c,92026,bf3fa497f69312daa0c0d0fb9729cfb5389d7152ff95903b6d52a96156110d75,1358411043,auxpow_parent_match,
namecoin,00000000000001f8f5c4690fc364670bf40f0022b217d64f068a30cd669381c3,92183,4782b5221272bfcaabe7c8c2a682e2a628cc38245837ff154919eab7c8373f2e,1358504885,auxpow_parent_match,
namecoin,00000000000004973ca00dcd90fec25f230f2c5250de92871625db60b8708114,92215,4e29acd6d7980d33b65f7ac070d0f30dc550d13edb157c3f91e3b1a778621918,1358522888,auxpow_parent_match,
namecoin,00000000000001cd09ff7e55cb85955eb290002ce60650560223ac5984e08cb7,92317,7d9d66a5c663ba1359d11735583086c95e4b1b73781fa734fd3b818bc53e9a83,1358576093,auxpow_parent_match,
namecoin,0000000000000029f7a3855c3046ef7f9772909e025e569ba441ee1402e727aa,92966,a241c1dcad232e0c3d0380eafd6ac35725b48eac2f16d58939b016c7214ab606,1358934995,auxpow_parent_match,
namecoin,00000000000003870259039d954d0329f1995d20fea36d9103bbd7cd544e5b53,93047,9c74f4a8c079118dc7e525b85dd2a4d9f66232ee06faf2afb41a75258bb7bc41,1358974568,auxpow_parent_match,
namecoin,000000000000016d10af6f8c8ae1ebb61d19c0a804f04b2fa0efa0bbc985b8ee,93205,7611985591dec6d6a4dda471d98fa4cd185aae31396986da601d035e21ae23c4,1359066305,auxpow_parent_match,
namecoin,00000000000000382f6ac2747ea16f1a7fff4c3787ebebd58dca7bae24cca57a,93285,1ba4fd7be8aafcb9ccffa08f465c0831d316cba7d90bbd32d70477629c52d9d9,1359119046,auxpow_parent_match,
namecoin,00000000000000afbd9ca174458b81b317bec90e391414bb6709f887d17222ae,93351,dd9f2e295c5e7a8de6c4682d64376eb237607190d616a8e8f7947eb14e974e2a,1359159777,auxpow_parent_match,
namecoin,0000000000000559231a2f134d5819593cad6fd26dec0cf13e609690f6f4a508,93891,ff3e56e88094e89f7c7980b2303b9163e402a7fa0ed63278f0f5145378f19495,1359472702,auxpow_parent_match,
namecoin,00000000000000b65163237af256f319b91ce5584aa4b8fda04a6cd1eeb01cbe,93912,a32f24a54ef159770951397711dcc75530b6517eeef0041e7c4ed894fcb9a825,1359488080,auxpow_parent_match,
namecoin,00000000000000a9f4567a837aee989703fc5288ecb73e9ebcb2e409fa165800,93957,a10035e138833038639aa2d68686669775d12f8b226074d6db094c5d69cba7ad,1359518502,auxpow_parent_match,
namecoin,000000000000026b87074fcca6f7d82413a966614fad4edfe82592dde3de48a6,93997,a0e85a0730f16b5d6cb591686e1b8a2fd4780b9ea960d2785fa38abe669e683f,1359551118,auxpow_parent_match,
namecoin,0000000000000350ae0bbcc022d4c703a8ddaf08b47e8d3df549b1e2c8eba19c,94218,6762a8ad181926f9935428ac4f0c28dc885d0d9d1fe4b4b5c5b4d48689564f22,1359676799,auxpow_parent_match,
namecoin,000000000000004e16b951c83ea3050971270121d606038980cfdddd7f60af5d,94276,15e896ddca8eb9549075ba5927e7fc4579701c49a3a499526506aac63c05b3ef,1359715519,auxpow_parent_match,
namecoin,00000000000000d2084c29d5c77ad12ef4092b10aeb5694861208cca56421568,94418,696535788023a241e1f63d6797187f9f20ff52add1b6466c3ba26b0f3e4baff2,1359802147,auxpow_parent_match,
namecoin,000000000000058d6d25a196d0b4419baee556a7c1ee8e8396d9fb7dc8c7620c,94516,a4ca65d5acbf07b324d41cd07f911c27a16a3d68402e1b6ee8c36453e7989eeb,1359859491,auxpow_parent_match,
namecoin,00000000000004122a06395fa698f46bf8b4d243cbf21a25660df13a8364dced,94978,3ccde002585d14854843e5a9f981e0deb610b2759fe7fd893c2579a582f209c9,1360108206,auxpow_parent_match,
namecoin,00000000000002fde926ff1f644d2e241aa2921af4200941dda9e8d7e853af38,95097,0520a99ccaed1558d98c2c26150a347c9b518db1b0f0c8a2452ac94f1a1dd360,1360177686,auxpow_parent_match,
namecoin,00000000000001fa0acabbc5f241ae0ce539cd95403162b6aed88871a9e1e015,95131,a9978fb1c09e9eeabcf1648a4322ffdf92a56d3d61fdd1de2634a2c6292ca5f1,1360198993,auxpow_parent_match,
namecoin,000000000000050adb10a2dff9d3170fc990a5cbaceb33aeddfe88086b6e79aa,95349,6108bd1864d04c5aeabce5b34c5e72a28d4a3c1797b94eacfaa4d30975790970,1360331354,auxpow_parent_match,
namecoin,000000000000035f5f708a0ada05280944ffd72c330963afc61e51f5a1fae435,95362,d1f86df4bc21dfca4a60a24f5092f8993db4456f1e1ce47958c138d4f164ef92,1360339897,auxpow_parent_match,
namecoin,000000000000046e0f8cdc4b65ba2e5d9cfb16a9ca634b9399b88d6a24afd3a5,95611,677e15261b5806982ef35d115289a03f35157d6af9d6f62da22dda8b4fe11b9e,1360484825,auxpow_parent_match,
namecoin,00000000000003024bd08975e6cada244f104dc7e526b7e3a3f81ff08504a64c,95797,9cd11386297faef52587a158d6a78e8ef117a1933e324f27b5a2dc3c8abeeb06,1360592007,auxpow_parent_match,
namecoin,000000000000015d301ae6dfb489923b4fa3cbe360de958b985fcbd2bb63476b,95929,80182548716f34be5ad85ed38745d78e1532f188e5a0db760adf2d1ec55e6cad,1360679006,auxpow_parent_match,
namecoin,000000000000006c480551533d0d7310155bff5a272b2eb7acc2183c28c91146,96017,b715482c02632f5a3462e0f12079bd79e6ee0f9ade9ccd80a668a5f40de72ce5,1360732810,auxpow_parent_match,
namecoin,00000000000000c9f21a0fc4963a4f75b9cf35e42e4cdd489dc6fa01b07c8711,96119,4b6a917febdb36c3355abaef0f4325de51b57d021df112110f8a53460be873be,1360799317,auxpow_parent_match,
namecoin,00000000000000c358eb08c7b49572f5689e474f5b9a5f6e50e904f7c51808ef,96133,9e2805ebe302ed1ac4d97d390a49165bdf9cdb1fa7cff40497b3097cd8806536,1360810048,auxpow_parent_match,
namecoin,000000000000009486d985be3a087f5d9ef6870aafb368571deaecf8dbc58e48,96498,266d1d989ba3bb08892cb3e312679f31d67c82e6ffec959eb52cddb15f2e9066,1361036044,auxpow_parent_match,
namecoin,0000000000000176a75fe5c538ac4ae31f89cc242d1b1b5978f31f5c7db62889,96565,5d7c48f761d68cfaa7e1b8cc00a97b738fce6f7ac9caf347467857ea73a93392,1361077929,auxpow_parent_match,
namecoin,0000000000000457d33deeb5a4c63828be91eebe2416b853e62f759bfada3e58,96648,9ccec9726568b24e60478d021f8a2f689aa2df301f0905a0690d880c1992fb4d,1361126563,auxpow_parent_match,
namecoin,00000000000002efa58a443fdc709aa682f8242eba9013c6384006376dcaff12,96865,b41e65dc6e6483199bd991fa6ffbf05bc3ff02143a28279cdd8ed89a65754e16,1361250560,auxpow_parent_match,
namecoin,00000000000000b99921fed595186d23646950de2d630d005e6bce827957be45,97017,1868c75abcb769ddc5c4ad03802d3497d172d82f8426de06a448beafbf416862,1361351506,auxpow_parent_match,
namecoin,000000000000027954f195ee915a2bc333b8acb80d2b37e8045854ed11225df6,97073,055c0f40408140cc6e831bda5aef7b866c7c33d248a2480d76dfa76ab7f94f9b,1361386553,auxpow_parent_match,
namecoin,000000000000043406fb8214b1188e00320d3c9f61f6f6a91c23827f065e081f,97261,8d1713428c1a40442ec7216ad4ed513963c57b881159011f50f6b1d17dd073b7,1361499876,auxpow_parent_match,
namecoin,00000000000004624fa885d340672ec5ea31c99341c435c321effcc4c3ed632f,97277,049787d0fe659becef49d9241d90a7787aefc5d61abd1a83d8c411f8d537d2be,1361509569,auxpow_parent_match,
namecoin,00000000000002d2b1263734e44dcd00689dc6c54e8c31f07cbc49f0a2e2dd3b,97637,dd5246576189f3f5a17c78100337d11c407e2befd05579eae7e7ca051e1bdfe3,1361748733,auxpow_parent_match,
namecoin,0000000000000213508e9e38212de28b810e56fd11464243e601e29f3d8ac3a7,97800,e285403f6c2cc1e40b7ffe1e6756179381e2ad8d64c614c7b32351d665177d64,1361845701,auxpow_parent_match,
namecoin,000000000000003aec1975a5d70b1a9f70eefcc313e0bdab26d3ea42bf94299d,97920,334d1db5b0601b467ef72ef113454939c588123a77aec5b42b67a2324b1a978e,1361923386,auxpow_parent_match,
namecoin,00000000000002409bb76e1202ecaccc4eec07b49dc43c7aacc35dcbea1d5ec0,97962,1c29f8ce4d69b62a875bf852d338503f88ca3f504aa98a423a110fd62d4d059f,1361954491,auxpow_parent_match,
namecoin,00000000000002cbe92e74ac85a74ac966a695db9bf7287ac58a4a3b51bf60e3,98465,9025d2d53206628d9f1cba2f56ef80095f663bb23d29b84fb023ce92eb2698b3,1362290716,auxpow_parent_match,
namecoin,00000000000002c12c49dca201a118b03e843f888e39249c5b3bc365433bcd11,98641,a105f5ffb9e53c8573a61062698782a8dcf02e82a6c4c1dc3e29dc8609d65e24,1362387824,auxpow_parent_match,
namecoin,0000000000000376b6bb0c936b625c169f274b86ccfce6978f05f825a5d68035,98644,a079161226a6091694804564af0dddcd57252bccbfd4d706e3cc67fc891214c2,1362390314,auxpow_parent_match,
namecoin,0000000000000327037542363c836792797836261db9c2df6bfd38fe08c1d69e,98650,21f3ff2dbab8e16db08068bcc712efb24d444fd22374553dbefd07df6b2f5d4c,1362394580,auxpow_parent_match,
namecoin,0000000000000078e536c805dce8f8aed03707b1c9b00ac0478715aae872f473,98853,89d197f55c92d83282fb6fbae5bb2c1fe0ea91bd2cb4b4f03a6d2598d98b75d8,1362517332,auxpow_parent_match,
namecoin,000000000000010eb20f6d63c762d4debf9cafeb14d78f541a684e7b167092d8,99121,0505655e9c3c386aae890d1d39b72c3a7494c7e704397170a05e8c742cb24ca3,1362697740,auxpow_parent_match,
namecoin,00000000000001c12af7d07acdbe9061b607d908c9324725ad9be15c7640a2ab,99250,50706cad6cae8a19c7b4e411d8e882a25f5e04d38456260c5dcaceabe8b82a9e,1362770755,auxpow_parent_match,
namecoin,000000000000021248287d966166067dfc0fd41d2361243f1ac78bd4a2021b27,99440,11decbf98ef742d9e80cc1db6ba781ebd067b3cb7a20a653356651cb35aff89e,1362882881,auxpow_parent_match,
namecoin,00000000000001a23b3f38106f210493795a1ef6b21dd559f87ada8dfc84181b,99724,6a340774ae196792e8c16df234de993e50e54d7ca3e9301284f6271f767e0501,1363044618,auxpow_parent_match,
namecoin,00000000000002059dac4d6c694d8ebe07f45a800618a257ef67fe391f33ec2a,99731,5330a0f4134aad63de503dfa673136e6e17e310444610818f40012c35bf4e904,1363049203,auxpow_parent_match,
namecoin,0000000000000222d8f3c56cd9a3cf19c1d064b03a2380bd92fcfb69895abd0c,99736,b8d493cd131bc0cd0d6ec0fc4d2730b19d0831e0db9f4c41d250254d0b3207c4,1363052977,auxpow_parent_match,
namecoin,00000000000003c582ea095e42617d29928aebe92bc735ad0f1702ace97276ad,100014,0486468b006c6620a28520f1d435dcf60c011767b07b9cd0ae2bfcf920cc3a2e,1363183850,auxpow_parent_match,
namecoin,000000000000020c0af0404ee4491821775ba73f5eddda2f17cfb9f47ff7423d,100182,169ea745e8b6e9d0da3019518db4f63264d6cdf9879485f8fb9a5fab939a50e0,1363269286,auxpow_parent_match,
namecoin,000000000000029318784b704df885c2f1198fbdc772472aeaad651e0a94c1fd,100423,fd71afe2d04af1b28d3a6f04f7f3d3c7db35cb69956ce2437b2431be9b26a3be,1363389709,auxpow_parent_match,
namecoin,0000000000000065d3c30572f65cc9a0a8759b4470d0180629040f4e0125e10f,100876,129eb61ac3ffd72a911d9c96fe6a9be2875190aaa1bc5d884325e061e20149b2,1363627133,auxpow_parent_match,
namecoin,000000000000004532c36ed2c21f9f534e43910c802c1d9d38018aa605a53657,101008,14530907b57220455a6a7b52be9b8d0b872b4f083c7435a8619f3378f62e72f9,1363699108,auxpow_parent_match,
namecoin,000000000000026663e85a748d2f650324fa5c161ab8247a1bb4be50cc26147c,101032,f29a7828c5b30b6c668273fb0857652010a86b0b2d119f9118a09a1c40b4918d,1363710501,auxpow_parent_match,
namecoin,0000000000000028ba7e00f6fd4fbd97a2768312867122fab48ad0605ba8ec88,102052,d63fe6e9377d26709603a35605803e606d824c45927594b711f6a7ca292e5142,1364241240,auxpow_parent_match,
namecoin,000000000000008590109192f1f16bff0913be84dd262ffe0f58353527098f04,102060,43a5f084a5dee03a92784027c95dff5f08ff10cbca806b2dce70086bf75abf8c,1364246884,auxpow_parent_match,
namecoin,000000000000011dbf76678ec76bc962a463f9373e410175c51140da6fb1f656,102092,c70ecb89b52fcf81032e8924fd7c859ed440af23ba97255de97e8bd8e45b4c4e,1364262000,auxpow_parent_match,
namecoin,000000000000019a6ff35e309e97a158a1cd2a38ee557626bd34a83c1b79b7de,102115,385a3e67ad0bc30bc12ef3efca58d4d38ade78bc1ed1b9ded4c9b277e01a7dd1,1364275984,auxpow_parent_match,
namecoin,00000000000001d0689b4e02aeb3d1f5bfc828f8b87f5ada216945ac534f1c1d,102298,2653aa0fda811557ca1ab24f461117543775855f56a60da7564bf8ccd225ae7a,1364382705,auxpow_parent_match,
namecoin,00000000000001c88e964b2022402e150c5d68bf6158929e1cc679f7b6049b76,102299,1605cee9f8cdab65572445be5cca5d6754e06ad8e25f1a88f19eca802283eabf,1364383537,auxpow_parent_match,
namecoin,0000000000000052c36d20654ab5d65215e78279ea951a70da0f1b27394fb4a8,102382,f2003e643e27d7867146589415baa594db1a9fde818bd7531db6c1d740441c3b,1364429715,auxpow_parent_match,
namecoin,00000000000001937f370b3f673be3e485930e9d89e3c71ff5ac62dffac2b8aa,102419,7f8b59e3f8b42a7e71a7bb024cf2870a8dee8df72a1f7c1f510bc0b95b72a744,1364448372,auxpow_parent_match,
namecoin,000000000000020ddba8dc0a03cee29210393155a884c00a3a3a58bfe9b32fbb,102491,94a984b1637b82d43d299dd4c69ec6b6de3a51fb1b99d850951f5ebea2575ab6,1364478511,auxpow_parent_match,
namecoin,00000000000002028c2246b9a75ae9e42c808ed251f43a2e6ae2878524e4826e,102496,cf1c7c406457ee2bf73f2c97ec9585eb9b2eef414b0ccc9d58b5df37ca48bf49,1364479772,auxpow_parent_match,
namecoin,00000000000000a7f674126a2ad091aae895f89d46c55c85cef7567920278d49,102540,599a5aa93773df34d495596802b2c6c1d67f2e0db90a36f439d8cdee45377975,1364495593,auxpow_parent_match,
namecoin,00000000000001a56077729d35610772fcbcac6d66918514434b754a15d3f188,102585,8460978c9e7d6d5e44d098064b7d29371ba1cd1a9d424396f51a6573e9e46bf0,1364514914,auxpow_parent_match,
namecoin,00000000000000bb26603f70a29e3cf19f95baf8db2ba190c77add2aabee716c,102608,d86f8106c63d8f42e5e47bbf589a6cbea214d269e85dc52f24a00ee1ddd77d67,1364525116,auxpow_parent_match,
namecoin,0000000000000216a22af469c121b42a73a2907cf4a1a15616e6b892e326aa21,102668,2623d5856831df2e324cb8f22e6debb1e102782794529e814a83c17ef65b7325,1364548745,auxpow_parent_match,
namecoin,000000000000012cc3b85760cd0900fe35da2dd1a63d2954424d7e13b24ff83b,102734,29ac568fb95ca079689f3bae2ac5b09cd30f66487842f71b91c811de21ef21d5,1364574150,auxpow_parent_match,
namecoin,0000000000000059f23c52f0e475931295680e4616e5dc0f45e014d00ce377a1,102891,6ec6a3f55c0ace79515db84e650d9619b796e512c60f5d333bec9053aa896a35,1364649931,auxpow_parent_match,
namecoin,000000000000021009859602f77bdb2d6f8bd2d851f80764426e8418e57aafb4,102933,f206a9bdd3cda23debeba4ef3283283bd9595a77b5c0208b819804c61efe59d2,1364668244,auxpow_parent_match,
namecoin,000000000000014b8b5622637dd7bf9f0a967d600a7892291140deabb5c53e90,102968,c8b23993454fc1432e1d00800d762daaf1e975fcc36705a0ce530d9839c71cde,1364685535,auxpow_parent_match,
namecoin,00000000000000c0c24f6dc2697d6dbd4a22b185f1574429249bbc0302a04264,103094,e1594d066395029d4ea1a821c10801658d3b54835b88f318d82a28f166f190fd,1364754073,auxpow_parent_match,
namecoin,0000000000000007c1279f5f662e3d168141186a0379b36ff29fc9edc573ed9c,103329,1347f4dde8d33c30d92fd9079251e189792a08e7206475baa7df72783de5e266,1364866857,auxpow_parent_match,
namecoin,000000000000010312192025960c27f5e17375918e6467a6262eb88fda47dd8e,103386,aefbd82504d1cfeb26cbfc0414300948b0a15b5916aa6e2e502b18748ef5664c,1364893427,auxpow_parent_match,
namecoin,000000000000021c122691e0a7e0ac2bd3ab509cfa706627b680b221e5360fbd,103432,1e947ac4a6beb94281e67ce008101bc615f964b1d41cf816800279c2f0e5be19,1364915311,auxpow_parent_match,
namecoin,00000000000001069f315a76d6fda8738e96bbb2e7bdda92c456396c212aa543,103455,64c4bcb991e6b45fe87a054fac4eef18dd58e85f773abcda29d9b2b9052b83c2,1364921965,auxpow_parent_match,
namecoin,0000000000000085156964b4ad659ecfc6efa460596b92b362a9e6d9f3ba7a65,103901,c4078076a3ba8d0895d62acf891d8e58c02906acb2074817e06e05dd7d5f2e78,1365136540,auxpow_parent_match,
namecoin,000000000000009fa0824a604df46a6a4c157f91d0ca5b0b016575aa01e796cc,103983,0e31d4e4d92876a56363040311e08de76d967d72fd3825778b4fd6ecd5671147,1365171381,auxpow_parent_match,
namecoin,00000000000001e012a0460dd378848724ce72e6f54e59ea628d1352abae4b8e,104075,578bbde3e38560b858d7017b9dce0a54164b9c0162fb978d073f3146b02aa963,1365214267,auxpow_parent_match,
namecoin,00000000000000df29c415d23a3eb2e3289ebdd4f9f9ea7b6ab90741b2038314,104195,a9cf81786f8767d66c7aac52081c8070982251d4cf75cb3507833e7b4c04f302,1365268622,auxpow_parent_match,
namecoin,00000000000001d9d64c61a083557fbc06e278a702eec22fbc62409189171970,104485,006724fda2fd46c1a028d214502a562dcd8b912f3cee9bd797068c96be5b629f,1365392736,auxpow_parent_match,
namecoin,00000000000001491c91652144efa51dc2c731160f7f47f03bc8ec42103b786b,104964,ccc222a2b3fbd928af451ef2d3f3b9cfe13bc973e753d30b54e0e24400a9ab49,1365579525,auxpow_parent_match,
namecoin,000000000000005aa95674a5d341b523e299d6064afe5d656b8004c6f1adf7e5,105016,e526c48da9b755df810720969c0a7c74d09c7b51fccdfab9b35e250828f06838,1365597650,auxpow_parent_match,
namecoin,000000000000021f98b37af099f32c6dedb396b5a6b5c7e730ca0b88dcdf3900,105929,ac828ae8f3e3c62e4bd9b4ba4aa1b40b44ce608aef0c981d5bde35ff67afa432,1366038985,auxpow_parent_match,
namecoin,000000000000012c35eea1c9b75f87a2c6d7e2d989e6fe062f6a61ac6df55554,106699,96c0a7b02e7be31a1fb58da98a7cfbb87fcab0f1519e5a707fb8e9795fd339e0,1366388397,auxpow_parent_match,
namecoin,00000000000001545569b83da68a10919adb82748119193cc64ddbc76b2d587f,107405,205f8825ec75665dc73cada2efbaf0e2272bb435688959bb85c0acc44e762e09,1366739886,auxpow_parent_match,
namecoin,000000000000007ea5169e9a2e755e90c10fa0fa4b6f6477df5dfb56331c6fc8,107526,1d06165eb02049a621e242e9086f31557278e647520d857a6f767726b704d528,1366800655,auxpow_parent_match,
namecoin,00000000000000f260f0e87f7ea95616efa80d6a43c17a77c4b83d7c3f2085fd,107816,a5a01ed6461f05a7210dbe0eea0500d37f941f8047593c40d50251f27c18dc86,1366944677,auxpow_parent_match,
namecoin,000000000000003271e7ee9c7c6325a60d6c1989be77bb5ad9e917109bafd2f6,108176,a40c322dfc91ef6a2a0023b8a5514d313fc733b1f2b2d85cf91aa974d7407d8a,1367136014,auxpow_parent_match,
namecoin,00000000000000adab35956acb3f8be64689bdcdbb4ea040ee9edf70c2178200,108296,ffd98517e5feae515e056428b09a6b50768c0b54c24e37f6be6f143b98e55d1d,1367187032,auxpow_parent_match,
namecoin,000000000000000a16cce7d302b59a9598d4a2688d243aa42de76599c53e2173,108340,d9c8ffc9c4ff43b3b6a825176fc5a4c07c37960e1a26b7af594af66023d8d290,1367206464,auxpow_parent_match,
namecoin,000000000000012e1bd868bfc5c2d8557853c64897ab39c347aff44e78621672,108350,dd3f5c258cad5e73a06962268eb4a29420a75866b3e57c28ab09ce92701e51b1,1367213675,auxpow_parent_match,
namecoin,00000000000000b55a10e4d90e68c978b34d8922150c2d08b3277471f9693600,108365,8adee6035659b779782f6532c5341af6b4be5c9eacf807454710470d1b2d474f,1367220059,auxpow_parent_match,
namecoin,00000000000001999ed18dd14285bf357babf11f8722383467a108e9262ef096,108432,fb9d5c0b706f221e314ddd375541f21ea25789997088c335ecfdcfec88926cdf,1367258600,auxpow_parent_match,
namecoin,000000000000016ed019bdc372234c18912cc0a7113ec5867fa184ee8416cde1,108612,5ca416215711c84b66ed6fdf65c3253e56e82fd04784cf8c30816cb7720ff5bd,1367343270,auxpow_parent_match,
namecoin,00000000000000c53934f3c9282a891c1e006a040ea69e61e8d1504d1daf9702,108654,91d0b8424ef8bb6fd6c8cef11ee919228da3affe0e22b1cf5371b1e1a36d7364,1367365507,auxpow_parent_match,
namecoin,0000000000000043bff8b3fd1519a07fa61d40815c7e8734e31e34b948a2df41,108809,2818eccec64c56b811e731ad66a28ab362ce65dddf53de8f09a09ed58d849b29,1367447307,auxpow_parent_match,
namecoin,000000000000011b37cbf53383e438880240158465940958c1899724acb041ac,108941,eb83681fca811be67724d5ff24f06445e40eb28dc6d2c96db2285365f841e7cd,1367542665,auxpow_parent_match,
namecoin,00000000000000ccf0db83a50c2e90a92886ebbf13f173b389c4a1ede29668e1,108977,8a3f93db7d70f9857a32db2ab05bb3a4038697c8cd5a4f395424ae204b910914,1367566520,auxpow_parent_match,
namecoin,00000000000000625a5e35f0a1f0092aed1e4f2f769d3f096d2ddede21174125,109008,234b4476862726f570b860f267b5cc72bce57992507b3e05488ccc7ca1bc097e,1367598530,auxpow_parent_match,
namecoin,000000000000012739827bb48f4d6bfb7ec22e456ece76e60c6aed6e809ff0d1,109549,75c765b2d33568f90e4a4ecb2924fa6d0df197ffc1507437f3e1e6acd68d3189,1367936492,auxpow_parent_match,
namecoin,000000000000006e1502d5c8964a9d03093cb1a97908b2745e0f907f891e6396,109755,9f7d47a1acab112fd231ee9f941e3673337d5eed9198b9326fe0a8f10117f795,1368059234,auxpow_parent_match,
namecoin,0000000000000087be8b4265b39fa6536328b24cca0e755594832a3a0e1be835,110384,44c9a8e4769ebfbe8a05352784e2e46c54f41d1bb47ea1c4c9d4504d8333bdd3,1368370566,auxpow_parent_match,
namecoin,0000000000000007f37fafeea5b7fc2fb025a0993eef6391bbcb30ca6169f783,110606,5cdc7a702b2753f1f25ee95b9a2d8bbcc382f901ae04dc5a22df3867dab0daf4,1368466852,auxpow_parent_match,
namecoin,0000000000000083c848af7fcf6f8b54a0e5d5854717579b7eef12877f8efc10,110673,0ecc9b5f72dfffd1970e12e920de0b5b7a19332774a6cf27347984991baa2c5f,1368496721,auxpow_parent_match,
namecoin,00000000000000d4c2dc0f2286e935d483791215ccbab445c3eaad4112544408,110727,a8967b80bc19242f227d76ba2e982cea27474236729738eae5f0fda12797694d,1368521493,auxpow_parent_match,
namecoin,00000000000000e558939e593a7d682bfe3c89c9bddb171187028ebc19bbc5a8,110816,e479c75a5eb449cbab338477b704a7d9a9011846c9440cc52689d31283eb14c7,1368568563,auxpow_parent_match,
namecoin,0000000000000111785bffbe000474f821810f55567ee6376a3ed1094ea08c1d,111231,6419d29378022a1c0da56c9140f68df78d476c5d10607a6e22104c40824b42b7,1368765246,auxpow_parent_match,
namecoin,00000000000000410dddbddaa0014a57e4998c4a3f894fb0aa413b0ac4f073fd,111331,bd0ca865cf60578a0dc1c12eb7cefb423c7a565e099bf00bad0b8d7cc6ddb146,1368815383,auxpow_parent_match,
namecoin,000000000000001f84ad3231c2bde324347d3b53447e3bcf29788b4a2e1b9c11,111395,53c8ab95c300cb4f6b591024dd4299efd76caf85fd3e424319696aa0db589ce3,1368848221,auxpow_parent_match,
namecoin,00000000000000641955c71a33a8e3a1c66e4bef86eee89113805c50682e24c2,111467,0b83e7bc9ae892674c53b0b972d14b05560f7582331024383a1877bf59d54737,1368890434,auxpow_parent_match,
namecoin,00000000000000ebb46771c0bde5fcf92565dd8effa7151b7f27138bd0ecc0d4,111580,175d19733b2e555ab1ec2b8bc025b4073e3fcc4e37879711bf1fbe5125283a36,1368955434,auxpow_parent_match,
namecoin,00000000000000af394682d0678b7c1518353abca611d48f356fe02e618f333e,111684,de994d9cc9a600ee454b1c49ddcbdf139210bb0db907b394c94b4892a582b7c6,1369005819,auxpow_parent_match,
namecoin,00000000000000307a9a0dea79f313fa805324da42e87140912cb090974cfa03,111801,260366141baf3cd75b4d8f52806f93d43dcd6f06d8895416e91074b54c67a54c,1369068687,auxpow_parent_match,
namecoin,00000000000000febb050a066b747b531eac3736771219a71eb99e66c5895bbb,111809,dce2278ae672175997a0f9097ba93f61dced543d757c751b6473a73673eec0ba,1369071663,auxpow_parent_match,
namecoin,0000000000000110c1c5afbc089c5b08e6fa75a98e73ff82015b33850171c25f,111883,49cfb608d61180b48e1c39072ef96a6087f43a1499094763afb6f5baed239fd6,1369112408,auxpow_parent_match,
namecoin,00000000000001283ead5311baf1249e9a7f03292325148b21e34afbfa34e840,111887,56099190c1f6c32251cfd1a37c61c03dbb027430b83d44f447e8746c5e32686a,1369114222,auxpow_parent_match,
namecoin,000000000000005b857774f1a6452b4a39c84b16c543a455a671346eaf2e41b1,111888,acba2b8998339b288697578350f3508c6eaa518a0115a257427820953e001830,1369114843,auxpow_parent_match,
namecoin,00000000000000c5d5ed57f640d5a1731cd8805da093015ed9075ab2940c137d,112019,7f3909cb490169b89e7d9fbc165ca1af499b5fca4c8f311f9d382d1f8132ce4b,1369178278,auxpow_parent_match,
namecoin,000000000000016d5b689bdfb23ef86091b273b22217a62e45c67441ce737cd1,112237,602bc1206ea7eddeb1478b3e533faaadd950f861349b79067a97a96beee5342e,1369294166,auxpow_parent_match,
namecoin,000000000000006e8e3e27fde79c1882be5cd0a28cc582cbc52abde82cb74fa1,112358,5534d02c89bc3160b1115544752df1f4eea6ac6f6cc03e107bc69949f398f587,1369355102,auxpow_parent_match,
namecoin,00000000000000f4d610ea355da84a7eb6c5c5d7159f613329fb2cb015ec3012,112360,b083798630dcf4681f8b89e631197935c79ea6ba2044321123991b2d118617b6,1369355623,auxpow_parent_match,
namecoin,000000000000002d4383738bdfaacb917c2666446f9977757e0a666bfab1724f,112569,2b89d2447073c115f2eb42ac233a8437c7f2f462770a1be11fca44b0ed9e6fa0,1369455584,auxpow_parent_match,
namecoin,000000000000004d276622d401aa889a2a980ada656b110354ed5f1bea6843e8,112633,99f730f87770919341e5354eebeb7aedc2623ad287fc19bf021c69daa4050a92,1369486933,auxpow_parent_match,
namecoin,00000000000000d38debba44f2bc171c6c66de485a0e12938811b9f095862a2f,112730,4277628c17d55dce761d3fae9537f721ca0198a9dd50040bdc143a27cab18ca4,1369538827,auxpow_parent_match,
namecoin,00000000000000506e0acdb9bfb864ff272d58d43027da544d428252645d77e3,112773,1e535a557e7e1effedfe9dfe577d636b274083e372bcee1ce06cb5cc03b658a3,1369559125,auxpow_parent_match,
namecoin,00000000000000addee4a8d3098d6208fd519de388a9100059bc447ecc474262,112938,bf3fc479c5501816d67c7c8d7fbfe7b63e5411e7b1508545f92dfa9bd894a297,1369642029,auxpow_parent_match,
namecoin,0000000000000076df150744336c69cc556c3511eab20f6482a589a0e1bb5ad5,113032,dfbbf5f980df1261e857d2989c274757c5dcc0bd1fa76fb11e2bdccefa41c567,1369698533,auxpow_parent_match,
namecoin,00000000000000c50f68cf33fd774f3143ac72598a96d72273dfcd3476eca7d4,113166,718a013268f12169f98df74b9f03f57d6f59cb0b8beaf39967e1c49c5f33629a,1369790897,auxpow_parent_match,
namecoin,000000000000011e9220f9301843ee7cbcb03dac4915331d17ffd22a60c00917,113230,77fcca43e209f2f5d20e894f136fd32d3e64fb2cbd9469b8dae099cb2e2270aa,1369827094,auxpow_parent_match,
namecoin,000000000000012eda7aa57354e2fb2648d1a32bf6c73c26fb969b8e9c668c87,113357,8868c59afb9af066563f424713715c0d2fb030df9e51669113ecf33fdf1a50bd,1369905730,auxpow_parent_match,
namecoin,00000000000001382452cc2d6dceb6398e614ce7d8550c2bd324de9c406d3d57,113369,f7be8741350aca09cd0031632e0afd3b2fcdbf8dec51a13b8a565b76dc5efe97,1369916128,auxpow_parent_match,
namecoin,00000000000001195246e0bf86dd36a72f1bd202d8e261be613f29e8ff302b5f,113445,b9283ad5177138da970fe4914106b68245831eddd11c527b46f5920a2456b183,1369964284,auxpow_parent_match,
namecoin,00000000000000fc468227f83990359036ce3a6f61a25eaddba16abcdf7cb707,113616,e1f0bf33ae9c7fd6544eecd8a5187a4220709e2ff6ed3b9078ff65224b473bc0,1370071721,auxpow_parent_match,
namecoin,0000000000000104d112bfdc90db086306214e8b108361f7cd16d6b5f10828e9,113676,6d33362feeb564cb3e0913daf0a3021c19d5facd0b162072c3aaab050423f611,1370106563,auxpow_parent_match,
namecoin,00000000000000e3b9a07af49a6f2adf9faa7296a93d981e4d03675557f3f715,113756,e5eb444bcb11b69ff4ae14f1d79e65afdad082d4a7070555d1013f5a766eee40,1370140945,auxpow_parent_match,
namecoin,00000000000000b214a574d6fb5699945c2e3b47756f2fcefd3eb3fb390a0e42,113759,0a41fd1ab0768c689300fd461725a1b6079b077390bf668dff3bf5eed353282d,1370142538,auxpow_parent_match,
namecoin,000000000000014e8fa320ab0d4fbf66e746c8607990c6236e8c889a75df8098,113799,2f8439480723b41e8aba7cb63ddcac11c5e1bc7ece1c21018a3147bb1c1981ef,1370160158,auxpow_parent_match,
namecoin,00000000000000597fddbe19facf96c8b8eda6808e416d66d74aa04481af7a18,113890,26e2bd9f974f8426fb7a49a5244bee3631a81ee57c9eaf16b7fc5e8129e2b185,1370220556,auxpow_parent_match,
namecoin,00000000000000272c4b6f676e83b84c64c9e16e74809c77ba14a457505cf32b,113893,6f3d3a563becb1ae76012bbdfdf2883b3866d1045f3d1bfb4ce54a635fcbd679,1370223048,auxpow_parent_match,
namecoin,00000000000000d736aa484935a8fb3eb74115f52a58055eeb0a347d642c866a,114042,6419d36243b1a025c6007e0247e3983377d6cbb413fd516e5c31a71848540e07,1370298032,auxpow_parent_match,
namecoin,00000000000000a9007e957196338c8d951f968377fcd29d5a901aaa7bc3862f,114128,573d93484b2c492101cee25069a90fd5da23c68abf3595b83a20a1e6de224d81,1370337632,auxpow_parent_match,
namecoin,00000000000001157d459a8902b9aa3d826f747609f5805fa8e4eddd29d6db8f,114200,a590010509d2f33bf2b731e6508f99a0492683c9070dae2a38c0a124e0989a39,1370380351,auxpow_parent_match,
namecoin,00000000000000137690a0a901df41efd9b130dc45c1709745c314cc6715477b,114300,7bffc3014bf9ad434d333f26c987a6b9fa52475968413edf20926dce928c4532,1370442543,auxpow_parent_match,
namecoin,000000000000003bc1386c03df28c65b0f9eaa5e853f206bd27f0d0e7cefffac,114476,cb9153070420318bacad5d8d0aa4d524ffffb66b812ee3b0a66daf3bb8b8304f,1370531267,auxpow_parent_match,
namecoin,00000000000000def808b560514904c3259b88bd2e10cc653a0fda823edc34fc,114495,87e20720bd35ff8ccc357c6d6f5e6ce2459d7f5406b11afe791d92253e4e9716,1370544940,auxpow_parent_match,
namecoin,00000000000000c10a60f70d15d5c59838418f5ca9be6bcfd8e878c0f0d45dba,114759,406cdf1080b195e9e81bc5dfaa82ec47e59e55c69060da3752577a3dda784715,1370685123,auxpow_parent_match,
namecoin,0000000000000032f92f854bbe92d0ee5d6fe6c57a921f8cd5f9b7df7bde7696,114977,a1d183d0d3d528bdef4b08d95e9688a068ea9e0e0874016aad5c9e2f5670f0bb,1370811614,auxpow_parent_match,
namecoin,000000000000009ef0b62c04a50550c44ae72f43d35c43a114d1096ac72a582d,114983,2cbd137ea410ece382edbbd9d99f8be1c30322300df6a2ebc4053f5627d626c4,1370814974,auxpow_parent_match,
namecoin,000000000000004572c3f534dfddb74af542d6573095d52e530ceed94ac9bfef,115248,e508d390ceede5ac7d08f2de87bee70a2f1fb1054b53e81eafecbb5a373d1e12,1370952412,auxpow_parent_match,
namecoin,000000000000003eb0df7952601d567ed07a1683793c3aeb1c90fae6b378cfaf,115369,03c73c40897d4e5364b4e8a043fd54495f4b5d8eb832170e888830efa637c9fb,1371004187,auxpow_parent_match,
namecoin,00000000000000786d33055d8e72b0c1a328e2a3dc5d07579b87cffc596dc32c,116366,e941bcf297d9915c3f7cd0730abee865dd11c506c5049ba4fd2bfb163e1c7784,1371240440,auxpow_parent_match,
namecoin,000000000000006cd8d18ac2daba9f26cc36929be01e0d8c9736181e7d8013bd,116621,485b0b818f8a0c284c28a11d0841b0b2f9364c6e87115eee414fa633202630c2,1371294194,auxpow_parent_match,
namecoin,00000000000000c9f41d01db091aae4be42be00e7441ff4a7ce6703776973844,116901,9a1ceafe800a7dbea6cea409153ac5dfe1a9e0a7cc4a1b85ecc633fa8b550601,1371352213,auxpow_parent_match,
namecoin,00000000000000c210d15fecb5d6cdaa56c6d6eb78ee8ad2eae3cae4060be5aa,116971,ecc5e407504de8100689d743a8351b9840e8a4e30f1292e6346ebccea99f67e6,1371371658,auxpow_parent_match,
namecoin,0000000000000054d37ef77c38bc5327d29506862acd7feb12fbdfd513708621,117000,0cbe8e4abcdabcd6c8ea6ebc62cfb5255647cd91018baafefe5469ffb5ca759a,1371378416,auxpow_parent_match,
namecoin,000000000000006cf202a3df7370137b61a101dfc041f5e8aa868bb368a01cd5,117115,1e5e4dfa76ec170b6c100b5c4db859cefda711cbf2a36372c0bf23c797aa4296,1371425884,auxpow_parent_match,
namecoin,000000000000004cf8f5ad06ccec0f51d28a0116876c3e33a915d8cc661a4b89,117245,2647e259bb8f98e23fc60d4a0e14a5ed3b4c81f0562ed4dca4aaefd8109cb0ef,1371478947,auxpow_parent_match,
namecoin,0000000000000098a45674475154b434d8f7a566b9c8605d27d299ab845c342f,117264,87bb09281f39f1028981471252357da5d985f4204a1d6d920662bd33770b1208,1371487432,auxpow_parent_match,
namecoin,00000000000000ae82abe1bc6f64ab49b72ce3c8e365565a76acb1ecef8a25d5,117274,9505d3274d7f22387be7bea086dac73cefb62a39156cca487cc7429f6c094df0,1371491558,auxpow_parent_match,
namecoin,000000000000008cbbfae08e526b1370c4b075c0d45a7790c9f43ff907ad679a,117371,50dc4e9a7c131c2ff225604b09a4b01ca0ad04c30cd9d94da41e9245acadaee2,1371529526,auxpow_parent_match,
namecoin,00000000000000416bbc20ae3fe2ded7ae2dbbf3c27c48840212bb59e974fbbc,117549,d2e3efb4ee8d0489590fc0f99ad3c5eb83e47bc7f51ccda0735e6c6afb4956eb,1371627181,auxpow_parent_match,
namecoin,0000000000000012ea2799304795ae8ebfc9fb0bf158d460c7cc04287f3d34d9,117726,440e3d782ff1ead952f077d04ed4df0522fd692f5a7f44c9d8683b3e8e52782d,1371729005,auxpow_parent_match,
namecoin,00000000000000d5b1f34430b9f596509ba496df3f4e6ef728223d2b72c2de41,118099,ba0793fe0fb33ec566c68f63e78b8cf98b9b058f30221187764a02458c083045,1371917083,auxpow_parent_match,
namecoin,000000000000000fede24818e3c5fa90325694b773648d68a0c7033c669cd467,118773,2844fe0b1630234f55e2e576762b4846477b06fb8bfa91c18c963b2a6ac8a09e,1372259778,auxpow_parent_match,
namecoin,00000000000000c9606741342c61bcd798e0a365ad03b182b4d64339fa1b6598,119222,fcd5db9e07f244801248693d72e02317a1dce42ebd8c3c6ec4ca3c3876146f11,1372493471,auxpow_parent_match,
namecoin,00000000000000b98a0950a8f53619803cddd32616dff218ba882019d0d8c7fc,120993,de4e258b0abf0175cb20373f4e2d870d02629db1aefbe2a441413bf74bd74946,1373420942,auxpow_parent_match,
namecoin,000000000000000347d8feb48f4ced6d609c1fe00de51081c54aeac65de6037d,121072,a49ef963c4a1c15ebbdb4c6b88438d1ccbb4c62c612f8048970e4f1f8070d238,1373467253,auxpow_parent_match,
namecoin,000000000000004c3daafc2d26e73874272d15a3acdf7511fe404f1b6bda6abf,121092,63c28d2c6cf45cdc83275afcf188d767a92bb2fa5071313fbbe23b74086895ac,1373477691,auxpow_parent_match,
namecoin,000000000000001f0ec8a407df734104e0f6242f3a6830dcc133ea424488f89d,122271,ee5d08bf43bcece7ece715b15394a64d288d40b0b68c841775eb3965df76988e,1374061903,auxpow_parent_match,
namecoin,00000000000000932358163a7c71a6036983ae9d120a88bd36e74c25146778a0,122470,4ffadb512222c11254f689cf270d2f5be9b5a4b4d86b879c329a180d1ff01d03,1374150945,auxpow_parent_match,
namecoin,000000000000000b01dea8aa01023877d3976b9a5263396f152dfe2bfb165645,122899,1b8610c54427951effb3573c97b4745768382e99e8e231f4fad17ed000b7bfb0,1374358802,auxpow_parent_match,
namecoin,00000000000000444f349612c7ffffbd5c8f6cfbf2669d0094a5b93cbd16f64f,122992,6f030be468e83cd8d7c6a12dcd7507bb548b251e93812d142f3399336b8168af,1374411991,auxpow_parent_match,
namecoin,000000000000006a4d1658ba0ce71ff99774d0e94dbf6be959bd2eb0686fbf0f,123021,4ca7dc20b4f83ab1e81df6b3caa9271fc6c271cf28d1109dfb4a0313d3f0385e,1374427778,auxpow_parent_match,
namecoin,000000000000000a23e79d684936efa4cf9c9a9f64e0167ad8a2dfcab1e54efe,123244,972b7198850390beac36e8c614e1073dcdcfc4c9126942453883fd58f6e98d66,1374555158,auxpow_parent_match,
namecoin,000000000000000af338bd0baf8bab66ff037b23e4a920da9f3d419d2e16ce18,123470,54b9ae2908476b63f7d340ba13c1c8b313ddad88a222de2ea3c5fa5fde6e4a69,1374694613,auxpow_parent_match,
namecoin,00000000000000440af0b72df4fed9607d4856ee96762aeb7f940d7eaefb9aa2,123852,355a56dfa7d0881a8efa3e212611ed6d1a29a0f1d6fa5fea6df4fb4fa7e69652,1374899539,auxpow_parent_match,
namecoin,000000000000004a0163f3450ea234be5eb64af35e952fdccd92e67637a7664c,124055,811e18c8529c3d60f6a16defdcd27f15a0a475c7c629ab5e0d3e1fd975a7a4ca,1375003978,auxpow_parent_match,
namecoin,000000000000002558b84861d3031808917c7f5fd5934d5cc4a60c3062044ab0,124188,2492fdabf5710fcd569a8fbdba5cf3aae0988f52701f95ee1f65458a4a1b47b4,1375084233,auxpow_parent_match,
namecoin,0000000000000032ab6889fe5caac110c0e508cabc14fec80d177ff174516662,124450,3a9f1f206a42f53f02240feb4967699f14fd6e8618060d3ec2ac56c17cafba64,1375196747,auxpow_parent_match,
namecoin,00000000000000167be43ef7f48e21b9ba9e63b047f0ce23486d86e83dcc7e83,124664,9cab31d93a53566b119a7f1868cc42bc4a4c4dfcbdc5ffdd7516ee34ff84af81,1375304603,auxpow_parent_match,
namecoin,000000000000002724456250e29c52d299f185f3e0c781fddfccb5509db5e496,124831,0d78d145c59551a6cb8e51704f39e81ccba682af2e67085fe75988fbaabc5884,1375384773,auxpow_parent_match,
namecoin,00000000000000834d94398221f6fe25e30caad59a3aba4a635a4ffc00cb94c8,124840,43fef18be658348868b2635111d0bd1002db113a90bd04d79e0fc53e32f8d9e2,1375389900,auxpow_parent_match,
namecoin,0000000000000029c3be4ce66767392481c4aed7992e0d868b4d0d5d433fa474,124842,132ef22321fe8c0e05913606dd6e9f6f2d8100ee72d0cc9345c8db14f00f1419,1375392181,auxpow_parent_match,
namecoin,0000000000000026fbf5cdb070aeff4ee97dec51295d2c7fd5d843b72155e520,125044,b7b7bd91db7e5726524a360480b4e838784d67e82324db0ef0947dcf02482dd0,1375486270,auxpow_parent_match,
namecoin,000000000000001aead4325694b63342312982330804611d8fe1732a89cf4c8c,125262,db731befb163e3793cb68d8c9d940e77bd55bbe12cdf259c4532a4036c77599b,1375590352,auxpow_parent_match,
namecoin,000000000000005299b559068f0d38520db0d71f38ed6fdb842d85e18839dc86,125789,81a20818aac66347cf0d267e2dd936cac15dbf5223617388a2675c1118bc3b1e,1375794091,auxpow_parent_match,
namecoin,000000000000006d3dc6203e83f9e766ae025bc0a6c10a93597ee0f60a10f240,125998,90a88d91f1ebb0411d3aa63bc857a35d759df6481fa34c6ffd15112e4bb2e33c,1375858001,auxpow_parent_match,
namecoin,0000000000000038c20a44bb219387dc4da613a8844ee56416afb9719b85f051,126127,9d5e023b754f2b315d0017cd9c198b2c663571fd8ee84cf4c94e984d8aa57419,1375906594,auxpow_parent_match,
namecoin,00000000000000470ffb581a178b803d5055fc5f290f711b50a341640d20d9e4,126142,bb6886092ef5acb1caff72601187505d18a29c25785b46eef9ea80263d8f97b2,1375911321,auxpow_parent_match,
namecoin,00000000000000181880874c587309fea09a84aba5848ce6437b29c7ff868156,126564,c49d9764616a63cd7ab81ad8d730d0bbeeaad969744e8b7da54696dd27a4dd6c,1376056435,auxpow_parent_match,
namecoin,000000000000004c4218e72fd5f74b37ea974c9c390a67bc1fa5076dea62c757,126758,8b4a01445210e3f449b5b6fb30f006fd422ec2804f704502b79100b2a0956372,1376115729,auxpow_parent_match,
namecoin,0000000000000064d4d583cdaad2463237e839cc1884248d3a3c3f3f5fd48432,126826,2ac534e60e6f7f542138b51e67937ac1e5caa180ad63f0d5aa3832406df260ed,1376134816,auxpow_parent_match,
namecoin,000000000000003a26374b5750b8b6cef26f95f1feb84b31363e16f21231e056,127037,5eb25b8162d29366877d6a218b2e43f1f9db899085bb08b89ff9e7396985be75,1376199251,auxpow_parent_match,
namecoin,000000000000005122ad1d9efc9d6c63987bccb2ef19f8df8b6456735429dd4d,127662,98151bece1b1efc4a60c43af16646827e48fc2cacab3767109727f56b1f5da17,1376500023,auxpow_parent_match,
namecoin,000000000000002efa0cb0f6f0c6b77e67ef50dfdbd6e2a3f8b1cc1c5d7647ce,127772,89c0aa62939ccde4461d93fa88cd02f7b48b1677ab8354ffa48100cbdc71c29e,1376546151,auxpow_parent_match,
namecoin,000000000000001d6820cdcffdbc9ee2c58ee451e1f6c5f00252178abe6d6fa3,127829,5d511979f13b60f584a9f1c2e8b3a92b6cb1eb5df9153b2c8417875afaedfc81,1376568216,auxpow_parent_match,
namecoin,0000000000000052f1b8a46712bd4989ad27dbdbf94779cd4a5657f5d0ee7890,127870,2f8d518499607918195c924339b88e078f541c69c31696be48dbde13cf68af8e,1376584750,auxpow_parent_match,
namecoin,000000000000001ddb44cc0ac0fcc710f7f619cf88172018ab61405943da2f3e,127891,29c03e95e782fca2590354e6b23eb59a3f79c40568ce93b3909f406d188a8285,1376595925,auxpow_parent_match,
namecoin,000000000000004757e25b4babb185e0a0f82c442e11a11153c9b6b6674ab2b1,128230,0d84772fabaff47ff3543bcc1a7743677b1ce53d737b06cf596a95bc884e20b3,1376740078,auxpow_parent_match,
namecoin,000000000000004c2611d54a8ed3eb3aa28a72a888a6a1aa0eb8ae3fa88d3fc2,128267,4669f0e741bef174227f0b6eb24fc94defae5d1b1e1fe6ea5f3b420c094870c8,1376753324,auxpow_parent_match,
namecoin,0000000000000010ecaeb117f90e1dc0c3b2282dbee50e6ef25c2707b6617f5d,128282,66408256e840754df5173090017fbeeb06ca45cd77170661083e486d3377a6c8,1376760947,auxpow_parent_match,
namecoin,000000000000002f91a00e787a54668d3a43981ea184b19946e4685bd5df6217,128353,4afa443918db2f4b6f49f7f72712942ce97ca0e73ff6af7a1dd5c52baf2afa59,1376785650,auxpow_parent_match,
namecoin,000000000000004232a1e27311e75d07a41291b6574363271de13feca2e28f55,128390,0e0b421a11b922082fdc429bc73a01aee1f8ebb83ec3526a1537df786fff3040,1376800652,auxpow_parent_match,
namecoin,0000000000000017c7a3d87d87849786e260c17a4e273a3915c55ccb086edb20,128406,3a74b84a085dc624fd0216a10f75f72b3f4242972253bdace125a2680501db5f,1376805637,auxpow_parent_match,
namecoin,000000000000000926ede07648a8c7bd28551c097f8758fab3dd4c1759b26f80,128855,a9e411fa51ea0734ed9005a5e21a2a52a74b9cf4d142b324472a53d1d197e05f,1376960892,auxpow_parent_match,
namecoin,000000000000000d1ae37e71d4397a8fb600a134fe0bf2020b57a902b4f56ae0,129123,ada4b0bf906eb7b8c612fba4ae4979accd99126919f5cc1c3a6ff0293011f9ac,1377066254,auxpow_parent_match,
namecoin,000000000000002d7d6e3441a3cb18be4bf10f5d5ad1849c729fe7e249cd2774,129376,2565ba34715d087079d9560a85e6a6e32d39e2ab5fff1d5c489c1341c590ab22,1377200529,auxpow_parent_match,
namecoin,000000000000002bc403a91436149dc6d4be97b05b0ba7e10894f6b2a04d2122,129705,dceef0288445f8bb6e29a98d587f14d182e26b1ae34f5a79353b316e569626c9,1377355739,auxpow_parent_match,
namecoin,0000000000000011e2f4ef2e41ba73b635624ec8c739e9bfa2963d77ed237ef4,129974,ef0069357c8772e0be0720a255a1198a4e4d1536c4508bae2d3de128dbb7c85b,1377470966,auxpow_parent_match,
namecoin,00000000000000167896a8bdc5953e47006f307f5b2176a1d0544a3c718fe29d,131055,c8b4d2dad64a9dd4166f27f7dd8b2d09d6e19c493338f2310c75ea90fab85ba0,1377892137,auxpow_parent_match,
namecoin,0000000000000025aba391aa62d7a830f1b72fe34c596caa0c032005c7660655,131153,6eec9955d334a798cd37c8107dc406e6d7e7ef85a34e801b6dfb3b4aa270672f,1377933123,auxpow_parent_match,
namecoin,000000000000000753833deb210edb959003755a17069df12b6c717b200a345c,131470,e5f78d342b54a7ac995db2ad0e0cc7fe09f6587cba6bbc8ab97e7ced4246e2d2,1378077549,auxpow_parent_match,
namecoin,0000000000000039e2112eca2bac730b2ac9f25757a7b0a62afa44af2a1c0466,131473,2d51398d4518d484c3607ee3632b1cc44f3054596cd10767b72b8f7749e1cbed,1378078412,auxpow_parent_match,
namecoin,000000000000002b4597ebd23e8ddcd97f3d730ade26148e65c390e55408eaae,131747,b5c26b35e55eeac6e8af54f2169add0d7d46bf880fddbcf61950c1e76752adaa,1378204054,auxpow_parent_match,
namecoin,000000000000002ce4be7d1c1029fe458fe20fa5d58b76c66299726bdc1e0dd2,131836,03267db18ae1418e7ee929799efaacfb299003db12ae8377bfc1238a8100f48d,1378255962,auxpow_parent_match,
namecoin,000000000000002ec05775a891383d91da1c9ed965612e57212190c5b3714e00,131957,b82db6233090b017538a107319f782ec0825ea974bbc7f73210ff6880aaf42af,1378306084,auxpow_parent_match,
namecoin,00000000000000101470d29b717e38b85935760e68e85e18ee9338df26f0e658,132199,ee6a74e95d038304b88ba891beab440280753ea3714d9e05bf7be7106a30d885,1378409711,auxpow_parent_match,
namecoin,000000000000001630b06542e86c333ae03094c80753b1fa631f70ba675668b4,132519,bdc0aefa29432dbbc38ba1e87db7f6bc1d50f02462cd441c2f36690c3e40c713,1378538991,auxpow_parent_match,
namecoin,00000000000000097dc0e4c05d2c8d386c5e7f9e378583f712095a17f9a91ce4,132534,7a9d1f0c5403a15f6c7398505457683172116092ff81197c1bcf383202b715be,1378546821,auxpow_parent_match,
namecoin,000000000000002dfbdd2e33bd2aa6d4f3d41a202d954c07f5221a79b1cc648f,132565,a6c7b3d4b399101f39c26b6e3c106740ad610f44c4db701fe6e1060a6b0d67e4,1378556577,auxpow_parent_match,
namecoin,000000000000000205dcc98671ad7a96cdcdc028bb94b3d4f9922f49ed6319f6,132578,2c9395361cdf35c7378f7178dc6544f238901902799766493a45a0f255858134,1378565215,auxpow_parent_match,
namecoin,000000000000000f9bebd3fdfc86ed47161c711846c11ac33ec8c25612d09415,132590,ebc72b31cb9f0b739140d566c0cecb1312cb41f57aaf2493363ef28af34c3def,1378567931,auxpow_parent_match,
namecoin,000000000000001517ad79542bb611e8949f9e29a4e7604b8f965227d04a0f3d,132591,c234744a019828471e2284e8ec00661e2103ac640a7d216d9db8c4784bfe2a4a,1378568011,auxpow_parent_match,
namecoin,000000000000000654cb893529170362899cbeb22adf38344ee5f18f35ebdad3,132732,65c2f6d9bdd67a385dcf60e21af97111b55e150bd7ac3c4993092e452071e245,1378627184,auxpow_parent_match,
namecoin,0000000000000009e1aba8347b82d3c1d67a2ad096d772f59b31a46e4868c2f0,133149,ec4cc3c591c159ee2ed4704b460f6cfce2d160c0ebbb687ce6a2a403d14bb8d2,1378792208,auxpow_parent_match,
namecoin,000000000000000bf3ef99e0dcdd88f7c7a57201317fb51922e723ed797ab8d7,133331,3a55d08b0fabcfbbb16c355192fb1ed059c856b41316a864ada6cc07113a024f,1378906508,auxpow_parent_match,
namecoin,0000000000000029aa1f4563e72b875bf06990419f802ab9d869073516008228,133664,f1783e2faf1930221bc8f8588edf1eaebfc3eb4006de1787aa15c115912e152e,1379102585,auxpow_parent_match,
namecoin,000000000000000e02d04f8c5415630b3056bd40b15c02c3f4bce775ee81fdae,133769,dd8c387ff0cbffb685d7323991f74a141074409c24f9b55ebfc8e1375b7645f4,1379148246,auxpow_parent_match,
namecoin,000000000000002525fe628adbeb69c7ff2d631d5ffb76c74a4452b6ea6a180d,133947,9f6b8586b439b5024914128f8865be0a761a4664c24f9145725062d40df12b13,1379223465,auxpow_parent_match,
namecoin,000000000000001d265a0a3f1b4e31c90b854cd1b32112bbe7993a8c111f5470,134146,c31f2e511ce1e46adbbbf5b10c78897b8aafd15f5e5d8505b1ecbd7669c971b8,1379295990,auxpow_parent_match,
namecoin,00000000000000119530fbfb2f3d23f4f568f587d00c346be5ff2963d776f5b1,134194,2a29ccbb33200e9e157b96ab136a992cffed71cacd0858d6f48411fe0fb38cae,1379314981,auxpow_parent_match,
namecoin,0000000000000025c3c39c43b3985de48e649bd76dcf6774873f47971cb72fe5,134356,5a70ff96e075557f25cc60dab9eac75b2dd72b897c432db248144ea510a7083f,1379388472,auxpow_parent_match,
namecoin,000000000000001dbb017579223449755d61e572f7667a8fc651a37da758f672,134378,c5ea6b48915855194a3a9e8b469a76b5c686a5b25bb6075d045a9b9cf81e1ece,1379397205,auxpow_parent_match,
namecoin,000000000000001347d673e5dcdd14cb68741e2a9fe67f29ec74f5abd5739438,134520,223a89e079259bff24d443ca050ef34e434afa24f3d65452d239e69714a3c3b6,1379451935,auxpow_parent_match,
namecoin,00000000000000166214f4f8be302cc854c8d9dbafb512071fd4d38b8b1ba08a,134600,180760865a7977d914ef3b78454932f8fdafb691a01df1263894d1b0aa607488,1379492566,auxpow_parent_match,
namecoin,000000000000000a1002e4355fcd2fa833951db23a0ed5c88fd25ddb3afa48d6,134604,b57e6413fefb788c8d88f0933d0af265bf285ba3237d0aab2611ceae47f3ff1b,1379493030,auxpow_parent_match,
namecoin,0000000000000003aafc6660aa3d288315178447ad391a5f68011d4bd30deea3,134654,10b796425b43028d26411d6d569e8337b1b4caed6a83a0b37b4c88f7cb594fb7,1379512865,auxpow_parent_match,
namecoin,0000000000000012341ccf736eba9ac3bd6b3c52a2ca11cdcb4c97b5320145cd,134800,9fb018e13cf0c16e5bdac69852cb6c0b59524fafd7f2d914cdfc8949be586818,1379582107,auxpow_parent_match,
namecoin,00000000000000040bb45bed157f7f5efc03bc85eaa09abc623c121bbfc1cd2c,134917,7fcbf1a0708ed880f355010852902de559279fb3b2c31c03b3002ae1bd2d95c8,1379628086,auxpow_parent_match,
namecoin,000000000000001464fb29c730f41b2cc8407f390985ab79def1d1f6fc689bba,135390,4a886fd144ffe31ed5f69550616a21b0f816cdddec77100b030e4329fd2cce41,1379833602,auxpow_parent_match,
namecoin,000000000000001ff8ab94e2638558c6b3fa305fc75127a6eb67ef26a29fb8c7,135416,8d78b11072625eed1dbe3e8fa24da39a0f46e50fd036b585ffdd5220305e6339,1379846473,auxpow_parent_match,
namecoin,0000000000000010d938a4ef011b5bbf161d82174ed9f5443a55a8bcdb37a884,135570,f9f275017d2ff326b49f331a0a19402e22134cced71ad41fba4e6421196b33c0,1379919948,auxpow_parent_match,
namecoin,00000000000000130ba1de80aeb6f4c56b22e9b45c6b41183034f82875d3fd30,135607,4bd52a57c62bedf3b3dd60a5015787ae4849f747ffbe27b59281e7f485791deb,1379933915,auxpow_parent_match,
namecoin,000000000000001484b74fa986385addceceb1e2b4d74683072ce806acef6514,135732,54b06143b3a4adf5ceeb6002f6b4042c697b9c2d02ffef2205d09c63e060eaa0,1379989722,auxpow_parent_match,
namecoin,00000000000000066933ad83e87fb431f33fa0cb9acbc5fbbc07fa7358b3d2c2,135835,9fd4d4721b26eba1c66170d79623a673290b6b96d057d8af6b2250ca352e895e,1380030756,auxpow_parent_match,
namecoin,000000000000000e0d0807cddc5c8a6e0fc125000adc8387de1fe2b939b1e455,136238,1acf4bf993be19817642da110a6d74f06c1f8eab38f4735d402c531a99ef272b,1380209473,auxpow_parent_match,
namecoin,000000000000001336131d5ff4ed5dfdd097be4b8cbcff4b6003dcb59e9ea6f2,136667,8dfe549375c9f21a3e6c32c990dd3db0bc5682b057f5e76bc1fec593229fd856,1380385802,auxpow_parent_match,
namecoin,000000000000001b037537fe0d8a325f9eebe7dc9b22d1ccbfbfe8ad2efe74a8,136741,d1ba26407ee7edfb56c313d2d917a103ad5c9ced54bec4ccdaeaf8c956f44e44,1380410906,auxpow_parent_match,
namecoin,000000000000000cb900b6bfc93335d3c18f1a0a4c989ed757e4570ce9f9104a,136787,f29bf9cd7ee3382c8ed9aecf1e07456b840f01a21ba69da64f503b47b638818d,1380428322,auxpow_parent_match,
namecoin,000000000000000e14ea9336e34997f57432c7e92a04e4f19224597337aca21d,137114,d75e25df3d8d1650a508e0d625c806c5f4a4d5f952379e30c79aa69adc0da54a,1380579010,auxpow_parent_match,
namecoin,00000000000000168b0dfa91f97dadddaa7172829e6bc0520af99a56eb3d8706,137333,4e2338fc64f92f9640c7f768bdb81bf7f3440e63582d5a18658970b6679818db,1380684451,auxpow_parent_match,
namecoin,000000000000000b1d220bf1bff1f479bfff9e041785a2a465cfb21649d65959,137334,db6fcc8bc6cbcf5fdea6727c2227625d2f6893a73073b31e54c93f6a5883dcde,1380684628,auxpow_parent_match,
namecoin,0000000000000014b1e9decb44dbeacc8f88a874902e0582dcec6423da1ebe69,137450,fd3c61782a86554bb47d647b8df6e8d2f51b0d96c0a289325f82b53e56b484ad,1380740402,auxpow_parent_match,
namecoin,000000000000001ccfe33f9a7f555ced5cd6b9561f30e5f9f86bf492afa352cc,137493,2f3e92e21b49a97f83765ea347e20d0cc7977c7ef6dbc63fc81bb7aa2f93c52b,1380758488,auxpow_parent_match,
namecoin,0000000000000015a6ab8f6f2c055b1813902c58fd485903bb7a2afff1d89fcf,137567,6ccaec05ae0b3955d8dfc7460143722b530a485421d542cffd499aefae6703d2,1380788463,auxpow_parent_match,
namecoin,000000000000001176f9d3ccef54e01eb6a58f35c1a80591e5c68016f898d6d6,137627,79a8c2e9982e1399b29cc4797fbd95c1fd9b6363e1f9531a0a3d0b83698f4c6e,1380818236,auxpow_parent_match,
namecoin,0000000000000016d3e1d75021c4da56789be91843a8c6c1ab86f01fa8415d48,137687,f78b7372c293f2c7d2556a9d9f5b67daf0d071093c696d50e2153ca905bbba06,1380857625,auxpow_parent_match,
namecoin,000000000000000a1f2b13465557c1161c9e201bbbbd7d1f36db9e118ab8d803,137758,9c9b6976567c8d82c0391c9a02b09d64daaec96e7c94d8853e3cad9edc360532,1380897542,auxpow_parent_match,
namecoin,000000000000001b114223e51e68391574cea924d87d7bb8c20d51f6be6ad6b2,137764,868ef2f549512e1c16d888894319f20475c399ff92285e7a4494f036cd1ac4f8,1380900214,auxpow_parent_match,
namecoin,000000000000000d75aecde297e7e57a9003480449caecf13ac75c248d6901eb,137896,74099b93d41c7fcd320ee45de3248d76b3198204cef302d55f1b958ba7fe95ce,1380980496,auxpow_parent_match,
namecoin,00000000000000076f8f8f52988bd639275d22775a86e710fce461c66288f329,137933,1b2c73a259d8858a5d02817c54c1161f00344797154c022ba8f557d09b11de7e,1380994975,auxpow_parent_match,
namecoin,000000000000000498d1505dd079703c3fabb41ad5be6c4242673ebd8c467ebe,137993,7bdba702f0de1142077345fc0096ca520e120892928821fd4598fac31f4fe497,1381022594,auxpow_parent_match,
namecoin,000000000000000775cc6b7c3e3b2fce665773a29aa943213916dc8d90b06963,138016,ccdd8136ff5cce396cedb84e29e3ca13f46eba8a0b29793f2d28abdefb9da1e5,1381033674,auxpow_parent_match,
namecoin,000000000000000952bdf3d9b58e346e15ce83b9ff07ec9b5294701dae970a94,138489,508aa624be9f7400f4b749defe99fa1aa83be024d84c7858df0a5d3d11644dc1,1381247787,auxpow_parent_match,
namecoin,000000000000000e4c4f771e9ea33f66cdc1309b5027f6f2405acc4b07585f18,138630,c1a59dfdeda69129b6ec5c3a62f885302508e3607080e4ddba0db19099d8ea2f,1381308284,auxpow_parent_match,
namecoin,0000000000000000088ffaf39c763aa5e82103f62ce305bc62f17df580e9234c,138653,54633c24a1d93994e3a54b55edaff645f26d18f1e81af0669b9e8b40e11bc271,1381316167,auxpow_parent_match,
namecoin,0000000000000001a5728d9102237d31bd5282b104d87eaa33e1d8366cff36ca,138878,69ce24330179f46b152a080ad71e8ca9649e4af8bfe927acff134291d298603e,1381399809,auxpow_parent_match,
namecoin,00000000000000091b30478d08a617e5a89e101c4935f6eb3c81f353a66d5d15,138967,bfb8068c757b6aa9fb5fb2dc5a70daa08260dedf0bc46c4f2f701d04a1927a22,1381429826,auxpow_parent_match,
namecoin,000000000000000a2daa35a2f5dad859a6d74e1a084e0d1d8b9b5d0e51dcbd06,139726,2f316c6eb6501dc1379b56ac069f0a354abda87c60ac707ad388ad81c3df1f89,1381769088,auxpow_parent_match,
namecoin,00000000000000147eb7b0bdbf6305f02fd4cd8073108c367fcf914fdf532b78,139811,347de998da6bccdde9698c2a6c0e7bb28575c09c4e7e9f71b92ebc64be6813b2,1381800837,auxpow_parent_match,
namecoin,0000000000000001ecd96e4d0d526c6f9dd1b4c4d43521b5b1dee1c8cb997b67,139897,d052e8674f0842f1cdafdf827528a71ca659f3069d5f40675bbb2fd0e4a625fe,1381834704,auxpow_parent_match,
namecoin,000000000000000c470c9d1658be51e6bb04d64552d12f52d3f32e71e4eb4a17,139982,2baba4c2b50f642868ba20d8eded276ada4cd717c2bd7146b1ed29aac0aa26df,1381867780,auxpow_parent_match,
namecoin,0000000000000015f989998ac1e677a022bca09879c74e43664758a5ca8e402f,140009,14457631ba397b5c1d08b36a21dbd485b354036b1afb0378bc2caa1a1e546369,1381878423,auxpow_parent_match,
namecoin,000000000000000c83aaf5b9efd297252771a98b742b9805c688e653dc162bf1,140120,96770f2d42e591944c84e873de1da883a95f307a675ac7d2810f234df1e9fd06,1381920531,auxpow_parent_match,
namecoin,00000000000000134cfa980838ea2214767299352ea3b74b083076b8f970ff0d,140125,7c6fd26be50c35b648ae3729ff4ad35492a04a62fdeec2079e51aff525d0f4c8,1381921363,auxpow_parent_match,
namecoin,000000000000000db2cd4b3f88a2ea37d994dae14e659026cfb29775682cd5ab,141002,d1ca12572ae36f4fbd0fb60d5791911d7a17306a9c2ac83d23de915569c966a5,1382222974,auxpow_parent_match,
namecoin,0000000000000005bef91ba5756c707760b1928997313f9a808f95d9695d38f4,141441,bfa9cacb865c454697bc670b85ced61d2f8945fab828b7b7347af8aa7d4aeb37,1382413017,auxpow_parent_match,
namecoin,000000000000000ba2a888243756d2846f257462153b900f760c6399f589efed,141577,e7b9c5157f32179a591d5ba03c42bdd1ce059f2e18673b96239bcaa5f3afb830,1382475439,auxpow_parent_match,
namecoin,000000000000000239ed190c6022621d6205d407688279c78de4746d24d6615a,141626,2966fd27e7eb1c1cb1cc725169c13162bfc66a4ff44abad927960d274937d9fd,1382499678,auxpow_parent_match,
namecoin,0000000000000002801be176364018c99dda86f4d7e428abe665a8fbd689bc65,141666,90c5f0df26f12249751cb3015bf121ad0c4646504b0719ad7647482bfe8f4a61,1382519201,auxpow_parent_match,
namecoin,0000000000000005d9c2f2d6fabcff853ddea12aaaab403a2b4d63c6c413a11f,141758,2e5ed56ee22878fff9e2ffa58f189cb71b4388480699ecc8ca035a56f4a2322b,1382555493,auxpow_parent_match,
namecoin,000000000000000be5e200c43961efe48f50f17495cf2bc3db42c777fc3e576d,141896,9117bfc17b88e7d42cba0f8f0737a09d99e4a8af38d1d72b92e272356b3aaed3,1382614304,auxpow_parent_match,
namecoin,000000000000000db0a57d8f8803051f59dd600b29b07058ec0d9149bd6c1172,141898,5b091da0e566ac9aa81b8c0aa3420a950373a777140d3e4b455dd013c10d3b92,1382615861,auxpow_parent_match,
namecoin,000000000000000b267582d8c67380ce34ed4aaa67683f25df4cc05c6a16a95c,142162,194c4517af0a955053e2b15686eccd5f500aa25dbdef77490f67e53adf0d332a,1382732695,auxpow_parent_match,
namecoin,000000000000000480b272d17cd21690d0e59abbabbe120d487a49a661363738,143171,67d0c09ae4896e7dd0f1d69721c60a660d6c0cb60165816f40de709a08a65c59,1383119198,auxpow_parent_match,
namecoin,0000000000000008b560408547dd61b801f9522ed679399da5a9c3e60ca049fa,143395,f615659656573e1e0c6001eee94c7c9e9d107d4e61a1c30441a0afbeb5a2f70e,1383227870,auxpow_parent_match,
namecoin,0000000000000001ddae2c5c3e0648a08acb0ad7d9513e13d13a1acc6ad6b666,144068,a39f29c01dcab38cef883bca496e57e8596d1444a8baf1eff95380783ded60d7,1383550045,auxpow_parent_match,
namecoin,00000000000000063ab33559bcd45b56c5453700691b260255742df029931202,144105,39e7d990fd8139383683dbfc1ae9a38d2892796b4769e6f62ae38e5c3c970a4f,1383568109,auxpow_parent_match,
namecoin,0000000000000009f4e29223c84a322ea6556448070311517098351fb21c7821,144294,def7791a6d9e546d1a90252be1e2810a0b942a2cf6dde7d743ac04a5134c8231,1383674792,auxpow_parent_match,
namecoin,0000000000000004358965be79ab6a401d06ca870a0520c8505d76b129ff06cd,144383,4f8e128554ea168d149874ab45b04d2786d40da5874e6f5a63b199f87e8f4f63,1383721906,auxpow_parent_match,
namecoin,00000000000000049a7893d061f141f333b29425304fe6adec7c60415d2beb82,144472,a36f81a2be7cdb1af647f5f4872a232ce463f24fd25442c2f1dfe961a217cd0e,1383770076,auxpow_parent_match,
namecoin,0000000000000006365b484c22737c797ecff672ce71d850887f2f3f9183951e,144579,e761f0895f55ba3659ae624ff355e347f2a19848dbbdff208dfe69cebbbcd5eb,1383833533,auxpow_parent_match,
namecoin,0000000000000003147a0910fea0447e2854ecb0e99026928ba2daae93939107,144748,65da4c450a8b19afa5b97869fa3e1153cfa8d0edc384227bdb267628c55ad337,1383915394,auxpow_parent_match,
namecoin,0000000000000003e0ac92042c5381e0904f10427107e7229756d1acf4a7cf08,144761,4eb0dd9470df21d4acffe4eff762b2c1aec83be1d537e8920e9820d34d790366,1383922621,auxpow_parent_match,
namecoin,0000000000000001463d6ac3ac983be23d0e593fac81dd10f789b84b0050d78d,144779,c3837110daa7ca462cd7e8b714f66daf3cc36009a31e5ce9a1de2bf097cd91c9,1383930172,auxpow_parent_match,
namecoin,000000000000000275a65c677253df8c54c97d8f842d2dd94b25e5918fc88930,144822,b348a7ef4c384198f4dc9e0d773a1b483b30559c5e5c55ad1ec23f77e83ad0ed,1383946046,auxpow_parent_match,
namecoin,000000000000000863a9a10619f4cd26c2175d6ee30902f6e6e85cfcf602e687,145012,cbff6dac0c3a493d4093043a59640902fe4e1dbdfe3042464d5c58291cd6fb6a,1384032515,auxpow_parent_match,
namecoin,0000000000000004f94e814fe98e583deb97bf284cc86ec0ed06405b55306a36,145218,e30608b7bc67d258d481219915a314729f4747543c1ca777343504d4c2ba433e,1384127337,auxpow_parent_match,
namecoin,0000000000000003deb3eb0a8efc781de8c1e4e284fc1a269a2f6f2d8a614dcf,145333,39065d50201ab11e83d16cc5c46b14e73c256f1fa501c781fd5b57620fa8afda,1384191690,auxpow_parent_match,
namecoin,000000000000000190c34f75db3c57ecdef861f8da265b398256eb2b1fd39a10,145443,7b8fee98113bf38681d5fee1e9ecff076ae9095b6023daff1706412236f1877d,1384254608,auxpow_parent_match,
namecoin,0000000000000006a3e4072f0c08fbc320c97b3662650984a96a48dea9343864,145673,c11c65bf74f390c790be85fc78503041364e897ed1d041350551b23c6fc752f5,1384360399,auxpow_parent_match,
namecoin,0000000000000007b3977943b64def0d93f26b58610bfe17081781248eb72b04,145675,50ad9f1eb2350ff1b4f77fbcb96c7a87a19c681067c5ef83dd6b701a646ffefb,1384361376,auxpow_parent_match,
namecoin,0000000000000005dd7c70c7e9c7dded3fab43f69d54309ec743840e535602c6,145682,9bd8a8984a246e2bb2722d55037e8efac13034bd723e91df39d7cf7e68457f0b,1384363820,auxpow_parent_match,
namecoin,0000000000000000a223abc1e5b10662b0eea1af15fc5a01bd77bed6ad0fb4b1,145836,7a8dacd7541af0bfde355cae207a02f6a26cd27c5ff51f2f298d0a25354a2a5e,1384449112,auxpow_parent_match,
namecoin,0000000000000005bbdbcee3979faf061746a74edcd349457702be984a7d5d09,145908,c2a8367d0d9a742f5043649e5eb62b0f6ce7f428751ec0474c5783ff5618744d,1384493234,auxpow_parent_match,
namecoin,0000000000000006230f9ef3edac365f2e3fe95a1d9fa1b22be27e96d6088afe,146180,2b5aac68523066a87835b49a723704cb059e48d1a8372dc30c96ca754c55ca2a,1384630534,auxpow_parent_match,
namecoin,00000000000000073ad697c1fbe65f7294770c8b214a1f5f751e69ab44fc9d0a,146211,8ade0d75f4defc50b52904b50d5bd9793ad955eef4e7174d96a0036acc86ba4a,1384643366,auxpow_parent_match,
namecoin,000000000000000236f88bea95c981e8178197f9b166b5a6d81d853debfc62dc,146366,8b96f25e197986c584f46bfd0ae57b7ca35a7a8706625c660c868d5e8a0a367c,1384720077,auxpow_parent_match,
namecoin,0000000000000004aac92e48586a7d0b1626a46a03cfc3e1ed8fdc2dd40de8dc,146638,e8bab180ec21503f87650516013d58c5c4c5c2a185697ed5c461cc875401ab56,1384841106,auxpow_parent_match,
namecoin,00000000000000048bce5a4573ec2a4c4f4d124a8aa54679408dc98edb18eddc,146850,3b37f87bc30155eaf5e081145073533332fdb959c97ce1ad4876d57f08f82642,1384929251,auxpow_parent_match,
namecoin,00000000000000013b7c05409d332f93c31369dc7074cd9c3e46ec152fa40f21,146961,59530cf165f107de22c13162b7277c8e19dcc7579f5273ece7a0c08ea27db47d,1384981444,auxpow_parent_match,
namecoin,00000000000000012ad03ed32dd39eecd999939e4fcf1c842b3e1649c059acd2,147061,64767ae5464b366c4873e1ca148c23cc979b8ef1ed6b7dcb9df1fc0df7c0d75d,1385030975,auxpow_parent_match,
namecoin,00000000000000066dbc99d484da5b3f9dc6257249356e697277bedd43e069dc,147247,b541e732f17bd74c82e49ed4d5aa498e8a4acf640634ea6c92bb441f061e1424,1385130030,auxpow_parent_match,
namecoin,00000000000000003a488b85cbf73128ce36f28e87f4bae72b448da6fa44cb91,147418,41b3eed355842fe2199c97ce080c89c8c2e827ffa159889fc67aae46051dabe0,1385230117,auxpow_parent_match,
namecoin,000000000000000648f10ea7d68a4a984d6335907c44114e84b34f4603353d6d,147942,2a6c0e20936c229a74f13a3e2195af7b81fe97b3c6dacf855add0c720be939b9,1385501288,auxpow_parent_match,
namecoin,000000000000000046e035d33e39a1fbd357d06b000c0d16ac966d3700865fd7,148104,1716bd1cde4a8de02d83ad6d97ffb7a6fbdbb6e78d93ee10d6cf2963eec36543,1385587441,auxpow_parent_match,
namecoin,0000000000000005b4055f9ad7a6ef98b5be8926c019da642021ceb16b85a14e,148199,59365eb8ef1ed7601d77736d28b0c4e2e6c2efc790e3783152dad144a0881d09,1385639233,auxpow_parent_match,
namecoin,0000000000000003c92741b7b1a0d16ccf1744af765b5befd51a22e59ad50812,148234,d8d334b642f51dc7f589cbcb7531a436d6b84d74c0bd880a53e7a97104484fbb,1385654053,auxpow_parent_match,
namecoin,0000000000000006bf76eb9b805db66da01eed039603a496bad084b28d55c1ea,148386,e24568c6833f6b6a854bd0606dadba1e90e0bcd9018353430d2a08941a409f1d,1385738945,auxpow_parent_match,
namecoin,0000000000000002912dd20b0b43880aa99c783d00ae7f22586e3e7dfa08cb08,149016,56d396eeec78318c069668d0e56f04080441e6e1b685c5e2d0b12a1d24f2e7fb,1386026257,auxpow_parent_match,
namecoin,000000000000000284e5f86435b42cfa24b2003cd7448bd08bc734e2aa1f944e,149062,653317c48e023df1024daa8c09c789d36d99d411454103477b989d7f131a5ee2,1386046912,auxpow_parent_match,
namecoin,0000000000000005c143cd7084fa8fa9b564a7485372e464c3b3712348372763,149095,c9dbf529a257ef7b892412a7075ba180b5f9d6ed97116712723cdb30e24c6166,1386059828,auxpow_parent_match,
namecoin,000000000000000033571c0d48742ec2adb834422bdfc17137819f085bec3f2b,149227,7393883823966ad3509e654ec7250b15e1ca0fde2eaf49e5b0e84dabcf9eb074,1386116204,auxpow_parent_match,
namecoin,0000000000000003d166ab614a7b160354e8f87437a2a3aa573ffd60c52f5ef8,149230,3909577dc38ebc54af52d1c5caaabd06d6bc9f68b2d877b10fb1beba09fc251f,1386116646,auxpow_parent_match,
namecoin,0000000000000004a6c8b95fa2dbac97956f5971a83a3a38021ea82c20c0e594,150200,bf643ce242e19952fb83bad0894b210cdac4610d57978bd749aed3c8cdffaafa,1386582368,auxpow_parent_match,
namecoin,000000000000000442d9a58b00b324756f28a289c8e5ffd89d4ac20506c6e2b1,150215,f2c45609941f20f5f5538568cad1d660015fae287f7fcd438c2ec06d0dace631,1386589004,auxpow_parent_match,
namecoin,0000000000000003c74502583a2264834bd1f6cc617b9e9bc5da09e6305674fc,150723,f07e4c3984ecc5a8017f19c4802c9d86f5b9338c8a206abe7daef1254d7d18cb,1386802810,auxpow_parent_match,
namecoin,00000000000000049249f41427d47a03ebaf7040dd07e4e29bf676f9f921884b,150903,7d06f4c75286ec5ba0cdd62ed89cff33349d035ee5ea51150dc121eae044dbc7,1386870537,auxpow_parent_match,
namecoin,00000000000000010667d009e430c8ecd250a3fe177d5c47dd84b13514a97632,150916,6323b8f69d0d1b3b46c38bd13a287863e05232dc918033e0b7a37b8cf9740e3d,1386876072,auxpow_parent_match,
namecoin,000000000000000188bed36ce2520876f64a495c5c6900ac675e18db32a70462,151025,7a9c8dedd1ee089bedaca7bcec49f9c5a3ba148e19b72e624f5b6ed2047b6ef7,1386918194,auxpow_parent_match,
namecoin,0000000000000004616180d0c0d10b2164fa3e4f8120282a2c1a7b7933a1bf88,151029,cf588328118f1302482c8479956fcc3920014d4787d2b077f0f175bdac82f920,1386920388,auxpow_parent_match,
namecoin,000000000000000184beced8e1f69bce59fe0605b9334eb14c600d34c8c8d81f,151131,aee8a7c348af90a6d206f50f434910a4832be4dd9e01d9f8f8c6cabea484da93,1386962120,auxpow_parent_match,
namecoin,0000000000000000c4ce5fb205d93c51035e7b49be6ffe194364c8f8a625bbef,151158,eeed102eef35989c7d87d2e0255b21f47b399393e265ed13c57a8ede64c46da0,1386974821,auxpow_parent_match,
namecoin,0000000000000004a555c0a9649c6ba036dc2cb3b4009cfa3f2acf42a2f48d0c,151173,f4169e2f73141eba96e221aa299036ce3bc23b03e6a09f332802b74c7ca5ebaa,1386979585,auxpow_parent_match,
namecoin,00000000000000031815c456d7d5cec5b85e0f95ca02f397008df611610a42f1,151197,f8d30beaac75a29bfe8583cd0b7b5387e1c76e3ad21dea272e029bdcb636bb2f,1386989536,auxpow_parent_match,
namecoin,00000000000000006298eb753578957a0a4020a10036a9f11d28318abec61795,151256,3f250c99197985bddadf19b5ae3485a525bfc55d2ea465787fac4ee0577c3e98,1387018527,auxpow_parent_match,
namecoin,00000000000000016c566cdd3e3a3bf4632ff23264df3d3c915921d4cd67bd02,151447,1f99ab9cf04af55a8f82698ee15236fdd56a90252e507086c692f90da95bdbc6,1387105369,auxpow_parent_match,
namecoin,00000000000000039c110c297fad407c516f2808c951413a6ac549ed25a25a6e,151636,58583a055a8f5b76ed54befdbea7f510ada7c60c85d6550ec3ec64518dfe01df,1387195421,auxpow_parent_match,
namecoin,00000000000000046e0571e0f05aa7be6d5d4943e968cce6e820fe56cc216186,151681,728545a0d8057f2b552b5c327c26bff779d3940d5995e240458cb2a20bcab069,1387217350,auxpow_parent_match,
namecoin,0000000000000004b0f090d8de99d3e3ddb0624aca2a8d729d347fc669fa2b29,151687,ff4ed8446112860f283c220188bbc6818327912cfb9137327c9664359bd0555b,1387219521,auxpow_parent_match,
namecoin,00000000000000031fade751b2fa97f3a1bb9188752caafa48d28a3a30462005,152096,a354022cf621e7e6cb33ffcb19aacd7a4b29c4f45179aff21fa5874680d4f809,1387395156,auxpow_parent_match,
namecoin,00000000000000021fad4656efe13756e233548a1c3b99303f6cc807b086e8b0,152464,7f988f141511d25e5cd698d49276d89bce5d2df414bb703f0cbb25a52c4750c2,1387553410,auxpow_parent_match,
namecoin,000000000000000269a6700a3c493a5902de72ac21877d25c26bdf759d860fc5,153074,000b9a929c40d5db0c32d463448d200b97128981e34e85bbcf2765ca36b092e1,1387824377,auxpow_parent_match,
namecoin,0000000000000002a056bd5988c20c25e8b7667e9120efdcd6289cb81dc0d73f,153590,27eb8705fdabf895faaf9c591a3e448606def1abfb9abe2b75e8f3c2bd3611c6,1388075478,auxpow_parent_match,
namecoin,00000000000000030fdfd60f4a6062ef48e618795830c775602e6fc8ab663747,153701,71dea9de75099664f5d398a73e3935ed63ebe1b4e7e9946a6c20b71e0f654fe5,1388130452,auxpow_parent_match,
namecoin,000000000000000156eccd9b092b06f56b5163bde9c6655a32956268cfdedc84,153804,91b7e9a13c1a39d68ca3bb2b2936b18426a2ed38ce229ed97a32fb2dce6d4536,1388183702,auxpow_parent_match,
namecoin,000000000000000122bd83ab0188a3111b2cf0fa2d88b8faf0dbae9f52a66234,153862,d24927d0c9ed7cbdfbf5ddd657d18f3a339285153f22008545235e06227da5f1,1388217785,auxpow_parent_match,
namecoin,000000000000000370f501bad48cdfb6a6713b9d51f692c5dbc90039a9d278e5,154071,83e2bab897d0e320b4028298d52b772772ff0d0f4c5d857eb06969a425497eba,1388342995,auxpow_parent_match,
namecoin,00000000000000009d896871ff52d5a2dd54a9828900e708e8b78708ad175236,154150,d8765388618bf94b3b2f0233004cdb04d4478319d6a43a48475d1794126596fc,1388387017,auxpow_parent_match,
namecoin,00000000000000033cb2a1173ec63df6b57b73695154e18be9b84a98efeb521b,154172,3f0832b8fb970b68b97a04c0892d16fcd25bd6f3a02fc01b7e41e0b3e3832a19,1388396370,auxpow_parent_match,
namecoin,00000000000000015c2d14ac5b974d305d05ebaeae259d6d3bc227046938805a,154385,ab0eb9544f7b0adf7223d0726f51a3fb931c203e63a10a38f8f97150a5823272,1388504581,auxpow_parent_match,
namecoin,0000000000000002c818efac6756d2b988d21b4f37934014b2ab9a7706dff543,154546,4df72596da7fd9c53b46fbf807a5b49ce384e4e06458c9cc08a221f76648f67e,1388574787,auxpow_parent_match,
namecoin,00000000000000013f2a9859b31f1102f57189272c9c7f65c91a73f3d6494f0d,154666,9d3a899d6a309c183845f0fdeb391b347c9d7f0118ee1aae5395c6c4df8af741,1388625150,auxpow_parent_match,
namecoin,00000000000000022bdc0026fd39dd8af3c58302b8bc24f811a4e6e786137786,154787,518099460b75501532baf72c2f3318a7a11729e33553fde4e295b4e9d4f2828d,1388701409,auxpow_parent_match,
namecoin,0000000000000000745842f78b135f67518a3beeaccb3b88493abd53d97fde31,155100,4e1d05db57df8158b738c5cf1fedf706c5b60499bd53a5a60ee36c4addd3b3d1,1388859044,auxpow_parent_match,
namecoin,00000000000000020d1683eece6fb20ad47448f8945938c8a762a72bdc7465c1,155165,e7457ece4683a23674078556dbe6db7e3c28e670e3888d8f51450571015ad7b7,1388891265,auxpow_parent_match,
namecoin,0000000000000000bdd8c1143780f52acc118385aa304813188f0a500bf11454,155237,0a1625c0aa8754f2c4d1e23fd675f8dd70785731f3c62a7692170799a1e30aa6,1388919025,auxpow_parent_match,
namecoin,00000000000000023e34384836b313da6874a90bee8763d74cb10941f98935dc,155406,7000409474d22bfc1a18ddf0e3d67dda79bc38f0907dda18484b3afef78908cf,1389001452,auxpow_parent_match,
namecoin,000000000000000032c8e3dcc237aa00827f08bbad857d3fce58acf446c387c1,155511,1f817053c1976e5d38e995a0a1a793e903c63aa27c723a3f2635d495b7d56925,1389050733,auxpow_parent_match,
namecoin,0000000000000000c7a2966df511ce7de19c5e7ba1575c63f4905cce4f4f2cdc,155512,8bd6ecd4850e6096f8571472e54fd58c92418a52963c3d8a0d078b67a6873234,1389051218,auxpow_parent_match,
namecoin,000000000000000115cc230c4303c6cb3b41576c73fa43773c754799d9bd3236,155545,810652a5aac2af64864c16765a4dc60db6491dd9496d6f692bc3cb15e0a6739a,1389065152,auxpow_parent_match,
namecoin,0000000000000000fd4efab6f3acf052f78722c848cc9e63a39f09938c7c7438,155553,d72799adf67da00d5a217b8945075255f25395aa0d2f6c79b2d8c8777a240744,1389070142,auxpow_parent_match,
namecoin,0000000000000000083d5bd9813ec4610e435f61ffa56bf6648f7dea85a29ea4,155626,74f879005ac30cc90fe357fb652e7922895e275180a320a86e85c35fe13919c8,1389109693,auxpow_parent_match,
namecoin,00000000000000002b76173479ae9d08fc1b12443e72d5297c6c9d7e5ce1b028,155972,34eaf9406967bf4f351679832dadba208ca09730a4c8f525c6634b881b23eca7,1389271268,auxpow_parent_match,
namecoin,0000000000000001f223bf943387b23d907fa538f06537ba65f34b08aac74818,156751,fb4692fd6cd5ca7d150a34399d72d3cbda4ca55d8c6d09c059c82f28bde1b4c9,1389619632,auxpow_parent_match,
namecoin,0000000000000001564bfb5643b28db7050d2f06e801e5632940f91356d9714f,156861,02a281964bf590707af010ed78eee8c971bac862eb4109d2851b0e68c177cb41,1389665860,auxpow_parent_match,
namecoin,0000000000000001274c36f80da51ca016c44c368368fb5129e94e6fbb21e1e3,157080,748ee26f2d2ab884a38adfb3e51a9dfff1c290d8b7bacce10b103390eaff8a44,1389764540,auxpow_parent_match,
namecoin,000000000000000194c8b3b6f9fe2840e5f6f391a3706adf18f97549da866c55,157382,e18e547dda608e8a36648ed3154addaa60e2fe570a56197097e3855749bb4745,1389894773,auxpow_parent_match,
namecoin,0000000000000001636ba629856494e1f36cfa826f80888b1fdeb535bae7b534,157490,ef2f8afe9eb211de4071118396b5f48e1fbe07c151d0ae9950683f3f26386d3a,1389964125,auxpow_parent_match,
namecoin,000000000000000042db9b447c99eba546c4c3c5aea32b4a31012d27ffb87311,157830,1ac39dae398229ec088f0a0c25c2608ae211d882ea1ff96ba9f4382f73649cb4,1390141646,auxpow_parent_match,
namecoin,00000000000000001b03aa9ae7ea1e978cbe43e75702ce44c33dcd7afb37bbc1,158012,d3ebbeeff9faa7d26dbe27cef65e11f1bb31b78e78903db38d74b3abcf6ce131,1390237033,auxpow_parent_match,
namecoin,000000000000000260aff98fb265e5d34d9500eae42e1385b928d24c5c66c10d,158061,455d3951f9090abea5c6b2c96b81ae528f8a010e75f7e2415bbc30efe3b73286,1390259980,auxpow_parent_match,
namecoin,000000000000000134ae6df18d6792dc72a06632d0d134b2fe9fdbacd1cb7619,158105,9b2115eeb99b36e4188211870094ece2f2645fbd855390c39227e1dc736fc613,1390281471,auxpow_parent_match,
namecoin,0000000000000000b614413beee558ba56835c230bb27bab951da5590e22cd37,158115,be4edc4e658e546b49d0fe2333fa88a9c44e162e1c098435e6955071d14c7ce5,1390286423,auxpow_parent_match,
namecoin,00000000000000021a35587ecfb6c96117f5decbcf5927c819697f37fcb03f67,158324,7ba75cf47460f6f5e05fee2df7ecaa46e7dbf9f8f86ab859c7ea2908b62b1ac3,1390393887,auxpow_parent_match,
namecoin,00000000000000000e9a1983d4c123335c5395a6a1323f9b2326a62c37e4ec96,158412,46739b97d1c6a029eadc9bda09e78a0910dda6c986eac61cff17b150d9040ba3,1390438717,auxpow_parent_match,
namecoin,0000000000000001c43f03d9423eee1799763645426f56ed9b4ed53412e2bf9a,158626,d3acfdca6f0f91462156d9900721695b700f287ad2a9c6cc6f6b4a6d1def31a5,1390548592,auxpow_parent_match,
namecoin,0000000000000000209275309a7499ac03207fa747e806f0497fbebe582ba57c,159034,cbf91909272cb944a04d07bf25e8a785cb0e4ec40af212ef3991c0bd90ce374b,1390733361,auxpow_parent_match,
namecoin,00000000000000012c3aae4b47c41c1c8ad710f28761ad22753634e0875a9947,159122,4f1aac428ef3322898f715db78370c92f029c705beaea8643515644a8272b0a3,1390773703,auxpow_parent_match,
namecoin,00000000000000007e6b1df40d73e373f9da523115cab7a3150093b3d1aefb12,159173,3f1dac8bc1009470799d50bff93d7113d8c637154b43490c105d2203bc1d6322,1390799832,auxpow_parent_match,
namecoin,000000000000000054de5a263b7d1311b7a832c6f3b0bec1fbc621fc687681aa,159370,f1f59b96289592d2f489cb924ac1efa70a3156faf0e1f50a2154aec77e29922b,1390891917,auxpow_parent_match,
namecoin,00000000000000014bea269deccd15220a4ea600966bd9c97ea167974d576718,159625,b7e2e54dae6d04960341bd8995249c529553d939d9e0fcdde07b246bbb2a9945,1391038999,auxpow_parent_match,
namecoin,00000000000000016a3a8899a31520f9495f10f29961bdf5f082375aacef8136,159649,56048de4ccca4ee0f645ae88267452de2f3bd63fc4681734b910b934574b7190,1391055431,auxpow_parent_match,
namecoin,0000000000000001b46bbcb89c93c5ca6b29d0d75b8b9b1ce95ce4d75854b1ee,159773,e4205905f007bf542648d9c753ea272a3e5439fbeff920291c4334aa292ae208,1391113317,auxpow_parent_match,
namecoin,00000000000000006a37fcb285abc37e89728af8185e948a370cb9f27b37cb4a,159842,386d5f44b185b3c2b773a50a733896ccdedf0e533a8cecae05749a7a1e475a3a,1391148205,auxpow_parent_match,
namecoin,0000000000000001b22f96e9e5eccd66f25ea8e74e9c96b1423a7e2bd5ca8faa,159997,a724dbe982c321deb9f4573009d91b08376965c2bc5723a792b9d7d3d728d1f9,1391223419,auxpow_parent_match,
namecoin,000000000000000032229818c86cf7c5aed492bc9c53c9acb6ab427b2be2948c,160148,54dadc8c0fb582954d7a8a15a8be6ca042c475df35f151ead058e3638ce3c5af,1391293315,auxpow_parent_match,
namecoin,00000000000000019773eb5c1fb8445241cf39037d229976fae870eaf6fbd25e,160255,3fa6299838d8bb2759c846cd8fff212bf49a2fb4af7c6a04d8b4a9ae4b57df17,1391355255,auxpow_parent_match,
namecoin,0000000000000001a0efb07533ea70c8cf8897bca4ff17995fefe3b5457b9ef1,160346,cd30494f8d07802076b3300443d2c7e3f8f133ccd19b4d576b97a228a52fe46d,1391394716,auxpow_parent_match,
namecoin,000000000000000037f2a00fad324ddcf276f9b18d0a8a9a43831f5555b10ed1,160348,1846cef264d3e6b93c2dc8e53fb80447bd7fe2a137adb0f27960e1586f82f86f,1391396403,auxpow_parent_match,
namecoin,0000000000000001a84226cdb273d7013ffe83a77a456cab9e3e3c824cb14853,160643,184ffc9a6b341a534aa67d6a5a10a345ba57806ff4c2a71b3c43cbc0207dbff2,1391539492,auxpow_parent_match,
namecoin,00000000000000003f080f1b7f86033dc7b1c908f11af3490a897194507b27da,160821,c2081b316e73f4c0c6b9f7fc4ed48702fe08f3b713ff7da2ebf45003f0a8208a,1391630933,auxpow_parent_match,
namecoin,00000000000000016f099af98ed62864b969293b1be4c50b9394722f43d54ab3,161146,32f0c6b0e3901a1ae303333e940739ec8a9c793afe77e42b65c92c378d31f932,1391778266,auxpow_parent_match,
namecoin,00000000000000016237d34a5990271b5a2dfb636b36c24b205cdf2089eb549c,161279,557f9a0717618129dc6bfee937dd98b5327881acdbc4d1785481f60b1149305b,1391838675,auxpow_parent_match,
namecoin,000000000000000189b367a7b94f837e9a8575c45b9e5c906c0ead98264c8ee0,161609,fb37de500a35e584a636039b4c07fadfe017a6e078861af5fe59ffe0c8c53978,1392032755,auxpow_parent_match,
namecoin,0000000000000000a02efc4e57f970cc5f8d1ce205923830fe16f5fa65df8dd3,162241,33841eaecb3507f84ab25ce2d437c37ce6667eb2d6ced70a63a034cf382f5d2d,1392360589,auxpow_parent_match,
namecoin,0000000000000000f61d8b36a8642e573a81248e5d72fb479d80e14ff723c77b,162309,c9b6ddc2e7fa8fe64d41949a82da69b32b7d67ba2f66b3203a59d563da308014,1392390242,auxpow_parent_match,
namecoin,000000000000000154750d397949a5f2203500cdae8d447c14c6ae9b2001041d,162323,b36be3c005c0798525c7a193a5f9f9fac0edf76d232f08ba1d9e0eef1b77a5b1,1392397284,auxpow_parent_match,
namecoin,00000000000000009d7d02db607108a899932a9b6009ad2bf936c4015fc4ef0f,162436,fd979809e463da0fabe2cd38e5b192d06a44ff2d1234e58a74434b6298a51630,1392459034,auxpow_parent_match,
namecoin,00000000000000018fdf3468f5a8a3b44b3be2dbb793af2bd5c0436b9bc463fe,162736,6826a54e3024f3644dcadc5a8f537bd01de1814efb4bc2b6d34d5e90bd783bcf,1392597082,auxpow_parent_match,
namecoin,00000000000000000ebb080435bf874c8168c156073f032b7ad5226bb978e87a,162752,e2d6617c47dcd7faf4b7de9ee43a728f89d6bbe9b1c4226708998cd47d8b1955,1392602687,auxpow_parent_match,
namecoin,00000000000000000114468c1ca7d0a4fba19ba0f7f9e87e9841374e31d7cfcc,162767,7945a289d60eb6e7ae2862301556c6b71f652e282122720207dfb2eebb603c5c,1392610121,auxpow_parent_match,
namecoin,0000000000000000abc0aab5990a06dcd313cfa60589edcfb4f4858388dcfe0c,162849,7f42c00d5b91f7ded6630dde374a2379ef1d83ed8754ef2cf400b988342d0a35,1392653426,auxpow_parent_match,
namecoin,0000000000000000ce00ffa361c4b01cc821927d69bebe85d3f4099dfeb00c63,162863,5747c63d96004e741828ab5f0fa160b5dd49024202e6cbeb763768f86b45e0e8,1392662976,auxpow_parent_match,
namecoin,000000000000000062ca9e2b8114f7bdf4a0744f908102b3cc4a358d3e645328,162888,cf68c23ad77b4f15bd18d798b3bd3816eafe777a4fc3b71e75c0750fe3d34fc2,1392671953,auxpow_parent_match,
namecoin,00000000000000004a5befe6c3927a25fd70c5d808811bddf01336767cc20373,163004,03a82383058904de04b1cd8b5c8746a36d316bb70818baaad4f147943d919183,1392725778,auxpow_parent_match,
namecoin,0000000000000000002b5a067c26ca70d4f381ffa23af21159b2e9f0d047c0cf,163479,9d46aa1490bc9baa35aff6c41e617f4eb92f98b5cbb8608716629fb8ef3f2c67,1392955032,auxpow_parent_match,
namecoin,0000000000000000ca8a5e8d6e1c99aa2a210dfceef51ee104563dfc7c20a9de,163501,aba9f5caaf0e7e29e9ca74e1c5bbdf264e6c60cb5f0eb5ad5b7e9e15f8d001b8,1392967984,auxpow_parent_match,
namecoin,000000000000000124308a2000694ed138acfd238501d840ee7025109e4c0b54,163926,1cb7bc448dbed60cd6c5869cafca86f9bd5b9b93dea55f02264be39c6b3ca99e,1393198380,auxpow_parent_match,
namecoin,000000000000000088c4d75005ab588da15ca5b7c6f0223696664336b3e42997,164155,c53fa317b4f76b0cf0eec6690b47b5d7196f04725fb517a2268a04c7e025c6c0,1393316535,auxpow_parent_match,
namecoin,0000000000000000f98d4bd05c046ecd098d96b52e1ba04eb448ff9442efa4d5,164626,486ea7dc5079cc76f2dc90ef3e6af69acf9df869348013275ffa45b888dc00e4,1393554475,auxpow_parent_match,
namecoin,00000000000000010bdfaf70e75e00b1cc6fe34ec45b5511d4d77eb906b0cb67,165330,e17f46939044a4e32433cbebe983f1cddcad9ab7da66dd745b97a9be2effb843,1393916835,auxpow_parent_match,
namecoin,00000000000000006f75d48736c4ef373a3eb6bd9541814e3ecb142d028a8378,165336,004888004f1b64fd40e6eeb3592f4fbb2a5cc13867d8bffbebffa0b8e5fab2c1,1393923136,auxpow_parent_match,
namecoin,000000000000000027c9f0bdc38ec3acac09db6e4ebb43a93090bdd8960be64a,165365,99b36e0700d1244638c45b75e289615ff238db3a15482108542622b335599ad9,1393943992,auxpow_parent_match,
namecoin,000000000000000027fe47a3f48bfb6210905e5fc0ccc328592c5905e3f1669f,165696,a1ed99f27f0a2fb4c9ba2c991d2117fd66b24076c9c5a387b60ffe6b5db93018,1394132219,auxpow_parent_match,
namecoin,000000000000000072cf00ee6784478d9f1c8c07f9d31385a4b9b95b6074f690,166548,a7fd584e52cbacdc77725e2f63260695d5ffb1328e81cb453bebc39ecccb089e,1394616827,auxpow_parent_match,
namecoin,00000000000000002e2d4915f884569100cb032f9138af42d2f59256e2267d73,166855,3d807488da0fa482b9f73ce01c4a7e3d28cb313b4119693c65bc9a1971665450,1394825504,auxpow_parent_match,
namecoin,000000000000000078bd3420eae1e21c6d00cb77f86da4a8d34faabc2568c7d9,167413,1415322e643da5f5b42dc6c2056080b745f3588531479a65a47e7fa5861b4979,1395120304,auxpow_parent_match,
namecoin,00000000000000000f86c4bc2cab38b65ddacddf4394eb17d99953dd45b487e1,167509,69fc93a9523df187437a78f842e8f7e845c5ecaa7fa90cc843e0d1f465369212,1395184422,auxpow_parent_match,
namecoin,00000000000000002c8664b2c690e9f4ec61d955681767506933e28be8e73d07,167572,6bf71b7f4264e28ed91880e185e77c590bf69f264c48dbab6c489b93f9342886,1395221133,auxpow_parent_match,
namecoin,00000000000000006fdd524886d3d4088a4dee7036fff97ee43b587469fda6c6,167692,9e80f248ae5f3c07c54c64dd217aa414790e2cb891f63237b5178a9407610edb,1395286764,auxpow_parent_match,
namecoin,0000000000000000d594aade002752c65ee64b4c3df9aef457b9ddedd3e250a4,167825,a77a00908fc9236de20c685519f2f1ed893254dda1e2b576fda260cb9da73be5,1395367595,auxpow_parent_match,
namecoin,00000000000000003f685ba703eb78081a11fc062ffbb1952ee8ee7fa5fc1f24,167954,7f187aa6b511baef7596f69af4dbdc81ceb3e9ed5053182c207650371f5ff3a9,1395436785,auxpow_parent_match,
namecoin,00000000000000002800a499f8f2cb449b7f9393ebe3a9b0c53a99e63048195d,168492,f9e990c6adeb9289decd2b0d40fde61280407d7b6df99103a1574946c253b93d,1395712810,auxpow_parent_match,
namecoin,0000000000000000d75a0713b40e425ec1008e72e5378e20c971380f0ddbf51f,168699,718503c3ced326f2d8a65e7d187de1723e1bc2a27eb16e38c2bd4def60aa8d10,1395824388,auxpow_parent_match,
namecoin,00000000000000007418253422f5920619eb2746ca3c445d9ed4c734f48bd6ac,169151,116f466e89cea8f92f9cf107eb79f5042bce0199a0b0577598f693ebad24c006,1396052582,auxpow_parent_match,
namecoin,0000000000000000c66dafc4dfb048adb2a80e23e691f9b1e2e664604146b4f9,169356,c80357ef4ddb5b92a81f98e89fdf67b1d7ea915544ea792e0a28ec41c96d2341,1396165115,auxpow_parent_match,
namecoin,00000000000000006c19e7e24e8cb27e9ae395ed6bf7db21367a65cf6732b2d1,169414,9264f8eae20e9009891c674509ccb7855d5f906ca32fd71197cd61091c7bc7ab,1396201323,auxpow_parent_match,
namecoin,00000000000000004761b40a1d3c9658615ddab2379444688811f13c0410ef9e,169756,1b1560d3f74b4f8b326e74f7fb299429ea3eff95718c6c94759f568dc773d4e4,1396405952,auxpow_parent_match,
namecoin,000000000000000005dd30ab033fb912b9fb0a7f3c48a224d28b85a0ec06ffeb,169800,e72a9a8347b84189b1c5699adfe640ed6f71be48a82898e659dadb7ff362676b,1396431372,auxpow_parent_match,
namecoin,00000000000000002d968f98996f40b11db1b2409be709b332fb3c08bd48028f,170049,02ebeda759c85442ebae1a2e2b8be9e1b2d3705a3c6ebcd2daf5a5bc21e88693,1396548292,auxpow_parent_match,
namecoin,0000000000000000a2cc5b9427289b9f1b6aad41d6ede145c20300412d04d073,170735,aa57bc7427d777d5e5e0ac43e3393246daac5b1c2b1d0e2b8a3a82194a425dbe,1396894843,auxpow_parent_match,
namecoin,000000000000000018fff0e745c4c48f64290b11c7253fa5e51ef947a1e97770,170925,395abd88137ec9f33282c386007603e7a5bbc14efbdda2efd1b50c0f387e148c,1396986438,auxpow_parent_match,
namecoin,000000000000000043b5a2a51126a77172f928387ac8fa05a4285586a8b2092a,171088,252d0564175b1afff8cec674f3c2e0be3b7878245e92e9a201ccdcbf36000104,1397066373,auxpow_parent_match,
namecoin,00000000000000006dbe92a53bb5ca47425b406e8815f083b7c7dedc19ed98af,171117,bfb24d6ea1240775f0759e798467d98e231e819c7fbbdfb26fa4a423f5d555d1,1397079386,auxpow_parent_match,
namecoin,00000000000000008da64c4fb6b9e8175c84b694afa939dc451199ce7465cdac,171217,7e7315ec9d531fce8a1799182f6ec25bec63d02e27c1db751a8643e4a26ec3dc,1397126925,auxpow_parent_match,
namecoin,00000000000000000adcc73e8c62f817aa7b896ff21d48c36fd529701b741d5b,171237,68f0f535690f2a1eaf13f4b384fc43da5fa83a3635c69692f5f69eec50bd0b98,1397134068,auxpow_parent_match,
namecoin,00000000000000000c3c02d964698c21d93c179bb1c84bc47b7aa5a753e962d8,171420,2737e8e10f93f7ed9d62f4c033674f4f7a7cb1987412d0a159d4e7cc488bd49a,1397227858,auxpow_parent_match,
namecoin,00000000000000004f5b95d5bc582f8da0dc0cbbaef243944ed154d7418b7768,171442,4ad56916e4d47f49179bd26414fd3d92a118b9b8b857c1f75dae0a1919ca0bdf,1397239529,auxpow_parent_match,
namecoin,00000000000000005242496b3572f53edf94216915b5eb9954324f59b873f50e,171448,873bc02def4f142fd58126d7496d13572e1a09fecf5c2bab429ff4e9b0ad6478,1397241896,auxpow_parent_match,
namecoin,000000000000000059a177605669c8ba7abb802b7d4d19b483146525ab30d61f,171638,7f84f9dbbe02fe20c5331c17c11cfc009fae06748cc68e0efa8f2fe40a8c92c6,1397346212,auxpow_parent_match,
namecoin,00000000000000007ca2ad813979860481e22128420bcd6d47917872b895e07a,171783,98c982f0c98cec2f416819ea8da4776cdb328d12611d1a6a2ad25d42c00dad80,1397418137,auxpow_parent_match,
namecoin,00000000000000009a6f6d5d310688d2a04de1b074af2cc3582d09f4315b2727,171794,8ac4bd72ab05cf30f4c5bd43921a9f10efa32461a40b3d7adbe65d143dfb8877,1397424062,auxpow_parent_match,
namecoin,000000000000000032b45c7d4951bbc5d560affa9b703fc861b2745a7ef0a196,171986,e2ef643ebdd3bdd00afc39a0af8035d2101bdae83839b24d07420da4f3e61ae2,1397526552,auxpow_parent_match,
namecoin,0000000000000000afbc381b26db4edb92ca1bad0cc93be4435ae5439c638f76,172233,683cb143b4db1b272a92494c86570e63b669d5b9eef94b8da583be67c2e51382,1397659556,auxpow_parent_match,
namecoin,0000000000000000a0aaf4a5f8111aa4d7f53d93d3d4c1655b0b3968bbeca281,172305,d56c9ffa4a9ce0e37f9199fc753970b5d0fbb74e11c3a7b0728297271eabef98,1397695196,auxpow_parent_match,
namecoin,0000000000000000057f4e286bc2c6344a05c2125631c7b3315468a3dc51b819,172432,5658f3b22b371e120892a11a75b85a3023242ee91d23de389827895622f90a48,1397758891,auxpow_parent_match,
namecoin,00000000000000004e045128b2f7695fae773c14e8ca94807026b38f6a98f48a,172577,4b10cccb8b07b40e1465590a1e4ea5c3a90ff24c502df50d1d945e5460653bcb,1397838925,auxpow_parent_match,
namecoin,00000000000000005047574561883122b470408975759da3a3aaa427b26348a0,173033,f9739df93f9add30670de7d7ebd4d9c17a9655f25d5c0ea350b35d5807e8049f,1398054368,auxpow_parent_match,
namecoin,00000000000000005c205efe9c6b494bef8b5aea12354332fdfe2756e684b0af,173210,95b5f1272366fc67a6c3fc8b7b41da7e93193dad29ac73396dd98d4d108ed9e9,1398137898,auxpow_parent_match,
namecoin,00000000000000000e83c18d7d7d26761e66186c763fd908d6f70155cf32eb49,173429,e62d0ffb3ad9e4e8e34cab1596c25969b67fc8b2abc18ac9a5d93dc032e7e2b3,1398249521,auxpow_parent_match,
namecoin,00000000000000001bb1e7050f0a7c3285a13367b155792f5ded9763e7b8045a,173578,7cab31ab7d1cd47e699efdf04a8b535cdf9ce68e99a928922a3784481424de02,1398339555,auxpow_parent_match,
namecoin,0000000000000000783d0e4d291fab910e1fe95b82e6b09cbc2bb8cdcf52d110,173928,d3d26a39596dd8f0e7d18ea1e42041c3b6c00e01973a2af3045a44015a97329c,1398536834,auxpow_parent_match,
namecoin,000000000000000053b3fce44eaa50c0dca6d6c5d2d63818e08ae72b9894a5fe,173933,74513059ec064dfe7943d97128576abedbe1d0ecfeccca03454ca7e9b49b85e5,1398539856,auxpow_parent_match,
namecoin,000000000000000007b28cb11b554efb34d62d51b13a1bb84a37ac1a80e5704b,173937,32a04db8d7ac29fc68296071c8e9fe7a454c0d8a1a1185c1ae6313f18e7cc396,1398541706,auxpow_parent_match,
namecoin,000000000000000064cb2f55ea3758db22489b77997a1a198d1cc3a249820ec7,173945,a7e6927f12cc49f5269ec5a053b9b68370adfed7e36fd5cddd28a9823c13f8c7,1398545895,auxpow_parent_match,
namecoin,0000000000000000953037bbfd2ad63cbe1c08c957f530aea03016b695cba8a6,174117,70dd3e6aec4a171dcc6cc6887399bb6bdb530a7205c8991c602913441227050a,1398634361,auxpow_parent_match,
namecoin,000000000000000032d2d9009f73816c838dbc77880fc9c5efb84f2720c80050,174424,ba78efa3a51550a5954c23f4c239708fb73534c2d76be6c733e34881459b756f,1398826404,auxpow_parent_match,
namecoin,00000000000000000356d0f6bf86d75b2787b0a73d2e1b17b8a53d7bd6309fa8,174853,48b83a7641de581d57e95c53ddf58bd95ef225c7ef16a75a230de1593d9384f9,1399039166,auxpow_parent_match,
namecoin,00000000000000004af04afa9b53b1a9bcfcb146199446b7f6df4ca67f405aa7,174860,b49968f995200d263792d309448de472412ed24f6f9e965dab586973c97547f3,1399044438,auxpow_parent_match,
namecoin,00000000000000005626add2e7240a28b2dd3a4e4e2acefa8c4c9825d1325e68,174990,1a13d81576a9da67991d7ef43d6dfa718ec6713bb7d74a893e69c7f8ad36e0de,1399123882,auxpow_parent_match,
namecoin,00000000000000001f620c64e6c9a56bcbac52bcca074a9d8b291028ee4f0c03,175250,a0b9ef084eead36a77cb5762ab4a961c154e9c6a0acf041c2c79712f2de3431b,1399271260,auxpow_parent_match,
namecoin,000000000000000050d44bb0998c41f89f850efa05aca23432e3d05ab290f6a5,175355,832a05240c85cae9dceaa2b747f188be8f31b30b3c505640234252c11577f098,1399332191,auxpow_parent_match,
namecoin,00000000000000001f64a823735f212b3d8d09740d1a4b8b82531ac04b416f0f,175417,8d3030f6a81581b059bf369b6d86c1c19e930438ec92d6859dbb01d3a44bfffb,1399366009,auxpow_parent_match,
namecoin,00000000000000002dc88dbbefaa1dd6a0f195bfd8a97bff0fe10e66d2518638,175500,af36780fa58292f988c6a03d89857d7e31136b72d57d565b08a7d5baf4740508,1399401223,auxpow_parent_match,
namecoin,000000000000000045d6a5446b9ca061c49a8a84d27aa186611855da3fc5ac2b,176292,7c078486b66173335e6d509785c8df9c03b6ec7bcafbc9c3655c128a5c517063,1399798260,auxpow_parent_match,
namecoin,00000000000000003ea00b983ae4524de9c52fdd0e9933ae75e4208073bb5c96,176374,d8961d226118ab0daa95ecf5a968e05cb3204f06f72a0645ab1ac8e6a2cc4053,1399843639,auxpow_parent_match,
namecoin,00000000000000007a55a477c9843c6ec39d0dec23b408666cfa4505438be310,176472,a2e398dcf603e93a725f6a9ff9d14bdf18dcc2f87d3e1cff999e7428e605ed2d,1399893373,auxpow_parent_match,
namecoin,000000000000000038f5f0e13b2c3308d82132cca6815e525caf54134036767b,177506,e1487a8cbd39e777583ec3e8c7105ab64daddf3a762fd5f150b51f7062ae5fc7,1400395528,auxpow_parent_match,
namecoin,0000000000000000330c589797927e6fe31cf32ce0d5185a5bf4e21918023184,178913,585c56860d7511e9c8478327d3f157b16cdc3b2d783c8a77b4629caf28588d0a,1401116569,auxpow_parent_match,
namecoin,00000000000000000fc1286af283d6959654b2c32b3a254725cec2cc27792a09,179072,8a9b5b2264ee81dce6dab57dd60e05e6542ddb44dfd0bcac16a934a9b55abef5,1401207998,auxpow_parent_match,
namecoin,00000000000000000d9da2526a9a271b47e8e48e15502b6449debd278415b1b0,179692,4ad72bcb4c08183098acc8bd9572d8f135b1da5dc86b6eb8e194224d589ef2b0,1401534257,auxpow_parent_match,
namecoin,00000000000000004bb5f22cf5377e204dca232a387e81b1035c67eb84ec65c7,179693,05839a7d94e3af05e28371f5910dc8ffd4429b85d26499814a9473b6b4c78a44,1401534760,auxpow_parent_match,
namecoin,00000000000000000b10cb9008b91cdce88d6a1a48a425b5c2afcd72d64e378a,179782,7ca01b07c39af754ae2d037939d65f1e4ed9cdc6daa61683f6ddff7a9a0bddad,1401579286,auxpow_parent_match,
namecoin,000000000000000054be0a9fad1cce0b81402d691a880cb87becc9ead74752ab,180058,d045d4c1e155c8e8643d7f6c145478302be79770b7d6c149c125d22ee9918c06,1401726675,auxpow_parent_match,
namecoin,000000000000000031aee069960d1a1c0bdadcb647f169913aab6fa9652caa33,180421,af8e74ab2ef72af29f4ea50e7c157784b7044b2a7de2561551fbc0f1326783de,1401897510,auxpow_parent_match,
namecoin,000000000000000059e1830c914c4ec867af5eda712f3a1d6a596ace3d6dafa2,180467,87b289e987fcd66e794056ab6fdffd009ec49daf7a802739d8b2a0001309bc32,1401924829,auxpow_parent_match,
namecoin,00000000000000004a6351e5083968e057ad977099cdb7a8f9e11d4bb44444c4,181398,95b8c3ab5926101eb2be660b137b2c14b0fa81cec37fa1a62017e752d1bf5b14,1402384174,auxpow_parent_match,
namecoin,00000000000000004ac89fdef43340959806c3d71fcbf7dbf9425386c305d0ac,181464,7a69f3e888526ebf57b15dd0f35c56de0f9f6ebef02113c4f521d95a524d19dc,1402421428,auxpow_parent_match,
namecoin,00000000000000001a95d811e34fa4025b015ef43be943456e8e604342d45a41,181481,3cf4ece9df8ab3da7bfee3677964db490303f4ff3e116a07efc653a18dfd1f42,1402432436,auxpow_parent_match,
namecoin,00000000000000003559198b56d5c262ed3a00ed66584026142d1390170f8b52,181485,69126696a9c35e36ddadd7947d7093e4c0b65196342a8e7fe52c561ab49ddc8a,1402434453,auxpow_parent_match,
namecoin,0000000000000000455efb728f295879db1b501454adaa03b6892ce9d990732d,181764,2f6e5694b0db791d40136c2425180a9fdbf04d7aa0b7acc8ff037b412f360f6e,1402579664,auxpow_parent_match,
namecoin,0000000000000000115b7a1d1e37245958e398dc306f17f9d27fca4b5d1e1bb6,181933,1879910496007772179b078763e0c9d66fada490690ec960f26930df45962f3e,1402666508,auxpow_parent_match,
namecoin,00000000000000000868cee9f5dffb040e9d8d42256652ffc16be715e5b791d8,181954,f904b02f7015542b777bd44fa382723f2aa6484b0693fc66f63d0cee92e8bbc4,1402678606,auxpow_parent_match,
namecoin,00000000000000001ad883df54c500adb017ca2fc0f18d4968f6567cad25ef6f,182625,24f6858878c9fe847fc4d581ac357beb484d1659f81b2d5b7ad7011417d788ff,1403008035,auxpow_parent_match,
namecoin,000000000000000050fba9c95ab8950f95307bc345b0f8694ccfc4828a5802ce,182661,afbee7ef738ba11e83c2e4d8cc6f2f3f8c8b2470abbe1b6e8f3f435cfc008b0f,1403027113,auxpow_parent_match,
namecoin,000000000000000004d82482261db8627f055319600b046448bfe12606e1967c,182818,e9f53049fa958c1583a36afc26d900b2780e17f44caba371c21dc03566d03fa3,1403110052,auxpow_parent_match,
namecoin,0000000000000000292d779afaa73d3cd1f1c579e0552a52c4b6e2dea695037e,182985,087e52b757c4f4031d550bb35920002e43a6f9b161f406b2719dd643061b419e,1403195136,auxpow_parent_match,
namecoin,0000000000000000370ce651fb8d420f57a3f6983393fc679071cb7d496e5f4c,183240,e91f41d798c5d39ebd6fe14108c890db856fad0c83ae1817a5a247e83ae0a97e,1403321532,auxpow_parent_match,
namecoin,0000000000000000033fae9b137892253ac7d1142e91579a604e8e8926100992,183684,f890e345fd31cba5ecc2c497f920d4ed404c1847161bc6f7653cd557cbdb103d,1403561289,auxpow_parent_match,
namecoin,00000000000000001caecf150fbf67bc36817309ddf7825d15087c7d720ad21e,183816,31fc7be2698cab79fc7e13c30bc40d3abe008a45d19b0669069fd950af02388c,1403629607,auxpow_parent_match,
namecoin,0000000000000000312add95f71f24f0cd34100bc1c783185cd220ea57caccf7,184116,ba766037df2d3e628c0396505624acca2cf73b0ff03d13e6900413479713a894,1403792291,auxpow_parent_match,
namecoin,00000000000000001d0c4b50a2f5924b7cb84dead2f876049262accd75634211,184940,6741fc5c7f42f97b734e9414e08756bb1482dc17a1a15afdbdd3e58827ad1fae,1404234816,auxpow_parent_match,
namecoin,000000000000000013e57464026d4b21296b5b6d61f8196e98f6940c9be91a5d,184978,e64d50fbf5d6d17b1f0672410cc21d124d8391c5ec1ff7df59cbc4fd82b576a4,1404254679,auxpow_parent_match,
namecoin,00000000000000000a0617d23c98a524081a6707e2628e4a2553bcfc466ca065,185111,3ba2433450c181190eed022226f06f108b909d3aa7a47023f8db9858a38dbb3a,1404324638,auxpow_parent_match,
namecoin,000000000000000007f396de4e4079872aa77a2d961710c9d602fdd5931cc388,185122,83c2a72892fe0c4799705a4d183f4c13d0bbc12cec893615d4b6f07c12134ca4,1404335563,auxpow_parent_match,
namecoin,00000000000000001da9bf2167d38536d997a8d80f1deb290015992214b02174,185136,73f6b2e634b74592cfbb1bbc8fac3f14f5f9e96c276b787598e0b981184f40fe,1404343749,auxpow_parent_match,
namecoin,00000000000000000a00e8f0c39d2ee4732c9720ccff41cf9040507f731c47eb,185429,f4d3cd54e3dbaff9f0b30a517e5a3336a1d2102a04eafb917accb52ea3294b3d,1404503214,auxpow_parent_match,
namecoin,0000000000000000322c819a508e8fca8fda8221a8d5b422a34b7a6423403d04,185541,246f786c880d18f61eebd511c3dbdb108d7dab20ec604ab7b8d50fd0afbac84c,1404570842,auxpow_parent_match,
namecoin,00000000000000002c1e31309c2dfa0e15a48e29160f54a385a0b86c4923a200,185694,b99d3a420d816a8655aa0dd1a993f7525ac8d10b65b72fa0c229632a7a9e060d,1404666431,auxpow_parent_match,
namecoin,000000000000000024c4ee27077e037c21b9f854171b10b8ce0aaac3dc1bbad5,185712,4c5961b3d2b4f7b49e68feadb74f114b34f6cf081d315da874794f5d8d58b3ec,1404674833,auxpow_parent_match,
namecoin,000000000000000011e9f7502f1c9d83996d7c64ca9135cf15332fa1436d8e2a,185839,f5e094746de043d839732c150c3ee2a9aa1b508c50824e7617f665c7da4ec3fe,1404756661,auxpow_parent_match,
namecoin,000000000000000039c514a78d8f3850ec42a321dde39c550b55f77e1d83bf8a,186207,1be1221ae308e6b113c2d2aa8cf14ec2953c6c07ecc1c58b2470e10ff07530d6,1404969831,auxpow_parent_match,
namecoin,000000000000000019fcbccdb0ec68b0ed31bd6accf1a318917efe844ec3972f,186463,7ccb7968b25c253ad24e1a475d5409667a772ded9a585d73ddcaf5aa48f01596,1405114464,auxpow_parent_match,
namecoin,00000000000000002f22e9a5da2ed813666ae4d4e82abb2b2936f5ec3e7953c9,186536,85d701b6bea16742442fde6d127c23dee7d17d3244916a070b5a286e008a46b9,1405159338,auxpow_parent_match,
namecoin,000000000000000029f3117c4997947f01f09578fc4fdbd9bd8f595f1fbbb5cb,186978,13748aa18ce65838e8e3ede67cd97608a2e035a59434d9dc96b4ed43244e61db,1405411286,auxpow_parent_match,
namecoin,00000000000000002bc4cd66a5818ccf9b33f8ed864e6a6d3ab5a0b957101079,187074,29a53c7ba38725db22686821122409e76df63d0cca92eba4cbe054330ff6d045,1405466418,auxpow_parent_match,
namecoin,00000000000000001b8cd70478d045986dfe780d2276332b61ac2b6e81f531c7,187173,00c8835384cc7e92f8e61857ae3b0409fd03b534db1090047db63d95ddffc984,1405522989,auxpow_parent_match,
namecoin,00000000000000001fe002705867108b54e4f532f78358040c7d2c0e6611a24e,187174,71da543f8a1eab20edc38ad2562b52ab8b0bc8bc069480ccdf635687e85d9639,1405526175,auxpow_parent_match,
namecoin,000000000000000036e15fa7781f3d60117c58ee31ae9ecaf4e7e67d26aa773c,187228,6a21e2f95f3793d1198f76bc5a840f7b3b3b9481d10e9a8f522bb7a1939f8f68,1405559818,auxpow_parent_match,
namecoin,0000000000000000214b1c2a195e1a8f789c471c3fbab3af527348d5b7910439,187347,14eef6433515c3af430153c34bdd43cc7e047de3b4f7975e86cc829a902de3af,1405625553,auxpow_parent_match,
namecoin,000000000000000011f5b1aabff033b1973bc970188ed765806f399ffd18dabd,187526,80112d4b0d7bd6494f1186a2c47eae711d0297c59ecb90f5f7ff71fc4f2f9439,1405715741,auxpow_parent_match,
namecoin,00000000000000002639d13ce1301d55839f8d57ebf274e5ea4c704afe18be1a,188143,f478895a473c16ae5b262ea153810510d9c68c3ce63330b477f482fe4b3eec02,1406060053,auxpow_parent_match,
namecoin,000000000000000024e2eb6219f68e36bc58a44eb5ff88c2191d77a719d9c473,188258,c09f3f9046cc79a76881d2e94e04a58d9ff94980b22909f9e1904784c6f0d0e2,1406131851,auxpow_parent_match,
namecoin,000000000000000029c96db2925ae8459b78c4244fa06f8033709c585c4e7a15,188418,3ee219a81c31192b2b5b9060e5d711a147ba264a31e1fcf9bdce3eb1afb03bf7,1406221876,auxpow_parent_match,
namecoin,00000000000000000aab7a95f7732344c075e80c88fc71efd719c6d790a62384,188444,e3fc75632e64d9538ad8f5c9cb2e1a568e1f37234ed855e513e2dd408d614ce0,1406240039,auxpow_parent_match,
namecoin,00000000000000001cc50e6b364dd2e0077e934bcb76d36ecdf404eba28c7ab0,188814,d74d7dd4a809bcfc041a09816475278a19d7af33efbb2c6e67eccc3cc8db7efd,1406436894,auxpow_parent_match,
namecoin,00000000000000001facb1c4ecba7538c74f71754e812f15a6a004fa3b59ecad,189350,b03f5c2580e47950515a30e8fcd1d9e52f4a0fdf532cdaf36626fe6184a3a4c7,1406730323,auxpow_parent_match,
namecoin,0000000000000000055a9c7764bf4ad1cff9b92533acd6b6ce9aa2287685b560,189717,6dd5f7a52200ce9c4ad523ba10fc4f4bc0cb3a190d98cc86ec7c03704ef4dd0c,1406956251,auxpow_parent_match,
namecoin,000000000000000011b850843adb06dcb445b01f7725be2f9cc5e6133bbcc00a,189856,db392e11942258674bde005495b855c0fde7eaa6700a821cef523ecdd57f5bf5,1407020777,auxpow_parent_match,
namecoin,000000000000000011beddc6aeaba12bbfdfb4d531e84e30074745669931a97f,189887,3f4c8c18ca3122da642c110e351896f91159c3b43f647cfd11180230965ac626,1407038195,auxpow_parent_match,
namecoin,00000000000000000a5d973c1a2089a3c6d451cd7b1cbb7f8f13d71092532565,190420,b2d450086696cf2c3e77fdd1fccabedbf1c60b7c79b5ce877d9fbb7bc32fd9d2,1407343250,auxpow_parent_match,
namecoin,000000000000000017915d6c3952310d824001f706c56365583aa099f6933643,190604,c9f7ff3ea3866c0af6b9575a252db9734c558a1700a4e65cd2e99022e6019877,1407439667,auxpow_parent_match,
namecoin,00000000000000000f9fa64db62b347043ca892bb190bf6820a49c02d982d741,191732,5cd0ddcb4ff7d9587b6b60d51144d68de7be6f8d897349ad53eddeb816275806,1407999591,auxpow_parent_match,
namecoin,000000000000000009a3c2a869168dba3612c1bdad1198ddafea26d901967e65,191965,87579b8a2b6e5abffb444a3b38f8bcc0b18102410664121f2a0859c4d53963ae,1408129812,auxpow_parent_match,
namecoin,000000000000000029000da8903b3df605b111e91b9f18bea9503e53c22b3091,192630,2f739d2431faa23504e8ba03839880c27013de7c90a5b058540047a3023d5377,1408727271,auxpow_parent_match,
namecoin,000000000000000000b300a71978d268a1018b7bd9a89f25729fe6e77b9b011d,192678,a5a6c6074390ee6dc6f2e173062421970c87e6348ae5febdbb3727f8acb2c132,1408772885,auxpow_parent_match,
namecoin,00000000000000000839507dc27f974b2380dde870a3dc637986e32a8e00e379,193021,564a1e30941025449a79b064103a382766e25837cd7a39acfba0ca717329d4e6,1409069419,auxpow_parent_match,
namecoin,000000000000000000dd116808449b5c8dd130e00c246fb14309643e5f98fd2b,193143,2c1cdac0e472d66b2836f62088ce53045f3ff2d159631f5e0fde1ed66c5ce831,1409248190,auxpow_parent_match,
namecoin,000000000000000010508990102a18f532ffdc2576fa6b858b60574441f8ebf4,193274,d52449e8fae1a01212c113961680fefab90c5989684fe5f1433cf136a75d8cab,1409378520,auxpow_parent_match,
namecoin,000000000000000015882e950a271ba3efeeaed31788fa85026e8f2d37b057f1,193304,36981086b4e69f29b07f6b9d129fdcadfb50430bd1435713d9f22bacb0efb889,1409400614,auxpow_parent_match,
namecoin,00000000000000002110e6c2417fa596d13ea555206698593344735d12f79d66,193334,18d94aa8a02c34ebc7a534f3d5c046e842374a64309b9d2585ffdf0e819c7791,1409423210,auxpow_parent_match,
namecoin,0000000000000000169a76e8bcf8a3d3d1e04d4ec071fd66ea6d62ab28924b86,193995,37fa7b26812dbbcb8e91f1462d3f3a747b346ad3ae57a8d5c427ba9632b5d64d,1409858879,auxpow_parent_match,
namecoin,00000000000000001b87a6cb14765775131522df7a1131c4861e331588171f59,194322,b2b299bb314edbad2079823dd0b6b4a8aad5fcb49d8f7755f9c57f3cd9a2a8d1,1409994360,auxpow_parent_match,
namecoin,0000000000000000171c9655aef946d1b428d55397fcadc26f79386ad0fb61ae,194605,200b8ad80133e720422f02082a9222898608b09895b49c47c94c753be8e38de9,1410104456,auxpow_parent_match,
namecoin,000000000000000011edd563092bc2745a7ef3afef1cc9a7677b771f8cf6abd5,194802,fcc14fdefb7715d5ba968d29c0b99d19e68ec4f857eb33cfdcb09a16b5357ce5,1410179785,auxpow_parent_match,
namecoin,00000000000000001af016dd744624803372985edda587f0bf5d9689118cdae8,195760,15cd4fba64daae62575feebb0f6ae68fb13c7d39841642c41b98fec72bce3906,1410563407,auxpow_parent_match,
namecoin,0000000000000000028ac57f96a4426284c6cb08f0e455ca47c7b20db9d72709,196211,9ef72ab175303f5bb16b3107cb35c280b7fb46ac9ccdd5830ea79e4ed0c80299,1410790846,auxpow_parent_match,
namecoin,0000000000000000058969095ceb8a4c55a434e27ed2614881a155f482705d44,196964,bfdffa801f8a81d19acc6f6739c9f7063711fd4b0f62579e5d0990c17e3691bd,1411123798,auxpow_parent_match,
namecoin,00000000000000000e0e4dbd2c33b0b909109f4bb9afa8d6dcf5a55bb3fd6256,197169,effca3382ec8a0be51aa609a6fdb76e98e69be565c7d21389a936b407f193acb,1411215609,auxpow_parent_match,
namecoin,0000000000000000232f0f338b4468727d10636d920711e95bd73e187228302b,197483,c18a7843a9277c9d5ab830664fa3cd0c69156c523e36db4bd32a1ac03d9c8608,1411360973,auxpow_parent_match,
namecoin,00000000000000000e27b632d82097b7f1c280d255f2465f62e31c63281dd470,197899,17b005784329d4fe60251e00b0b2a81e35d459adb2e6c7cd9c26e8366472bcb5,1411591610,auxpow_parent_match,
namecoin,00000000000000001dbcea891ed1539ac7e402d47f2590f9035350db3db64bc8,198665,bbcd74011297d0783a0645e155ea78f4acee50f52a12c8a0cdf520081f9404e9,1412017614,auxpow_parent_match,
namecoin,00000000000000000e3a50d56c770ee252204c449aca63bf500280a383b417a4,198889,a48691600adcd8dee210c42d2d21c8700aea5bea0f0dbc16a24af2280e2fb7e2,1412130848,auxpow_parent_match,
namecoin,000000000000000008b86e0d34675f2aa917fd42c152b391966533dad5df431a,199089,2d68c2d75a20cbffbd73988aa4403b9f0a90a09b7b2c6db1be0470a50b943fc2,1412229795,auxpow_parent_match,
namecoin,00000000000000000532100498b3f5114542a546864a6dfc802db29c56472db6,199390,fde050531f678db0d163a1d7d9a37e61d16f3636b91370a244ee5984748258ef,1412384350,auxpow_parent_match,
namecoin,000000000000000008399be6802cfb59e419f115dba911596ec725cfb3ad262f,199491,4b85ee67c27dd23d60d01b013171b75b7c13e781993819882e64cfc4673d13d7,1412437231,auxpow_parent_match,
namecoin,0000000000000000110f895b4d5145e632fbf8fbaf2d330063830300ba45b911,199817,d79005df56a4515e64e6e34f54b949e1a62bdaa6f551b1b594917b8888f8bb2a,1412614590,auxpow_parent_match,
namecoin,0000000000000000039cdd2b92f5e860d97b341c6dcb41ba88d1fd8c1e364b07,200229,6dff9850afb54a17f01edc8df798789998586cb59773f537dbcf71519f595130,1412869625,auxpow_parent_match,
namecoin,000000000000000015d0d17b2f534e9b7e0889740c313a84e5b1be7afaaddd19,200237,b22777902a0b805d73ed920b3193bcd629e63afc000784f3ac953d95b8e7e3eb,1412873667,auxpow_parent_match,
namecoin,000000000000000018ac828655f1956cde594d0056193f728d44eed3cdf2d313,201969,fa5a4a00d159f768fbfda2a252b674db264676e251bc691a365213df7bcd3d8d,1413906500,auxpow_parent_match,
namecoin,00000000000000000a9895ee1692a52dfa2e4f839023ac66d21cb662c381ffa5,201996,6069a57ee48b007d3decc324f4af96f84cd94d637240beb80dfe58fb5509d71d,1413921475,auxpow_parent_match,
namecoin,00000000000000000c55f51615e0ac7d5f415347f0cf19053cf126935c8a9e9e,202094,eaed572b40695ced6cabd29c99c1824e1ad335d70f2389931f66bfb5c18a25cd,1413977337,auxpow_parent_match,
namecoin,00000000000000000fcb24efd2c351e1898e0928d9263ce02a196497543c7f46,202321,86197848670aad8c26317b34ab62a891ad17b8f91e93de1e79055332a3eeda72,1414099330,auxpow_parent_match,
namecoin,0000000000000000065a49f38a370dd2b08228a3fdf08d983b863bc88f897d4d,202348,e8e4d60604d6fd5e1067f4b6b40d23d564e9ac0ad19859795b5af63e0ae9327e,1414121977,auxpow_parent_match,
namecoin,00000000000000000ecba38c6a94ebaab5eda8137510e0aca82755fb7601e6cf,202714,60c37b2a64672b4a112e6d87a2d9c036a2bba34cf77f06c4dabc66a7b739c46e,1414339357,auxpow_parent_match,
namecoin,000000000000000008532e7006e5cfa66c81d794359c1591af68a06eff88677e,202756,0d9e2997d9cc281b87238e1d314806e879fd644ecb7770448fa887ddd51c301d,1414367190,auxpow_parent_match,
namecoin,00000000000000001c45c913ce30ebe44f63d49098b320db5a8fc71e1dcfca16,203115,2dfb6218843bc13e3d1d894abcb93e6c6e518166d529042818c1357fe47c5334,1414596849,auxpow_parent_match,
namecoin,00000000000000001e54e72f3bddb8a011b26a467a11237f18ea176fd13a0119,203263,15ca2bbd6e89708039e550f799f62219a20f79c9b0550fa060fc0ce268dedde1,1414678543,auxpow_parent_match,
namecoin,00000000000000000ef60304e0a63dc8baf6ce86c783cfb2831729805b2d798f,203658,c534394f6d7ce61724cc9cc811810e9741cb9b2158e2fe13cad3f230591737f2,1414895227,auxpow_parent_match,
namecoin,0000000000000000197d0b847ed26805302eec9f5d2dcc87f095bc79f920d451,203965,d09fdae5e5fd163b070600264a64df5a9195a651c3dd489d3a559134b46c825f,1415104021,auxpow_parent_match,
namecoin,00000000000000001132ee7db295e56abccd687fa2fa2790831e501445defd24,205268,a0399a9bd139c164812d6f2729d2de8fa7fc6c5ef3492804e0d259036efe61c2,1415892187,auxpow_parent_match,
namecoin,0000000000000000176cc9a8c769af145f3ed9aae9c4230424cffe786feaeeb3,205501,195c57bfd22e997380c45720daf31436cb55a4a3a44603fe5772e80f760c2b84,1416018363,auxpow_parent_match,
namecoin,000000000000000019c45d0aa0a6833352af6f30f8fdf554e271f84db9bca530,205999,d11b4cae18b38a7a0a6648677e571d4077a4640a9f0d8b92d86f08256279c422,1416307083,auxpow_parent_match,
namecoin,000000000000000012ac8cec3a9454ded9b2d754ce4c89ee3f5e7e49428a6d3c,206402,46a8e9ad0a7e99c8720c6419619e8c756d3808040f3629b5949d646cb8a368a5,1416541236,auxpow_parent_match,
namecoin,0000000000000000100222909a335d030af3270e6b829b3db2de020208163552,206460,1b8ceb2204d7710d7d47bf4c01fc215b57758c786c5b2bc33e4f14df230b402e,1416580946,auxpow_parent_match,
namecoin,000000000000000016c6596f6e3972236b53fa37af60687ba9ad25eca441d46f,207133,73e84c0bf1da738f32f5c31178e0028f71c86d884960fe85f379b2e45506a3ce,1416980754,auxpow_parent_match,
namecoin,00000000000000000341ad06d0b0af1122db2c741032579b4739eb7b51fc2643,207237,4a6c298a1e021266f9f2b43b383f2132e52d4e8233a85e026e9694c78b3a7779,1417035165,auxpow_parent_match,
namecoin,000000000000000009f1a1d3fa0eeeca1ead97edd68dfd7748e451e1f7a4e3bc,207930,feb5b99fe291f4d19e681681256ebf083dc41c059f1370a8368bef525ffc6888,1417416831,auxpow_parent_match,
namecoin,0000000000000000161ec18d24d950f70e8c1624e4623dec1dccd1550d588871,208037,14f899239e5b77372f534d433afbd3105563bbea40e088aedb50558332bae713,1417488986,auxpow_parent_match,
namecoin,00000000000000000a3ecd216041408fcfcb878ea231ba8bc571b1e1e53365a3,208245,5ed9b14a2d571a182df9cdbd4b5777118506aa8b22394d29d4a620a8c944e86e,1417619761,auxpow_parent_match,
namecoin,000000000000000010493250758adfa273c6106f779dc72040cae22750be3d50,208291,f1f2043b1079a9f965059dc1a334f64ad9711d6558d2eb18f915f1bfe9ec4698,1417650999,auxpow_parent_match,
namecoin,000000000000000019b14b17b32d32dffd53a6b1572d3fda8a3d75f193243380,208348,9cf3c5ba086c03c4d19ba189c050bc0ef63150f09da330f135f76d7949a07895,1417683389,auxpow_parent_match,
namecoin,000000000000000018df1549dcea41046a9bd10bc5789ce0266163d4d8e57d89,208707,458e1ff136cf4d58c7c753a9f682033e23e708dab6072b981bf5a64e23630056,1417909847,auxpow_parent_match,
namecoin,000000000000000011a9947e415dac9b52c56160159f842c2af6fc22b62bc720,208792,b1692e95dd39597c8268fea7089cc32e6f560714093b3fda9e19278dd89e560e,1417963877,auxpow_parent_match,
namecoin,00000000000000001539e9d5343d300f0b2084d708f810bbc4a1b0413a75a346,209467,ab093cbfbe6bdcf1fde940fd399b76910146d03830866ed52957f5e6d27d5585,1418417344,auxpow_parent_match,
namecoin,000000000000000018e87dfb448883740cd8a56c35e723cb1d5ad9b9014a71ea,209503,0789025cb120b2845ae4a6304a6c05b1fe7c6bfcc4c2983037c1b9eff2921d48,1418440408,auxpow_parent_match,
namecoin,000000000000000004db83cafa3480054e9415de26719e93031b5ca3736f2fbe,209876,e4ac3d2e0e57be284fd28fe28a81b482d2342a7c20d14978753b645aef518beb,1418686974,auxpow_parent_match,
namecoin,000000000000000009a028bc6c32ea7d82b6ee2637a9c7645afef9e3e939d6ca,209968,fe52b6228cf40dab3bef815ef3f1768ad8125d89ceb39c003f85abe94f56f745,1418750399,auxpow_parent_match,
namecoin,000000000000000003d8461c3e92466d125b170cd0119a428766502183d5fcd7,209973,0277f5fe094c22368ebd3d9848f08b76f5638cdb35175ec2d8808ce407ad8650,1418752894,auxpow_parent_match,
namecoin,00000000000000000cdc70cf2ca202be580bc03f1d0e4b55b0d4104e180029ad,210189,171e371fff3110f5dadccb51009b371a5f1c8e5448d31b78a16f62e71f672a01,1418920793,auxpow_parent_match,
namecoin,0000000000000000183586e0f63a2effdfe692ae6b48ec67c467d8b5d82f57d9,210508,01e3bda1c275f6ccfeb490b1830aee8d3b1a922994ada13794895779e6ec5f5d,1419165312,auxpow_parent_match,
namecoin,000000000000000015c78693db2e1471fe8ddd19891944e3baf733c797114a76,210511,8e07ea87e8a12b690276aa222b281450a35f537eed67a0e256f4ccc07a53fb4c,1419170455,auxpow_parent_match,
namecoin,000000000000000019de7a8d97652d5e2a25d0bb00f7023fd25bf5e0d768397b,210737,92121b89a2601eba7d8a39a8edbdcbe042a72c458200dbcb3035e4b73b73b922,1419316558,auxpow_parent_match,
namecoin,00000000000000000c40362958d0f1193cfb4501d17d36f31e18a1b63a772f24,210941,33311fdde70e1627edb4251cf6772a6a78907b5d0092dd3bd3391f54db9fa131,1419455365,auxpow_parent_match,
namecoin,00000000000000000fd967e156c653626dff832374fe226902d1f504e1ca92f6,211547,7f8d8482a7fd7359bb42757da02489beb1af8af9c294c4c3706e2c660096a612,1419863956,auxpow_parent_match,
namecoin,000000000000000008a17e661da2b994b7e9f1a669cb0be0da6793fbf42ed69c,211917,0650de7f33aef216aa1de1eccede8d1acda01dd1f826b7286630a68851b5e646,1420095150,auxpow_parent_match,
namecoin,00000000000000000b70f634c3f0535f47fc290b942d2f5221862d274ff5cf75,212416,457d0f6929e51ea2ac7c11871da8903ee3f999e53a480c179e75495fd8b2165d,1420363920,auxpow_parent_match,
namecoin,00000000000000001aad4da61bba2d712f43226c439ce55c8336e659e81aadb4,212472,1429f8af316ebd290922ceed6493aa32e67251732e847be013cd70a08d372d2c,1420398586,auxpow_parent_match,
namecoin,00000000000000000ec6188f240f1c24e264376231648188d00c2839654c1896,212543,3d848491ba1ea2c3f89ddb86f080beef9f83a4f5c0aaf3d5105c41ccbcce581b,1420444966,auxpow_parent_match,
namecoin,00000000000000000a94800d048597fbca04b8ddcdeca57c32b47a3d5d21929a,213011,8edc013e495b6da331cc8969a736229b28f33c11a23163d73c763a968cd6aee4,1420748402,auxpow_parent_match,
namecoin,000000000000000010aa3906b58377db993b17d30b212748f8b711e565b52059,213377,514e9f5ab07e453d63df1b91bac5819c46615e48906beea673bc831af49ba150,1420983366,auxpow_parent_match,
namecoin,000000000000000010ee6c601642d0935ecf87bd2be429c09f92079e83c9ba32,213403,28d0d9741edbcae7b1492502cbc58a598a06da38bb67d65aa376bf366a29cb8a,1421000979,auxpow_parent_match,
namecoin,0000000000000000054047b6edb2bbebf9b6f1b08c03be231154a8c4eb6053f3,213554,5b05f90f071a2fe1c58f638fccf0e0c78b06cb26244d619c91c3145b3c12c3d0,1421081831,auxpow_parent_match,
namecoin,0000000000000000063312c4567b722486419a87bb5c82afde0679048978ca50,213692,55ca1a8265cbb7d0904834c6c92c65cd1a4e7e05c8c43126674296e3660da56c,1421174447,auxpow_parent_match,
namecoin,0000000000000000173974ec72808f51adbe62dcb3be5b289c090510b9fa352a,214365,9f7ce694bdcf442414105b242f10b3f24207280c4775a953d561ab71a69f9b20,1421598290,auxpow_parent_match,
namecoin,00000000000000000cea0bee1bfff976275a414a9928bed62c891bf541b5ff0c,214401,d181913455e2df041c12166efda7a4ce49d7272b1e4e40d8d5b2e965736dd287,1421624077,auxpow_parent_match,
namecoin,000000000000000014b67c5ae5be78ec976f78a541ebc7cf84b6997e548dc7c3,214829,07e90c7f74e6342e22c04abfb405938cf83bb59d71279e6e2d1b6a45fea1c05b,1421903810,auxpow_parent_match,
namecoin,00000000000000000137ff04b08fc5d33dc5f85878a6eb80d183b5e0200d0296,214864,3ea59ea4d0c9b082cc9a5c96190657adc456a2428eb446b27a632cbddb631d01,1421926627,auxpow_parent_match,
namecoin,000000000000000014208b3298ec4d2ae853d30934c4d5ede9f6f35480856c77,214901,79e9d0049d8b424ed1d74f749290405746f74ab20efb096e77c9c9bac5478cce,1421951550,auxpow_parent_match,
namecoin,0000000000000000083b6ed8434e156a623a90fccdfa61206f7b6617cf103c4a,215636,d8b14e2d2835c914283f26e2c282f4ccef9fe737ddcbee99c74e23719cd4f239,1422442047,auxpow_parent_match,
namecoin,00000000000000000804a085a1a444905c465ba7817d055e1256b6b33163d367,216059,529dfbe02204a54f0e0f7177d33e5920b5c18c39b7524459fd9b26f24886b2aa,1422699402,auxpow_parent_match,
namecoin,0000000000000000137559b21a1ef00ea5e4c1d7c23f8127238f6bcee197c460,216836,a6152e141eb3162ab91648220eb81512e4723ba7d36355665ea4229474d4a021,1423146590,auxpow_parent_match,
namecoin,00000000000000000bd82bf0d9829e0ed83e9f7af830f46ec9b7c031d6cdd05b,217119,fc758d725040c4fb4c227a8be2fe61a1aa0580bfb84e8e2b5f146b867f8d44e1,1423311578,auxpow_parent_match,
namecoin,0000000000000000107d44a08b8ac2c49ff63e21db1b2e25bf52c39ae01093c2,217582,22ded51ccd3f5f6224d8ac6c17db1ec46dbd8103b4af951bf5d2343eb7e6336d,1423595946,auxpow_parent_match,
namecoin,00000000000000000d899afc1ed7ef4873e38d1afcaca53ba4b0972b215a6a41,218286,5ea16fb688cf0514cae0a66742bae0fde922f4cc7ccb163e602cdb26682e73cc,1424023245,auxpow_parent_match,
namecoin,00000000000000000b39c7b67c8f081d595cae273777a1e0e39205dca0ec9aa5,218590,b437d71bb08eb91b382d5afc5390688b1173e3541f0c43352540b93df5c2fedc,1424187641,auxpow_parent_match,
namecoin,00000000000000000f543ac474f0b8cdd8a9e37e29126d4efb27b70432799cba,219351,a32ad736705a22f32064470fa7b67d626fcdd949bcf00b761d4da9ee020ba23e,1424598914,auxpow_parent_match,
namecoin,000000000000000002245706014104dfc96d7841ea57d0cfd39cd67771ca73a0,219627,e8e7f6dda6543edc157ed7f465c00110388eaf3c6d7ed81f268a519475fcba10,1424800929,auxpow_parent_match,
namecoin,0000000000000000090bb7c72bd107ca03bdf501668b71ea39ae227d176fb9b6,219835,bfcfa69c4d881e5962b4139aa36f6adcbc2109d7424f337f5e395e9a1fd7e85e,1425004097,auxpow_parent_match,
namecoin,000000000000000013d4d0274c0fa2ddc67f3e2b93d1d5322f35b066b199fad7,220082,2ae02c02f67b18b5fa181e8cd54b9bf2fabdc6be5ef81aec47e4a7f66815b112,1425220200,auxpow_parent_match,
namecoin,00000000000000001607d9d8e49e3958923f1b6a4ebd465dea0fc5f92596c3a1,220091,ec4614be83339b2798194b36f8a7e230e0394e0cdc07ce93e2f4a40088343d4d,1425224264,auxpow_parent_match,
namecoin,00000000000000000a48d49162fcd579879ba25344f31226d3d002b05ae9ac93,220198,43a488fb85daf020f21fba1ed040ed5b9864a640d2feaf731b064ecc38308d75,1425310065,auxpow_parent_match,
namecoin,000000000000000009a3fc01984090914c624af125604c7f6d86e811840f7b59,220221,5d55cc072ab3c52fa59d8102262e644677a2a6e71fac425db2e7c699d13b862d,1425327944,auxpow_parent_match,
namecoin,000000000000000000853b74b4ba57ffe5a5bd711e298c615ffbece916e43805,220644,73e906e2b18403b09c697fc7bdaf04ba37b352e84f30a870a13bf32ca4a611d0,1425585857,auxpow_parent_match,
namecoin,0000000000000000051df08a973095ac3e4db9fcf55aabba3c869d3eb588cf3f,220655,7ac64314dfdfb25b0bee758d3ae3ca8ddbcef44eff08916bb442f5caaf32e91b,1425590697,auxpow_parent_match,
namecoin,0000000000000000069b763930953bf48acb48742af2a7244b13de2faa9b1a8f,221161,c39f0d69c3461d317f7f86f92d001e815fe0c42a0d821b3e130b0c1a1f64980e,1425897279,auxpow_parent_match,
namecoin,0000000000000000142c8fa8984becbe71c90658c89c3f77490bc40ad2b9be0b,221667,4c37176d99bdbf975663b992606a604220ddf6070d33e508262060c61c5ce167,1426162961,auxpow_parent_match,
namecoin,00000000000000000f329e6fb8d85af6096ac0beeba36cb7cee27d6b72584c6b,221917,a1f9139f248f614645ce2d5ac503af99b71a946d4dbb482bf6065a88056665ef,1426290327,auxpow_parent_match,
namecoin,00000000000000000916cfa683499a4168ed2e5e5e91619067b28479daea5d7f,222476,f410d350f678b4cf18f2b96816c643b10ed6a6c6a8021dd2945ae678bd4fcdbc,1426600305,auxpow_parent_match,
namecoin,00000000000000000d69185e568cd0d6bc1a6d7ec73d9d33f630393a89b2c2fd,222779,2cfa7bc2192546b629707add0fe08ca17763ea086ccbdca4f8d08b0e86a1f682,1426757595,auxpow_parent_match,
namecoin,00000000000000000b11dfec7092965d1efd63ef9892799228aa9c5b08376389,223463,0ee2860c4a7567360c862ad8fbca3c13c6269aa673d5111665c06f8540d8b944,1427133609,auxpow_parent_match,
namecoin,00000000000000000f13059bcfbb63896365273a8360b60ead58a5e623d0555c,223574,b181cd65484d2940e474e6d322879400c597e91b6986135b6ac3fcb51a18d0a8,1427202273,auxpow_parent_match,
namecoin,00000000000000000814d4017c1e5cb6e0356a0afe3d3c2df9b297f81fb8887c,223635,62d38ccc2c06d7f890c1a69270af3993cca3d48632ef93793a1379dfca2318f0,1427234185,auxpow_parent_match,
namecoin,00000000000000000ab163de1c6fb54ead7f42331bd0304c8648979434030e52,223824,fdac07306ac5671019c33dba1605faa780291900a24db9785120072968f95905,1427355148,auxpow_parent_match,
namecoin,00000000000000000f96353e54291354c800bb6b7b74b2d50287fe80de630ab6,223891,051f6ff14d421deaf7adf540cccd2c2f66d0416dcbaedd050ebb0d565271a57d,1427405234,auxpow_parent_match,
namecoin,00000000000000000440d4ef910f1c0830ebac19af16abed6c8046f187602290,224168,9068c0e8c3c6e32218897d8e52384adfcf2b0d1be28f86268088b8071c3cb12e,1427585565,auxpow_parent_match,
namecoin,0000000000000000127825ede10ee446409ed45b877102e01b3419238723cdb8,224270,14b550e0caac886bf97895623f2d87a8a7bd56e1476956ac49932ca729198ea7,1427658824,auxpow_parent_match,
namecoin,000000000000000014c96948ae6b331428cb984abf7b9659dcd091c5d8e03bb4,224772,8cb2f6176dc6eb020fb4da068d3d22c64a3bda00737a63b14d9c20204b9e5c02,1427986414,auxpow_parent_match,
namecoin,00000000000000001061c2f7e7cf6e647276812610e8fccc90d095007e5418d0,225155,4eb13219237870ca8cc475abf931c152b427f3ef6949a55e3bb9e36b2256ea5b,1428256571,auxpow_parent_match,
namecoin,0000000000000000088e15c6dbd57866931d0b5a68b975e561e2535f5b58bc2f,225402,b167afa6f256d5b35af671eabcddf163264daf369aa5a575a9d5b979e49563cd,1428414984,auxpow_parent_match,
namecoin,00000000000000000a7d33db8466b1e84e5522cff551369c09cfd519cc26fbc3,225539,888462fe710582e6a28915bd15354aa9d227b2970adbeb9967839b252fa115e0,1428506009,auxpow_parent_match,
namecoin,00000000000000000e036fa6ab45dd07267798ba6896a0f3932bf5248e6a2b6e,225624,1e4b894c49fc4a201eac3e340f58a22e591e89e606a4c7b21080e5e6d066d51e,1428547610,auxpow_parent_match,
namecoin,000000000000000011608b6d91dd48b669175040c01a2e804ac8b19e620a8684,226355,26f5359d3fc6af0e35da42af28e766a8f6d6329884807b7fe8539e3e2c339cdb,1428972749,auxpow_parent_match,
namecoin,00000000000000000b95701cefa963860abe9d9a6bab63bc1efdb4c9238c2147,226857,088d182feaba9fc67ff94aefdf6e28eac1899b94393c4d51fbb73b652d119855,1429285885,auxpow_parent_match,
namecoin,000000000000000011e964327489549a800897e1c25f8f2172006e455d087c9e,226935,1ad9b6c19247548d3ccd82f94451c54b5ffa0e67942ec56c5c2ebeda267b4d72,1429337679,auxpow_parent_match,
namecoin,00000000000000000c6d59c30f727419375c55cbc88344b8425b295b7e44eb65,227143,b62ff99df973da827b8b8b840839d68757ee52ba9faa7527655fea41d7ed2b9f,1429469374,auxpow_parent_match,
namecoin,000000000000000010848a76d51277896423778cf421a2c898b93820b69c5582,227347,cbc8c965b0c7c0e7a822707ab1bb4ea25ea6f02d7f8b863e13b9cf9f638eaea3,1429583978,auxpow_parent_match,
namecoin,000000000000000013caed588c3fcac1c48a37a65691c3f1a5f6a2518e4b27e2,227384,be2e3bcbffe5ae6b9f6174a0a87ba05cd77c7cc9412e6134d03eb569831a9a25,1429610484,auxpow_parent_match,
namecoin,0000000000000000034564c42bcbeb7838847e4ca5bc31d9bc233c3000f8f291,227436,ec2efcc350ffc45374a2bc7a196445f766ac497c524a91bed67c560c8f6a5f66,1429647326,auxpow_parent_match,
namecoin,000000000000000015254a78dcb15a3c799fb6a8840063c64e5bb2948ffcde13,227513,6aea25f104297c30a2a0163e392a0ecf3db0482dc1cffef118d6092c36ea34a8,1429698675,auxpow_parent_match,
namecoin,00000000000000000c3449b1a0e828e5d8d117d138783876177ce17f3a16fae2,227604,58077e3908251904268cf6444d7ad717c2f81e9b0f605a7b48dc9d10be51e88e,1429753331,auxpow_parent_match,
namecoin,0000000000000000104fc42b25b47fd0c735f5c149d5684cdc2c7a1024cbfe0b,227628,623ee557104cb3ebb83e2df0bad30d3a4b4d37f881b975fcd2bb54c8be13e504,1429769348,auxpow_parent_match,
namecoin,0000000000000000148869e9c9612b995fb07f44d5b7d6bde8d3d3975795054e,229852,519ecb1030b506bd9cabb8f93e2788c52f1144416bdae2a96bee41d60dc8e4e3,1431113662,auxpow_parent_match,
namecoin,000000000000000005e60a3c97841d0e876a8cef9126f3fcc721591c866de3d3,230614,bf7941c9ba97042bac38e2ac416ca2aecfd081ee869c2f1b85ace44b4f9af1e1,1431601138,auxpow_parent_match,
namecoin,000000000000000014c6ca0b3d3311e96cac9207072736034fac8bd0ec28da2f,231442,54215f5aa90f2e49edba8f6272b580b015ae5581c257984938169426a63311fb,1432149110,auxpow_parent_match,
namecoin,000000000000000007a0ac307aedd792541e933262cfccdd0b40d9270e49f813,231542,66b06d459464dc000e8db35ebe5fae3a34a686b8f544e26bc2a2d61a6fc312a1,1432215757,auxpow_parent_match,
namecoin,00000000000000000dd889807f25225b494a908da187b935d43bb6f79851b943,233380,e7418c64a95ca387e2052c6a755e2bcb8f82746076e49e7544baf3693d794d77,1433327946,auxpow_parent_match,
namecoin,000000000000000000a67793364098b7c6338ec691296a1d729a020eaeb344d5,233431,d1f55c313074e10e84d27b820f717f26eefbcf1b716afb5d4817d1a09649774c,1433360906,auxpow_parent_match,
namecoin,000000000000000016abf022448c6d53d29c79f3f7352cf920e103fbf0835078,234157,3e11f97bb032229d9994d0bab2c262f7d540c2dcd93e88f07429436fd324335c,1433801763,auxpow_parent_match,
namecoin,00000000000000000ea97f669cf1bc0966a59e8fcb32166c6ebfcb020ad052ff,235483,6af1228acd34cc35f357519f82aa4dd737335b63177a17db603e64380accaf4d,1434617627,auxpow_parent_match,
namecoin,000000000000000001c591013236d9b016998d10f76a911ecefe4a53fa713db3,236025,ebab0634a4415526b1da25db1137f2a64724ee9389962d0e45acd8ac22d3a296,1434941902,auxpow_parent_match,
namecoin,00000000000000000759748838b0f6f43a91730aec3960406b6452fca13dd3e6,237628,9b08f1e87521bf56f583efc8c94da788403136db4eef715723651d6513903911,1435912967,auxpow_parent_match,
namecoin,0000000000000000155f2519d35cd5d2869900bcc5093594b27763a0315390b4,237731,4c005cf7c688df9404473b0af420be267ad7b6ba44bc7e10b9d3c52b05d58b82,1435976572,auxpow_parent_match,
namecoin,00000000000000000cb7a20ee4e199e347ad7369936abae53a1518efa531ec61,237734,3ba473728a2890798ea90ee8facd010a1e756be8e8031e0644f6c47b7ec7243d,1435978123,auxpow_parent_match,
namecoin,00000000000000001301bfd6f566a421c7eeba103d09b312032ca065cb185de7,237736,8185e1ed14fa37418a1ea106ebed982c974905c55fbe143ad635061a2380c55e,1435978574,auxpow_parent_match,
namecoin,00000000000000001262efe584ec7ac039dba15b56d6ed239249c483636b15ef,237923,19c4c0cf02108a1596c3b03a479ae0a909411987d6e2a81216b490d3e812f189,1436109800,auxpow_parent_match,
namecoin,000000000000000006c2b56fe4466c090b39d93d63d5ac16e58f8fefd2e9b9f1,238187,81fe4085411641dfcf47bf90b7688cd440885d70efa7699a463d81d0236f2c85,1436273185,auxpow_parent_match,
namecoin,00000000000000000d9d7bf699cf830736790e874931e579097d2cba367ab794,238311,6617c94773b67e8598da5a281936559ef369adc16f7d1f32df0f992befb8b63e,1436334924,auxpow_parent_match,
namecoin,000000000000000001b9c10b4b84de74e21cb6428e82bc069f96f80ebf667637,238369,c3c9c970d781c1bddf68f7abddcf1bdf0fd04dc4ba344d17115c78bd0894594d,1436368308,auxpow_parent_match,
namecoin,000000000000000013b0eba5da32debe873ee7613ca81e6645e84de6a55fe92b,238386,1498dc421228999213e55dfc2e5f865e5f4b91aa7a029b686c4c50bfc15f4198,1436376041,auxpow_parent_match,
namecoin,000000000000000011ed38b549c7baa06334467f087bb09c272d99be9d34ad41,239639,5a2698b576df7ce6a558f8069ebbbbcd2a38f1552d4bd9f1d09f428497a4640e,1437094700,auxpow_parent_match,
namecoin,00000000000000000d9edc07b0c0c265fae6b71bfaaa47a6b9cf6f83eec75671,240613,f6651d98de09b14b670cf2b38abfd86863c28301a50427874197bb372fd24c0c,1437676815,auxpow_parent_match,
namecoin,000000000000000000be0128f1194bbc2c5ca80bb3805974ea62492573ebb76b,241601,e72cc5b4b4bc7312066ca5a202cd9ec4cc7f46a80aa0a454989a215f9ac131bd,1438172144,auxpow_parent_match,
namecoin,00000000000000000b78bf2322a58aa8b56b581693e6ea5b33fa687e6dc48ffd,242576,f1579a3e941de7f6eec6ec1077781bcb77566399402caabc0802ee58288391bb,1438763817,auxpow_parent_match,
namecoin,00000000000000000046a31444ecc0a049f41601eaf44ccecd1eb8562e3700e5,242673,a42e4c1e1d2a02f6a23604ae652a5c104f7bfd15821bf353f93019bcebe75309,1438822393,auxpow_parent_match,
namecoin,000000000000000003bc49357e59ae3a27674f02c5a906cfc94ae22963fb33aa,243252,bdc570415b875f6edcf46c63932b2fa8e14d3b9b90d97db9f88ad1a01b6abfaf,1439170851,auxpow_parent_match,
namecoin,000000000000000009c65f65c49e384267d5a923dad5dd789ac20375d9400894,243393,0ac17f6b056e51ec0a62e5f8b38cd73085aec2de44f42f61d1f31a886a345796,1439251833,auxpow_parent_match,
namecoin,00000000000000000b16a4cbd2934fe51fb50fbb4ea56f944ceeea6fb1aed13a,244268,a2240b6cff33b4830d2afe17ec00c26b27030c47ef3db2152be8c08fd0afae0c,1439748530,auxpow_parent_match,
namecoin,000000000000000001096490777b0c7ee97f873577d1b1141bc7a651ec0f8829,244763,7506242ee4e24fe4c0447644e2978e7e6c9f7c970e7cdc70665b1eb2864c3ac0,1440023144,auxpow_parent_match,
namecoin,0000000000000000012e1cce9b99ab947c80ca25fc36d4a277faa027f74d8f8d,246121,8ebf6eeee5b90260bd1c8831af5f7c9e5998b1ea513f6fd20df4dcd29dfcc778,1440698274,auxpow_parent_match,
namecoin,000000000000000006f82a4134394d3422ce8afab5589d9a26c8895d0d6478c6,246311,9a4a7d78ecee078715421f945dadc5752586192c715b52a8b5848a1cb1808944,1440788965,auxpow_parent_match,
namecoin,00000000000000000a65f3efd3dedf4cfcd8f3f368e38e68b8471e8ccf4c24c1,247011,cd674bd484d1678fa0a5c32d13ee23db7568c378684feba023680cff8698f18b,1441157804,auxpow_parent_match,
namecoin,000000000000000005bd859f24f98069eea5b38c00dc56f08100b5a3ec0d46b0,247925,f756e8b00eac4223b3a35cd7c9b7972fa29faa52629551ebd2dd0ca99d585db8,1441655308,auxpow_parent_match,
namecoin,00000000000000001288d29a93c0071b1869907f7e441bf8237ba928c3556701,248156,57d464dcda34930fe1fec2901b8a6e36b457dff102421e86bc47cbac6fac785d,1441799784,auxpow_parent_match,
namecoin,00000000000000000581685ccb0672943342cab5d7b17bf4a8e967d1524221cb,248259,7749ba7481ba6ff1621aee687ca54480c857d58253666fbdd77d4191f1b0e66c,1441865217,auxpow_parent_match,
namecoin,00000000000000000801541cfd5aa588b69864697aea8936cdf6c259f6a2c6d7,248538,2af240c23574021910dd6b86a4ce5048027d93a7a770ffde591d168ba6266ac3,1442019024,auxpow_parent_match,
namecoin,000000000000000006fe5c575578ffcf24acbcb7876f74f68f9e92f1c519f19a,249821,0b7b66ae4b3e57d2f764c542958f8e29c50ec0ff9bc19368ca9b318c3c9144c3,1442870952,auxpow_parent_match,
namecoin,0000000000000000053a2646bba33979619bc37a22be86b26a88d85e16305546,250831,fae2e752f198275805910950258c2c66a7315d6e5737059031314637fc00ff18,1443455794,auxpow_parent_match,
namecoin,00000000000000000897e2499fd8822fd2241d046853c00e4f7585be279d3de5,250942,32696b09c86701537768d189f2f2e067c071ddc213c754c74a199b4b4dc014a2,1443514279,auxpow_parent_match,
namecoin,00000000000000000aaad2929e733e3c6d6c7e1017f7b57f02b9a9f1054abdc2,251887,15d04ab9573fcf0d29105251eba625de9da4892b8cd5531abe42dfe453e9ae30,1444005687,auxpow_parent_match,
namecoin,000000000000000005981ef81e2cb172d0534cba01ffeedd44e486a7aea990dd,251944,5df993cedc3112125fbeee333006a1078224c30da130d055d4191b81c8ffd9cb,1444035340,auxpow_parent_match,
namecoin,00000000000000000efe37e0d9cc7f2283964f877d6a1f349bd239eb4840c3a1,252259,dd7abbdaaa3bd2ba77381060a2472af0d5b24f6e9bd4009c924b070bdb16eddf,1444236279,auxpow_parent_match,
namecoin,00000000000000000da1b9261f9f67fb9f5f7dd4a8946b923528ffa65a9e1ee3,252265,89e664bc099409f3223ccdc2f77352de2f0616279671c4aa2b6143f7a370e4c7,1444238620,auxpow_parent_match,
namecoin,0000000000000000023f368ebc3de565f0ab6eeb7830b5e887b7fb43cfb8e93c,252298,75e91a2b313d921d910760c5dbf1fd3902207081a9658b64ba2ee026eabeb1fe,1444256037,auxpow_parent_match,
namecoin,0000000000000000066ba1796a9c56b1dc1517d5b3048b5a606f35d9baee9251,252330,10d1bfa92e2ccc2ed3c51a9033c5e0e7b5fbde0e39082b40088df32a9cc492c8,1444272792,auxpow_parent_match,
namecoin,000000000000000009a5dc2a9d5136f7b78ece91f8ebfa13638a1923fa05722d,252506,9ca337f24992240e575f7cc40edfca695db6252db5a8c6619b6dd163ebd3b1ee,1444396398,auxpow_parent_match,
namecoin,000000000000000002bfc38d17166cd93644781669a6c1d267cba9699e5d2c41,252515,aefd8d9b1c85b64e19db4468884a23b78d38f0ce23f7dd030eee1dcaf5545b9e,1444400713,auxpow_parent_match,
namecoin,00000000000000000b26a61883a6f7b180ec1ea9b737f76777a7c400e713b9a2,252571,b10eb29bb658b94598a5dfa9a95a1b4ea4eae10ce04cb6b8bc3bb597dfa8fd3b,1444433756,auxpow_parent_match,
namecoin,0000000000000000023a91fe188f9d28d10be9f0589c8037cef8134fb1b51f37,252614,864ddaaea8c797ab4bf5dac8349454bf084d118a391cbd8503aa4e3eb0dcb497,1444459731,auxpow_parent_match,
namecoin,0000000000000000067a71e76ca5cf522f59e867bf357f64df87aca09a75b521,252742,f752a7eeaca9d67adc8503f03b32b14efce7497b217a49a6306ec6f696f8f27d,1444534035,auxpow_parent_match,
namecoin,00000000000000000f7a35f6e4a3624b5d796b6f1ab9c941608034a6d3c2d241,252778,e0bbd14ebfda26aba29c25919de73c1db84afc992d62140d727f27b7e88d231e,1444552998,auxpow_parent_match,
namecoin,00000000000000000fe0e0354efad090e849132562541ddbd4a5b76a41059d56,252932,4329cb4b96278ca7dcd63cdd3b1de59d19d0af9bef1ff6627e5baf2e5c0e0eb9,1444654212,auxpow_parent_match,
namecoin,00000000000000000877e016f1a94c1ff149586f058d7e6332e29d69102caa86,253000,40b20e176ddc60c86b6ef164d135456cefd988c73ef64d2adda2e222cc95806a,1444687660,auxpow_parent_match,
namecoin,00000000000000000b5d0380d6770cd2e97288750fc72ba2ef81e395208b2683,253257,3a3ad0c4be7f9e5564b5bc44b27bb0812de4f4b5f76ff446bcd34c3f907de383,1444852409,auxpow_parent_match,
namecoin,000000000000000008974fa44ad00f2fc47ed28b9f7c5390332dde2744662bbb,253434,628690abc17cc8acd6da326d3eb546d71fdab18e5f8e27db26c88ec31c35ec7b,1444964533,auxpow_parent_match,
namecoin,00000000000000000826881227cf6a1d472b608f6d62384828034082f35c8fc2,253600,db7045c4f07261eb6b0c64b305e2a172cc2329fed88ee0e8d7bf0d655fd49f70,1445065573,auxpow_parent_match,
namecoin,000000000000000005b2c07218c6b93bcded4af5edfbf5af128b9b675a5d1e03,253611,2c2ad7885546f598f1d39dc5775ba6c0c36c7addb1186f3cc4efdbc12b4c00f3,1445073860,auxpow_parent_match,
namecoin,000000000000000006e4bb33c7225febd62487bcfbf2b11cf68cc138641d211d,253753,79aafae3e5a89b9ef036f16ef8c786b822e8c84d5e8accd7540be3da04c894fd,1445153892,auxpow_parent_match,
namecoin,000000000000000010e2e74380cf4a4874437ed2fb35f8a11b233c1ab09b6713,253790,546e287326ae6bfd89c7c63c8f148c5d80bde5a1459079495dc75c60ffd67bc4,1445179566,auxpow_parent_match,
namecoin,00000000000000000b4153e7d0151f93a80ea128c6e478cdf4e52a56710953ec,253797,43993e5c6908df2614d2d72e87492ef02f53bce92f4504822048c7067ac5e47a,1445183320,auxpow_parent_match,
namecoin,00000000000000000513f48feff49c9623795798aa7790d24f0b40808eb47470,254013,1b39ec6808b938de2ed7b1d67390444b65e32a65199d5f067ba26375466beb77,1445318197,auxpow_parent_match,
namecoin,0000000000000000014c463a40271798691071aba2c0d680403031bfdbcf0da3,254043,9b324f509053ad29f26d4c4f8b98f9fcb64b0ce10d0d8bddab27fa6f7d4bb3b0,1445336766,auxpow_parent_match,
namecoin,0000000000000000040bc6e12dee1fbaaba03fc60f3d61d56023c732a3535c02,254156,1cc11a20cf157180e2bb20129a08b5ff94b319d74097047e50a594150602d60f,1445407224,auxpow_parent_match,
namecoin,0000000000000000013ce2133bc3109cb8164af70822755b220de3bbdd70dc25,254885,b8eb03434b54daed125835b7843d2408567b585e99771f08936f4b784152d17b,1445837823,auxpow_parent_match,
namecoin,00000000000000000ef80d944bbf68e93e5aa63e5c6f787e34d8019a51f02e12,254896,32b75ef2fdb8287c6e1d9e0096cdb30f5497221734b6e7a8a1a91d1343398c46,1445843959,auxpow_parent_match,
namecoin,000000000000000001d17b643988ddc0ad21b1fe08f62032cd2b3d1955603db6,254997,8a911029d1db27b32f7d7bf1587e0c6c4a49bd27b88f0d400b63480b8de7506f,1445900431,auxpow_parent_match,
namecoin,0000000000000000011bf0d411f64a5c4d9c1abad8c5d1c9b1b974af7fc79b7a,255016,95d7c7a50db075512c32c7e0ed1529786ca45c1a47e892c81422777c69f36642,1445908266,auxpow_parent_match,
namecoin,000000000000000005757d161119cf89ac8379462031c533be600f5cace8803f,255260,c9e4f5a8a1ef9b3fea8c9ff53e98e50acf63697c06f05636147808a05c1a5f59,1446049287,auxpow_parent_match,
namecoin,000000000000000002a3b663fd7749da918bc18f6ca401e15ff6a86b19d6022f,256066,901fa80cb9e3b6d9f0cef0fb4d39e8c29887f4d27084f3543001cc175d5247a2,1446497670,auxpow_parent_match,
namecoin,00000000000000000744494e1ffc783a27e9b1b021a5c556af37653f983b7393,256205,c7e0ed28b937ecce1c4cdb1e8b55e4ae845ede143ee1a7cecf7050f81201ce41,1446569630,auxpow_parent_match,
namecoin,0000000000000000064e4c67361eb671310c3b5143e4fe746d81e9faa9457252,256222,cec3d9bbbb405b37b26843a7208fbc78baf3cd8b99ed8b2f445e04b820b00c1f,1446579376,auxpow_parent_match,
namecoin,000000000000000011981b8d79967f6d2c04e2a008d3365b404752898eb784d5,256987,3c42f682dedaaf78abaf2d91a030c2fa5f7f5420d9660beaa5022e1dfadce203,1447010464,auxpow_parent_match,
namecoin,00000000000000000d24d203ef40e89a717a276baa6ba98d6981f2b8b3f029be,257115,df6ec6062c91ced2b003958938f0381f8c548a22d377a8595d12683cbd55f171,1447086470,auxpow_parent_match,
namecoin,000000000000000001271eaea120b662205e79fc9826dfd3a5319c53dc871dad,258749,99a96d0e10e6df4eb85275e5756e138d4fc9e389711a7b67dbac1effd9540ce0,1448056626,auxpow_parent_match,
namecoin,000000000000000006d6cf85cd950e9ea0835fc1f99e3d3bb19a49b8932ebd82,259107,141966b5953ab70ec08e9667165775f5738abea0d54065eac6cefed092daf5e0,1448240532,auxpow_parent_match,
namecoin,00000000000000000af10684bfbc1b6f5ebf75ebdd8017dbc8e6d86769e5717a,259260,6fde32f56051fb7b57ea247b87732765b422a0c29a505478d0d480c032006135,1448321198,auxpow_parent_match,
namecoin,0000000000000000007902c67475fa86ef8bfbe4ce95311ad9a86418acd93363,259516,9fa39ac1d13ccff0d743eb092a8ccd5343c6a0f6c5f8afde5cbbb3d5b44ce77f,1448454600,auxpow_parent_match,
namecoin,0000000000000000099fd595d3995aa801b342906dbbc1456026339056df15f2,260221,301752247ca2a31e645a0692db709b106217de89b12b4bbf0d646385b702e11b,1448815597,auxpow_parent_match,
namecoin,000000000000000000219f113b5be11ab9a6f059e329f112253c6d229d99baee,260594,8f41484d9fd6c82418991e103b899897f5c0c1269315e32262b4a9f1c838aeee,1449009266,auxpow_parent_match,
namecoin,00000000000000000412bfc1dd1619104258d3f6e3edb77e4bad4b8ae53ed414,260625,25b1b1dc86ee8f14a9237320104eeabbe4cbbfc5606ec9178f326d484e1e3bca,1449025822,auxpow_parent_match,
namecoin,00000000000000000d3a1839b80ce9d1b93e03a6dfae330f5a223b81317676cd,260870,610dd9dd66bb3af791722abf155906741907cdcdf17694dc01247116cec248e4,1449160821,auxpow_parent_match,
namecoin,000000000000000000b00fd3e4c9cec516db337ea7dd3d2b8d7cbe9e4e0e6f5b,261157,128291c8ddabb597eedc98c162d039e3f0ad06c824a075f9599ae649a613e4d8,1449311886,auxpow_parent_match,
namecoin,0000000000000000063e653482f80b69753ca9f186573bb9f78658356c338941,261293,8d5ccb7bd473747a52b37f57b49f5264e5856f61aafa7504ce523b9a44fa171a,1449382809,auxpow_parent_match,
namecoin,00000000000000000b14ac7436beeacf6d0ebd0e23467615332960ea6988ab21,261567,ff931b55461e735c703ca43f7753a002b580138c787459c8c242bbe7da4b64d4,1449542020,auxpow_parent_match,
namecoin,000000000000000008e051b41e7ada11e9931153a0bb02960ebb4a9e0374e404,261768,381203acda477fcc7f287170446bc976eb7c2f504df6af08d927f674c82508b3,1449639321,auxpow_parent_match,
namecoin,000000000000000006c6918b4a143bf43c866737facd5ce5b9f294c6c888db85,262436,fb08ae0d020a30f8e42c08c04e56750930ea9a5126785e8e99e8499f8e2ba13a,1450011812,auxpow_parent_match,
namecoin,000000000000000007305545e29bac0180b7199895f90418f5b8d994b105184d,262521,b4b0e6c98501590cae91db44831a64e9b0bf649c038706c6f076ca0f77e41259,1450062285,auxpow_parent_match,
namecoin,0000000000000000086244dbd2b6751bf7df12a87f09fb535eb664cd34e16da8,262690,3cff38783259c63ef13de14716b57e4271d003ea1aa7042be0423e758a577780,1450155100,auxpow_parent_match,
namecoin,000000000000000000a11dfff1de30dd2a10169dc0774897b69ad00e71eaf982,262734,8aaa0efc080f93898151691001e9195dc787e53ac95575134036165912c6007f,1450177738,auxpow_parent_match,
namecoin,000000000000000001cd55f2e191048bdd506dc741d2d113abb378fa9baf48dc,262785,94e0529fc8467ed4b5de69671da2169d9bee64c7f2f1f373aa93f80ef27caf33,1450199964,auxpow_parent_match,
namecoin,00000000000000000c6b6fa9b37d9224421cf9f87643305da370cdf64669c19c,262936,103ff9473816cfa39eda581837e59d431b40b069292416c197dac9e704da869f,1450288053,auxpow_parent_match,
namecoin,00000000000000000b7fb66b80f7a02517b50327a56a4ad0d6357d88d348dec4,263135,c1f8c1ded77e5ce118476619d6d524d6bb840ab40db90f76abf10610c47fb442,1450402158,auxpow_parent_match,
namecoin,00000000000000000192ca9734930bc57744806e0c61722d9e1549a20953cd1f,263403,505706e7a9ab9bb6dbcfcf76bbf662812819ffa7bf8f65962c4b2eb8b13bd693,1450548294,auxpow_parent_match,
namecoin,000000000000000006139ffb8b844a99d0e9e53f68cb406d8aa9068946109ce3,263600,94bfa0de47da583aa1d5b213c13d3675685237f018e088889694410cd0d4559f,1450642353,auxpow_parent_match,
namecoin,0000000000000000009cd142eeb0a79835d37269036e04cab0fa83bacb5131d6,263776,05d37fe49c71f6fb455ed61870b3742214a7bbb31b41a05f0539d5e2a29cca28,1450732192,auxpow_parent_match,
namecoin,00000000000000000534efbe03bc2f1e2ef71adc4105d2dcb3882c85f3fd1aed,264377,aeff0b4e3f4d8b38180a09d2edf0ebc390dc47be8ff3653ffd287daa6d2915c9,1451051838,auxpow_parent_match,
namecoin,000000000000000008f347eb102d666d43cb2e51914d309b300ca63066ba6983,264428,0398aeff2f3198f2be8bba259999f0568a3bc6830aaa4f6b3707c0705f3b9455,1451085150,auxpow_parent_match,
namecoin,00000000000000000b609a1075bcc162b337a75c83466f518887bca05a75277d,264449,3faf1dd5cbecab0b91b545db1341e3be23ada743231c04f203daa5ef80d96403,1451097608,auxpow_parent_match,
namecoin,00000000000000000608753d7a35d57f829acfaa39c503c4efb7ee467a469290,264655,7785785be86ba9994848bda1817f5403cb0629397b21bc735b8682f879f362ee,1451215665,auxpow_parent_match,
namecoin,000000000000000005607afeb0d535a7afe72caed1d6b2a024f0fcbb3940731f,264703,94eec9507453ff3f5c423624ea0fb01d9da497e0f99f3c9033f31c017282528b,1451241991,auxpow_parent_match,
namecoin,00000000000000000483b8c7663df1166d165f19a4b3f386f08f9c3bf0c385f7,265100,6817d4f7c79b3607b8a3192e5a2fd9796ecf314773bb893de89e2b54f349cc08,1451468349,auxpow_parent_match,
namecoin,000000000000000004bc48a380333fd3176a11e149b2e981b170178d49ddf830,265203,e27a4ff8d241bfd72a7bb2978c66e9d1f31c344f2b41382a6ec7f03c19e9e5d9,1451522006,auxpow_parent_match,
namecoin,000000000000000004e31466c5da9ba22baeceee22ec14f694d6e4f895e071d1,265617,b05294bc59aacdf131160df969a2073b9af9475a579550ac55b1807955b87833,1451753409,auxpow_parent_match,
namecoin,00000000000000000051fea1ccb5ea4e119f9f9af398f7c789577fcecf7853b8,265924,f563e8a19b2692ba352d40513abfa9849bbca2625153b80f0e2df66b7face7f9,1451920389,auxpow_parent_match,
namecoin,000000000000000005d3d6cc610bbcf03de071babd2f7dde8cdeb3dee698eb65,266124,6caad381fe6d4fc08557c16b2aae497f58f5697cef0e1a7595325036d24f4a53,1452029182,auxpow_parent_match,
namecoin,0000000000000000050e321769408f400eb1dd4afa498eb39536c80ee20aeff8,266249,4a44bcfcd37f5800930082f39c0f8f157f555f1fb9a20b07654eedda76d5f042,1452097739,auxpow_parent_match,
namecoin,00000000000000000759d715821c61789cb3391f26d25a057c98c1d9f4504d28,266384,45bf36e20385f01312caa73fe26bb29c6f548c5b9e63e30bab4a3eb6e4c2c035,1452179243,auxpow_parent_match,
namecoin,00000000000000000873af1c99657c2a02ebb7896515d438f50b6f339a721ef1,266717,df0851760db34424b410a8a34571dd43e583fa4cfcb4fb477ab2f0873df95090,1452374332,auxpow_parent_match,
namecoin,000000000000000008681ef160c03a977ed9fded483a93d16f6647be9e4ec19f,267579,71044a826d6c957305844fe1353674e866bb374bafd8bc28ce55e31ed6a164f6,1452848842,auxpow_parent_match,
namecoin,000000000000000008b63c87e728eb4297369222d7c449356a1780f5e21698ca,267624,675c0053c7a7643211245143f30d2155836bca13eb998ae0e2b4c1262c36c8b3,1452873806,auxpow_parent_match,
namecoin,00000000000000000580734f1626c8de411c3c701ad5a63ee3ea70a4ce31c677,267643,fbd5c5ce0342697dc96f42a0faf7568c898a532ec93f83d56876882027ac0657,1452886324,auxpow_parent_match,
namecoin,0000000000000000013dd087c1a4636a393dcd09f132a5dd380dbe803d10853e,267826,50c3e1ee05ef8fa54b665cbd260673e89985f11420c108651336957234fe68e5,1453004892,auxpow_parent_match,
namecoin,000000000000000006c6f9a3754cb18d815f61fd3613c36a827480dd1ea8ebd8,268145,ef47668795aaa5722893e57cbde7875f9659d828bff9a23bd2be031787c322b9,1453178829,auxpow_parent_match,
namecoin,000000000000000003e86cd432fb18411740b5cd80bb01ac5a6ed4468f8886d2,268231,621b958b1fa729a0d841f969766752d0bfbe1fc72968eaef959ec1ddca82a2f8,1453237771,auxpow_parent_match,
namecoin,0000000000000000026dfff4dbdf65fab51a6cacf92aab0f91b1864fb1812346,268252,6251434ce29ce207476f2cb41ae35420fee3cb0b6f3d964e255b90ec6a6dbc79,1453250449,auxpow_parent_match,
namecoin,0000000000000000045debde25155fb28418437253d12ff3bfa6a91526924111,268522,6cea85459a1860bcea88636242cda74022c64e4fd4ac189f59a669ad3497ca81,1453406589,auxpow_parent_match,
namecoin,0000000000000000072545b7bda875c3e31a784880fa1cdae4677b64302f19e6,268708,8106c6f4455fcb336ecd42bdef300ab52b89883089ff557cdc3877ad7ad720ea,1453514143,auxpow_parent_match,
namecoin,00000000000000000670299f822436c3b876adb2f9f8850ffdeab801c788efe5,268729,fcf3a44d403fb9592744a6d51474396606c99e073e200f1a4e52d03feb7a076c,1453525835,auxpow_parent_match,
namecoin,000000000000000008a8b696daeb4b6de0b7bf819f3973ed511bbe207286d546,268985,71f0f0384a05cea1adb4c547c9924b12c4b023e7bf366c023ee3e319b346d620,1453662511,auxpow_parent_match,
namecoin,00000000000000000450bb3843bd6200d4d6324410292733b6987aa06b3ad669,269137,21ad9f9c29571bf1b58bed02f50deb765e766587c4fae71325ff2588b8309b6e,1453748209,auxpow_parent_match,
namecoin,0000000000000000020cfd0d59451a74a89b1483122d0975eb4919b4d36bb78f,269208,7295167c46c3b95074a79fc570e32e3c53c27c799e812c43b46426956243850f,1453788832,auxpow_parent_match,
namecoin,0000000000000000013aabed47187ce6c52fcc3191103ef5018a276a187892b8,270156,ae58dd7b1b658e40b9edc332db8cc06c828c874802d6f6e2fb629eb9711a4357,1454246054,auxpow_parent_match,
namecoin,00000000000000000734fa64995482bc7a2cb26d53874562cb9b8eb81a7e9cd8,270530,9e241e5f5947dc178bd172d44fa027c1b6a9cf0cc2913cb853add814b5142a8f,1454432071,auxpow_parent_match,
namecoin,00000000000000000903fac76a0a51334b607a1576440eb70a24d0da1d3f106f,270707,3ab88b3d98e65852cbae0d9a15f99ec7631fcdfb03e0adc478fadec8f5d62315,1454522109,auxpow_parent_match,
namecoin,000000000000000004e095a5be8e823ed4127329686a596f892feea043de4fc4,270750,6a4712aea60dcf7f058aba23b2c801c6bf722210409bb6f562aeafb381619338,1454545185,auxpow_parent_match,
namecoin,0000000000000000027b5857360ecb199d2b3089db42f446f91312359182edfd,271409,35ee1f689dbe9fd94dcb8aa14574acd55926e1786dbf47a91c627964218777c1,1454868956,auxpow_parent_match,
namecoin,00000000000000000158e2c73ded7c24f0087514d646ae59ff017347bfff4c15,271653,9a2ec0a018af34b950ea5474d160686a322b1774b1eba8199759270dbb42ecbd,1454993549,auxpow_parent_match,
namecoin,000000000000000006b31d1bf36e3f5c9d298aa69d72b0ce76947f839ac512e3,272346,86c1182a1142e54ba459316bc8b0715f34f43c45639df4f3b0ec424e04c79cc9,1455346505,auxpow_parent_match,
namecoin,000000000000000001bb9eac7a0684d2d0481b9a7fe74568ada10ada5734c857,273173,d9a9bf687f9c08bafd31798f802c0d84cb19b370d10e8da6ff3a3efbad20af63,1455843945,auxpow_parent_match,
namecoin,00000000000000000382da0f1d9cb0bffc6edbbdd53ba8f87877ffe11263100d,273209,7e802930d9679453dd60d3ff58d3d692f3ccfea64f2f1fe30a525a90ad8ca3ee,1455865302,auxpow_parent_match,
namecoin,000000000000000006972f107e48524ce3e01752c24a282beafc7b046f29f221,273409,7419a691f384224034f0193733003d063a0c0c43f59475b40a62a6565fb96c8a,1455981666,auxpow_parent_match,
namecoin,0000000000000000008a6b9e075718a248a9e5ad070b5e0c9e932a5f4d356756,275160,d19617ae1ca414102b25f29f0716699001e5b0848ddc6ee5b08c721825ff85ee,1456994081,auxpow_parent_match,
namecoin,000000000000000002614acdf9e68a2d5b1d5782cf54bceecba33d1760313b40,275832,c83bd3fce0ec973f27c5e3a10191f06093ed5ffbe4cb4891bda48f4a0507569f,1457399235,auxpow_parent_match,
namecoin,00000000000000000179c4a3b9aa4e011b322a7e7654e2a18703ae50567c3c31,277352,32dc1ceb9d521ab5894650156f446d9b67d1569f3ca6c11479f47ee0cda6acf6,1458342266,auxpow_parent_match,
namecoin,0000000000000000014fc67e896071d9cc5345fea4d04795ff6ee8f9ae142268,278259,3ca6b5a03f9024704ff8fb0997d424f1d3e09feb1f8ea5509a0e56ecf1c79dc9,1458867448,auxpow_parent_match,
namecoin,0000000000000000010edc4bee21e25e976eb0515da5740d54d060d1579479fa,278668,0ababf4a3a7930bb2c8309d81964c6f0f08fe6c19db6cf46af31003e098541f3,1459098104,auxpow_parent_match,
namecoin,000000000000000003e8f7833fda53795ea5baa8f629404d068fa567ed438cdf,281712,0420dca16aec8d79266e4e6adab6809d757b96e9c670e5706e369d753149b6c2,1460839756,auxpow_parent_match,
namecoin,000000000000000001791f74037ca63d26de589c66ebeb9a1d35dac6b1aea2f5,285057,1e9cdb842a3aa3806888ee419fd7a6ea139f24d4ddcbef89cae29249de9a42c2,1462771808,auxpow_parent_match,
namecoin,00000000000000000109a2abf6ba9e67f63f9b9640474ac26c316e266902794c,286908,e6e2447cd891cedbbc23a5e3fa0ba27b8919eb9baa8db44890f588ef013ae836,1463791153,auxpow_parent_match,
namecoin,00000000000000000561c92fd626a1dfafc0b5c46abfced63a96e9c46f28db5f,287787,1e95296e58f5acf14b9e4314c6719ddc480cb619958cd6ed2947bf28d67bedb2,1464257960,auxpow_parent_match,
namecoin,0000000000000000044d0d2c25f33cb48931540366149cde3fb0154f55b58c76,290517,5efc1842c94f1f84d08d5f2044866982b87dcc4c6dbaedce4e5013d4ac735881,1465884854,auxpow_parent_match,
namecoin,0000000000000000020f07b897b3b12bd070042d02d5e80dc3190b12baef3d81,290609,b68c85cce3a81484154cc614fbe74ae4dc377340942bed7085dd0a9f9b029658,1465952506,auxpow_parent_match,
namecoin,00000000000000000029aa0223d5a4de7c832e77022d4904347a5fa7c5ccfd54,292105,2223f0a89e522262983a7954304bf30177df1371893ccd137a89f090680ba8ab,1466880899,auxpow_parent_match,
namecoin,0000000000000000038769244e2185218c90ae8db6972504605f7e2134a06c87,293036,96aa449670aa6f706009a92f7a99818871a9f3c0648e39e4555a669f718d0e0b,1467365156,auxpow_parent_match,
namecoin,0000000000000000005a875c44a180850934825a5796b43f192fb0e1959a3054,294566,c34800e03bca9676111523a6caccf8e4d834ed2b38a073e611482f77cd680fcf,1468086905,auxpow_parent_match,
namecoin,000000000000000000f862c526a5bfceb9706c3d751a45e9ff439c4a2f5ee7f3,295314,d2259004d5a37eac594827055139b6cdeb990115875ddf2043ee9e841bc05d81,1468513822,auxpow_parent_match,
namecoin,0000000000000000048dd7432c66dfc4ba30e90be651b1a9e6e174d7c9d10ed7,296969,0b0d5ed235b561e6844e11bf8b229fed61fac1611ec5e0434ea46c647c2439f9,1469447587,auxpow_parent_match,
namecoin,000000000000000000c2437d1a21f69c903c4ba54a316816d6bc0aa18e4ea7a1,298998,eff7cec70cdd1dec3d3873e0be76df3ae11ebbae6c758b2a821b96a318dbbdc6,1470517137,auxpow_parent_match,
namecoin,0000000000000000031cbd54690b715ca6952cdb5e0cc85df7b79e08aad38d45,300114,aeb2394f33bb489e9d855dbec78c81b44eecddfab8a82eafeb6fe4ae656a7241,1471160739,auxpow_parent_match,
namecoin,000000000000000000f26158303c8c7b70ea4a6e3b00909dd3fad4f5b461c98a,302899,503a72f70ab57be17db17d25227e18ad1de7cdf05645b4c9e45333209de64415,1472715496,auxpow_parent_match,
namecoin,000000000000000002b455b8373e0f85bf21dba117862f3799e6b9c029832500,305192,0bfecf59e27a3f270821e5f513f415e653be4b1b0d3aace840ad746e540660ff,1473985701,auxpow_parent_match,
namecoin,000000000000000000aaafbfc54604b4b927f047a98873656cab633338eb43c9,305907,be638b1c34575435908681e83e86b75bbd68da7f7298df67864b3ffff0905e46,1474395881,auxpow_parent_match,
namecoin,00000000000000000361a310c1b1cd95043ee862d50a618505a7d059b4f93bf0,306253,fd676bdc0cd2577231c032a43774cd955f8f29e79970f05c77b1614f3b407f6e,1474623165,auxpow_parent_match,
namecoin,000000000000000002287d1562b003ca57b46c4552bcc9d8e510faba2d8b4d16,306827,0aa0ee92c656600aa12fafa29241c87044ce1f8919f28d14a5b81f8d4109f530,1474948867,auxpow_parent_match,
namecoin,0000000000000000001d35f949bf9a4ae21b3ac1ff1deca2ff778a503877e338,308844,5abd8f831cb5c9f4bd4eb49afeb0c380ada46bf9b330b37034495a90a01585ab,1476185202,auxpow_parent_match,
namecoin,0000000000000000010e2e585a3360deca2ff6014756319802c264e25d924687,309307,de26982944db4619fa0b1cfc00734ef9e00e09f05790228782161654865d1753,1476462881,auxpow_parent_match,
namecoin,000000000000000001007d5b2672ef5c8534c973719fa93471410540a9e03c2d,309402,a8f4e2310923009a14c6a5724698058c4a04c6114854ff9204caa3106b148f75,1476524490,auxpow_parent_match,
namecoin,000000000000000001279e88d86e4332f09592197fc034cbf97439ea5c39cfd0,309976,ba2cf2c16f35e3d813690b17a9e10c08b8db2e9244bf95b1cc9bca0355e59b90,1476867072,auxpow_parent_match,
namecoin,0000000000000000011da79d23e40a8360ed09d7f7e67e85e5fcf14377694df2,312326,f56d7f7ccf6babe5fcfd4faabf5ddec69ec7aaf1c2429211e9be64491ab226b3,1478366746,auxpow_parent_match,
namecoin,000000000000000002e40990e1676a8c9ab4c6411ac3f443b14a4febdc4e72f0,316198,722d9a18010f2c9772bc89c5405afb2ed239a158ef97902404ab888f46165812,1480589545,auxpow_parent_match,
namecoin,000000000000000000a9edbde79264d7e1c63b0be12c74e0ba044b4d72fb4f2d,318712,182523ef79e3210bc46ec0f71c346a9c8d7b4f1a4000f9e4ce0cc4bc4efd7d29,1482002929,auxpow_parent_match,
namecoin,0000000000000000035dda07383fb027048c1bd1987d1e1687b0d98911f151dc,321299,48b0730af2c624a8983f814d367f6736293d516c7351b96ac0e88b0aa22a495f,1483534133,auxpow_parent_match,
namecoin,000000000000000000a7c9842e1cb771aec50c54f641b9b45d478587d938be34,321497,5606e65ad901fc15aa17b1ce638dfc0bb16020930657e727e04297e263a05ef3,1483644253,auxpow_parent_match,
namecoin,000000000000000001efe44d6674078783f4a5e2db4a58d946aec4cf24dd4742,321500,75b6c3f584686a42bb2c6f0a7c538c494c9967904707bb9fbc8fdd4b88e131bd,1483644709,auxpow_parent_match,
namecoin,00000000000000000237b2b309e0124c64a0d736423b5ad768b553df16b7d751,321501,9a8bfac6b505eefb7ce3a349827bcb8ee254b3b480d38832bc51466bc41ab723,1483645059,auxpow_parent_match,
namecoin,000000000000000002c4eab89ce5495a6d17192a12679304380b90778d16083d,321543,508d7dc736bbdf441d36d21cd2f3a1425848b8964dd4201f9245f8002b8c702e,1483669932,auxpow_parent_match,
namecoin,00000000000000000018a0de9989907eda6f273c47943e3914c8b204ce21dcbd,321606,ab1ca6aad4800012321c95cac87b50a5e652bef51026b67b6aa2c56a218f2e2c,1483699535,auxpow_parent_match,
namecoin,0000000000000000020843f6f706c610c2d729860da95d68fb49832f5ba001e5,321614,253a18c2d7e08455cec852df64830cd43c2ef641962022b209765878fb33cc3f,1483702478,auxpow_parent_match,
namecoin,000000000000000000a5526e193afed82841bd749ba5c3c311e939f100fcc62e,321629,b92d81af5b6677e1afa64634089cdd6305b1fc140e14e86b5231124522942a05,1483709065,auxpow_parent_match,
namecoin,0000000000000000019b90d0af27d15b63984940f5465354fbb1dff38e7ea006,321631,f9255cce699edfca1884de2213373a3dd4b08b4db3d7a7b2a13534edd6677053,1483710220,auxpow_parent_match,
namecoin,0000000000000000024c22ce28104f46dc3de72f6b1100603fb351fac45dc9d2,321675,9bd6cb3c1181943628589faab6df4572a99badb13bdb4e945fa38affbdc1c2ca,1483729033,auxpow_parent_match,
namecoin,000000000000000001cdbd0ea9c1ab39647ce7f1b8bb7e24f4ca1d99a46cd772,321685,d362d1529442b5f8cefd1a3d7cc9a510d3557192c87d2ab225bcbb0f826089d5,1483734814,auxpow_parent_match,
namecoin,00000000000000000241b3de2482318d39d56be888990805c6bfd6e8500d1ee3,321698,5f617e044195623f92bef2be62e4109a034a16252a708da37e52663d4b0736b0,1483740944,auxpow_parent_match,
namecoin,000000000000000002648e36f13bbe8bac128f0afb04fbb96f3bd9db7c318387,321757,ad0dddd8ebaef568a1fc56b0f02a971a02e641bd70dbf21dec48b1e775642636,1483771283,auxpow_parent_match,
namecoin,000000000000000000d1e612208cbbc1121cb9d06627e04d4481eb953a058d7b,321796,0c18128e0d98d8fb9b1276bd669485de4c807034dd4a0f0e7bae1374084998b7,1483790691,auxpow_parent_match,
namecoin,0000000000000000013ddd97c074d1d02082fe6bd8df68fc6abc4b23a894b2f7,321861,f39feb1096347830b4abf033af232c4a83ed8063f908e0eb5e254109f95e3390,1483821053,auxpow_parent_match,
namecoin,000000000000000002ffb28cce355e76e736d13d7cf8ccd83ff4cc886d736b7d,323307,43e5e5d2eaf0b02f8f38e3ff2fc3eaee305ecce9fb0a4f852353d1ae437baf4f,1484562109,auxpow_parent_match,
namecoin,00000000000000000247cf65dd17436aaaa8bf69318a50b676d787fd057e8cba,323357,8a06ec6b561345e79f570440672dd6d939fbdc14560591dc9415e04f5965ac95,1484586164,auxpow_parent_match,
namecoin,000000000000000002635f0b2644397a6ea627e16ca2cc24729035b6ce553d92,324736,a59e82c6c1802be06114bfe99094d31cae9e7711cd282749074c4131f3cfdbb1,1485364762,auxpow_parent_match,
namecoin,000000000000000001a5f6f802299e2eeb636bcef99afef174e0e39a3a400fb7,325277,cb78fff1481b259e333ae4ed5e4510efef15d1b31316112dc0d8cf7f890ffe2a,1485642467,auxpow_parent_match,
namecoin,00000000000000000238ce6e73a532efeb63f1070e3bbee107807d0e20e2cb9a,325512,7f9c3c8f0e14fe82cd756c2b0635136ef1861967aafb0397f40e680f0c0c9f0e,1485757600,auxpow_parent_match,
namecoin,00000000000000000132f0e6b7cae8581b666ba7089bab62b32517cf3546a491,326539,91f99f1fe96d6b517b652e60f9ee514fa559e60f8b31ca27dcc94ae21fa37b1a,1486262357,auxpow_parent_match,
namecoin,0000000000000000024f13f2fccbc516b5d9db98fe01157b2acf19e271f8ebfc,327348,198a6c7346af72c771587a3e966b7be0621f4db093c2127cdd50dcbadbe81483,1486772699,auxpow_parent_match,
namecoin,0000000000000000025f56cb85b0cf25a06a938efbe869c79cb73ec75401f869,327506,51f7acc79336d8764d2342fcecc4291d9cac4681ff9de0b6262c4a8a4c2ae762,1486870369,auxpow_parent_match,
namecoin,000000000000000001830c2f3b22c58c9b586761cad3e11d178a1102e09b8661,327540,8259763095b9895adee06a3eebc43f4b9f48caaab52776061fcfee8e676ecb11,1486892724,auxpow_parent_match,
namecoin,00000000000000000263bd22352871996e6013326fc52fa3739b77ac5ec8c9a3,329163,4b699c0ee78a14ec470c8a897ed47598bd8e1cbdd9ed9723ff9dc909566f9986,1487918389,auxpow_parent_match,
namecoin,0000000000000000005e22dbfc111849cbec7aa5c209cef8b44e170fb1d39df6,331127,a8d4e6fcbd657d822b612850ef0faf2b846d681b8758858573604476440bda44,1488976560,auxpow_parent_match,
namecoin,00000000000000000187d7ee2aeb84cc33e08fd78f0563c9539320f86ed32e3c,332655,8c960fa0357516596c22a8ad2b47866b7cb58357197d7d2abf65a9ac54d07c0f,1489833721,auxpow_parent_match,
namecoin,000000000000000000618ba70b51a387bf82aad3abee5ea0367ed6d43a28230f,332878,b5994890b70a446ab8598038e634d7207e13c9cdfdb0cd6c6541d418380aa1aa,1489934229,auxpow_parent_match,
namecoin,000000000000000000f84b39939437886a4dae76a18c4ab624f6b0d7300a3dd5,333326,9501e8277dcb8eb86c9a76948c4bdf26dc23fb12bfce5e68c2b50e3a6618befc,1490148288,auxpow_parent_match,
namecoin,0000000000000000022c1fb7b29483974c632e1d6ea09a145595c59faf3cd747,333377,c1e92d905a4cd4f12e1c8adbb28d2d37903c634b06aaba5b24278e4c0c82c9fa,1490175085,auxpow_parent_match,
namecoin,00000000000000000111ddac6e40c208bbf31eb03de250e68da93bc17a94c89d,334667,409baec188e993fe826a4f194f162f13cf893b4286c86890a2ebc23f9c492231,1490769567,auxpow_parent_match,
namecoin,0000000000000000012c2bc5e94185df03c7f5077c4e56c506aaae8ca74da7ba,335774,663d2263e59d8697d0f85a76b5db17326ae378e808a70617e9cc677ed1ac194f,1491403178,auxpow_parent_match,
namecoin,0000000000000000004fb319362d93e8926120f5c035cd7c698d60a682ec5169,336628,b7e102ae3702b50f9d4e2f237c93092edd5b88fd6bcc04865df5641b904bc127,1491959384,auxpow_parent_match,
namecoin,000000000000000001ca7d5e740c0cf0227216805e7bc19d770fc732547d9aa1,337856,e020f8930be66f2f1099ce36703c8ffdebd1e0fe384bd6445a42e1b370778f77,1492653249,auxpow_parent_match,
namecoin,00000000000000000103a3376976d62e45634563e9386aca31da067e3f9a3cd0,338089,9e5ca4eebe012b5fcd7ee98e5530b8a2513b5b98b531f0dce73e09ab32282fcd,1492833048,auxpow_parent_match,
namecoin,000000000000000000e95aae8940adb30084caf4f432fd13c04c1e6efe4db8ba,339093,83576f84c1a26c568b066c9a05ebb6399652f937beb8d3694844b117b01808ba,1493611355,auxpow_parent_match,
namecoin,000000000000000000bbcb4fa772da81f8dfecbc1452e7841dcda8f4c8fea7c5,339248,2c306370d058760351150645740ad38260c7e0bbb37d123d379aa21d8f6a3779,1493699575,auxpow_parent_match,
namecoin,000000000000000001e43a1b261fc531a502ea1294985282f357af352a284c7a,339485,ce7ff316878c88a9b4e0fb5ac689c9b0f548c9fe696b40f6aa36d411efeb8716,1493837221,auxpow_parent_match,
namecoin,000000000000000001abee9e5f3dde018b226e5518a1fdf962f544cbaf15716c,341449,0fea1e1a0e000194d61624c4588c6e8d4b2a251a113551986455f590705030af,1494958887,auxpow_parent_match,
namecoin,00000000000000000014ff91181fe426c7d68fa10d333d4349b1a0b519d0863c,341943,5c175c2ee3a1cce98d101c2bc9d7cdd7a46cd4e1c9d093b3e3239608b1f6d1c5,1495231969,auxpow_parent_match,
namecoin,0000000000000000018d0e4f7101731b9a260a560a4ffc969144fd5315cf3acd,341958,5bdb11db78f35a692892c8ceae8d0ba85a7367b59b8cec1ecaf017616ba8234f,1495239366,auxpow_parent_match,
namecoin,000000000000000000276c79352e03d04984d4aedf80c974f89b62a92f90c82c,342603,975e3ddbdb8ef56a26476c6c4730f1f9cfe997d8b35699434fc230582ea493f3,1495637153,auxpow_parent_match,
namecoin,0000000000000000005b81c4ee3516f8a8ab7204a5012a5b558e53a647437e55,343113,7d7adbd83bcb498759c26b5207da7b4b07c903cfced53e2d9fa5c3683947edf4,1495914529,auxpow_parent_match,
namecoin,00000000000000000051196672c3f6efacbade6c0ce2e50131c0cef572b26da5,346009,fdc1539cec98c491a4b503db2f394c79d4a8b459be8306b7231f9def67c40ffc,1497372845,auxpow_parent_match,
namecoin,0000000000000000013f307c997e6a107120c73796700646f26e858c1b57b070,347295,ba36ce4dc7c3e0060e918bc33780ef1e5a9c001fa85a7168b295d4bdf828445a,1497887423,auxpow_parent_match,
namecoin,000000000000000001824db26c16498a1d546dc38a7d9c14943f2bf3ebb85a56,347618,99189522606727a23a1e9e90118f906dbaf3dca95fe7f95f96eb99597cc6d627,1498036754,auxpow_parent_match,
namecoin,000000000000000000af6a6f98033f74090f3bc2d3d82a0cd4575fba72dc53cb,348002,a6469f25bee5bee577353d6d66c1368f0721b08d30bcd1638c86432e9727afab,1498221735,auxpow_parent_match,
namecoin,00000000000000000067a24962827bc94d347066a2acec324625da67a0b10168,348573,3fbad89aab199ee076584c1d9ea9a73a5e14037a2b1b5ac4f8b7e6b6bfef2bd2,1498489568,auxpow_parent_match,
namecoin,0000000000000000013b4569d28866fd10dbd45ed43725b9785bd8749c1f6c7f,349235,89e64c5afeba71606af958a5cfb97920667444eee5c4d8957d146b6513be3e60,1498864948,auxpow_parent_match,
namecoin,000000000000000000373cc2bb6b8f9c2dfb3a24f8f719b01b41ec6f28b6835e,349346,dde7d337ec6353e117c8a0e4b45aa32da4a04aa4758b2dd34528fba53325ecd6,1498934726,auxpow_parent_match,
namecoin,00000000000000000182acdf5657c93a0769dc6f9004047496b2e15efc6a4232,349887,8d5443173e6f7542d82caaf1a6d5167705d02ea43044c638b0effb9a59b1ebd2,1499224108,auxpow_parent_match,
namecoin,000000000000000001303f886ed166c8643acabc0a0e3eaaffbe9d8f42e48a5a,351866,91cd62109d0fc3946d9deab302bc7d300422fc4a01a0a1bde6239fa64a2c5893,1500482600,auxpow_parent_match,
namecoin,0000000000000000013ee4a86822d37a061732e04ee5f41fb77168f193363d1b,352422,dfa560627807da21a2b9b1825d9631e7bc36aff79e6c9b56a47c13b3436393ab,1500782788,auxpow_parent_match,
namecoin,000000000000000000b58e7f407be286fa8a6999a8d5160da04b5180ee5d226c,354439,7a773eb6525afdcc5a2c3f46f4df51adf4718b32c4386f7ac2f7ee3dbd78e45f,1501879933,auxpow_parent_match,
namecoin,000000000000000000093a0b6064c155ea37f82429fff7c53bdac54663d47a5e,356330,65af73e19b621adc2993271b3cb8e31d3fa87e2dda7ae2791a191dfeccd7e08e,1502933762,auxpow_parent_match,
namecoin,0000000000000000012fde632d00c609539644dcad331a69196ececcf2d6c44a,356693,bb1483cc479999c3e033029e07bce36d9f703c9d0fdb776a30964107f7c9800d,1503121362,auxpow_parent_match,
namecoin,000000000000000000719cf063cbe741ccec03e60d9cc0aeef6b83a86cb09eb0,358110,f76bc447b971e95c3eb04aa1c761a3b5205b68f4fca168a09488a9910652407e,1503984919,auxpow_parent_match,
namecoin,000000000000000000ccafc5477e199fb98ebf501a258cfc246a989160b52a5f,358613,641f52280d076710d519c83a5fabf1027ec40688f65315e968b7750f9fbdcae4,1504234505,auxpow_parent_match,
namecoin,000000000000000000322e3f3334281df8300f4f55b9cac1d75641524a276757,359057,5d7a9239d3af2e4ed3ccec34353027f99e609ae44731427df7957f96ea47f062,1504453964,auxpow_parent_match,
namecoin,000000000000000000daaecaf2ee62b99628239ecb851a1a2557a631bb1f4abb,359358,c9c8a9955603ee54d48db908dfd3b28fc65aa56dc835ff58a0bc1daa33079e76,1504599477,auxpow_parent_match,
namecoin,0000000000000000002a5f584f90d17a7d8abde28c31c20e3fe743909dbe6067,359509,9d248a24b917573e961cecfd9e3e9c2c82151b1cf2dfb6edb31c467feaba03cd,1504659103,auxpow_parent_match,
namecoin,0000000000000000004d0874375c9c67ad5cd6341b1501b69cf1305014006840,360084,54dfca2b94bd46b0bf30d53229c86a4f981d3be611aa12433b2902a1eb15ca95,1504948387,auxpow_parent_match,
namecoin,000000000000000000bbde1e761b3bc5a1663c2b9064f904785c042ffc6dabc7,360114,c29b56237d765f9d231179fc1225fc5b51cd8cdf4b11d8969029b7ed2ce3f68f,1504966475,auxpow_parent_match,
namecoin,000000000000000000c64db61e05259d25af46dc4a182b25cde7d45604cd12ce,361898,cb3b9f43b324ec34009e76324ed994bb91dd53a8a5ec8c37a0cea5372b0a6fd1,1505975576,auxpow_parent_match,
namecoin,0000000000000000006a21312b5297e69fe375fb42d8832ce6fdec4b373f275f,362016,c4638a314de857971d94f9bc8eef1e6148864c1a369fe15fede920b1b88a3768,1506046804,auxpow_parent_match,
namecoin,0000000000000000002da01fe25697935d1454dc490b0353655844dc5f4bc6d1,364063,88a93ebe8afec9ea26da80120bd856535aed5d7bdaba1d60527ba772150c5f65,1507219205,auxpow_parent_match,
namecoin,000000000000000000581c04dbb1e21e48dfa910009f3eb5e896fec45a58fedb,364256,89eb648cafd9d8633ae8e2f8811f4357571191fc5bead3716c1e55bd29571b9e,1507308363,auxpow_parent_match,
namecoin,0000000000000000000eede257b04aa43736dee034732f51bc1623792808bcf5,365177,6c600d8c8ef54681675bf56f6529e27275cfa8b6a6479dd7d63a1e753d79cd65,1507814331,auxpow_parent_match,
namecoin,000000000000000000f2738df5ba0364748f77af64680992b99c4e654553f71f,365351,7e820384dccd857776f73d49d526ce4ee3177773607eaaac558ee5b77cf46a40,1507908050,auxpow_parent_match,
namecoin,0000000000000000002201cef1e89b7de381a40745d30631467bd51767fb7407,366660,458a1c91833952a398fcef8e6c1a2a74a210a984cf7b666d3b2b7d740acc38f1,1508561385,auxpow_parent_match,
namecoin,0000000000000000003c573dbf45ba068ce8d8d13e998603448242b966637f25,367087,e1fe2dcbec87a8554768202de9384df208091d2b423463eb3f77cf3113f76566,1508785208,auxpow_parent_match,
namecoin,000000000000000000647340b5b6c452a22f3aae665eac2004308f5bd8dc1079,368774,11a3efef063023bdf481a19d38455fa7cd3c55ed9972f0b80678780fb8d155ff,1509714342,auxpow_parent_match,
namecoin,0000000000000000002b465fcb2bf695472f69dbf09e698d31d62322734a0a6d,368779,f55ad5d83bbb6f6c8aef6eb1e92d02f4fcf9e6f23b44a625493632d24769b96b,1509715407,auxpow_parent_match,
namecoin,000000000000000000530d9a951428ae81001fb91c9fa0a39e81568aba87350f,368782,332a813cecfaf1f1a3f6811c568b813f974b7e55cd2ac2a5f17a106ef2fa8d20,1509716968,auxpow_parent_match,
namecoin,00000000000000000065c209d774cef33d906a44102c7c0119c27dff32c34b9a,369869,fa0e9de4082b56592837250b669ffde0e79ddc07eb4d6a84942c9249ba05b46a,1510332614,auxpow_parent_match,
namecoin,0000000000000000008fe337c1e312fea3145bb864bc5916123ec51ec5567ae6,369870,ec8ec04cb545c12dd50a80680bc2389d0930a4f5cc5e27329691ccca3c35c489,1510333763,auxpow_parent_match,
namecoin,0000000000000000007738824e13b4ea73a5f4600e1e9a414439a654325e7149,369897,f13eaf96155efc29ee730053f2528ba18f7e0da1137af6eccecb01fdb7f32977,1510351016,auxpow_parent_match,
namecoin,0000000000000000006bca231cc31a4df54c9b0b9cf03bdeb3408bb787aa51f6,369904,36cd1ff8ffcef4b34e21a8f3dcf3fce9fe28b25e968c059f02ebdf0a2efd436b,1510356029,auxpow_parent_match,
namecoin,000000000000000000781c613e19c52be0fce198e18bb6039f5656826e28add8,369920,0d5ccc63b5eb488507b3f74fb2e7ff98f9f2981f484c08d7fe2aecbce171a398,1510366420,auxpow_parent_match,
namecoin,0000000000000000008ce8fd9e64630d842996a6bdeba4a0fe67e4cda7a2fe13,370158,e1e4587064183d2557b927f39ff77a6497a14ce60e182ccee964503ced33fafa,1510521042,auxpow_parent_match,
namecoin,000000000000000000ac80a923d6b0010be2d667085d9e93de2dd5ea9f0e8c5f,370168,932b7ae2453bb27dae85014e75cad620e845c69271d7f46437fab3291efd757d,1510527076,auxpow_parent_match,
namecoin,0000000000000000005eebfcd965ce6655d84580779e53b3f60f4bb877423b07,370178,eb44a7cf5c894736181d2e5f00ec518257c0d92cc981893bc9cc74d828dac77c,1510530697,auxpow_parent_match,
namecoin,0000000000000000004a5a8bfcf65981699911ca25a8172b63392f277e96aeb2,370184,c2d60982ecb3e882f239504f31f6f4a05bec55346f461bef8dd82a9060fe8856,1510533256,auxpow_parent_match,
namecoin,000000000000000000c63f44071e5745a9663b9fd51e7963782e32daae32d3e9,370201,d4b7492a5b2ea4467d7f1876ebc4dbbdc55d100e138975c52218fa63db3033e2,1510546193,auxpow_parent_match,
namecoin,0000000000000000006857fd1f8669536b61e34158dc286122ca5d8ae680114a,370204,125bea3f5697eb367fc2281b52a740ddb162990af87da9eae02fa88130c367ac,1510546848,auxpow_parent_match,
namecoin,0000000000000000008906e58933b66e20a467229391caa9d96c067a23f6e439,370429,623b7a8530e4ebe1e575c4a9ee9eaf2b0322f11f17a7cabaa7ae42943273b4d6,1510673142,auxpow_parent_match,
namecoin,0000000000000000006d0d160c67e34273d46f1f29d8abe1139bb8c266b919a0,370734,06ddb2eb958ebc0a37c710dcc1ee49b2082e3dc5b0ab2e7e8eaf4bc713465860,1510868772,auxpow_parent_match,
namecoin,000000000000000000824c65eda36eb2598655decfe989d33735629323dc3080,370949,53e4ff6949b38ce07ab8a6b6711d0e4b9e8adbd1386a982ddfcc8b461c5f90b0,1510995370,auxpow_parent_match,
namecoin,00000000000000000054ae34a77c0d7c728d63767106ee4404433bdbb8eb85b3,370957,1cae88f5b365a5f00d9bea357d86d25d41e451319bb60ded74f3390c7ac36f2b,1511001298,auxpow_parent_match,
namecoin,000000000000000000903fc1c651867a99512af2a9f6a804c31a9382de1fced9,370986,bd570c99bc51147a0327fd03f4ca2d0c2034cf7b73b56d932db1cb2ac74940bb,1511015752,auxpow_parent_match,
namecoin,00000000000000000034be7a2331337ff974803432f4593698f4cc825d6decd5,371002,5fbdd4e6310ab5a2494a7246395f4d137044058891a0be8d4176c0aa5a407608,1511023169,auxpow_parent_match,
namecoin,000000000000000000c85ebbd0e18a9440335f5d2de10b102c5a031a83710932,372703,f5c3a4ce72e82b39c1450c8b58595348cd0d79338517028ec6a3af23fa492bde,1511940661,auxpow_parent_match,
namecoin,0000000000000000000d450f4d1ccbc5107f1eaa98284c2c87b6a0702c49c439,373389,0188fb39cb49a6b923432e0aa559096d073fdbdcebd3d23d90dc35629c79eb53,1512308655,auxpow_parent_match,
namecoin,000000000000000000c314b3c7de6a7ee8251ebbb55e9a34181afda0b3bf799b,373831,7c9ca8649b683ff8ad7934f3b216fb1b2bf370a13f38f7eb6701e4a8b7e357a7,1512542423,auxpow_parent_match,
namecoin,0000000000000000001607c9a34558d3f1716aaedaf23daaa42c7c388cea331c,373901,772e86ae685250223d080e798a6ef18e161a444e8da7a3137c7e08c0c58afd39,1512578453,auxpow_parent_match,
namecoin,0000000000000000005df7f9cbec4ec833d73d0133e5f2c31b65096f09d44443,374909,86f5372b6b4ab6e7249e41751f7b6e90d60647ca3f482c961d5a39e9bbffc6bf,1513129125,auxpow_parent_match,
namecoin,0000000000000000009f3341356de702b559b79a8ea2884e96c32638e1b03ba6,374926,56d4cdaa2ddc7c4d327f527f36c0e191f228814a384cd3a8d6b5a47ebba2ae1b,1513140202,auxpow_parent_match,
namecoin,00000000000000000080abbac4b6c8971153afa62b345dc34a13b35931942061,376470,a63f6d5af2802559e1b2ec2882c61e3ca04918ad9bb74976364ef0b6702423c0,1513961745,auxpow_parent_match,
namecoin,0000000000000000006ffc18f47f8c8ccb5e2db5e7903cab5cc391dc18087980,376881,4b32cc9527afd1822aac2b1c91cb159b471472903e0d606875e85ce37fb9be1c,1514163759,auxpow_parent_match,
namecoin,0000000000000000000a7410239f8b13c41071a2e7032fdfb1876fa18a562256,378003,0b51179d678d4d4c951054364ad1db5b0a96f1e25585c2494a9e8b5781247e37,1514814472,auxpow_parent_match,
namecoin,000000000000000000300c45c0820d3fda5c6ad79b80c6fc0bf7d0e0e6d11444,379030,586abd2da3f26fc08854349282ed9b60f2dbb81bdd88711cd2ded2c1fcc08157,1515352080,auxpow_parent_match,
namecoin,000000000000000000841bfca4eb3f5b4c028d78a8af8dd0e0fcdd2774d9b8b3,379637,ebfcbdf67d188dc9ab16b249c667ddc3dca3219b4b9f3d00a5a2f648ceae1184,1515725895,auxpow_parent_match,
namecoin,000000000000000000604325382f569da26fca365c7bdbb0de8bd12da4c86d4f,379664,5a524480b2213611940f79f41e0167e0238501a484dbfa0e3ec77987d69bec40,1515744772,auxpow_parent_match,
namecoin,0000000000000000007bde14b35e5d2a71a6d4b32b9ddc26cde0acfceb03611b,379740,2c9144ac0ae6fa17484334f508a8c9d5224c3e7582dedbcc4ffc8c3a54e29928,1515799593,auxpow_parent_match,
namecoin,0000000000000000001705879f3be92385abd12b026e3b12cafb326a90fb261c,380252,89479208b222cec6625bcd7e04c282bbd3dd09f23a4cf460d3255ce368cb8892,1516099129,auxpow_parent_match,
namecoin,00000000000000000057a95287b25ba863540b211052bddf27e8228ac9e70fbf,380559,92cd7b168bbc30e5fa74f49e46f75ef53721dd0b7b0ddf86f7dcbbf70bf152f6,1516258674,auxpow_parent_match,
namecoin,00000000000000000015c30099593e9b5e974af1d27b7b49910856e3434401cc,380717,700d5e91d6d0e8ae5ae7200edda69f6feb2ea2b5873d80804b8184cd1ccfb109,1516351560,auxpow_parent_match,
namecoin,000000000000000000157df170483e244c67311826839c1bb4e9dd0d3684ea00,381125,a54c2075cef8ab1df8d2e6395aab71d18860790546e7011cf65619c230a3ad9f,1516545562,auxpow_parent_match,
namecoin,000000000000000000762a4b37186fc67f5f72785e9c7b97f826a92a4ca2b534,381218,f95004df2b810327625699d07da8f9732515277533c17f341e46c3464c9633fe,1516598774,auxpow_parent_match,
namecoin,000000000000000000520a6174197bca28e864f13dd76db5ea8c9787b8ab5f62,381440,a727be31b4b2589b65ff231ec60b8e8bb0b136b9cae5989f1bffe6dec8330c28,1516709302,auxpow_parent_match,
namecoin,0000000000000000001fc30b16cfead4149749beeafde9b0f7ab245181e08b35,383349,d528b63c0884e01e22e38ce428c0b1bc39ce89a776df963cd51f777aa346078a,1517699738,auxpow_parent_match,
namecoin,0000000000000000003bc150843b71b364653ed2b1114923e2daeb3b4362328a,384042,acc7d47ef268c81fd12eb5e03791410beb26616ec7077a58eeeca360fbb714a8,1518096966,auxpow_parent_match,
namecoin,00000000000000000014a88b8d394b3bcec6cfae1ab7bb3f12a08e0a8d25c47f,384050,dd4a9b0b7f33fd37599e536cd60bed97facb4b1678a589e36ce7a54c4c6f8d38,1518103692,auxpow_parent_match,
namecoin,0000000000000000001004064ea0b04618a230f5f8e18ed0f960aff76b7fb564,384062,eac8c9924b634cfd24a4fc073108c4dd1767d04dc5046352f7f4c3ee068f9f6a,1518114518,auxpow_parent_match,
namecoin,000000000000000000518f45517254a74178d9ff01b74d6e3e4b04fcb47e07dd,384499,ad88141443591c97ff7363c272ba0c9cc87259aab5caac89de0218942f342c2a,1518380491,auxpow_parent_match,
namecoin,000000000000000000487c9906924886bf7ab1f359c8dcf6d5c4ded0c0c40775,386457,4c6c8a566de1e79ef449ddec7cd200364f45389e1d49a712c27554286450081c,1519386409,auxpow_parent_match,
namecoin,00000000000000000015a05645d876a430d1e384416f2379a5570520ba48550b,387240,9f83158c639b90be4ec54bda6d41747d9b4f301a0bea3ab77775f29416533e55,1519793044,auxpow_parent_match,
namecoin,00000000000000000027ee3c8bad673dae35718afea01845b06497edae0b58b2,391063,f86219e54a5dba18847e8d0ee07c0f3c1ce51623ebc11ed005168daed14d3355,1522114200,auxpow_parent_match,
namecoin,000000000000000000486a5c1e5cb4fd29706de18d458653f1d95f8f4e0414bb,391472,e4ff357d227952015b1921bffe1faa80027aab3b5582d87255602e19630f3800,1522378631,auxpow_parent_match,
namecoin,00000000000000000023bc6875764d351b4a133956397e01e5a5927f21bb9976,391742,f38e00c8324e0575caa2255753e93f74c21d16352f96d82060b4dc91136d7e2a,1522536075,auxpow_parent_match,
namecoin,000000000000000000284f4c8e92e1883be2456c0dcbb3112f425378abc50548,391956,16023562ef2f3832120b264d9d66bf012dc29493a920f6b35d6d99ae2af305d2,1522651007,auxpow_parent_match,
namecoin,00000000000000000025bb2c6d36fe7a9f8196a2dfb259f5275c155aae929718,391966,705d8112618b06f78d4d4245cff48932fc79361f068c0465ed465cf5986d8067,1522658353,auxpow_parent_match,
namecoin,0000000000000000000f244a350e98ddeca40854cc50ce8c640942aba29c7264,392131,a9ff0af4d4bfe6ec3c52ba36cab083abef04a3f96883706764bd7b32bf299db7,1522752941,auxpow_parent_match,
namecoin,00000000000000000030a4f906051ebe91899a901dac84a1686c09e2db3a355a,392213,6b8a0b94e1ab0c86f92ecc8287a7047260983c7da3b148c3ef65e8d770deb238,1522801691,auxpow_parent_match,
namecoin,000000000000000000220007fa0106fd627780ed21767c9086b6a160c8411328,392332,d19a556ce7ac41049fde370e0316b0f2b0412e236781e48f62886c86c49c9fb4,1522886542,auxpow_parent_match,
namecoin,00000000000000000016124d88133f44878bb004669193f14d2d40e77039766f,392384,8f59569f74bdd7883fa58503478aac9ac5da1a94e407c33cac0de1242eea7a41,1522924210,auxpow_parent_match,
namecoin,0000000000000000000e4ebc30f342fcb6e131b58635555f1683619cbb99ea17,392581,b0744b4aa2a274e017a548d7544895a18512697a4f8347f5c10f76942910683c,1523048265,auxpow_parent_match,
namecoin,00000000000000000010d4226ded357a421152fe48922e8450172fa0246bfc93,396423,1056a52b2ce55c69a182ad19d889ccd7d515193db502bdadb914e9d81b3b7aae,1525158309,auxpow_parent_match,
namecoin,000000000000000000299908d99b5eaa58c1866e8f3052ac17ebfc1105ca590c,397842,b4c8e8bd8fe03f34528bf8784a025e04f6b277c3257f0cc359ba42496021904e,1525974055,auxpow_parent_match,
namecoin,00000000000000000038dc4e4202ca390cc9b0164f38e757dab05b019e062750,399514,b28be9ac82e3a4c3f7340b555edc0f54444a93efa8d199d77ff6c6fc17f87aef,1526932212,auxpow_parent_match,
namecoin,00000000000000000028deda08c4303a5303d0fc9a1441f641d84c3c3b63d552,401283,d1fc6a171c1478191e5c352f2bc560108924f9a0c5ba02314693f4debd48d40e,1527912634,auxpow_parent_match,
namecoin,0000000000000000003d068ec400b1042b8d1ed867cf3c380b64ca074c6d12c7,401614,f12c386b8a65635848d0fdfff54af308efac96ee6f55760b720b1d523fc0d841,1528093953,auxpow_parent_match,
namecoin,00000000000000000033b3f31dfdc967e8f2a615ba6740abc4640a59c2a9e268,402678,d86d5629c6733b4afbd3b1dd4cdec170a00069bbbec770747a6340cd0901e194,1528782281,auxpow_parent_match,
namecoin,0000000000000000002f9d1ae00af4ac8777469a029de1c770fe6e2f4f59aeb7,404833,4cb52d2be0bce1f2541f626911c604fa1d2dec0c8d769c040bb4105e0dcd5a9e,1530072309,auxpow_parent_match,
namecoin,000000000000000000180f14805b550bcc1395a5458de8ac4f2405d989d55c1d,406401,fc552a1ecd989f2f4618fc10a8b846a695ece80fdce1346f924e7830e77fb6f0,1530872282,auxpow_parent_match,
namecoin,00000000000000000015e2e0746e78498bc5adb000a1cea1e45991bfa6d755df,408450,92616cabe721659829b8bbef5edd559f58f0d524145465958e52bd40c0546edc,1532004461,auxpow_parent_match,
namecoin,00000000000000000020c9e03ee11dea4daa7aa493ebf9d9d41256b1ca151497,409332,1ed9c472a3e3185b076fb4dcf686f1b7382e4301bdce723c74c3018c126b0dc1,1532495650,auxpow_parent_match,
namecoin,000000000000000000115e2f370fad2516f8c847f339044ddd3e2da8555ad168,411256,28a1fe9bfa259961656a6e94aaeda428b563411e5a140f3df38af02e8c1a4cab,1533564343,auxpow_parent_match,
namecoin,000000000000000000150c3cf830937ac16df5ab45fe588fc33b97cf14c3b44d,411950,f01cbbe87203c0545ff7d2c7ff92d4a8032b7a71c09d43e3f6dcc895891f3df2,1533971337,auxpow_parent_match,
namecoin,000000000000000000035016e7e79e9e459cbaa35802311ffa096f4299f8cfd4,413775,a554e4335911a692c5b81f2687f3f79da13f6ef8ca7e3d35dfd3bf0f7d10c5fa,1535024701,auxpow_parent_match,
namecoin,00000000000000000007a67525e5243b8606ca058bbc767604011fa147f89c32,415857,83eb6206edfde93e24ddd1d1d07d6effdb008b0f8cf396bf782e12b4f85ef498,1536258368,auxpow_parent_match,
namecoin,0000000000000000001b934f570a5a225aa47f7f127ec13456e0871ec10b9a8f,416435,92d420c0782b69e837715869b13897cb9d5f5cc0e912cc63cdd9b8ca0d21688c,1536585677,auxpow_parent_match,
namecoin,0000000000000000002074841ea64035c7689a657bf57abfebf05c2dab8076e6,417693,e231357caebdad0ac86a1cd4460e6edd42b05b2751cf394fd574ce036f9d80c8,1537290253,auxpow_parent_match,
namecoin,0000000000000000000c632f114778b3a34e2a00087d21cf658b6747eeed4015,418934,65a0800ba6208b10571229a6f2adb7d0739063e37ab767d9429431cd70bb8d02,1537976426,auxpow_parent_match,
namecoin,000000000000000000253cee00eb8260deac882b2a63855152def7e220d202cd,420298,02340a425d7912eb5f30a1d2b9abb4dcb9b02a6321a66c13db9bfc99dbd41646,1538791535,auxpow_parent_match,
namecoin,0000000000000000000eee227ee8e347537bc2fde7ecda048fd2fb0bce14fac4,426295,a0afc6d5ce285e4523895ef648b4ecd9e383fa062ab6428a0598dcc8adeea5cf,1542605119,auxpow_parent_match,
namecoin,0000000000000000000bfd78946a4e49f2a401fc544c17b29ff1fb4d183944a5,428487,631064815cbcb6b9cd598003c3af7ef913bdb44fd8763a54bc11599173bac92a,1544114093,auxpow_parent_match,
namecoin,000000000000000000248b5ff033fca9ef3c9a05cf2e36312dd01a3ba34d7593,428672,8ad75d191dd69a8ae45da3d827171e30ee959b4c0b783cf6a4932de17d9952e4,1544225778,auxpow_parent_match,
namecoin,000000000000000000209e2da61daf786ab8b1cc74011a50885c63aeeadd4698,429246,13987d5cfe7510a6a7ba9ef8d2debe0be571e391e2522fc97de86bc6d7ca11cc,1544572812,auxpow_parent_match,
namecoin,0000000000000000002b283a6038cbe5885ab0a0bdcb8b9885a7fa6c7329bdfb,431562,51a629ea1625ef32861824b4443424c9f5ed7bc619b9af5682d6874acbad416d,1545915788,auxpow_parent_match,
namecoin,00000000000000000026059ae3f61fbd77f16d8c7a8c6b9c61f46ec9e8e86097,435124,9f118207bef9986e5eeddb0ca7f63f05d24c3ab1e1289b48de65faa8abc6f90c,1548014844,auxpow_parent_match,
namecoin,0000000000000000001307370297052e96f75e36c693d0792011b3ef8407dd0b,436525,5e1076e65a41828ff67a13b736f279d4b4d77d47e1bb8909da32b4c40445fb75,1548858610,auxpow_parent_match,
namecoin,0000000000000000002a5fffc63ded44e8beacafaed88906cffd63bd1c1c7456,440766,37888adb4354617e7bd17d5ab14bf7a94f0f952bfc8543749e2260162e5ac78b,1551285004,auxpow_parent_match,
namecoin,0000000000000000000a83718716c6257674624f9a8e36c426de63ace038f765,441269,9e9fcce9d9567eeeab94a97a30cdd0cccea67199d84fa27e846596c6cf52e6be,1551587763,auxpow_parent_match,
namecoin,0000000000000000000222a9b048cd07842a6851adcf96ed634b78a0adee799d,442397,21a13da3a39cfbe0e31ac8e5586f597f2117ac36a53528ecad9082cc78827365,1552324025,auxpow_parent_match,
namecoin,00000000000000000018a68b84ee2457362c3761a149e85b1976f401d7518b70,446064,fec0e172b27c6ae2d8aea34f442266395b7efa7b5227a4abef979c74b6fa5429,1554479664,auxpow_parent_match,
namecoin,000000000000000000231ef103e6b509c969f3ed0ceb809de3e5441a0789fe83,447210,6a54d4f9331d9870d9f47a1187a45358812566cf16fa925bbf432545f83a9b53,1555166419,auxpow_parent_match,
namecoin,0000000000000000000883f9f6eb9a459426f715ee3895a4dbb6e51e9237eceb,449113,fcdf33fae8273f995a2000ee813e0ddb40ea26d594601405eb97a446297f2785,1556277259,auxpow_parent_match,
namecoin,00000000000000000010fe8e49ae527e56b127f60b9e3135fd4499adb900025a,453956,794e370bbc3e82538f191f6477ee26efacd47b388dbbb9baa8487bd3568c3bfc,1559012126,auxpow_parent_match,
namecoin,0000000000000000000e88c456cb7e52ef5c288cfc30c7cadac12beb50c3b22a,454387,212dbf575a3ae481c5c97e8bc12e5159ce17abacff0780469415eab6b46ee5d1,1559253770,auxpow_parent_match,
namecoin,0000000000000000000705b5fb5ffadd8bb33bb8e7b0cfd6c9c295fe9267e992,455036,068ef89abff56032e92e79f6dac2221e5c147f9bf2c58ad6b0673b2fc3d7cca5,1559638438,auxpow_parent_match,
namecoin,00000000000000000003a307259262d59513248a16a7912a2a152d1a2bfadb66,456605,079b7f60352dc2e3359f71e115e67b34706e837a2c1dc84394763e0a169a86f1,1560529075,auxpow_parent_match,
namecoin,00000000000000000015f55314db07fbebd61747a8f6534d32b2ea765cbb4342,457819,fd1284ba48c630da0aff3ac36e7c8f7a288c0887239434067bde55d2412a9140,1561188660,auxpow_parent_match,
namecoin,000000000000000000160d6c64bba17309eab4221b959cf188452d458b69b7e3,460335,6d80194d08a554ce7ca07ab95f793e33e6c40bbbe673d35407dfc09cc27c1a91,1562506798,auxpow_parent_match,
namecoin,0000000000000000000cec2040cd2a8b80ec7d4434a9aa5ac0fbb7ab57d24037,460484,9a0cd9468f602adb4c0fc0f543d2c8cb9f6bc948c057a48294c2fdcb78fb4b3e,1562597973,auxpow_parent_match,
namecoin,00000000000000000022fafd684ddaa824619a8ba09fad39771662133ba9fdae,460567,4d9a4bff5e08b9754b5320804a5f1dde5e97ddb16168c9cf19ea2959ef0e9c9c,1562643010,auxpow_parent_match,
namecoin,00000000000000000013f5cbd74ef44673d13f424fe96ef65ce21b6fb9b09d2d,460684,f2c9fa0448b76b170f095242996b7dec271bdf108836daf59f758ed86fb92ea4,1562708901,auxpow_parent_match,
namecoin,0000000000000000001d52005a757e38b370dfe86a952f17a1647578546b0635,461084,4f7a00921648155ddfec3d980b5f34ec5144b4c4eeaed7669f697da042d42dbb,1562939964,auxpow_parent_match,
namecoin,00000000000000000014026826002017f841bbbd60384be2cd562dc9b6e96624,465988,9f5a6213f96cfb403a0d83601b23298071a1951fbb0ffa385a7609cf88ba511f,1565741665,auxpow_parent_match,
namecoin,000000000000000000123d82514aa6cad9536b557c24fdf8bf796c1a0e70e708,466035,53907ea25f0de77dc0e5ab702598140d93c76e147c6fa8c3574edf0ce3037882,1565770020,auxpow_parent_match,
namecoin,0000000000000000000c0ca13721964a48358c5e1ed8119b5e2de20ab7d9048e,467018,22cf295062297364c48408efd61a26681dd1af852bf33a5532a7a391d16ec7cc,1566349975,auxpow_parent_match,
namecoin,0000000000000000000802ef04f7accd4591cd9f5ba2159a192c3c18180e5c9b,470383,39704c9afe42c6baad15eba21d9e443b9d7c681d7bd2cc5d31fb73e834d6d080,1568275247,auxpow_parent_match,
namecoin,000000000000000000167f5f0e42ce306f7a125c1bc7709b7d4175607602277b,470399,8961ebbc18d917550cae22651180edd3e3a32700b580e8155ac167c35428a1fc,1568280330,auxpow_parent_match,
namecoin,0000000000000000000d3d23e861fe0f8615320c42ccb263a8e8dd1b807a76d1,470948,a493a0e40ef4fb27d301bc482d0b765285e57e791a799f35c0474970e267e0aa,1568589029,auxpow_parent_match,
namecoin,00000000000000000006580101db2eec7471baea27f3ab6dd3ac2bd4e6fa0f08,473026,1a82f5953a0a2f1ed0973815db33a0b26aff3c7696d2a0f53085c5a7c8d1632b,1569792913,auxpow_parent_match,
namecoin,000000000000000000089122684295bb05353764bb1fae0b1fc2c18a5ae17b55,473215,21f0abdf0322c1a29e0f77f127f16e73f443912a652dc255f6df1b8cd57d98f4,1569902910,auxpow_parent_match,
namecoin,00000000000000000012cd51c80d0799f2203524258a8211a70e5b98ea6c8789,476163,cabac790f5d9d1bb3b20a64dadf59226de4112aa2078d8e3caf0ea743a73ccf3,1571630847,auxpow_parent_match,
namecoin,00000000000000000003f157f664d073add98ab0ad49b2d56da8b93ee870a854,479060,195c123f4e525b87505a65a0b78def38e5d92aaa2acb8de84b3324826600b719,1573357930,auxpow_parent_match,
namecoin,0000000000000000000704ee0d64be5764b22536ae0ce616c0c6e1b5dcfc2e29,480875,cd55caeef2c4d20137a0fc2195071581cb04a4fc70ca751ec2eb7a04d7912d85,1574447935,auxpow_parent_match,
namecoin,00000000000000000000e3d8e446127ced4defc84aec2fc2562891fcfd3b0329,488991,244055cc3fda00a041a9162eef0c14e09ee95d37feb9826c28db61ffa6968c50,1579031186,auxpow_parent_match,
namecoin,0000000000000000000217205d4aad05b44e1658b83c17fce5ad70e8ca2b4482,489819,9c590bf6c6df007dd3f53b0f27c7cc2d9435d327d7dda3574ae1b3e79ef29cd5,1579496623,auxpow_parent_match,
namecoin,0000000000000000000b121355a393ab955f76349412a10cdb9f252a06f08874,489834,e0514d5e53ffdbfdd365c4dad0644265438643bb57cac420b8c816f149b01f77,1579504937,auxpow_parent_match,
namecoin,000000000000000000048fea2c143ad8074586720d9cece1121f220a9c52fad9,489840,e78fd1444b5588f5db2db93d3d84bc7912208c6a78bcc2f2837d0ade2f706abb,1579507812,auxpow_parent_match,
namecoin,0000000000000000000c26904c257e704a552349889f0fc2be54c48452eccf37,489928,a3eea44504031324b7adc647f4f65621c20fde5a4d96f2ec156be71093986f97,1579550396,auxpow_parent_match,
namecoin,000000000000000000059aebad53ff5045b0ee5b54cd1b0b1bd6ea928aac3301,489941,afb8fbba73f44739988e7381a637b7c109ffa1f90cf65fe87d75ac3ab3e43e60,1579556908,auxpow_parent_match,
namecoin,0000000000000000000305f9d4c42f2b52ff4fbdbcc6465f38082467aa31b78e,490404,b0b6dc220bb661d1ffc955d1b1d8bf91b031dd7d649299e6d7361b75715fe03b,1579807643,auxpow_parent_match,
namecoin,00000000000000000006d0d410adb0351e136ba991047e92f881cc6c2eef7654,492661,7ba8ce0484a01d43a651244c4d2fa65c69008a2d750cf346ae395d49d99acf0f,1581112274,auxpow_parent_match,
namecoin,000000000000000000108f0e774fe41d100725f0ca3eea0b205d3c5912dbe7f3,493187,17f01de87e478d212352a84f8809040079ead8ef7801200ec86130309f1a7cfc,1581446941,auxpow_parent_match,
namecoin,0000000000000000000d1ac8f8f3121140fc08d36e19cc9f01400c5d48c0bf1d,494453,646b0bc9ea85c4d6e6cfaf350df6388f7d73e5e79395129e4ac0eb791b9b3d98,1582220102,auxpow_parent_match,
namecoin,00000000000000000005ff1702c937f23d1121b62c483a38722bc4274b4b9675,494684,83cc4cd33a20789bbb26d5e65cac25ed6bddc5f1f19dfeed3bd245284b5f9a79,1582350457,auxpow_parent_match,
namecoin,0000000000000000000970e75c996a01a0dec03709d068124310d0d2dd4a608c,494833,29d53ebacf262ffe0d28a5a7042109a9ffd7bdab2f643fe7e49b8b006c62a702,1582438398,auxpow_parent_match,
namecoin,0000000000000000000afb64a255edf537c7c90e5d10d62a7743f2d189e9bbc3,495368,31709f477dd3d64a35830305deec0248a5d461fe1f1fabf1820aec7bbbbffe3c,1582766459,auxpow_parent_match,
namecoin,0000000000000000000d6502316008e4aaffe4ff786914d1851da5ae148083db,499378,41ad0aee2230de1d04b83c6e0d162c96bb1644163699b77aa33674f3745ff298,1585338218,auxpow_parent_match,
namecoin,00000000000000000001f905ed555d9024c3c846624992d1c3db29cef59323a4,502191,5ae8daf80f4d5bc5029806a633caa12c7ed14dd3fcf217e4517ce531dd43ae35,1586919737,auxpow_parent_match,
namecoin,0000000000000000000f18592c64fbb62fdc29795c47c70478f38b548d2fd3b3,504534,1767f7a98e9271f2e64204ca2eeeb352723549fd416fb06906b2e149b22796d9,1588377350,auxpow_parent_match,
namecoin,0000000000000000000caff4c4583a66d158d5002d7ea23612b9e0a58467ba44,507361,99122fc874a51329392d35d2ae0c487a3db636c6ee9570a53017c535df434d15,1590309522,auxpow_parent_match,
namecoin,0000000000000000000e83ae1e2f069094cc1deab4aede641e028df3c8507b41,511420,b4e01a877be4b03fbbf1cd863e974c2772b897b98bb02ce60e5d61bbe73cc897,1592541234,auxpow_parent_match,
namecoin,0000000000000000000aa0415a6efa13adfb092c3af3bdce80b0db19af69a491,513263,fc6e065fbce6893aa5af46e2ba7eeb9eab3b26072f36878ed3c6bddc7a46e892,1593574507,auxpow_parent_match,
namecoin,0000000000000000000267ada2f2af62ec23a73ed1a046362a0493f4574d2a08,514157,5c72295a407b067c196d27dbe5399f5c641320fbe9bf4753effa182d11f6312f,1594052747,auxpow_parent_match,
namecoin,0000000000000000000c052e7e6d1f5b12cce2ceda854bbce70157f5c8182d66,515133,dcdffb24f0a174545d4830be37283c800f00d4903197d36079c655ba88582389,1594620239,auxpow_parent_match,
namecoin,00000000000000000006392caf6a894d98483b36f1e057e2a2377ef9db367d23,518027,f1b60495bfe6aa46505783895ec8c8cff09aecc56c8f4755573cfe497684db03,1596391445,auxpow_parent_match,
namecoin,0000000000000000001029028a6f46d9f49e26fe9f81f5a0fb3cf6700a38249f,518046,63abe00e11ea576a2d95f9e8db1382c79e54e074735a279475c0e528c7122076,1596404449,auxpow_parent_match,
namecoin,000000000000000000025367e5c14831322ad37e82cab461e2d21b7348c051d3,518224,944a75ca051ee8b2daac3c066d7fc62397cc64eeb4de9a4193faf146780f974e,1596499310,auxpow_parent_match,
namecoin,0000000000000000000622ac83c1e231735b53b6e0d2e19c25c081c528a040c6,518728,4c8fd54c14e4764a30b5c5cd3ecc1ca8db9dbe86753189a406c42d6b6ad812fe,1596815055,auxpow_parent_match,
namecoin,000000000000000000022686c66f9b3c7b2964a66a149c4a8d8b324668309ca3,519518,ce05ae9d8eb7ea36d9aa05cfa72aa54dab3c2f7cfc1a676530328c7547a27c4f,1597312760,auxpow_parent_match,
namecoin,0000000000000000000ac8d61492ab76dab7451373c6eaa6803ec0244f623395,520524,e2065ec2b82c29ecc7c039d2a87d446ebde54798f88d94c374a65d65dbfef1ce,1597922279,auxpow_parent_match,
namecoin,000000000000000000018431f759c8a5cdffb59d2d407bfaa8dae1bba1993c7a,524080,4e78df2a440e52c66de68d445c6691ac47a20144e19793c623ff7a19696ed43e,1599983342,auxpow_parent_match,
namecoin,000000000000000000021aeb19b908e8eb071be0fb9964d8636c5f5d846126ed,525260,ad1c647b9356d4a94a23142427b492f78f7c70634fb411e0a30c366477ff795f,1600672578,auxpow_parent_match,
namecoin,00000000000000000008df8e70e629348353dfa586492f91dcec31229dbd1eea,527714,8d9c98b3a76fad3eae7fd707663aa09f911b09c6569f66789c3065f7d0796377,1602194270,auxpow_parent_match,
namecoin,0000000000000000000a858824af67b6e59845b0de48bcac1e8133c5d7411dfa,528344,b6b77cfad465e528f6f693fb9fec6d5096e250b966b1a5e4aaabd46181bf28f1,1602594059,auxpow_parent_match,
namecoin,000000000000000000073b64e3d8e3f0f2ce2ccc6f63cc04a0a9c7a61092c97a,528448,9bea67b00d2f93f547fdf399ed92e85b8dd40b08b306da78ecd6b8a0402b622a,1602646948,auxpow_parent_match,
namecoin,0000000000000000000600a00a3ce071b98d7c961cabe775c7bb73983d0e961c,528662,c2f02f6fbb24c45b13a8158cb5c7fdae774a16f4abf71d510a52bf6c7469ba54,1602774165,auxpow_parent_match,
namecoin,0000000000000000000480c4d9ea36b08d181882f81b00d3c66babe9e3012182,528706,80158b1fb50439d47c4330f8bc18a66e8e3098be0ed73467d313153b11ad7ade,1602796012,auxpow_parent_match,
namecoin,000000000000000000032e38df0e5b03029b61a8a0e7f98f9c63fa7dbe0e07da,528792,edc568d4d4219d62260dec9195c95c4b9aa6d28ff6c95af7d290c6721f5c023c,1602842627,auxpow_parent_match,
namecoin,0000000000000000000e42c7e71c09c6e31c6f740d19c22b151242952ebef322,528877,202b035fcd90016c068f057fd53f9e0a305e3c085912b44af8a367bf88e08063,1602884316,auxpow_parent_match,
namecoin,00000000000000000001e103359f810f977e5598c33f058206f8bc239ad11d9a,529590,0ac719d60eca2053eb9768732923b1c2807fba86a74e5daa7de8ec2de05f25af,1603331637,auxpow_parent_match,
namecoin,00000000000000000005447f73cb1766c396c9afdca13d76a2bddd0b69afbc6b,530432,80e4d10172354dbe2110e2ffd18ccfae9f7f2d532544aac6d52711f476c68b30,1603862237,auxpow_parent_match,
namecoin,00000000000000000003899b4521357c1a914c924d33e370e0a1b1ad0cea67b3,531216,2022f19e7adb45eef1336a0f949e9f85f50327604321176e808db63b91f2cbaf,1604458685,auxpow_parent_match,
namecoin,000000000000000000088692e55a40306e76732be060178ee919aa8f91e4a3c2,531685,3a80da1f74fa3d2476e5e83bce2f692f5a6e8db528d815dc8ff0c833ac35f887,1604770267,auxpow_parent_match,
namecoin,00000000000000000005f8f74e57aa4584aacfed509b8a6feb20bc22e7d60a34,532212,cd2ba2aff071d2aced4aa94ae26b04790ef3e3f0b8d2fea887c54745abf93521,1605120954,auxpow_parent_match,
namecoin,0000000000000000000d1228138018746b0bea59dff3b7e6de98af0ede293941,532510,ba979eba4b92d489e5a011b8613386446e08141388284465c5ecf519c7afa835,1605282025,auxpow_parent_match,
namecoin,00000000000000000000049605d9582b95a7e746c41d56d16550e476e7be3673,532810,36b6e54da41d98b31a9fc581d12376abecb8dd692029d5dc4023df088fe48be1,1605454640,auxpow_parent_match,
namecoin,0000000000000000000a6134af268892e6b7492e5eb48acea42eaaff020d4e43,533400,26ed69f3448e2ab6f7fcf3223b8588ba8538e23e4890256123b0d286aabb76e0,1605794082,auxpow_parent_match,
namecoin,000000000000000000015311bc1807d4e7a68226b69a3785dbc1a0aa61e80b9d,533467,d5628c23c828ec65f1990df0eaece5b6fe99bafdad9c7f1844091d2ea5b2d837,1605831606,auxpow_parent_match,
namecoin,00000000000000000000615273567268c22eb93d02830e6b82e08c6f3f64bc96,534208,149d7a25992c7c176c09fc1e16c207ef8f59cb8be2932e96ea9ad7618ef887d8,1606277261,auxpow_parent_match,
namecoin,000000000000000000027d34c43d035676bdc364945809c3f666a25ff73ed357,536392,9709bdf155b94f8e55e873b6cd25d15d7519947b09d82d677658fdbe1e2e5292,1607655652,auxpow_parent_match,
namecoin,0000000000000000000e0e769652e151ffd7ec27ed7e80288063c4ecbda9cd68,536699,5b4737f39a873a50af044711795ac9319b4509a5b21b3367750a0152c199a6f6,1607830432,auxpow_parent_match,
namecoin,00000000000000000006d890e1147294bf6d34bff9028d0567f2d48105c7b56a,537577,af897064bb58fab56944e8dc3c359e22817d95ca5e35141794535b729a4ff5de,1608347045,auxpow_parent_match,
namecoin,0000000000000000000404bc39fdc580154c6f70966acdd7d8808fee3865fe26,537584,366277a6796a6043b053db33ed0a866ddc7b313a46475ee7acea93565c35830d,1608349765,auxpow_parent_match,
namecoin,00000000000000000003b6f0620ae473583668c8df00979e9e9b55326ce97f6d,541227,363b55521cf9fa4419013313873bd3e3d05ae5e327c08247bfb3f611ed33e12b,1610445535,auxpow_parent_match,
namecoin,00000000000000000009c6131c431436862392d7f11268e0fe02ce575cd549d1,542323,cf64d8cfa7987e048091fa32b5e2da6b03733bde38421990f7eb243ffa3b6c76,1611081843,auxpow_parent_match,
namecoin,0000000000000000000717ffae6ff8e585fe50e2f358e3e197d26e88cd19eef3,544060,566d5797a92eec4c0a1e73d09c2aaf594e2d255cae6178ed565ebb81bf2b1088,1612218346,auxpow_parent_match,
namecoin,00000000000000000002d0b9fc2eee0c71ef035b7d066c067cb494b3462a9ca3,545204,41e63134ea3c8907953651f83af8d348021f5329e1bf64f86dfb80553646d587,1612915066,auxpow_parent_match,
namecoin,000000000000000000054930adc58478325c6cfe045ee41ae22e394ca6805108,545617,8dc79b26731c29bdfcc047dbe8c68695856811d5252519e52a6f5d56d6a5834a,1613187036,auxpow_parent_match,
namecoin,000000000000000000031dbcad41bafe1756aaeb7eddc243625d3627dba023ef,546753,a47fb63b0b59a2f506a093c986fe00a9f3896bf2d3e7f233a3dcbb7508837b95,1613881422,auxpow_parent_match,
namecoin,000000000000000000040e2e14931819cd282023c46c4e19ecc2f9daa36f6eaa,546890,df68818cb3cb83a4466408d39ceca2f6c9e5b3141eaf7bcab6743086a75f9c97,1613965476,auxpow_parent_match,
namecoin,0000000000000000000a2b674d3441dbd0f333d4b465c9f538628b9167f16755,549126,ae5d349a94b28c7f7d0877d542fce569355995797508b7bf11e135e4e1088497,1615247110,auxpow_parent_match,
namecoin,000000000000000000063e82c5670f49bea07f8a0310229c550926ab91d91153,549623,bd5a6cfb87f8cd7d760df083bc4330b5480ddf217a2fc470d1f62ded2219b0b8,1615552351,auxpow_parent_match,
namecoin,0000000000000000000829711891b872b01a12cc3349b2a8b3f5251d88ece9e5,550361,2b432f5c5bd7347a9cad85ece6bf868c650770bb322f1d026719af179471d9bd,1616009462,auxpow_parent_match,
namecoin,0000000000000000000c64c3eb0e99f14024ca84ccdefc8d01aaf4aa5fadbafa,550677,b50180b2358679ccbac4b424c53d76c4a8542d1904bae74e1dd0759f40868b4d,1616200826,auxpow_parent_match,
namecoin,000000000000000000052677c72ed5786a84fc841125b207e68410fb5084032b,551084,89a671fc8ddcdccf15e854795b1b783a2d5defd77ad4dafa17998a2f49da62b4,1616436191,auxpow_parent_match,
namecoin,0000000000000000000b67a0cd7b6263c524bd3f4d11f715a513b8345db13e7d,552015,140c5aa5aa017064af33d984acb8bd8b9dac1426e36a543ff93e2253e4f7a4de,1616963663,auxpow_parent_match,
namecoin,000000000000000000044dfef81ca818882c24cdfb3178dd183ec7f9817b3fa1,552400,5177ee0002714ed8ce35c25e1e3ad640f25f42789e15f4067f1e790dd2934996,1617169297,auxpow_parent_match,
namecoin,00000000000000000002ba465c231ebcfda85f348ea566ccf13c695ca54dd76e,552642,e2da223b0ad976d811e7dbed33d260148aae2be8dcce26187c5ecff7d1d78753,1617304153,auxpow_parent_match,
namecoin,0000000000000000000a33440aaf4651cc871a7e949b13ae64b2525ce2f42432,559588,526b093e81db2f3ca6d4d2a5c9b8328922a704c32708b81aa080fda6904c7204,1621270186,auxpow_parent_match,
namecoin,0000000000000000000019b04c28105876ecb2859abbcdd031dfa93ae2be8c44,563309,f4e46ffb3c5b6708a897522ba8eb24a1dc248c6b54149672457ab73356761293,1623641387,auxpow_parent_match,
namecoin,00000000000000000008fb1ea0c477adf2a472c486a2d9ea42865900ee55c8c7,563917,832bf29cbf5c4a230b71bcc31518eb74b6b722fdc5c171449dc2d246367bb3f1,1624012738,auxpow_parent_match,
namecoin,0000000000000000000c4dd521d26fa61bc27cfe48083ae2ae378f6835d43205,564279,f0be598029d7b67519e06d69ee01ef6e801f12ad5b56671d56cdbc442077961a,1624295291,auxpow_parent_match,
namecoin,00000000000000000004aafdd22b32acd703b5de4ec6d4a081599dd9a5f8eb85,564324,2a3c53317fc0c4781b4f7ea11879985205c3fd9c6c78a7664f7beaa0e0e4e062,1624320097,auxpow_parent_match,
namecoin,000000000000000000113905e9dd92bfe7fe39ebc8829072fe89b6108b639d54,566958,aaee097ebb96113c945fbe1e31bc5af915c4103b41d304ffd0c2d95b8f58ee32,1626267834,auxpow_parent_match,
namecoin,0000000000000000000a4dbe9f44be64d4a5d53b8309ecce87d38bdf6c72f978,569209,2beb157b49647392902c83f02eb4d30364ebd97cbdcbc600197962853429b40e,1627514523,auxpow_parent_match,
namecoin,0000000000000000000d5bb28890cc7320559f91eae0bc5781d1d70a7d3a879d,574501,b509ead7d243b535edf73e75e5ab8db1c884b495f40d97d7954b0c882690eecd,1630446597,auxpow_parent_match,
namecoin,0000000000000000000bdc845158b07c6906d2984ecb23cf97905d0bc93ba5dc,583952,e8887b39b2d9702adca8d72a0a02d9bca121f613a0a1c4080713dc8dca7f6000,1635928348,auxpow_parent_match,
namecoin,00000000000000000001a2e49fc7d218f65a13174b2c8dbe6cea5e95e2df621b,584556,84e2b065f787997bc14a0f13668531f57fe1432ff1251cb10e8a2488fd33f8a6,1636288863,auxpow_parent_match,
namecoin,00000000000000000008d925331b5f55745724881dc6aa7d1dc66dd3f668b248,584644,9ff5b4076625b67529cf1c00eb1cc64cb9c8bf599f302d198d9edbafa492aacb,1636335754,auxpow_parent_match,
namecoin,000000000000000000031074ef00ff3903f2b80cc324cf41463ef927dabd407b,586095,43d9f589ab7a2d5ea7ef111d791c49ada2816aa088638c10168e054a1d823021,1637191070,auxpow_parent_match,
namecoin,0000000000000000000be41b423608eee18feb7e0f6fb9ac6c27835c530179c2,586864,82793961a03bcb7d34a42e7522900322cd38766086a258391ab225591fff56e9,1637667901,auxpow_parent_match,
namecoin,000000000000000000045d50de0c18d3a15e3f4bf540fa0838297ff1f06cea21,587848,eee5163781ced64304324f33f121adfc79504eb075c5a2c3a8b421d630898145,1638314199,auxpow_parent_match,
namecoin,0000000000000000000a26afbe02926658c019d0e52d6eae5454a33ff8713fcf,588413,4e6b6edd0d5f2901ea1f84a38fc749a2f28c5ba56af1e27c7e37f38c73e28f9d,1638676965,auxpow_parent_match,
namecoin,00000000000000000009b160476c5f407ccd4957e20346b862d8fc46004759f0,591108,d92dd827e9c08f3dba2cd99c09ae8e738fc3a5efead7efc04cc5e4acca7e92d5,1640192870,auxpow_parent_match,
namecoin,00000000000000000002693ba34e32bed6442dfa553a4b9cb50b7a8c9dc2d58d,591255,a1c91be4d7ad1e0720dc55fd9d02c50e4c0008e6872a5858bd26ab1452f25265,1640287369,auxpow_parent_match,
namecoin,0000000000000000000a217ca107bd9139fe3c9d17ec119a3460dddb26880a3d,597824,2ae14a635820a9c005f16628d9e7b6e1d08238466bb832a2b780640bd0bd01bd,1644162216,auxpow_parent_match,
namecoin,000000000000000000043960a5a94b18f7d94c647354d1fb1e75c34055910ecd,602063,deccc0279fff0f8bc9f758186127532e3971d25428fa85407560c7139ca63b75,1646671811,auxpow_parent_match,
namecoin,000000000000000000035ac5d0c3428f86fda650fb38be576d51f4d907e77894,602152,1aca79a2ba72baec921e65de40b71de1b62737eef92e2d52af44051198e42062,1646728658,auxpow_parent_match,
namecoin,000000000000000000032733a93e6a7495d7c361174c2db4389dc611a43f1514,602451,17125a002c71438c4b158f031fc911c048a114fbd6874d409de51d634c4d6d6d,1646913790,auxpow_parent_match,
namecoin,000000000000000000029ec31578132d01696910f299f8d104f29b8f8bbdc24f,606536,7c4752bd304f6565160ca7ab88cc3378ed66d4203b8d0a33d92c9394b9b85a22,1649336466,auxpow_parent_match,
namecoin,000000000000000000013b8819d8d272e100ac368cbc1e763252ad76d403d486,610687,8be80b70f5ea50537ab27be0f0fcb2ba8f78fed0fa4a438318ae3c521d4dae17,1651733488,auxpow_parent_match,
namecoin,00000000000000000005224c9af9bbdf3bea89d720a490651ce64f388b4b0673,612137,c65b367015d2f74bf6ad0a14b82c554f69f9780b2cccd9e19cc53a028bc4b997,1652566115,auxpow_parent_match,
namecoin,0000000000000000000578aa645c2a10e9dc8556be042d29991c0d3c08dd8644,612862,0f530d4e1516786bc640e75ad8e9d214c72e4d96e2dc5068bcfbfaaa07495bc4,1653007938,auxpow_parent_match,
namecoin,00000000000000000006975197c02823e9104076cc682a2151871f88d2965418,612879,f3ca7c553587e0a90bc34877e15529ab22fc3fa7aee7cd7cd6f9407bcb5860a3,1653023133,auxpow_parent_match,
namecoin,000000000000000000008d05de4d0b44b57d0745f2753515c4110c48e5344787,616009,fb7e832d6ba73ae57f4c39f2f2bbb76a584047ab088d3326a1fe8d1178ef4821,1654912543,auxpow_parent_match,
namecoin,00000000000000000008d99e58ea26b6a7653fbcf007e1203b4d5935ad769b3e,623674,50f0a5b9eb34b6e6efbe280bc9f9d28e41faf0ccfc78bfda12b330da696b3312,1659583922,auxpow_parent_match,
namecoin,000000000000000000047d1cd835034fb1d3a59a25f93eddc8a408372a010022,629213,3bc15f2dd664155d4561c992ec060c12442a74feca0002460bd259e12d218b48,1662838486,auxpow_parent_match,
namecoin,0000000000000000000152502bebd5bc13756d28b247c348df1a9e42ba08d64c,630289,87166b42862f8076cbf87cc2327813550940c0f71678663e7c63a67a3708990d,1663489884,auxpow_parent_match,
namecoin,000000000000000000079c322e576683da8844f747675a6e811447614e299b68,635787,7376e75ec6d66192d320b49defe5d99137b89f3032db9dcf630b37804f5cf926,1666774726,auxpow_parent_match,
namecoin,000000000000000000065d0f6847466feeeaffa9663895cedde33aa12c262e00,639037,9e5aa9465dd44d72ddcb6ddb622a295fd78add8bdd2c30b56ceca0dad9f02c02,1668613661,auxpow_parent_match,
namecoin,000000000000000000000871bb09533dfc2c9ce5bd8eae0fc80a9a815944d716,645256,3897e26a6918f595382312440cdc8e00f1d16cc4a53613e94c4cc37fd124695a,1672419320,auxpow_parent_match,
namecoin,000000000000000000025bc9698bd43a720a55a27a17347366ca7d608d5bfeb6,645390,345e734d9fdf945eb38d39e2d8d2d46218edc4294a90290bd963c03fa0ad35ea,1672485692,auxpow_parent_match,
namecoin,00000000000000000004370a77a30add64bba97c26a90ca9643b45a75219b2a6,647350,730007f4a269f4f10f9fffc4498fe815f70372e7ba714312e1efb8b1ec3482a2,1673620801,auxpow_parent_match,
namecoin,0000000000000000000397ec2f830eec065035fcb98e0a0c0a8f075666673066,648501,c57cdaf1fa6d103622c3faae305605e6ac07f6899cbfe193e2d6e59177b49850,1674388898,auxpow_parent_match,
namecoin,00000000000000000002761b955201609da7fec57f93ba6f1971d60868860f7d,650097,3c86ce25f0ab700a41ba8b602ada5b007ac545edc34a23753c43ab79814ad470,1675328883,auxpow_parent_match,
namecoin,00000000000000000003b23db507ad4aef50fbc9ad358a234f73ba95c656a0c0,650835,5d0ddfb3005ca1d612d469688f4b7f7d3369a5d51de3cd093b7854fee68838df,1675759809,auxpow_parent_match,
namecoin,0000000000000000000387d7c748413c63aa50c493185f64b0b0b14a1692745a,651262,fde68c0410b3553b00521ba164680911faee825d68b9a67e8f87038b99417bb8,1675995584,auxpow_parent_match,
namecoin,00000000000000000004cc87382e38118248ec926716565d50d63f0637c22c07,652324,1aff075e6e82729737ba87ebc5682e0165ab455744ce54ebb29e6fa46c05b2b3,1676602658,auxpow_parent_match,
namecoin,000000000000000000012ae175cb998a3057002e532d432f669d0a30e8292c6b,656485,f2241311c0cb96ffbc4f2722b9c697629d13ad2a80438ab67a4103e0eaa0561b,1678920994,auxpow_parent_match,
namecoin,0000000000000000000125e5d7c0d2e1b83982e5284ea21e08f5a73b8109d41b,657043,3033ead8b9842bcd9c2724bff736cf0329b2b00f13c8e6cb8ffd48587e1e9e36,1679215992,auxpow_parent_match,
namecoin,0000000000000000000340499a069de771c0559841c75d5230dd7802c3588d98,658539,c5a7f0dbe02d1fccc4666b3da3c0cf8ee3eb52e5863dd6428774d7a0bad85475,1680086095,auxpow_parent_match,
namecoin,000000000000000000059e4f1f36c54edacc9a6e3a196acd567dae83a7f44dbd,666372,b5c10838596cfe160ba7ce51e8e261ef0f9bef738c3175e9cdf4e9c383024ee7,1684814738,auxpow_parent_match,
namecoin,000000000000000000032956cbfd8721abe0572d81542e75e38e6185312bee09,667741,eef0e64841212099a36a7da3b0e7c31a233a23cb64e765de599b697c7c70f363,1685622996,auxpow_parent_match,
namecoin,0000000000000000000552fdbbe1edbff2887ea7879dc777b33f8cefc4ba665e,671269,184b712c1e70a0da7d4fe80dbe366051146e0a4330c48b894d7b5e9fdf5be166,1687798894,auxpow_parent_match,
namecoin,00000000000000000002c72834766a5eac00f50d8a203a6fd03217dc22ff2437,671503,aed17ba390445af2a5dfa31e0ea1417e30f680208dbcf5b3f5ad12afad0c0c80,1687961414,auxpow_parent_match,
namecoin,00000000000000000000fe9e3172a5d9ee3b815d952476a31056bc007657b83f,672642,2221bc314a8a2b22dc2e0a7e14ce3bda7b40623f007e30da1632c39ceb40c2d8,1688650683,auxpow_parent_match,
namecoin,00000000000000000003e6e0ca6e4b679bc315b0a1d523153db531df244e34b2,673781,46e0d0f2411e8f487fe683dad06b4d33cc06cc01c44a5d527ad27a735df4c8e7,1689305222,auxpow_parent_match,
namecoin,00000000000000000003cde17280f9c458ef226f5a77271ee82489daa6ac1819,678116,26dd475da7317e7d0686ada76b40807a061361d75183033c63c304b7665907fb,1691732568,auxpow_parent_match,
namecoin,000000000000000000048d93a8093bd9b104cadd46957a6d14ba3ce6f2a29b9f,682620,d43dfd6191c06441e4e4e5038a04254491be4c71739e5d3aa33e00eef54e061a,1694346074,auxpow_parent_match,
namecoin,0000000000000000000270d5eed2457bf394e45f5035c1d721f4f3ccecbb2ba5,687347,e31903bcd15d04913079077a207db53b45c15fb5dbfb703a1dd86dee547922dd,1697027141,auxpow_parent_match,
namecoin,000000000000000000018dbe43dce84e99e8b6e3c486b6b99f5d35664ac3d894,690661,439c86242b61247d6300d808511911d6295999e63b20d4d6d03789e03ebb6cc1,1698968907,auxpow_parent_match,
namecoin,00000000000000000000e41cff8222ded062e05a7f274d29243cbce880fe95bb,690933,d003678b0efbb08dbf6a7ce1e9ed025e32c4216e303de45c419d1b581f53bb20,1699111309,auxpow_parent_match,
namecoin,000000000000000000024c1b977ae540b29e329ccfc3bbb37f3b0880c2336212,691227,1723f473dd564b7ded8dd533c2d720218d85e07474f0fe8449cfb45b9bc7a5fb,1699269908,auxpow_parent_match,
namecoin,00000000000000000002519abcdc0b85977087bae63a36cd4a13638c22721ebd,692567,375eb8dfc4597282d8f876ab4d895302f3317afe2b6b4021306aa7e4cca811ac,1700076755,auxpow_parent_match,
namecoin,00000000000000000003cc5fcca883d8474fe09d4d5fbbaaf526a201c61be2fb,697804,06e7128766f5723e6a9bfa5d12c0284694df1ff9e084ef42bc324cff17e54e44,1703176553,auxpow_parent_match,
namecoin,00000000000000000002c7de4016a0d09a47c19075cb73947e7f66e3461efd27,703466,f5f6a3112fe2e62686cbe142a9d129302952d53015c8242bc7c7a29e4cff94eb,1706474066,auxpow_parent_match,
namecoin,0000000000000000000222082e0016ece6119a9175adcf4ba416631279dc5611,703941,8bfce50d6df50aba8070ec441ba7d8a152b6c96b1b20f725a5cbd9235769899e,1706782844,auxpow_parent_match,
namecoin,0000000000000000000147af858b815ba7fab00984df3811810a722d4624df8d,708499,d0b8e6e58f307bb36bb7a4dbc54b2819737def80796b5092159d911fc1823134,1709421740,auxpow_parent_match,
namecoin,0000000000000000000206e3a637468ec7c7b73632d9df302237d8899e8c6bba,712403,86646de9ad921f063b80ab1a7b5d936e48d757f63177f4c170aa8a7f5b932071,1711722971,auxpow_parent_match,
namecoin,000000000000000000010998fc2714f8ae10ffb73f1986eecc58f5afc457ee07,716985,b3dcbc1352be54433676a192e98df6bc31917f6531431eed22ffc9bf6cf90db2,1714430718,auxpow_parent_match,
namecoin,00000000000000000002ac309c443aaa8468cfb59fdf84fca1e3fd42d623df39,718271,301aaf60f7bd017ffaefd4d4650ffaed4d570c629fd80e5c38913bf0a9eebb92,1715234822,auxpow_parent_match,
namecoin,000000000000000000006aade64c55965be1542f138da658dcdb93005e5c486b,724427,e716eb45bd65e9c68e8de0b6bb273c34481e224bdc268b5341f9a3dc6d659da7,1719019195,auxpow_parent_match,
namecoin,0000000000000000000283dca37cca165a799e910fb566026968cfd28cffc3b3,726616,e8268bf9d177a0c93554c630da847ca7bafb6bb859f8616e0a45ea4160638316,1720400665,auxpow_parent_match,
namecoin,0000000000000000000026c0346042277e9a464778417b70c81334d98d617fd9,728567,55ee48e8883d7fbe693537e77b49bfe40db92df52f4e3f3e643db445a77ac433,1721550277,auxpow_parent_match,
namecoin,000000000000000000020d5a1e9725dc333da00c03d123b7187bf713a88b6d66,734026,899f51b6a07b2348cd896e70a4f06a979b36dc0c588510fe2bcb89825fbc3c20,1724739440,auxpow_parent_match,
namecoin,000000000000000000001b2d82e3c85f3e9a6d64056a9af77cfceb2819f01059,735160,9a9a7b1302c27958dc266b0a1bebaf49f35b50a276ff49d3cd8318b760f302ed,1725401176,auxpow_parent_match,
namecoin,000000000000000000004b7f2b9b9a9c910a93500d84fbb8926a17dd1ace2f8d,737478,a09a71ba0f527adc5963e88b4b852f72d8d225500498d81cfbf2f58a31b24762,1726805830,auxpow_parent_match,
namecoin,0000000000000000000114d1f1c1ddf51e83d6c0d660b2c1fa9f9a345f36624a,742253,c1b2d772cc66adeec868726d3e1b3b2389da39d6b40b80835904276780f9b98e,1729520084,auxpow_parent_match,
namecoin,00000000000000000000ee7b3b7a868e091f9ec406f389580740b8618abfb48b,745810,71a49bc96aee8bac3d994d63eb3ebb6fd94e72daa6571698c5502cdfc8b66ffe,1731657609,auxpow_parent_match,
namecoin,00000000000000000000451bdfb9fbd0b836ee62da952e68bbb7c5a3ceb191df,753082,2311b1fcacc042e9edffc064841a7fda520c6e54ae1cdcada0fe582adde57a3b,1735983497,auxpow_parent_match,
namecoin,00000000000000000002745046f0bb6fab9fd306b5df8afea25e5a4cc80f9282,757215,887acc47e99d01c806b9e7d94772476e20cf5820e0e47f08b5887de43cfef19d,1738412793,auxpow_parent_match,
namecoin,00000000000000000002585e763064d66b3f2554ef9dfb8603a2251ae16439e2,758578,9ab3c8b7b6169518555ed448a662d52a60dadbf0b95093de76fbbace0c542c28,1739196275,auxpow_parent_match,
namecoin,00000000000000000000d714fe269dd411cbf80b8971dafbd9edfedca401adc6,758744,6a62c4f2c3917b8236079bd7643870beddb1f96cdbfcc094fd14d8b4b81cad7f,1739298218,auxpow_parent_match,
namecoin,00000000000000000001509b28e96d4eba8508a8885e78dc83b60cacdeb985ea,761223,8c353c2f33cda287ef82178e236b0d427dcb35a88487bb0abda0a8c2ce61d4fc,1740795955,auxpow_parent_match,
namecoin,00000000000000000001044135d451cbcbf072e07680bd48fddbd933cccd4b14,776561,8505ac04c1f5a4870017c1cd9d1b4e64f9becd477abd0845a1325bcd7dc8fef8,1749866477,auxpow_parent_match,
namecoin,00000000000000000000ec5356968a01c439fcd8e3e3a0a4f24c1e76db2c201b,778071,0adf2dccb7998e15d14fadc65035b56755a656856793ab5a14cff4d1aee31d7a,1750820198,auxpow_parent_match,
namecoin,00000000000000000000d7723ab64114f913df8c3a14fe3d13a96017e5ad87a6,786114,dc884ded143ff7c04bb3cca42e28ccc649fade51d6355580c72b0a434027080c,1755475984,auxpow_parent_match,
namecoin,000000000000000000000cdf5d7f499305261f6fadab837f94a3e5acb28795b8,788249,5f64409b0d28442cc2cf3a7e77b06eab7d83be14143e6185df82f994919d6503,1756729838,auxpow_parent_match,
namecoin,00000000000000000001c00858518e76172820d693a190fdb290ceb011a999be,792993,30fe9ae7903fb4f57ecd815badc6ad28a5ad069d647603223128db8929350d8c,1759489047,auxpow_parent_match,
namecoin,0000000000000000000079d5bbefeca4a1fc69b3490123490725d1f5b3684976,797353,9e5428f2e114f5af48b89ee9945b4fb57eed5f7b01e1a75fc0e9c8fd11ad1abe,1762134082,auxpow_parent_match,
namecoin,0000000000000000000199dc74f0c7d25adc618618ee00db80884b347253c264,800488,e841c4fc8ffd6592b67d56dd0462d1d540c808bce751310b72c53d733ec6e50a,1764019679,auxpow_parent_match,
namecoin,0000000000000000000080824aaf3e9614116f4c5901b89220e515babed61b69,801035,1b13bf7bd29778660034e2afdf24551f8019e45c64345b9e0e0923a2fdbd762d,1764361790,auxpow_parent_match,
namecoin,00000000000000000001d8e793ea5d96636d5531502b2dd3f289905c674aad19,801443,1324fe9351278aba76109b468505c5523216076f4229d0a1fc98062ae690bbdb,1764625344,auxpow_parent_match,
namecoin,000000000000000000010a516b693679cbd0f9c07e3d385e8b7033684428c515,802878,6d326d43d946962ad1d9f2ab03f87b9e51a0c573f42614c78150980647bc6a7f,1765491171,auxpow_parent_match,
namecoin,00000000000000000000ce3c48560dca496bc7605799e35b60ea3d8391921dcb,804976,39610c310348474f72d7f2863e6dc483db17e3fd47ebe579eea4bc4c9ad740bb,1766790328,auxpow_parent_match,
namecoin,0000000000000000000145610c4a50efe6f65c1efeca68f7ee02165b01fa05e5,805206,d3d19fff4c7580435253afc7a2790ef1fc8f160ebb027c86047e5cb25dff7113,1766931618,auxpow_parent_match,
namecoin,00000000000000000001dbe85a748a48ed55156a16a075a6a4af972bea5a1990,809650,1cf70da9c83d52bcde159c5fd674ea9c8f8a900839e52ac1c0184324df1bf352,1769831805,auxpow_parent_match,
