chain,btc_header_hash,child_height,child_block_hash,child_block_time,verification,note,rsk_miner,merge_mining_hash,is_uncle,uncle_index,uncle_parent_height,rsk_merkle_proof,rsk_coinbase_tail
rsk,00000000000000000025c54fa42d8d92ba7267a90a858451716f89ecae79244c,263443,863002b6ad9a940f191f3ed3289e42e8eee107a769b6ecdfdaaad747f70c981d,1521456575,merged_mining_header_match,,32dfc7a84f24b10a5dded1d8b24f48b96ab77373,f0d9129c65b3b91a89355b9ccf975e55c29229d78d4a66201b83d409ae001f73,0,,,040500000c95bc0f26af97e632cdc2835d0d89174b090bfa8becb2ce6757bca9e7f3665003cee81c3950e13a18232e722474e5e4709434e946f5fced890f237e50e8d8f232b4cd6aff2415e30a1f6bb37ee895c7e2b734541fe70aa80e3ecd56c87d347799425e2dc102054acb7d2b40a20961ef0fb75e50323f4c24970ed93e7a4c4624fb5f6e24b0bc73782a3d84fd264cb697bf2206d69c6c8764d5904243dd98039a4fe2abfb7ae876d1d4855ff147a1de3f4ae158a0716c25a8854b6251283729860d9258bba3baa87f15d238c30a743d0087fc09670155b232d7c2e75f502e4a14156d5c83191650f37b62c4148141fa21d9602b49bb4a15d8a4cb6afb727a38b987769bed2eedb2e95e68dd178e34d0a70d7506c1e8003aef21de58f4349a209a84b2fc68b08de6499c451a08fd09eed9593b57a375c1b6279a59c38da10d89f5dd8b53b52bffbeb21162162c8ab8aadf8460e440295a94295e512e9ba5b44015a7d9c32b35f2f5471650b8ae495633ae7dddb4f324f7d4898a793726fa944ece9603ff0f00,00000000000000803bcb6138310bdec5db4db45716513665f9299b315ef89e56bb3906a15c695d777c154ed1dc59609e3d26abb2df2ea3d587cd8c4188ac00000000000000002c6a4c2952534b424c4f434b3af0d9129c65b3b91a89355b9ccf975e55c29229d78d4a66201b83d409ae001f730000000000000000266a24aa21a9ed1924d5da62b0ea6832c700fe5b3d0db0139e75ab553d98151a985de45a69572600000000
rsk,00000000000000000038dc4e4202ca390cc9b0164f38e757dab05b019e062750,417922,1b07cb9c1e0f5ba33bd22a193cc0bbd8d99b38ffa8c788b85b906d8efa89679c,1526933951,merged_mining_header_match,,32dfc7a84f24b10a5dded1d8b24f48b96ab77373,69c2174bf523264237bfbb502a9b089655cabdf70f2b8f6e45067d89ee7e271e,1,0,417924,b70800000d9270feacaac870776210f6ea7211a9ee42b98b9880b145edb676d0a8e1ee4897a86c01426f089735784d02156815ed4d76a9d39a9d496e192f8bae425399d0d5cadbda83e13b3ee1f056e82c4e2c62bfc89d3162da1c0f2cb399844e53348b5072d714d6f15beb3e5de83e1406ce122bad709c4c00a6117e0c81b41ee0d2c2192b901a9d15aa7877029a51e1856609c3e26a81884b83389715ab1152b7a686a8429921c599ff8454e668de54c3e3580bc6e059148b3d6a17151c236f3e9dd0900337348a001a141cc9eafd4019cfbd88d570a6118f21d346e7b637bd8e6c1f816a68151bd8d935a885e5e9b98d0a499565e8fe08797b144da7b74f430b59e1826bf6279c4945d492aa2608f5e143a453db7e8acbc74351264ca6496ad5ea25714d68991ec69e937a8f1e9214e82a5e1b42a17a8d49cf3746d9bf8dbdb66e7eaf5f8630bba6ea6bbf497129797d16c1f459fcea6e7eb90b22c7ba8ed84cc3e627e9a448f4b6271b9ccf76f89a73c264ffadb4190e10f57970ba77e6d066f2d0d28a5687cd04292030607b57a5cc28583579b8bf60ec276174cbc846038e72802404ff1f0000,000000000000008034eda87b15e2d4b1551b49cd5aa8bd607c09ce9476e1f41e7dac2048b9e9ac237c154ed1dc59609e3d26abb2df2ea3d587cd8c4188ac00000000000000002c6a4c2952534b424c4f434b3a69c2174bf523264237bfbb502a9b089655cabdf70f2b8f6e45067d89ee7e271e0000000000000000266a24aa21a9ed6e41969a83823de8ef18c63b6a6e47b643c24c5204c21fa49d9c2713ee63aca000000000
rsk,000000000000000000180f14805b550bcc1395a5458de8ac4f2405d989d55c1d,550920,0cc246e757991d9fdb709a4559aef34103744469afa5aafd6e7b968a4cee5e53,1530872260,merged_mining_header_match,,12d3178a62ef1f520944534ed04504609f7307a1,1aefed2f381807ae60855c0f750f7fa985b91af0d569343d5996548f34cfda58,1,0,550922,ef0500000ca53dcef59dbe8c7665ab1c53fb34c98f74aa309bf5225dfacb7a3e55f8266175067f8cd4d0c32d66177817cfafd0ef36240b9bb1fd6ec148e7dda0f37877694b15b6882ec68576c2c33f338fd7814e583ef2d25e4fae12219246a9873227b64225ecd5d905a624d3948c6e596a5402ebc2d9837826fd09d3a3c8222ddc593abd5ede738fad735599150e7ceb89b39276e49a7d4ce77106ee261f25aeb346ed45b0275b0d8ef252aee96b87787489ed1f7f8112aaf84e30b70500cb941e413e8ec3c4f20d6ca0d989cf5f1f3d25d46b9152b5d1ef1753eab71b5daea4c468ec4239f423b4a743c5dd6a0f01083cdeb9dd5fcc029b2b6dcf78a75564c9be25f98988467633b15b6bc51a3a5be3f296ede988597407876e2c7f60b5886c6657ccefca99d489a744deb3431a8d89ff2f3ffb0f6739d5f2f60fbd268cb24c639e86773962e0a032dbcfd26ec32cd764872c0468afff6415b14925cb8920cc47eed44f67067b17c0335a134089f5e42d5da9441dde84927e4efd1b8981f541af5af4d803ff0f00,00000000000000c0d77d66e330ae9cdcc290b0e927cce75ca4a6d6bac113323bc155c11fa30ad3ebaa21a9edff992ae92781576443759da20157ef50b2c3291c668631795bd7cfe0d753675508000000000000000000000000000000002c6a4c2952534b424c4f434b3a1aefed2f381807ae60855c0f750f7fa985b91af0d569343d5996548f34cfda588c115c3f
rsk,00000000000000000004ea2972668618586f47b9b237c931a05ac5638ae64ba3,578005,88d42a91cb70d6790f9f7f3b8d7a4fdb772dfacae8bc36c619122cc6b4c53643,1531683956,merged_mining_header_match,,32dfc7a84f24b10a5dded1d8b24f48b96ab77373,8cd024e8ec070305b0d46a41dd76b6b2d305083f36b0ca94137d72c0da052a31,1,0,578006,250b00000dbd86a5dab8fb097559a0fe801b92f478b95c2e59f26ef703065fc4f8405f7d6b468cbd6c3b48c14cd60cf63ac811363aaad330fcd37311fe63084460e25feebe4acd805c816c8656bdcf9df344ccd3ae16b864bba564ed6d015dd14c35b3ef089ea5f7c379c52dd2e931ae261aeb85b50bf7c105d59ae88e53025c7096577759ca1b4bc0e77396e249e2af644c0fc94eb0e75f083286f16166826c54e766c185519d445545fa81e942c47a3667f7e7d3889190e39fd27549bed2301652db41c05e6d0a781c00c1861e3820de2de1f79e888546585b3c82e0363383d6059fd126ea034738118268d40e95ea0dc623569f7b4a2ba0520c6cfa5027e5a3a383b3db8fb4d8ac04fc32270d80127c87bf14846c3e26e70c77c10bf7dd2e7cabd957faf24cbae930fa3dd26f92fddfb854550b7d0675d7f1f35b04e260bb69ca16d0a7220e3cf9186f1edcb8541e839c4cd29dfab42724b805f65691e2675cc7555573454cf2fab055d2bd658e07bc222b05bf125d903bf616c4f2b13f68e4e300de3ddcb8ee92c4af7cfff03c59bd01c3da2c37dc48c8f61b70901321a47be5a5a10c04ff1f0000,0000000000000080de1d0f84e41cb9532e221dd091edee5996e741ce0a9e77c4ff87c6526bf4b92a7c154ed1dc59609e3d26abb2df2ea3d587cd8c4188ac00000000000000002c6a4c2952534b424c4f434b3a8cd024e8ec070305b0d46a41dd76b6b2d305083f36b0ca94137d72c0da052a310000000000000000266a24aa21a9ed8028cd714b4508a99243c8f1f22217b202b532cc6f50b12bf8aee122f6a1f8e500000000
rsk,0000000000000000000d151d626c3c3ee7892a0223ecdb0ecb0b89608557020e,582221,56fdf7dae8d3f2ce13ffb72ace86b1c405efeebc17ed915885fb862dd8799342,1531814731,merged_mining_header_match,,32dfc7a84f24b10a5dded1d8b24f48b96ab77373,15ab6df1ac304e6645ae88371ccb5caa050e4c86c03856feeb05d1e8f5bcca3b,1,0,582223,1c0300000b6f55e43e673e8b3aabeba10c966c88581104c0b514827ce2b9fca58b00161afdc7b3698d80270dcf4268288bdc70be9cd003e656993a5fc552cdd079f606e3e7d18756b97e9329d178a1533a4e63f2c5a18ffc0cdc038278ecfb30bc8dc87f018ccf42912d94b1c0da69e494dc17dcfc63ec10ebaeb782dec856e72be2dbcb08e1b4ceafb69e9e49a733543494b42af2be2ef89c5bf891e709b9974aba636bb29c73020b7fcb4a7607cf90f38603677841429a655c891f2695a1ee99ea31d764249cc92888c3176423b05800197628ffc0980ef55f65185cec7d3b69e0f8f675c9c0aca36340ec34824021e51cbe403be1cd7e87c30181ef41c9df7d89884552237472162ed27b7deff98280321f47c24a9e7919c6eb15cc951cfc26482499ec0c24269e31539c4794c4ffefc3bb3383d20a4f1ddf4d8dba5b44de8ec0bfeaa4461a75af1a94aa27319eacf7d2e1fd54083991be89954db49ca8b18de150856f03ff0700,0000000000000080577d1cb83ac72903aa4f0328186d069d31be4e70ba1a6a4f41c26cf91223faa37c154ed1dc59609e3d26abb2df2ea3d587cd8c4188ac00000000000000002c6a4c2952534b424c4f434b3a15ab6df1ac304e6645ae88371ccb5caa050e4c86c03856feeb05d1e8f5bcca3b0000000000000000266a24aa21a9edc8d170b5e908e727c768c042824045ff97dba1b49d15d8697f72a411e3165eb400000000
rsk,0000000000000000000cb756d90a21fa23ef67d27596d78d8abd5b0554dcbe36,606536,33794eb4376d7fe9eb5e63ba202934cc1a26a8ed8cd85bed6e59ef3761998065,1532545493,merged_mining_header_match,,12d3178a62ef1f520944534ed04504609f7307a1,152ba8dcaf760ca5be7ba86c5fedee79a0d6fc1d0b0607af61b7ad870d6945f5,1,1,606538,150a00000d74ee76c7d7dc56a59839e3f30677d94b7eeb05a886aecb30640d7b930045412d0437b4c11da0771f648bd590ee52ea28182615047ea53d22988333f2bff5b64777a913f4507ad33754096460cdf6b913ccef3a07a9b862dc56e82a0426d2c4ddbab05aff1c14123d2fb60ff43cc6a99da13493a47dd82f89bd5a30ec040823881dd4cf55fcb07788a1c2ece7bd9fe84ab4bda7f68bca618d12e68b9910c8ace645664b349dc8ab2988e3b1caeb351a285f2655f00b4122ad3a17b35262496c5382dca74936357e378d1f18429f599bfc626f9a7dab4fdba87e38a24f8ac04bb7c311124ba06e9bf7f41ff49132fae6017926a13460b75f207e0a7d9b99d7072d733c68d6cbf4199a1a2c25f063bbb1dc70065b3ac5976b22c2edc22423aecfeeb97b427ec4f590b7f47310c414dc96f6149358579a8722180cc47cd49d91b6a5c658541a701dd35fa040a0c19a624bdc5a2a9ec513e79d735167ff02ec812f4da84de7ee07fa9027a105c4b853405179db7c11a1955ed516dc4575e89880eab7b65b3889e77dac8ad4a36bda0e2e17530c907d012ec693d4da7efda55fc856da04ff1f0000,00000000000000c0739ee20c727b6216dd8f80cd3a87128f9df1bf8ae81da2f5b49dc9c241680295aa21a9ed941f1d6e2f2ddc631e148d555b56dd153c3d193c52088e1bcb82475590e152d608000000000000000000000000000000002c6a4c2952534b424c4f434b3a152ba8dcaf760ca5be7ba86c5fedee79a0d6fc1d0b0607af61b7ad870d6945f59596b239
rsk,0000000000000000001b934f570a5a225aa47f7f127ec13456e0871ec10b9a8f,735940,7947d86959f76366dd5f7d99e1c803907ca17c59503262a27885634afe5fe463,1536585780,merged_mining_header_match,,32dfc7a84f24b10a5dded1d8b24f48b96ab77373,9dc9ad79044eef579b9ef9abfee6db206ba358328226ec39ff6688c667f559b2,1,0,735942,e1261b91cb6de4dc870033f4ec137cabb1de96b2e9f0f78b6f75dbe4f37e71e05f16d2372113761b9b1159abe1302752ab3d1563d44859c2655e7bb851ab394bee70ccc13d2b1b32e613ee159d5d04a6d224578ecc41b65580ec966a7a0564ddd05990f2c57f30966eb753a4f43aadde2824df83eb66b9ec3b351e2f485cde919cd48d86568d999ed75b304c46040080022891e8eb9eecc061e5dd5aa48c26da148d29220ad6ce332c84b97f0e2c4ecea543542f76434759613d1177b0d7268daf5c0a18f465eee313e2632918ccd74560bc52a424cc0b0bd0d4c3b36a7dba7490754e8020e34add725f1beb5240d664862954f4e72940dcf7eb3b3fd1f10affc2d666bfd436ce29e3ce42f9a88468caaf97861d371baa72a256684a002474a7411f8051f4811beb24c8f3df329edeb2c2a14a31631672208bf12ca99f051dd481ca8651892504c8270bb7257c1c7e2a8ce37854bcf2411800518c18a483f6090a596d2fe92bc32255511db90ac0f89dae9138afea7b90a787b41b7efc37689b,0000000000000080b857d2c4943d68ed15f4f488afc2d5ad57955aeb766408c8f4522d506dae19077c154ed1dc59609e3d26abb2df2ea3d587cd8c4188ac00000000000000002c6a4c2952534b424c4f434b3a9dc9ad79044eef579b9ef9abfee6db206ba358328226ec39ff6688c667f559b20000000000000000266a24aa21a9ed5ce1145068ffbee9677f77bdb0bca1d447a637fc0e5ae2b97c74fe1e62e5ef6800000000
rsk,000000000000000000082fd7cff6b97ba03405ec723b3649658d270a4ff12a9b,791386,be7dbcd0575e972779b68e9885999c9568215ec147e6fd1a0816f0d7b763cafa,1538382440,merged_mining_header_match,,12d3178a62ef1f520944534ed04504609f7307a1,a3b4688eacc39d994aedf6dfdd0011a3e125b124292d7a8f0e066d7c5a23d89d,1,0,791388,d88b6c75989a8a5d2d6375379b534fa6fc77b09d037377fec88a5f02c5c91ba7a1d2659f15823884ae024939462b324e79950ec14dec1d8c0cea43d23d70f2462054105d4c24a3e9b206b7d0b438c36e0c1b3fa735f26c3789f8c81e31d4bba522d4a182941dacfc336b0af2ee905cce86b2b20cbebae1157074104c71b5220542f0d401ba4b04de1df15e39a877b6f7694f2a26ea97f2230a26706da62d2cfe97e18d8a210960eff6fd321533eac15cc924e77ceaff63d9cc3979275e68e5765a2dc493699537812527f2ed7819ebd811860ac46a9c124811b8534649d03b313e651c2122d8199a13a28c16074cbb2ceddde24493fb9ba233d6d937f700730a5f7ec11cdbddb09ec03d02f8c9d10668b07abd9089a1c9cbc7127ebc49e82992fdf3c0a8b1a4e74a20954ac6375798e995d9dc9ad6c6064c3795215811850acac20f4daaae3f866834699f09ddb877e74cd48a60f9466000b14d859bf18cfe8e,00000000000000c0932e9ae464c3c28ff5665c9dee806ed7a4a66ae0599e630dfc0951678426a5fbaa21a9ed24d8ba69fed6262a8e5a5f31c8bb5f6c5e1b35edc205ec10a1667b594e2211bb08000000000000000000000000000000002c6a4c2952534b424c4f434b3aa3b4688eacc39d994aedf6dfdd0011a3e125b124292d7a8f0e066d7c5a23d89d7954b349
rsk,000000000000000000020180eb022e923f5ed5750a3d235a7c855cc431711326,807286,4d03808aca1bb4df1f5b9c406cd4f33694f59dd0d1e341b97ac9042470f9f1c2,1538914325,merged_mining_header_match,,12d3178a62ef1f520944534ed04504609f7307a1,30c1c0b0045f20a14c8d830ca890e5e1ad418751ae4719aadd5a5c88f3a174da,1,1,807287,dbe9ac17fa3be4d97c33b7eb02b8637c378c739778e5fbfabfcc5ad55fa37cf191fabb8e7ee411e3006e7dee5e098837413d3d511e620e840284cbc2b5f654a35698454ce3ba16efdd7e838436d93d3f4891ec5a22a90753ab655dc92dac6130c412c7f564f4b030ce0451b140704ec96f66a8a40c98d96c8a986730d9a43e6a3bc16619d8682b43c5574d9978e45ed0911bb666ce69f770738029b43ad709aee19548460b6be2f5c843cb28bcbe4d8d54ea113ce7fd5dfb53318fc17602e6cdd25d814f5ab6814e1323d635daab5bc725370f443fb59ac916eb2bdedf8f6d99e24c05735329f3b0a1eb9e3dccbb4f70a73a0a9f4188dc1e9e7ab119e57d82196e71ee12c4086f75deca29ec02aba8f3b9e85e76a9d609570140f0019753e9c3d07fbcf48e8193b30228ce2089d9ab1d6af6fe96232d2244a77a0c7805fee55af5ae61d97777854709633c46298a7897ac80bb58de01edc9cb056bf5f6c16437,00000000000000c0f0af1785d601c34a9c0098410b18aad03456d7800d989c584ad10f0c5c8c1cfcaa21a9ed807b65f275e3f9110710d54bfe40d859ab78afb0d184f750ba130352675e61c208000000000000000000000000000000002c6a4c2952534b424c4f434b3a30c1c0b0045f20a14c8d830ca890e5e1ad418751ae4719aadd5a5c88f3a174dae76fda39
rsk,00000000000000000025f54e8fd24d284ab17aac3e6848d13a8f3c0c8c0df3cb,848118,29302d66fc07c527b376027ebe19c4c4fd4cdb2b937000f6cd6597634ab270f5,1540308325,merged_mining_header_match,,12d3178a62ef1f520944534ed04504609f7307a1,1bc068aa9ef36d8653c1f18eac7734734c57f2b647a6f8f74d7981df5710c06a,0,,,e23d322343263b0dd2ad9c3c40478ff3243ff824858ee769b597dfa1cafb3c32fe37d01d10e6be802bfbd0f92bdcebacc71ae191066fd6f54ff4bb21fd323a70f66cdcf883ca5707dee592ea6de703bd58f29d3a10225a74d491c5bede1dfbedbe6f2366aad5055996cecd7f5b7545a3c0a049710aa9b6d9f927b585ce79d331a491d6762ba5f0b73ea7638e4f8d697cab528dc72f3d51c74cf752a2ab46773d33381f8edc796716f356a3072e884c7ff212bc4253403387ad801f9194d86435d29c4adab023059d981dfa9d5c404945e77e55317c850ea36c9243f329b97b07d861a03fa2072ec72a55d027dce35abb7a3a8058ba4aaba8ed3d1e9fc607d521864fad959b0b676f6b881e1f3c2a7e37ca12673f797d63a3fe3e10f751d21827ee9a5faa7161f1684b5374acbdf69e1245d2ba9f25e8d9c82d633d44066a073d388f7af27966db5887b72cc1722d634a6ffb9cda8cf3361682f098b14ce21561ebe4e67a905bb27b9e2b32bb9fa3c8ec6156a01b1b2c362042ccb5f2a219519d,00000000000000c060141d7132337cad76d80ed5300c92476e3bf621761e8887432a52442fcd213daa21a9ed144abc7cc21d7eacbe65ef94eb2e2f07e61b971d16ec5afdb0b904c4a6ad452b08000000000000000000000000000000002c6a4c2952534b424c4f434b3a1bc068aa9ef36d8653c1f18eac7734734c57f2b647a6f8f74d7981df5710c06a0133fd39
rsk,0000000000000000000b1d1a9322fae2af88977762a548dc5c3d9b0dd6a88142,851406,50c75a3bce828c2ae80cec7563cf8e8593d3a0255309b7aad4bbd32325962ee1,1540418548,merged_mining_header_match,,12d3178a62ef1f520944534ed04504609f7307a1,08a0035a1f878cd75e27cc39030c4aaa00c6d011f48b9efe04985912ebb49086,0,,,9fd795e6d1597347bb5dc7966af44a5c40f687f9c0114fe31be99c9871b987ffef7c352022080f845107fa3f99409faf66d14c99e4fb731c953e0a7c1b88f7651c6c5328fa81b1e707f926fb5470db890e023e674fb3af22c97393908db91b5336e6055ec406483984561c2ece8c5ec3dfe2b3fce67697d724fc23380acb6be022895d96ab0835ee41b2bed239963ff699302b305409f08ab1166a46df16c0e802d552f7afab66f645f60415bcf9303c49a7940fdd606470ef3c6442a8c87f4978ab05ec6d15e8fbdbe81c307da8e94aa6d90153152bfe8e83cbc3f407049e2085684e678add6e337a432004e803f2e51a8d4f21ab19cd40d026f47325e51ac79f80ad99faa9a2dc268f833afc7937133883ccc7daac557eef0cd84f2317895eb29e3c35ebf1f0635af4a7507bcb8df56e28c209a49d30ce0f573f87edd31c2005e7742c5e59cfe9fca278482641311d82638bd17ce74a72851eae0076e29007e9baaf94cd72bf5c77c64944473e784ee84a4ddfaae794a6481d84db5324d0bb,00000000000000c0954da3bebfbb6f09826c81ccc432ad9c96eb61931dfc324f7a14abfb22bb0f3baa21a9ed5fd1b77a802a5088f32238a941f85aedd5de8446aac81c3406f949c5c4dda32a08000000000000000000000000000000002c6a4c2952534b424c4f434b3a08a0035a1f878cd75e27cc39030c4aaa00c6d011f48b9efe04985912ebb490865ab6bd3a
rsk,00000000000000000008b5e0da2d67dbeaa5ac4ac9344a8a9c14510491b5671d,911978,bf3dcdd3176217485890a4928de1d924e3c467ee0ceaf754dcae902adbb793b6,1542449963,merged_mining_header_match,,12d3178a62ef1f520944534ed04504609f7307a1,71df41d35e4e97127eec1a4a7f5948a59455571d748520ca87931622cbc57c4e,1,0,911980,70abdab836f507c1f7f56ae1231cc551d42d02867f4d08d70d6396db0e3184bb2a28cf8f902bef3b9795ffa843334ab6ede0adfe8b8e80ba9eaade68eedcf587a925a6444331f0f81a78ebc478a2b3037bc40d632298788f33dc1f7345700109a0719e2aed496e779609645b3753ed36f90e12593d99c43905dea3dbc89d7a9ef4ef81473cb97cf39c5e9135c4a284f0d7a3362247834ae702155a014432466ab219fe7f24c591c8b574378757747ec3b314984d592e5878199f60b5660120e4f9c0e35291db5a6dfcc13871657ab991276b642640c41d304ba5b74c122cf4e296e6c9a2d00817cd76038525fefa51ad14b78d0d3b5a6709041f68b726d30284787a74e23959c4217d9fb794bacee4fb72cfe9e6cb44a986eaa55a0d36d07a5df75b92025245956c5dff67560f10e7442354d7dd3c894a6b5be4ff2dcf141ff7a845b71bab666f0ade084384972bf288bfe4c7035c9d2e606082767450a40952e2e7a4276091c256ef2abeec3cb1917940f902138e8e05a1f89bc855f17fd5b7,00000000000000c06463007092cdc6ebcbf0b7be384bf129cca14c1a6119b03f7add1204427482c6aa21a9edfc1c4296d006fa754098a4e0ab73b19f8bb651479ce9f616b84aae9b50a82b7c08000000000000000000000000000000002c6a4c2952534b424c4f434b3a71df41d35e4e97127eec1a4a7f5948a59455571d748520ca87931622cbc57c4ec0186d3b
rsk,000000000000000000209e2da61daf786ab8b1cc74011a50885c63aeeadd4698,977293,81814e3cfe6756930606821bcc08ceae5a20c4ec4525cd0a484500d1dac1d1f3,1544572839,merged_mining_header_match,,07c5446adb392be116f4859a722589f3fa8223e4,d85fe4f7dbfb5254b47aa5414adaadc93d192920b5f5494847a6e850e181e357,1,1,977296,8ae736ca949ea30e9ad870deb72aa5e15c9b02788ac63f687eb2667d027a075df07c7d9e504fd6d0a02476fd2ed88ded1178c55f70fff23f77ba243a98e6d06901e437b0e4738621186c58c65f73d78ad60f2c0ff68eabbc1934013e6686947f48c1ec5be42993e1c11b8ab472146eeb9128fabd320eaf355c75c863dab4068f3c66362c49cece7e1439b518904c0a342185915d6b7b530fe394852bb088cb4a45afb8a0a0580ee5025f8f0ba1f265b4e090444ff92da1a4ec5d7cb042f896f742cf23cdb9a04593b82bda1640ab80fb7a485b93a69a941c846c29f2b0619d2ad47407dc51e3b6b5aee03fcb74620b5bb9148406da2e57abf0a454b5bda3d0d2395869ba90f1f83723a283f04fe3505e833512d2de2c913729e8be90f10cf49d0d3cc00014f09f8e5eb89a11d8a13f73a9301519e53ee3504c1a1ebd53a8f64b2e3d0ceafb173cbca68fb5a5a06c0983265a770e22f8a393d2f238ab1b0f98976b101750a2e98cf3d2d9e9ae7fb280b919585c9cd52fc3ca5784668304927765,00000000000000c064f950819da7ca514ca5edd33279425d403b874636f8c8b16e7684c624fe35310b856560903f055800000000000000002952534b424c4f434b3ad85fe4f7dbfb5254b47aa5414adaadc93d192920b5f5494847a6e850e181e35700000000
rsk,00000000000000000016eea2d3241be96f3ab3614ca92176f94fb8745abcb4fc,983881,c27cb403a1858415c190f8a04b69955593ff6bc930c0579893efc0382db9e729,1544781800,merged_mining_header_match,,12d3178a62ef1f520944534ed04504609f7307a1,c1e9407569516a37587c3ea7bfb5530c602e01f78cfaca13ee8dfca614a7b168,0,,,7b7a1b2be44eefc78253e8170837d015671f8a5a63d68555ccb1baac685f19010edbb57b4ca1ccf67a3d0f3d51924fa4ec070b1bd7ee68e26f6116d01ba72b6cb69394a0496fdbab0e69f1482e75b34e52566513dc59ec3b8fd56c33d05aaa9720262c74ce952addc63b6ffb7c2fcb00a66bb19cbf43e6676dd0a584d67ec7ce9d3c608df5a737849877a82390489e8865c7a083af7020fafc0be5e5d08fc9ea52db1b95fd146aa071e654c4849b5c22276642e1cb591d298950db12b3102c454d5ad161dfea70db58a4a2132d107c12daa1d5d34720d9bdc1a6091edc5e9c5f33d130ca1e303e763aaa640cc508d09e193160c2e476411aa0f5e0cc9521218b884bc1b049b30eb55dcb1ec44cc45deccf025fe614039015f9a424f5d730f9d8d12398d775d4e627f453445ee9fd608b11e67e099663c4034d652b8a098996b910c25ded714867731760ab0d7c173bd6aa79abe76ddbbe45e9b3d1dc169c54a4,00000000000000c019652a006bdb8cd6c52a9707349e769b65ec85b849f3e9b694dc592fc5b92ff6aa21a9ed348e360d17399a2e93239c13c211b5de93977c20646a42f948d1ef9e938aecd808000000000000000000000000000000002c6a4c2952534b424c4f434b3ac1e9407569516a37587c3ea7bfb5530c602e01f78cfaca13ee8dfca614a7b1683df6053a
rsk,00000000000000000012acb8e7bb492657450339ee1d3d3cc18c975ccfb9eb6b,1000226,0cb57d48cb9976f3421baca41d4c9561367ddcc7e545749d656846aa4b84c16c,1545300512,merged_mining_header_match,,8e8056f7913685d0d95a6c4c6db0455255930855,e8a5e51518d679033782adcae6a4c43806c2515f53348bbaa1285e65cdc87f94,1,0,1000228,248d212eaeb228d48e6d9f721bd651eb1b7da2c37ba4f785b7343cf78e8560ecfdff501ad80c85829c5701d6b3dd6899903b195bfa0389226a5a7136feced9cf082789a6f25f39883a8e3c2e1b43308e9b58af759b0aea3557ef71747a8159d920dc6f7d247af9f508e17500196c64675af0713f938bd3cd98d1be516bac3e99f898355bf92aabd5476872b8c8edbef832d803594c35f95b3f8112d56b3040f6cdc0903d82b063eee48c16802e6576946710358003afbcf13db34c29ac9c4a6b8fa89406610f4057de642914ed3f59d2c477258878a99d90d49503478629125941619790a62040d227567a5999dfd90f22c5885d5ee24d7350c85af762b0d7f2c429acc483ce330ed190f21a014acc5debd19840ad60e6ad6540fd554e3a8644c067d292cedc00397991c0cd7ce73d2e71954a6ebacd661afaaf0f70c977d4216c65a040bd1cae06264894de0012a69abf19eea19796940130ffa287dddb34b78d2cd3ef2fd5871d3a31efdf8ed56e01c0f46ce1d541ce196ef5724db7dab8c1,00000000000000c0790e5e94ef9ea9aa3c955b338e3a6d85d760abe30a583315e0f4b6cebd07ed2ddc5b6bea1def99adeea9231c921a5d971f064f068c00000000000000002952534b424c4f434b3ae8a5e51518d679033782adcae6a4c43806c2515f53348bbaa1285e65cdc87f9400000000
rsk,0000000000000000002b283a6038cbe5885ab0a0bdcb8b9885a7fa6c7329bdfb,1018210,5915b9dbc31dc8eac36539d6aaf888792b1151f1af11d0ffa45e57cd90a98852,1545916205,merged_mining_header_match,,07c5446adb392be116f4859a722589f3fa8223e4,fe898fbe42faf6c5c395ad4486e657c354e69f76104eae23ed1d3630bc38a9bf,1,1,1018211,f8618292784bc2035b8cf64d9982af9ec2cef8493f5bbde30ea6e2573f0a414f4fea95f410661ba525636e6c3a23805377450d91e765c6a6c90b5b12b6b73ea41b8084a5f8e84908ec3dea2b5104493e485872122b9752d312668e2505f02d3f65944600c84d2b3333b989a791a73b46c4b6258a03319a8d5d88ca01b05c173e38316504800d222b10391cd46a17c33c8d33bb11c6b880afab7605558423190d2fd0565d42f9234792f09d13c740778772e94affc5c45521d57dd8c31228403dc208446b4f0f1b0e8e7504763b21c13bc6ec070a2f227efbb560cfbedff6cd7f63fac2ce1f7279c183b5dc23501f36c76b4bd674553b1e8f2dcce5ed56f668648a810400db03ffb8bb5b4edc15605edab37bb523d76605d4b07455d213d1003d53ede2d66507711e060ac78a2799b4874e61e3c607d8a09689b93d96b5b1c96bfe437ba3716f5c6fb057c93ab3d83c6987f9ad7374e9336b3a56260c14f8ac3b65be8f42d1410fd91db318c45cc3682233075acd29fad983715a31b8f0419497,00000000000000c0a676ab9bcc53056cbdb65ca7d6f14c8c883d99e26814ac3f09252cfecb03efde080bd2a6d2c1ef3000000000000000002952534b424c4f434b3afe898fbe42faf6c5c395ad4486e657c354e69f76104eae23ed1d3630bc38a9bf00000000
rsk,0000000000000000001bfb4bbbd481a16bdacfa83156334b5294786f8029e4c6,1058453,d2b68a0c52a8f3e4a2a811d3e8dae1ff80830e463c907708ac7c29cccb5c5e41,1547300278,merged_mining_header_match,,12d3178a62ef1f520944534ed04504609f7307a1,35d2c03f8497850a49b9c730b505bb4d5b5b453afee6096e2a607a29938189ec,0,,,72e9f73577fecf47425403a3b9ff1878268fbd9eb7ab97a2a873d102bba23d6e4d4a40a2591f7e0f40c42dcb22efe78f3ddf4260c72c6330bf07b12133a3714ae031892943be6b3b68497b4fce4a45cf5a9db15d51a9ee666a174339527f5a2a2f7dfd3b3ec82247481b6bca704cfbf5430c30313dc0050eb730a2d6342dcd53291c1f953845f515249b2cc318904cfc1c20f7a00ddf9e3265447f6f44285a45f6022d13ca868e5c4c8cc78389ebf660dc5f432cd7026c3889829e73bf908015597dc21b6450a5ea41ed3d0c24951be34140fe705c49dfa4096fc99f7e320d7502f4a5415decc34445050d114812361581800f8c3fe95f494495c738bca9c13e4c0270c4a56389cf8399cbe64d8eb7681e80ea35e478ec780790e927f0a9c7aeb9cb91953abb26dbb8dbe11daeb5e2df23ca9438841fb1f30ea37f0dddac17d839219dd10721e378b28387903128788b6eb550c3e30afe1891596ecdeb4293019965ec7e9a0a86a4f514e0b54e3b718bb0fffba4fcb5e7ef640ae4ddb1d34ce3,00000000000000c0d6cd350b31d1451ab8ed100b479e9fb7390cfebd821ae3fe5a8e995ab09c1696aa21a9ed6c9f878bcf0c892e9aaf69d7d8183b425ed1ec0f6bce6dd3ce98852ccc4a39a808000000000000000000000000000000002c6a4c2952534b424c4f434b3a35d2c03f8497850a49b9c730b505bb4d5b5b453afee6096e2a607a29938189ec4d0fc439
rsk,000000000000000000136da07c3034e34e360c7b2f32fb88aa7dfa3edd14ad57,1060757,133d8ed6a6fcff741c9cea54d5ca4bc90957093a555dec2e2a6f6c18cc25fe6a,1547379478,merged_mining_header_match,,12d3178a62ef1f520944534ed04504609f7307a1,f643face270c8bdec226c7eae54ba6ef134868c2b0548f4a72bef6f7a4690d5e,1,1,1060759,65ca5854df77ad200058b735c3e8176fd721568d5e922732b284e7872ce590dbe76f62d564e3c03a1b66f4c271c1acae5f79c6734a859ffc5e2e2d6d6e524988072322064b0cccc872a676f2ad56b7a905b4ca388d0bc4a97877a454dd95ec9929f25ce727263337bd65536d73be9594a98ecadf6f159347cf76e088a5085c6ec67131f750cf9fd5fb65d6bb528f29071b7eab691d17b4df70d6fe07ac00b60a0f275e0a72f3450591e1a90bb15ba944c9f5f1003ab7838118ca796d95e73bddad9e408f5acf0ad83e3bede210a05255370b19287562ae026ae45a65d8676ca18ac0cfdfb0ac467bef0839d25b4548efbba80f2e8f099d5c94b08faa7f0bce4a610e44d7d835b8a9786982bffa94da478c49e8b07ebb7a01e30473991653672e28b49a65ad4fbd5a3f0bc59feb4cf8747612314dbcbfea9ac47bbe63f91082fe599fd4fa366d530c759c14bb3f76a74d49fb00a6cf2119f842483b2040b60f1cf0e0048755a034cbde8dffcc667dbcb074b68b235c178008b18eee5766600b36,00000000000000c04d044a396f7da2bb4c23d7a2e2afbc03e15178a98ecb0900d58a3c8f0d6fa99faa21a9ed101295c008fd5160933aa22d7203526814a204eb053910b35652f2a6b3a3d7bf08000000000000000000000000000000002c6a4c2952534b424c4f434b3af643face270c8bdec226c7eae54ba6ef134868c2b0548f4a72bef6f7a4690d5e1ea27f3b
rsk,00000000000000000026059ae3f61fbd77f16d8c7a8c6b9c61f46ec9e8e86097,1079359,dd65e741c06aa0a53d8f6da7f5751ffc0c301e1d9cedfb13fa16688fd6e118a9,1548015314,merged_mining_header_match,,12d3178a62ef1f520944534ed04504609f7307a1,dba8f323ff5e9cfc4115a8f6a9678ffc44d52cc51b07dcaf08079877025bd1c3,1,0,1079360,f32469afb0633b6286e09a8da38796588eb45e8fdfc239d3967700dd4dadc1a7daa5b2ed9bf0a2fe0b932685575a6b22680ea1353ed11ad056a0a88fdbd958f75540808e71a67b719f9b64288a4f99877505adf8fd929660ec22855071abeed7cd04526001872637208f50b51720ef91c975b6e90fe70a090e3cdd07ac24cea279c35b143e5e1d561f1c989be80c02a9376ea81d3b80c93141217c7e179722f43e1017ef59c3aa18d667a8256b63463ed1abb301fb04c0db95e22ec41a4a98a0319f3b3cc9023ef1a5b0945edce7c2e5957168e8b8abc6e99dfa2b7e939dec28f7dd05df65988f5a38ba6260d5fd7a3906a2b37c17bd8d17da1cdd8b3b47014662ca0042fa7cd32133168fff279d4c0bcfa719498dca8479d97dc93ca2e49da825911e1842d097f70f2e21c0b5216670895d7dff0030802da03decabbaa00351,00000000000000c071a359de3d8d2309ac050d6430933d39c9de2f1ce1b6bbf8d0bc9cf09853a097aa21a9edb56e97bf98d787d6784ef86e4c7ea1089ea3c603406b5b3e6c019fe05cef78a808000000000000000000000000000000002c6a4c2952534b424c4f434b3adba8f323ff5e9cfc4115a8f6a9678ffc44d52cc51b07dcaf08079877025bd1c3fafd4a49
rsk,0000000000000000001a5108e954cb0c1be3727da56c6b5ad0a8d5315cc878f9,1117357,552043343e9425823fd6bda63caebebe76b52807661d010451c8423a2c0d32e6,1549318939,merged_mining_header_match,,8e8056f7913685d0d95a6c4c6db0455255930855,5bfafcdfef5495abf7f7fb8980811b348f493ba4713fd929556fc68eb62997c0,1,1,1117358,bbe90d8529de81ae3b9304cdb0e6fe6bb275cfd6071acff2abf52f8935b9e045d742cd6cb1726f1ac409c014789716106bf27053ca37e07a3176d6c39d75627b07e87fcc9f69b6633c209a9a045ddd4c187f05bceee7e9ed6412ae2f726d5ee74b2e3c83f9838713fd8b71453b6fe972f8e1194af8b0025b20dfd1fca210ed39c20e2d8f9c6e03394415b33e1848de707e8f754fe7472d913e968bd4b7cc94424dc8fbb9993bb7dfdf468fbc70d37a74074e7ce2fb43fc93e4a600ea15cc58d48329874801d8ca3b43dc001d63400e735c3659f620600d306ea24ac0cab132a3e0909276ff800dca5799427696bbd1650c5d077a5eb89bd2171b9294a9f407f6c8c77ee17e34350d9338a22a8578c9fdd42fc0f13a7f78bf9e6b03f0bc2a504e6a3b198df2c56dcb88d9b5074ac10366e5c0297ce15022c9150793c74080ca1bdbb7da2bb22f1833214b51c9f40c489ebd525b3556c67e195e53dc57244f6347946fa7a99ce887a453fe089edcfc5abe4f6f2638281d36101a968a736b39f1d5,00000000000000c054a10b6b70dabae8f645a2bbc15be272f42b6d844abd4747ea7ca9d120f74fa83e6d54d89c85c9af00859a8c47631652b00f0bf9f200000000000000002952534b424c4f434b3a5bfafcdfef5495abf7f7fb8980811b348f493ba4713fd929556fc68eb62997c000000000
rsk,0000000000000000000e524cefa493d62262900dea32792064d84d4ceff3f924,1139345,2e411f382ae8df23759f2fff8b9b84b28eba32174bfede34b99da9423cee2153,1550074872,merged_mining_header_match,,32dfc7a84f24b10a5dded1d8b24f48b96ab77373,3d3fbed8057221609a9105e8859ece4de82380a03c34626a7a2b7b311431917d,1,1,1139347,5ee362c2eb08b159d326042ad401ff035ec68e8ed53e1123598c7d86c8880e3465b5ae26bcc86ff43d37728e00d000ebb8502eba3c611156b3771e4b2f6015ccd2d0543601be8e775554a1e1b996d37ec2b9d84af3e671e3d6a3fc18da6c88001fae983a212d29e761a1e8220801a8c7f380ce35af5c521b8d0ddc9e2a82af56516ac397e21cc64de695a0191833bf1f1680cc875d79ab6a07f79b8370cca84f5792243daacb832e3c84ee6d042da66c254993cf0dd3b459032ebfc7b06469613883c3538166d8c90c2682255f78c9ac576b7adaa60af073ac130b4e4b2dd8ae9c80f5e3f8770f2b674b71261331e625aeb4a31eaa8447bd7f9f44839b8c8662c2285e2cd103860f74a3f1b7f05fa09170dec92c004ac7e87d98939e0cb115edf50b0e1a3172dbc2795fd3eb0f21bbd76a51329426a4d2b48909857e024055d7,000000000000008079a63ba86b58957e581d8905398e317e43d9d120749f9c09220aba786b6eaadb7c154ed1dc59609e3d26abb2df2ea3d587cd8c4188ac00000000000000002c6a4c2952534b424c4f434b3a3d3fbed8057221609a9105e8859ece4de82380a03c34626a7a2b7b311431917d0000000000000000266a24aa21a9ed0bbd6bf816b22b6880b1c168d860d423f2199a54d90d4c053f500cd8e8c47b3800000000
rsk,0000000000000000002a5fffc63ded44e8beacafaed88906cffd63bd1c1c7456,1174967,626bb2da23d2505c95382ad314b07413bf6becb4620fae719f0c1c1a53b3318e,1551285215,merged_mining_header_match,,8e8056f7913685d0d95a6c4c6db0455255930855,5d4640052ba53dc80cf62a95017b37490317607717c1d0827f92c69417f95e02,0,,,cf8394f23e990e67aae8018add08c48a7133344b4297fba6118c9626339f93c63d692077d2ac48c5525775224f7812271aa55de345723de167053d44ab0345284706d8cf88814fd2f82947343744e932cd6a4d99318ba7db74d9dcba51bb8054b8985c4d76f78bb72fe096b5630106237b1a5b5b762f8eda8504c58246636afc7df1d59b7446440e903f53d9b2b2a0946dbc2c1895291fb95494d2e2317f4d02f45bdeb07bfed229bcd7c920104d5bd4af11fa5f1057aeb55c295839d7ceae72333832b990341ee19ba88cc1d0f4d11b87e4fac0450cb86615d2641d2b0444b38eb4e986108c947e82983b17bde340ccb5fa1a60d89e53f656d87ddb229eec3fc46bebbdd083af0b4105f9ab76403a23f1bee9075224e4f6108c35fe37bb9983a63424b69444bd410eabbdce123fd932d53378ea2537e8f54d74abeb9b9e51b1875e9048b59cf6d077d3ba70195982149d1eb3ac460bc474af86c416e7b77408a21248346d8e20219bb8986478e9a79f486b525b11e99ffa56cee68a42af2c60,00000000000000c0ac6071559f1124d6d68c1bbc40300c4324ddc7a5489d0e7ef3310fcbeeef424fca17b4756d5dfa5c1481de61c2e1ae2d4e979300000000000000002952534b424c4f434b3a5d4640052ba53dc80cf62a95017b37490317607717c1d0827f92c69417f95e0200000000
rsk,00000000000000000016ef1749615972a4598c67259d5114450cd5a09d99042b,1177106,e00e9976d962a5e96aac173f65552ed2b77e0e710f132f92767559d67c2ca2ab,1551358165,merged_mining_header_match,,12d3178a62ef1f520944534ed04504609f7307a1,242dee9331bca6e623bdb0a63271bc21407b097def11e5e3722e0e84019bd347,1,0,1177107,8931e57c305fb54e8481dd4cf4f40e34c726e54cc8aca21635c27e56387a1b1bae0c7d969a0ee31823fcda9404991040f471bdc2f4bffa2113e68db84379dedf59b97ed6942abc7c0191dc34398037c877cb218c566652d35f4d9e0512de2df853f30f3a28a77d125995af9486fd2292cee981ce3e7c8ef0502f9a244b44bf81bf40dd716c7788d8e3f98da6bfeba99c49702302accd323effe2db211c00ae49ad53794ee4cf2c70c9a5ec532044273278c8436557c340669f50ea965c90d05875d4f9758092e03251a939235604a53ec893d015c8519d393dcee0389686a192399426c292b888494da355be0eca203641911695d977280435618c870edc690cbbf79a542aebfa1acbd3cf9255d908144088aa0fde99fc48eebf2d326c94b327f049acc78e4ebb73411b032bc21dcdf07ef220514831ebfa05d8d8e2559236d49811a3b8d4f53c8c12868b3bcfd1948cb82acd9789f34e2e36963e6f9423cd4023b4995875e7711f59410770fea3543de94f476a6a123bee831bc00a69b963e2,00000000000000c095e555dfbae311328d550a99a895b5d61353be20db20af7d866f11e0f0d502e3aa21a9edde8747aea0fc889eaad52fadde4d446eccf53efd64167c3a778be3c39df886d908000000000000000000000000000000002c6a4c2952534b424c4f434b3a242dee9331bca6e623bdb0a63271bc21407b097def11e5e3722e0e84019bd34730eb5449
rsk,00000000000000000028f07e327704f901b4235cd5ca5dbb1cda979e2bc091cd,1178267,1fa38b8917d49864b338dbb2837c7dc8c449d89be5cbf1b455f047d0d54e2154,1551397641,merged_mining_header_match,,0523e90dc41b6d1942cd0e0e2df270e520254612,77fed05794debb28502766ef440c429bfe5e70bcf624b03d37982c36b59d1b4a,1,0,1178268,19c6fe49c0c84383b46e24288fedcf7ad0305b9191e46162a13ca044bf20904ce1222ba44a976aa40ec4ed09efe437e73c309564827254ae7fd6256619ede83d9d987979c73a91b92bdcf1540e9c140823f8cc05c1fb56bda20c826fae14765ac2e6886264820ede6abbdba3333b7ea724c321e0382a4cd285dc26c214939ce8b9337fe56ab0ae4d26939c3722e6cb1b5575a275ae1dca82b2467a1689563fc84128d15ab0a2f061e5a0e241f882890e685a90574fe00c1775dca9c7a35b0e937461fd1c866830ee849a1e734e2bcbfbc411871a3f814bb0968cd0ac61c6588ac6cbeb82ff4dcbcf126161159b73715dbab51ba35d48d3427557d0afc88cf0d9a5beec85edfac47e1f7bf23986c1341092bd7106d8193e716a8a24e5f45e24369e7f50be781edb0b824702a97d397b135e50a729047bcdf3a33890586c5795978c9b7941849fa84f332b2b4516a668977db7ea9107cd154b2e00d994d1adb2815a9f849ca76fdc553a1da0d15b6fb26620d2d602b02a5f3871cd88761225dc2a,00000000000000c0505e692489dcd9a1e0759c3a8142a8efb6b615935aca7e1daa5339f02c5adaf234f049b648a64eb200000000000000002952534b424c4f434b3a77fed05794debb28502766ef440c429bfe5e70bcf624b03d37982c36b59d1b4a00000000
rsk,0000000000000000000a83718716c6257674624f9a8e36c426de63ace038f765,1183843,fd36ab07201258dc59bffeff7ff7e1f90f7adb8011ceae45f8451e39479d83bd,1551588141,merged_mining_header_match,,12d3178a62ef1f520944534ed04504609f7307a1,30a2877aca8a5e082d8f6e06daedc2c8bedba2bd66ff21e78407a6d5c5f132c5,1,0,1183845,4cbd543fd8a709069bc314809c9704dcc9fbd1db30a16b18537438a34b8f201812e716069b89f2f1fb0eedf95b45299c9a3173025070ee82cae32e203e28d267107e669cf23dffa3afee6873b2fc8a5abbcd5793fe70704d3a49e5c5c8b4c3fbf604fb207b15f21055fca1eca3d9d8199117684b78200b35e80316b490d63f516303132578da38b63515938e216427c6f337f3e48906495b7a020f358f8ee25e2152c69ea04f3dc946113d420d49f374813596037983ded91a7959e9cff9110ecac8fde0c2d9b653a834e2f9b0bd82aaee4a7531705a434a9be6bbb4fdff2debffaca05485e7cca363069a698325dbdc569c87d7aeabd7b9a681ec5017c39adf45840714da5530622ac92133efd2e74ed6f3c1b8fc8fb883dac26da329176087a6a7fd69af00688b66531395661168cfda8e182f0f89e66c69397895456fdb4930b76b1c8cce0a644bace49f7f9c2915bdc0ff6cd66d7af85643ee4411df6020632b182561bca303d80fe55a9abcd999a23db16c329cc95b2d17331fa872fbf0,00000000000000c060b75a4b575bbc204fbbf0361560aa9baf4e98f24c43ae0b4467dba0ce6a1791aa21a9eded2b29a0c69087f6af41a0049b579334f3faae2ead43c20a95811a5572fb1c0f08000000000000000000000000000000002c6a4c2952534b424c4f434b3a30a2877aca8a5e082d8f6e06daedc2c8bedba2bd66ff21e78407a6d5c5f132c55eaa043a
rsk,000000000000000000214b7d19ea458da8f8e80bc437587a02eb418b5fd8b3aa,1264364,c7949dd9de7dcab55dd79efa8f20a496fb70c8b10e270cfdcc391ab890ea19db,1554319623,merged_mining_header_match,,07c5446adb392be116f4859a722589f3fa8223e4,436caa8690411af8e32a5ef7dea5b79585fa1bb80c55da7d23816ef4ed387799,0,,,6115d4a8b7591faf1c125c0b068eaa2557c9a10ca6a650b50eeec83047725f0d609acc3ab285a389fa5045c2ab4a5cc9766932ef70639901ae268e09bba6630c33b5678ecf673960ff62e530d555ebe322e8c10f733cbb3f44964a29e38144dd308ee56cf758abeaa71479147a090c4877477486f892e0c90539ecf07189c2ec25a83a7d6554e018ed11fa8e0380f1c2c656b7d2965067f52aee7dedee9c1d6457560b5d15db181df38952e187a9bbf73228b4c91ff8ed591057b57e28bc0efd893c438508e935ad3135fd5d9a2c0c47248bc8230db83ab895121f5088819cd97ec2879ae37cac5df63c983ac01279de985eeca8107e1563d5fc5f7b165ffd56520dbd0ff92818e711ccaa9b35b52636f1e55b6d1e5972e632eb03acce3612c2d00bad10f32eb79440fe7a78dde76807fcf0ea590a59c04b18e5cea0925db3b7ecd26f9037e56967d89c9b2b0c0a2b4dd2f73eef02fa828d670a3906c02a24fbe691849346ee781fcdf555de6b2df5c81c61599b14ef29b0de03bc9d29902ffa,00000000000000c052293587fa49cea2be8e6dcc023c106153e322bad677a42ac7dc809195eb1f7426849aaca71d5dd400000000000000002952534b424c4f434b3a436caa8690411af8e32a5ef7dea5b79585fa1bb80c55da7d23816ef4ed38779900000000
rsk,00000000000000000018a68b84ee2457362c3761a149e85b1976f401d7518b70,1269400,0a40b4a5195277a42644c8a93d5ebc379cdd776bce23ce7b608eeb54a6934bea,1554479701,merged_mining_header_match,,32dfc7a84f24b10a5dded1d8b24f48b96ab77373,3ad0cca2ef249be9f659eef66560c74743c27c8eb5593f884c91fabe07fd5922,1,1,1269402,c8dc4cbf208daff455161a98bcc293b58025b6d2b676f5c7ff218258cd2c24dea166a82c08234b1ad39109bc1f3dac798edce63292c39e0970a1091c2c0cdaba08317b7c353ce9c12bd314ab0cc39198957ce888cd9636a93e069dd2e0985ea9d01c6144c0b3e219b22c22a26f4801ce6d183820909d53f39a9eba5ec8f493076cc7134414084cff18c8ba983a2fe464e6f55ccac09829cc0bfbcc93f3d5610b53440c42ce84d35897d784a366a46b8f90fba48390fe0fab8c495fbb482ab858a35286fa873f472a399110c77bef75930675e62ea5ae632fd39c08f9274dce8c701834d27873c6afb8445a2d963fe4257a792f91e159b8f43fe7331d80a7e7c269f97fbced0847622212badedcd925e4faaa191a854c7a925be4c9bdf43908ff806867992cbfa7941ccd6964fd9250a279e6006932050eb3a6926fba301c25799a46cc1850df0103fc8b4f54cd0b55367c2762182fff168dac9d7b3020ab2486,0000000000000080743717cc5af5552e31ad2451b2b53098cbc4a5e9b75f462d36f8142d93ca32aa7c154ed1dc59609e3d26abb2df2ea3d587cd8c4188ac00000000000000002c6a4c2952534b424c4f434b3a3ad0cca2ef249be9f659eef66560c74743c27c8eb5593f884c91fabe07fd59220000000000000000266a24aa21a9ed91913d711222776312f85e4e4e6ea84dd38afccef6a77fc1f2f50be7a0a1146b00000000
rsk,000000000000000000231ef103e6b509c969f3ed0ceb809de3e5441a0789fe83,1290735,d241affbeb8883929db576c464a5d5e3b8a1fada8d1425eca2dbb422989d0a23,1555166649,merged_mining_header_match,,8e8056f7913685d0d95a6c4c6db0455255930855,43cc622cdce99c321e67d9d2bfff59c492e6c4ddfd0ec08a2eb00a6b80c9dde9,1,0,1290738,e5c5615226a48e64abeb52aff80b2024813dd43f0edc0d63bdaeab99864daa53ec008d2580ce166a4dad7aa39a373eef7b4a094e609194691504e08821af8f32f0c4ea6e51e76ec479868a806a35c79807f493c991fb18782c8b3aa6d2bb6a32090b73ba77152b38cf26f12dee6039cb2177c25ae55c72f4999ba0b284c7347457e818874e39b3a6974011b2312b766c249261e41ce70da279a207965d11293e86844009b464cf94eea62caec04ec6b26502fb956e2f5b698e02205d5eb95856c5c9108ec98251cb50faa01b6e0080a11e7a925a451c4d5049bf3eba39ae86ee8e6c9d355fa8098818ad3a710d0b112e64c3e35ac849810f3693e33826b7e8b3737bf0bde1e0a751a2a0961931bfe6654ba73d52975c527dd0cc777890fd892ba65bec48fc5c616dda2b61de7fb9fd6231f2202124428cd0819fd56009759682a04403518728262193235341a74aa3dfb157158e7243903431948b09b91a7312b099f032a6ee445bbaab47d9108af88da0be4f468bfc9d229af3ca7dbd9b8e3a,00000000000000c0645c8e544f5668890d96510369dccdefd634aafb7b321c1d0b708ad59cee09bb9682b48f4087af84cc1947a75ab1d2d4756ed24500000000000000002952534b424c4f434b3a43cc622cdce99c321e67d9d2bfff59c492e6c4ddfd0ec08a2eb00a6b80c9dde900000000
rsk,0000000000000000000528b13b09f842b428401ca02f44be163868a8e719bb69,1306953,7dbdb30606ac0526b286c0ec110cd97521bb045fc9d5bc665d1d45236cdbe686,1555689044,merged_mining_header_match,,12d3178a62ef1f520944534ed04504609f7307a1,6be2f1d8860d06a4098957e970767d02354434bce2dae92d709aca66d8f0d4d3,0,,,57a4f92f8d0a3887c9f37cd3d4d1ce1436f842dab176232f57a8f9f1be83f54c76ac726a8f174cc30fe5ee8c4342daad8e86cf1562f972c62877a9ee3c3470c353a9c53b1d3c1aac2f5181538b9ed1fbbd57b5bf41d126e3f9d4941a126e876ff43b47d16cff10136d6645a988ae0510941105301335166d082c50ee71559eb98e515ae7b20b30bcfc6146a2e5cf8f6e9ccf1f502a493e288794ee0777de8c8d26089db01372f0e58350ed2635fe3db3b976f2362cc734522d5b2d24d044eff4e92cb0dae1df2dcc3515b995e6c7e8a5b687335828dc2d71848ad5ec961e1ec35bc9b854ed8eb285aabd5eaf56d450dba3068f6a51cca45a8fc3905eeb4663992cd51bb46d4c908ee1ffd2a6bab4f5b7add7ebf7699420479c1649e9be8f53884d4402af59b2f9b9298bfd8c5a7d84437ff70d7ddcd0b5dc853b28febbdc744d7fcfc14d879b44f1d8362dfcaa412a40d64d4ba9255c9722a259319122908e00c397c426e2209676ee9c5c9257dcc9395ddfaa383c523e38ba5d0f49a79e2e31,00000000000000c05c06418d56cfd38253be3c4dc0e8e2f2405ee7614c09e6c239642940e5a4a5fbaa21a9edad2319f257d5eb8d9d87cd37f06a5d7bff6604b79453f3ed231e0851ee7ca94d08000000000000000000000000000000002c6a4c2952534b424c4f434b3a6be2f1d8860d06a4098957e970767d02354434bce2dae92d709aca66d8f0d4d3fa6a2a3b
rsk,0000000000000000000883f9f6eb9a459426f715ee3895a4dbb6e51e9237eceb,1324932,c02ac522111da45d9612b59a1f3f3c63964643a2489eedcbbfb4358c6d187772,1556277308,merged_mining_header_match,,8e8056f7913685d0d95a6c4c6db0455255930855,162fd82a572cf7113e1ea58e253416fdd0f392409937e874799c0e589dfcbaeb,1,1,1324933,cfcab85b8a49491bd3c6f08cfacfe217b6e97c9417aa355ef5c6a195daebbefc24646aae6894d6a36ca8a6cb83c6f8bd772f4efef16db2390769dadcd8203675ecd694e237263b4fe4bb53bbc89655cb279ee2837d8a8e85a81f2a51328672c1364d8756cc19348c34c72ddb81b4267652f1ff8ab960f6c1b26608e2fc9f19696cb83bb301d0d4e1d7c8ddfb98a6c8d96c76e0290068d104ce8ea1e76509514068b36f773150049c6927b51ba11cef591e3a6b4e983a7ea4a81aeea22f8dc82ca6d974616b71fd04baf437451512d57a70488f7bdd92bec378a0e3b5250ae71ab33774a0bd070df01cb9866713d2f06f87a0769f52fe09847c96e2c718538106a10d49ae9e8a45f4411189fe6ee8680de19a057aba7e3715794c380ea1d6cf4becabe308c52e083d1be2d4b3901582bb6723ff3ec0be4c3d07855954ab278320148bdd95e946159eca2223f419267da9830a5ecdc9ae251136c853d6c47e434a,00000000000000c06630dc2820985a57fe2db9ebe17431fa7eb9aa57c066869b63e0da78ec70e5b63cd499cb80c64ec8716aacb1117dd305549a700fe600000000000000002952534b424c4f434b3a162fd82a572cf7113e1ea58e253416fdd0f392409937e874799c0e589dfcbaeb00000000
rsk,00000000000000000010fe8e49ae527e56b127f60b9e3135fd4499adb900025a,1410327,1501712d353fcb1023f7fba7d1dd96e228714786963e638e5316c0cea0280906,1559012174,merged_mining_header_match,,0523e90dc41b6d1942cd0e0e2df270e520254612,9941c8a2c2d0d78b144036ddae42ce4c00cb6885cfbb2e1d3418ac703823d93f,1,0,1410329,28f84b70ed5ffa3a666a8889a1e2af1c4bc684d1c3b784fe9e7386115207b65c4516467c28141fe0c1710b0f6f7d8052f3d094c3f30bbac7ccfe9f39e48229c8335c74dcf830e0b59e9637bd49d7f64b0d2d9f088ba4f71a71127e7cb6c3d40ce25cfc8d75022721e10a3022d1a5450430dfacc2be4a0be28ff5d3570b039c6f6eecad1ad62a304d4098fa26b72ed81a49ba10e9011f41e9fd5c6fb8dc39c9ab9d631a82d1335f66ae560a98730f814f37b00a11a47c8d904fe8765161b0465328f04bc97edd53a3bb236cfd588621d86c218159cbbeb913bacc6a0e0462db96288bf7b1a954c7c320ff5855b9f89797504ca226156f700c72a785023b15eae219d572c4daf02d2cf36f7cfd5ba242eb7a5f127cb67d273c0f2122425812ac78ed3654864a01aff4a231d72e84b1bfbadbf880dc7ff857f5fbc577d752437e18e6110e8ef5dcaded56add384e83861d0e0ba7e48d128902ab5f7a85fa1eb88a737beb51b132942c10e513ea63e4d8853188e3c7f671beadc82ff44b60196ed9d,00000000000000c01a400b4b658fb570f816a97a5e375ba8542eb7ac21ae0e7d4bb38852b330f90790841d7801424eae00000000000000002952534b424c4f434b3a9941c8a2c2d0d78b144036ddae42ce4c00cb6885cfbb2e1d3418ac703823d93f00000000
rsk,00000000000000000003a307259262d59513248a16a7912a2a152d1a2bfadb66,1462937,d055e4d100a9270c2ad7884b4f47fc809d09328b68a220c732ff5a7895d0fc4f,1560529320,merged_mining_header_match,,07c5446adb392be116f4859a722589f3fa8223e4,c5e5be99bb00cf4648fe9e50dcfaff6e63b5c4a4fec3daf0b998dd6096389368,1,1,1462939,4653bfb13a673405c245e40dcb65f3bf4fa1358bb546f445cb02b5369bcfd173a2fe8daeaee00c06a69eb37469021e536386ff54bc20a1885e982b30b8099db666c51f135632054dc88fcd2b233b1ea9a4c907cbc569037f2303efe17f76e89c787af27157d70611fc3aab09f67793f22ac73f0dfb5f891f2be577a9120f6cd776099b9dffc4d09f499ba03be2ca345693f4e5e1ca332338966c886fc9b811e90e3239b817e1e93e6de89c2f3dd799287edec214f3b2db2e0a58c988cb423a9382bde7a071d7be2a37ccd863ae1a7a4257a4d1c574d6206b6fa53af7abd9bbfc9e5b6680f051872a4e875c12940bfdb19455fbcbf819f3a04a1ea514c603d71fbb1962885f0850fa8487fbe2b4b1832d0964bbb2b8400635b0339f319e9b66badcdc4ebfebedff374ce6f70af766d53140c4e0974bf2e2f581dedf9718a0b21cc94f7f00710e15e270ed8abbfe28984f47be5ddd7f72f0fdec395e080d995940,00000000000000c0486aa4be6b0a52f7d14b4fabd805b0e430a1900d347ccd9957db7fab3946e5f14bbbbfe618f9ec03fc1a9700000000000000002b6a2952534b424c4f434b3ac5e5be99bb00cf4648fe9e50dcfaff6e63b5c4a4fec3daf0b998dd60963893680000000000000000266a24b9e11b6d49846a0d2235b737400095e6671ab4e347181e2e160e12e39cff8952098ba28100000000
rsk,000000000000000000160d6c64bba17309eab4221b959cf188452d458b69b7e3,1525508,6e89bc5568ad5c5dbcf0e6e2acac4f16de7161229949e610405fdcb5c8248419,1562506867,merged_mining_header_match,,07c5446adb392be116f4859a722589f3fa8223e4,54af8100512e321a26040f6bc32d3ebb1d4846daed1da2cb0ff87a14e46e5e02,0,,,c2ec84b2523e1c821eb78fc732a4056264e44b09d9505566c4f101266ec5473bde74465f32b1b187d40161dd2c461fef5dae77bdd26a659ce66c43f3ed81f69c18b6d41d6a4f7ea11bea7ed731afebbccb9fdb2ccdbdf2c17dd4a14e8610f324d2abca3b9aae19d73a83f76cf603ad7f4f648be317584f26338b33d07bf0757ebf4d21ca2b6ec51dab34e807423414f9209c5618d02f71b90fff9d072bf2d6faf26049158bd974e11cab3c535f76bbd344bff088830e2f5ea05d8f95052e8842b19b562198156a76c199f3633ced55cd13580413891715e297ddeb99aa4bfd31f3a4ba819ff512686b6da28f0bbf13c5b1e3937b4c71e44594a119ddaa0a6066904421fa0cbd667d9c9e4524feefdb5373cf4ea33c9d6379e75c1648c6f1dd2f9908180946f5c2a438d94b243505e6cc233cb840a32333b9a469af5e77abd7017728df9e942bee7bebc001214e357ab729f9e315c1cee848cdb3505588036e0d,00000000000000c0992bba91deb2940e397f2a544bdf1c0c7f9f01563522fa6a273977da59f9c0b8df7d6a4010d91e6800000000000000002b6a2952534b424c4f434b3a54af8100512e321a26040f6bc32d3ebb1d4846daed1da2cb0ff87a14e46e5e020000000000000000266a24b9e11b6df7771c64e96762828ff45d54f73613ef22fcd14c95302028512830f144fd15d500000000
rsk,00000000000000000013f5cbd74ef44673d13f424fe96ef65ce21b6fb9b09d2d,1531805,30e6106502c913ff1a0e712c95498c9dd60f4afaeeebf90982844d6a5742b028,1562709147,merged_mining_header_match,,07c5446adb392be116f4859a722589f3fa8223e4,4579a6b1375204947082fb567aa90e04bbb12854738202d4e0118e42d0286400,0,,,d95b9b289f87110ec1b08fa518e558e06f8fb3e55425e1235132e2c42e4e7d21069abd0ee7371e25ef617caa4a98181e5cae7d05447a97e67c0808c4edd0fe36152e9abe4e919f47c521552344653907d664f1295a2047206e12e403e99f078b4c8809d1b117f01fc4dfc1f4ba1f5d04e2703a4e9fee805ebd8e126a438ecff1e244a2318cde99c38a852f8cc656a325c677935c997e01cb83a089c01a1d2bd28ed4c157c987f4e23ebbfb90de992776803aa11c0213890656dc057901d34f454431e55c26d726625e998b9246e87cba938151d64db7b5bd5ba22f7bd33b9dc7ec686faf89f0ef6257fadafe27f6e0c581c03e499d136a1bbbeee947dcb5d59efe858243c38350335c6b2f94e235cc77f7f756e81821408924322958d10fdc675eb5eec735ac5b4e401e78b7c65dbb951db475c41c097809df8a6df3c14ffd18547dbd2bd607bace689aa7341a7c14bda43840cee48c95338fafc91ba877665e292669a0b72e4b91a60938514842c5065553e047d93af6369d0636d20b837d9f,00000000000000c09753ee3f2514f364b4655d4a9206dc62897aa70ec7cb0ff125f64ce94f8fd2056d80fcecfdaa28fdb46da900000000000000002b6a2952534b424c4f434b3a4579a6b1375204947082fb567aa90e04bbb12854738202d4e0118e42d02864000000000000000000266a24b9e11b6dc7486cb183bbc02de57143f838edcecd7bf12e314e78115de57ce414edc31c8400000000
rsk,0000000000000000001d52005a757e38b370dfe86a952f17a1647578546b0635,1539043,8a1f0086e58b20cf034748fb0d00d13c3f568f553ef0de31aace456704392b8e,1562940107,merged_mining_header_match,,12d3178a62ef1f520944534ed04504609f7307a1,4d609e9ddde9db79aa96706d9a05f873c41ce18f3056291feea6a7f02125ad39,0,,,b3c5351f5053485b6fae50aa74ecdd499f98f2de7b91298ee722207d21020eb9aba46993620b31cbe3f48df7abb3ae0fa126a58e5e41bbd49c75fba9f055cc5e5f61a162677ada4b9a0fa41d40af29380ad6d8dccc33d3043cca1d962d70e0e1cf0867b9cdc75a49402aa6d0c982f6ea5b44315a633ce6c03acf508479d8b40e7111d62c1c1ebd5192a8b4869576a5075a910bc12c3c32549994b9b83134e7c3fc654716b581577af62006ee260534c8124275185dbe339927b2a13bc3fc2df67cb529f0bf385f39d1d1ad7253f82f8682941e80b2fd29c699ff2b2a504e021f0aa41937885fca0f09f7e6d11133b0c7b70046fac450b2575a48d8c4e0f62ad131d70860768abb285b0c2596f1f959fb02ea3932bb5fd0b9cce8c328639c513a586a7ad19bc5e3343de6b8479005945f8bd5ee66e4ba1d0dbc8ba0e8c26146fda833812407e297879a956f5019da08ca5d649b2efea7bc8b85d7ed458ee2cc6a,00000000000000c07cd4855ccd554e1604caa91445b3072b70a022369b63bdd255bab0fb43d5743eaa21a9edfd100314ed5f7b4191c9ff4520017d8a1488e100b2ffc15504572d53abc16c1108000000000000000000000000000000002c6a4c2952534b424c4f434b3a4d609e9ddde9db79aa96706d9a05f873c41ce18f3056291feea6a7f02125ad390000000000000000266a24b9e11b6d2f9ba33dda684fa00bba52293f2286dc40f3b0c2c6974afd30379a55ef26265db8e3743b
rsk,0000000000000000001df8594ebf79a3c813569d71f82f4f433bb14e0dfbb8ef,1558227,8895dbe5570511f214c3aed898fe9382ed6f321c13766ff89cd0b8c1a59e1883,1563570208,merged_mining_header_match,,12d3178a62ef1f520944534ed04504609f7307a1,42d9881f3cd4b8f7a1556b4beaf8df9a5d48360e5db787f63c588ed6c604592f,1,4,1558230,03d5ed03878f38a3ab49beee4523c84f410b43bc9fd311747e3a7c5e25adccc2c453939e6f46c3661791e41767cfb984d327dd244273a95f5f32ec299d0e733277dd669ef38d382da3dba69d38151006816395e733e146dddd462426d5ae55292a64018502596c5fa8e8ba80c380fe78f3927d8e7da4ebdabd61c11e52dc3d6c4929149c5a706b3fbff62c2aea8d45847aac7904a85b2dbb8ff10710eab2e5b1ab8f2caebab1a486504448870e788f936de8bcb5ff87030350237303f8e589ca58e7c9d5c8886c1ccd8f7069d09c4d7e794e5bdb3eb8bb7b9193d0a69ac4ebd1c128b450d8a76024404e87d4047dced4466f9f6e50fcbfe46b4513c8b186b677cee2f0d8ecdebdc988f6d4642d78edaf46b7985c9bba173e4365580c6b08a8b515eff00cef99f3a60c72177c19b05dfc720ec04626656c285c2460b336d4529155450096c5a5dc2e235836c2239c3a136640be2b6c822b500495dc8cab5164550703b5d3b25e8e21e78839b13add45116a009e0dfbbafca1ce5f5a09c2725f4f,00000000000000c06963587bb21e94a9af619179bb2a966322c8bf70ab8eec6bb367f97fec9e6389aa21a9eded42dbb3c7a140ff8bf32d3d4e1a13817374d97eb356a92b885498e616b3273708000000000000000000000000000000002c6a4c2952534b424c4f434b3a42d9881f3cd4b8f7a1556b4beaf8df9a5d48360e5db787f63c588ed6c604592f0000000000000000266a24b9e11b6d65e66e8df004d8e098cb8c21771440127fab40207c62be25047d1145b989d730e9f1f349
rsk,0000000000000000000ca6c919cc4015d50bf60fd38b1e10422aa1d792a9c861,1563377,121d91826c5bca489216ca1dd1996820f3f76e7b00de428a8f58e62cdc4869b0,1563752728,merged_mining_header_match,,12d3178a62ef1f520944534ed04504609f7307a1,8336e2eb76507b35c996691013a56cb4ae7d720105d60b7ed6fa8ca3a39f9f06,0,,,9d1cc31824c12dc614345138c4922ae2c2db3736bbe756d742125a76894c49adac96710c6ac2a6021e62ba3fac23a8e797aadc8f6bf9e4fa640dce4afdec16a5967fd0bff39173eb90502b7f624e8f5a34bbe9dc8682e828a2be14d12c1265d1a81d623fa28296a10dce708ca446b94cd75be2dbfbd95fc2a999f292662ca42e12be4ca5afcde91711b0a8dd88500037e46dbf328f6a64624ce2b9a958d609565dd0c161a65837c3a09787460fa53be9f085fcd855f629211912e744b4c29387bc2387e0d6ae57f6c8bf27ae5d3e97a8a25119ba89a330e7291808bbf5ab3b6d6e4689bcf33e0b721ac9e56ad4fce65f166902767c374899f41a7d6002d8ab982336896f0c34e3780b4e3cfc650945682284583d56b8762c7d3fd290eb6b8f677bd2ab76a0fc97a13a55ce517c75ab91855223d3495aa1c5a11a1713fe50627f466e3408dfcbe2be2596e5daa6a76588d419701ad2e4361833d2e66155c639989e5723dfceccc6e50778079b5ec64a5ea69d909ccb3b61caae329a903daae7ff,00000000000000c03ba32879c14e85989d61fd7f562d225f058416d51de2bebcef3e1d7012336145aa21a9edd4678aa1c9533e608b6d104c7f4a3afb6607ca3ae555c182b890e9d5da2ed55408000000000000000000000000000000002c6a4c2952534b424c4f434b3a8336e2eb76507b35c996691013a56cb4ae7d720105d60b7ed6fa8ca3a39f9f060000000000000000266a24b9e11b6d1142f354e3f2d66bdab8172cc1f6e66deef3290fcbeabe48389cef2e2e13c0b8bf9f7f3c
rsk,000000000000000000171da08c19fe27f9fc8a68e80aad56c1b26e969c497025,1615283,61e1d5ce1ead459c3b29755165da1df53643186c164cb39bb60b20ae4e0db847,1565444627,merged_mining_header_match,,12d3178a62ef1f520944534ed04504609f7307a1,e30878bac69cf6bbd65839cde9c6d6b4ffd2cc619e613e81f4ade8250018a5b3,1,0,1615285,20f9f09f3901e27148f6d59cf071966ccd12409a32b69e7c59edc55f14f87059ace9a5903054ec5e5f5b54194544273184b933b80097843f81288f64133e6e2613371f969246621a23ab120993f8087324dbfa58f7f0be22b2dcfd11554fbb0da7a87fa8879003dfce34226b2a2bb697c844165a08b2953c48c7ce49759d6ac21f9d210de523e0748e7d9f30d09a66bf6ca4f0e7343bcbccebffc0f2ac48b3575c4732296cc6d9607ab218a9b17a30abb6a14ebb854857be989e8b9cb9e0a09bbb42fa4c674c1685006aac58abf67565626a1691915d380bd926ae28c95bd3a8d7cf710d2848376fc3d22d3870394450a0f241f026e165a6a2b903c1c2e33219c3c7fc233ba38631f812a14cec2a04a0c10447b9b59252e8aebd917dd8581fe763fda378e8d5b115a6ddfb4212b22b0c24eeea3a7ee7642a2bda11ed175b1e1d3bd974878da8a743f7bb4f178b6759035dbb41ad6f67c917294631b419c891f9,00000000000000c07a59df037c461269df449e436f04501adfb82036a7d944b059e1a2b15d9d7a8baa21a9ed2b58d9bf2b5d394e1bfd984c9e26e063279aa4a737d8649c64a0849dffd90b8208000000000000000000000000000000002c6a4c2952534b424c4f434b3ae30878bac69cf6bbd65839cde9c6d6b4ffd2cc619e613e81f4ade8250018a5b30000000000000000266a24b9e11b6dd279940313caa6c1e37106842171b67b351e7845dfb30ff1392b99773d89443d46752c3a
rsk,0000000000000000001a4f3ad036ff22bc0de8292a5738fa4dde3de604f52e7a,1668484,ec59bc45be2967b83a4aeabb7ee2c8e09fa0fb966d77fbdb4fea1a09349db5b5,1567176505,merged_mining_header_match,,12d3178a62ef1f520944534ed04504609f7307a1,d514b35240560925e27eeb2402811618ad9057d8125ca33e70cdee2700197584,1,0,1668486,32edc450560aee4a4d4a59096170b31e9d6556b71f035dec30d0c4aa05fb28a583a83e52a57de64dc9b51054a67d5fd6910e70b3d3e0e7c5e61f02b289822d6393f025795687d223c28c9ba64a25886b037615fa2093bfcf063c04bb700dacefb5f6a3072370dec6bd24177daf9b49482f0dd01d9c3cb027547f6566adb5c92cce582897af0ed3ea809cd2e3e8190875a0f2029117c800522aa460e94907d23696f9a604c83620626ccc5cbc0bdd1a65528284a17599dc2f22831a01433151e490258d48c6483693740aa6ad68ec1535345373a9b7daaea705cb8d54d5121628a32eede63b97959323d6ef1fd54f59a4197bbe6bbbd43e3318d7eca9beae76526c595bc2f40264553f1b141eb3331274ebb0b1401675feef11dd5d578e2305e02ed9b9d4b6deb460def507a6807e2a0fd152bf51a7e6d835917dc9b748ef5fb18a288bd4b0794b5432a0917e42e7d8e505f5f0b36b24d9db7c3c8f8d5d067312c227bfa78fb5e4b2091669a307bbdf5f702546fc0ab7c7a13f45aa5d12f3949f,00000000000000c076aa852e6017855650199f34e8602ee218c00756d1a2b1abc7726544b2a3623baa21a9ed8ffcdf6062a331644acf81f972da208099d47830f208861c30b50a0c7ddf177608000000000000000000000000000000002c6a4c2952534b424c4f434b3ad514b35240560925e27eeb2402811618ad9057d8125ca33e70cdee27001975840000000000000000266a24b9e11b6d020245062e967bc45fb1915f4c1e5bff39b0583fbc30ab7d80902b3f7ffb12baf165da39
rsk,00000000000000000006580101db2eec7471baea27f3ab6dd3ac2bd4e6fa0f08,1750030,d2e989add8edc0117049a64381291ef142e5c3a03cd2a7ddd2160730b1478a2b,1569792935,merged_mining_header_match,,12d3178a62ef1f520944534ed04504609f7307a1,9cf9cd1ab231e3fd0a39b33fad8f84b288c815240f8df226abd02822001ab40e,0,,,872fc6e278104697eef26a62feff60d1c115b39d19235bb5717a85c150bb0a9133a714c7873746b88019933f3ab931a0dff4ea4ea3f637a2be63d927cb84a05ed0b06231bad7d6a8ed5035ec949a0db74bc520aa413a29124bdf0ded3612a4a87119b966c290b7d843192a3b3ffd62dfbf6f2d64a12aafde1da4fc1353a452a6fba0cc717c382fa6bdac99ec46045de77e90d6866ff14c0150bed3074ce5f251ce228350132fe7910fa35540c1c5d2d609be25d1817369d123ae0e1dc2fa58caa8ae4c72c48b7d50c668e560bb29fa4f6cf10be263eadade3bd245ba7fe02ae78d6bfb440c69f60e6b853768756deacbe5cda12f99f493ca0b0b789df1d236ab4b3df6e7d674aca19cb752946c9b1cd99068a6d9c40205f04c16be37cc6fe778342ac4334b2a66289cd5e0cd8b67d4688ba2be8937fcb5354511773f412f481faea99e204a38e14a9dc140bffc3115a2c2fd623526b6efa8cab37dd8513669afadfd0a3abe7b41f2c658b8e57425bd46d0664c460b699dcb0600b8c3d0cb0b8c,00000000000000c03d98ec195ec5ff08087b8d1d1fb8cbe92a5e960f1f2cd7e6f20b848bb42d1d8baa21a9ed599fcddc2195f4142561319a1f5df043532ed6f2afbee37e10640cd6ccf1cc8908000000000000000000000000000000002c6a4c2952534b424c4f434b3a9cf9cd1ab231e3fd0a39b33fad8f84b288c815240f8df226abd02822001ab40e0000000000000000266a24b9e11b6ddea6865e12f3b434b4712cfcc1071f21bce4838217cd35f9c9bab853e7c479c8d9d2f93a
rsk,00000000000000000007cab2644261df83f039cf75ee21eb761cd26f4cec79a6,1794458,12f61ea302595fd6e4a094585ed872c1e68999a1357b6fb9f3174e559e5bc3b2,1571225604,merged_mining_header_match,,12d3178a62ef1f520944534ed04504609f7307a1,6f57e9f1e2c103cb09054ab7be2c7643bf8a69d2f69c3bbf75ebab25001b619a,1,0,1794460,6dd8a6bb36f28f5ea19723146c87aca5b980a701df390378431dca0a55e14309d7750c96c15aed4e9e6070cda6050ac0415758cdd867d23ebef65e8e93057d03d2276789003105a02e6e111e6246aa9b71003bbe12be29d0fd8b1bc5c48ccb3f760a393dd5d64c56614994978ffe7223ad58540f51b32d1f2833bcdd89272d1ed60221c239e4ea773d4aff97e55b5b532e50a4115943b5eb18c56135f7404616944d99ba2980baac88886cfbdd4ceb09f1e368b57e2cdb29dbd0d3326087e97cf8b5fcc3a82beb656b7385dfa17a69ab1c176085171e0be5284369181e45a28f512f9b995abda4c07843e5cb5c4e963d783bae0679912ebc576577b4aed2febd2977b7c4eea1e37ecbf0b981021c90d1cd7a01e46199320a89bb7ec8aa04665c6541785e1e27f43ba6e782ebba800c8f5f92ed400ae26614af675d6eaeb0d06890453f015eb4801c3dee457f8f9fc2f5701da38feeacbdd6abcb2b73b32417344a20410bb145925ad411dede1f29abfc1a6cfa1dd02ce36fae8d5af147152afc,00000000000000c0d3786943c51692d8fd607efdc0448e919e82e327b55937de48e50f8678b98db9aa21a9ed123e7344854059b693ea2599cbec51fe2397cd9143156cfa52d8ab8846c7de3608000000000000000000000000000000002c6a4c2952534b424c4f434b3a6f57e9f1e2c103cb09054ab7be2c7643bf8a69d2f69c3bbf75ebab25001b619a0000000000000000266a24b9e11b6d9c9736b3449f138df306f64736ddc89c12ed9b6a070b59c8e08bd27fba51bd2eb53ba13c
rsk,00000000000000000012cd51c80d0799f2203524258a8211a70e5b98ea6c8789,1806602,33adda4850f37d6b063cec002e66868003c47f30b7e120d8558aa681f08bf911,1571631124,merged_mining_header_match,,8afad2f417e5132ee983b74d28600c0dedcc3e07,97bfab8a1564a9f41fd4b14362e459db94badb5ba6a0b0deb19e652d001b910a,1,2,1806604,9a2fb64a2c258fde637dd65a0425372d83ad5b7fe5b5a539a391d4da4c6fd2cdc1482c0ff806f53c766af332c5d5c053db812cbe148a7cbbd980d6eebc7c2ac663b274321ea70bd407ccfa22cbb72caffd3af9edd617cc3c9080f7f3428f9c3b46293c699e4619d3d44faa873209e5476745f1ad8d9941a099723698a17d0b79829fa6b31eb85e126e531b4f75e53e3734554365bbf3d9de068897a5a967d773e5be5d5870d9e818e683dfe45e2f7824743cc7dd3c82409dc390148a0bd379dfcc6632a7ca64aaaae2e48774095299e096ed85fb7ad4061c46af278240c4e5475230f65ef32835ad1a93b0c9b38bee4e0ee542bd70b744f5be1d7bbf2a1b6368dff4d8c5aa3d7b7e9d3a66d2cec7bb741b6b93e6be074249fe4f785f66bed68181eee2300721d787330b1491b20911c8167bcfe18f9cf7759933ea0e101f98e613172c4850430b9a25463105e4cea844fb869278aafce1cec82a86d1d55aeadf,00000000000000801dd21383ea6d44cd6c2fa55bc86abf4d17513a901840aee76a72a7037ea31342ae584a7c08080000ffffffff030895f74a000000001976a914536ffa992491508dca0354e52f32a3a7a679a53a88ac00000000000000002b6a2952534b424c4f434b3a97bfab8a1564a9f41fd4b14362e459db94badb5ba6a0b0deb19e652d001b910a0000000000000000266a24aa21a9edf52fae4427e77460c28223273e998c76d708656256d054d6618784bd8bcd8df100000000
rsk,0000000000000000000c4ce7ca2b431b84aafc2d31fe66fbbcd59f41fff3d904,1850097,374af4be5bf215dea75c3d4a2cb6a39a3ffb96bb62ce27671808f88201c8f58d,1573052681,merged_mining_header_match,,12d3178a62ef1f520944534ed04504609f7307a1,1abc65f7afd712cc5055dabb57af7f00fdd1ea085b69b2d04a0b1e2a001c3af1,1,1,1850100,e31412c73150c17aa0e348c2327dff4df1996655a8267eef3446cc292760ec89391beda69f15d4bd4ae341fea4b2fed29da847601e7237e077a57afbbf361959f38863e1d20522daaf65b475ad0a0b2709f8a461062bf4bd0d7e2c58917db8c0832240f464d4d2eff07200a003743ffc4edea2093728ba255cb36e51f9bb2484da10c54c03b3747e3f03e3f272cf8ecbe3ad2a11999dd86d737b6d7c86b2e5619c7f55c9cf74657869696706ab4ea95eeeba8d77c05d5157f0c00e98ccf9dccc64473b3f8b6cf545b2f14d995c89eb0ac11da8e4428a481caea08e740770d86c4cf42495a7e6587ae9386535830661b66232e75b633c8629681721c1c9d4eea631e5b4e81948707461c9292e16d454034deaf6f5f7868bd5025ef76cbe4845e257403d725410140c0989d5512fa6fc550a31b33b43cc87d32c06008fdbce9dde537199eda3e2208c4bdc820b8e58292bb6437131aeef1df1ff8ce8698bd802586278ee274f1a083fdd45845593f3acc579193a66a69da516bffc09a5db515d74,00000000000000c0e047b780a5c37fbb2c3dd6df78f8119184958f2bbec6f571aef34ad9ba08612caa21a9edae07d8a25e7e2a73a2d6926f02017d0babe8823ac72818a951599f081f55a5b508000000000000000000000000000000002c6a4c2952534b424c4f434b3a1abc65f7afd712cc5055dabb57af7f00fdd1ea085b69b2d04a0b1e2a001c3af10000000000000000266a24b9e11b6ddb4f368da640edfb1566354c7ff205781417243df06eadcc813d778a26a2ab1ae210993c
rsk,00000000000000000003f157f664d073add98ab0ad49b2d56da8b93ee870a854,1859512,cef32d05809ae7db28abe5df4b29b18c7efa6364d5d1ee584054ebd830c82592,1573358460,merged_mining_header_match,,12d3178a62ef1f520944534ed04504609f7307a1,36d66e184a9ae30f4648d3347c672c94ce52c539b908bcf0afc28025001c5fb8,1,0,1859514,8ca99fa9ed399634cb14a6272f50fc61644465661b459435699ecc5749c54c6b2a8d888874582fc2bf4d734f6205a971ffa624a3e1a1db773f2591c0b936a4440b658d84720d887b2c2e637218af546642c88097a6824f85913bd5d6b1db26463570089a661ab4cce3170770866dcddb8660e64491992d2325349aa41a99bbb4d2483c89750669ed72ea185201ed22102dfc7af574877b16c23f3cf25e2630b5f2754521316a57f29296d52d5fcaa7c5d04a093cb2a9b438056f2edc2624457f22e2d016a5fd7f8efda20b6de3ee3ab287ac1d2444bdc3e1eed3e332293d8b490c045d3f35c446230730df5257ef811a95ddc63d5da2ddf021d9f1fa8d4415235c13e00eaca4b64a38533c22b837a480b8fbdd86d899009d1e1d40a43a2ad0f0b63180af492fda62901302f0853ed98931a6eee0ba574536e5ceef0aef588e43ebb93275f3c423590728735852d27dc90511bdb8051877398f9614658a415cd70e970885c5deb18c19908a6d920856b9d88f439161c249ebb740e16bcb1da7b7,00000000000000c0d9ad852b3411d539038055b5839d9e30de377fbd0b9261e0f93b2110acfa22c1aa21a9ed6741f1627051e302292d5bd3ceb801379d1ddf11ee543576b8c9b044f564594e08000000000000000000000000000000002c6a4c2952534b424c4f434b3a36d66e184a9ae30f4648d3347c672c94ce52c539b908bcf0afc28025001c5fb80000000000000000266a24b9e11b6d4d1e82cdee93761a8548dc1f666c9c10d7e924760d1ac40177e721db28d818a495701040
rsk,0000000000000000000704ee0d64be5764b22536ae0ce616c0c6e1b5dcfc2e29,1893955,88fc23bea46dcc976e228dd7e3babd5401f9a2a199bb525616591188e1260ce7,1574448242,merged_mining_header_match,,07c5446adb392be116f4859a722589f3fa8223e4,787557beefbaa9ee67c24afd1e8c58ecec18acc7a2628ad634ede926001ce643,1,1,1893956,d6bb19504ab8011655e3a28df3a82eb33384052176cc21fa49841c8015a07e469d5714a7b397a15dba4abfdc28830ccfc6c5e59357ddd21a5d5c7b2482a1d91feab5e3cd248b8f57014a7092730ce52f08610ff0e86896e6b417ac07993909c27df6e14bbc8dc0f8df01084310ac6a15784188c3cb0cb7bf760249eb93708dc3a788b2123149a78548dad57621ef4c74f6ddc3250a1fdf40bf38fcc11bb72cf2184a5859849eecf98f9761a73362a4a082154451dcc752d143d9355981dde53a21245708cfeaa01967465002f395293f9b9d6dc1652dde1e2d49e1f6513f0fdf88869169853da4365ca59bb280f91777d5aa0dc786293fac8427496d33d3bb25b37815d360bcf62b1f67b9a53e9d279c0e5c8c1e7811700d8c298b5be0045365a81b2fed9d65cb109904a768dded8c8ccb1c79d69ff473715e1f935b6c2cbd3418e0a41a2cd0fcce29a8259cc54885328e71897cc5087687d0109a81c636f33af2c18479202a704c30a6fa7949a28063d73fed61729ebea10de61164e010ddbf,00000000000000c0b7bab11d4417019308518b4a0aca4f5e3848899883a1a6a14a1a505e42c7d707a7ba7bbfa0ec94cc1980de00000000000000002b6a2952534b424c4f434b3a787557beefbaa9ee67c24afd1e8c58ecec18acc7a2628ad634ede926001ce6430000000000000000266a24b9e11b6d91e8b672f94a1d42f36cd834b70a838c5b32ceb52bf3501fa0a42dcaf4f89b5d00000000
rsk,000000000000000000144ddd08a0785fb6802efef84351c516792f208cc1b25a,2019208,6a10f315f06fa23723a1f7bc22b9019317f36922c4df37b1deaecae3aea3e1fa,1578519538,merged_mining_header_match,,07c5446adb392be116f4859a722589f3fa8223e4,c81a3999f775146c6ddb2f78d225e5e4e4dd8aba67121ed828b6d423001ecf88,1,0,2019211,08819c82a61c155cd0ea274bcae26d180378abe802d3635f94706678b813b5be13b11006599478ac701f636208f5380b15c424a330df3d7d0d8122f2de5d6a03e50de5ebbbb8dd028f6607e461cf0788c04378b726af59185dfba4469b99dae36ee27446ba98f598245ca815f1b01de088f046496367ed51d7791a8b8490626e47328b214bfcc02a7470cf33704c86e7a23ac2ae5a39082e4d4d69d7cee636168f4a4df37b5133e0537857f996b07854f12df772bb03cd0c5957cb1b15cd6e8524c439f36db02e148e76ba87c5ce4155d88fd6a4d751b760a5464893d24184d93ad961cb6837dc03d85db411bb106f2bfa464eed4e315b119121553eecd9556d91caba46c8526255771b96c9e749771a2dcdffcd518936ef7cfcb73041dd4ec09f23a9f4c71dbd693821b7df6b4b88c64954b1587b962d75043e7d216d3708e8a6dec04c1a3a4dbd6917d19c7d9c22588e45b8b6f90d4045d7d6d2f4cd6e19da88c99985274fbcb097d72ad5398658bc65d91bf1d6308eea60ccc55197aef36d,00000000000000c0c4c38458f60fc8b3617dc0e18fec27030d2acbc45d787b4e44949c1bcbf7c7c2b8e5815b84824663ef1d4b00000000000000002b6a2952534b424c4f434b3ac81a3999f775146c6ddb2f78d225e5e4e4dd8aba67121ed828b6d423001ecf880000000000000000266a24b9e11b6d5044d847cbb1fe298634106b1a61a42eba4e8dcfa34295610d6c328b5f7126d500000000
rsk,0000000000000000000a7f4a86f8383e8c77ccf2c71c99e1019bf8751fd89171,2021288,1a3c0dd90e537c67e13738ea194b5922bf1d86f930a68b77a84fc21d159946d9,1578587673,merged_mining_header_match,,32dfc7a84f24b10a5dded1d8b24f48b96ab77373,837b2ce83f3071e0c6dddc5e0d25b6e39bdf424b6d6be735f96fdb22001ed7a8,1,0,2021290,f9c58049de62c46f161796cd4ad2900ad2e4d0adaa8c4185e3e91d12f5a7016a04bbd8d325566cf3ea9bf1cb47edd7ebecf8cc696c6e9cb2ecf1ad7102ccc8113258564c1e84ae498d55329c888036a574b0a7f40e0f84ab51eb4d700be226eb81ca5aebb476b872d74295a0a3d19460597270ea1f8ec46db919c0d959784ce7802894103cdf340c35a08211ea2bf17b68f4a4ccfff8077dd74550fc0f83459fef1198246cfa468f9cb5c5ebe94333c0ccb94bdb88e05a1ea576df2dce13ac195ee2488b00349296d330bce511ab27ca6dabec5d890e2c938e79f48ff244171e4a1dda519d4ed18a7fb054424f99d7b406cc70a89f401748e12a80db0df6ec7177f6bfa0e23f26d1d6864948f65e4b5aec390149733f0f7b976f5944c9b69b63403354ec6d2e396c11b4295d524b6f667790efb06ed8e80cb2e18ff267dd84932ab378a0ff05152c90590b5040c63a1935614057db4954fd8af782e44206633550fab39f65ea243501389ce08069aa3eb6a72c3ff6460aa8790104f04234e148,00000000000000803b6a4fd85deb692b7fce1c6b33b0396d6c0a83332052206832572b46d9940d347c154ed1dc59609e3d26abb2df2ea3d587cd8c4188ac00000000000000002c6a4c2952534b424c4f434b3a837b2ce83f3071e0c6dddc5e0d25b6e39bdf424b6d6be735f96fdb22001ed7a80000000000000000266a24aa21a9edd23aa21f4f5b606ef916813d02e221ea4ed7e7b6953f1eddb9a6d526b0b26e5000000000
rsk,000000000000000000052c40aacc9320e993f0a15f6eef1e17ae249cdec0e636,2034135,e69001715e02178982f77266d52671576f2e7d2c474842c025059d606ce90de2,1579008030,merged_mining_header_match,,12d3178a62ef1f520944534ed04504609f7307a1,60a95ce82ab07c5726edade8672dd686132ecfd1b61644eb46fe5e29001f09d7,1,1,2034137,1999888523d6225f3179af22fb4fb3cce22b508fef59f2868a2e7d497c232c2d7aafd89940497f6334ed1a838a3002ae1964b3819281dcfaeab548a3ab8fdbcc6bbad896ee2bff0866ea02544720e04afa4c2dce06741b6cf81ab345b4eb8117290415ec578e8000752b96029fe12c85a8071b645caeaf411089bc8486d93aca7bd01a5ada0085a2bec8d2b223c5026b4a19e06399f9927a11a6b64e7487c255f2dd0e2973ea7b4426bc2240209e0909db709612038abf1f5329298129c12508887d0f89ee5f6c67889a1d1a4f05af00ddde31957fc312dbc953f328cf015f9b5e3c31710aa44a3782610a4f219394a78b3ccbc08adc71dbc24bccba0915834344196a8c9ff9760914a4a40fea6bb01c1f06da3847b71311c6356ec756bed4dda7aadf07dcce9cb22651e7c28372674c038758e8cced441608407488acce74eb962ce6a4fb4ff2f9b8d388d75c043ad187ef1a2af48608bd94938be4a7c76cfbf7a80d0ca42b30dece365f7db782e8b1d500ea6ba086adaab46a94a83543e0ca,00000000000000c01bf3de0b1b09d7c04ef9edb33e32918026efdd91b7d1fd30051600800df06f3faa21a9ede94431e68c94d695358cabed76a7223ecc8c40320f2287db6bd27beb563999b408000000000000000000000000000000002c6a4c2952534b424c4f434b3a60a95ce82ab07c5726edade8672dd686132ecfd1b61644eb46fe5e29001f09d70000000000000000266a24b9e11b6d92eaa29bda428143ec65d84662741884f7f1bf01f8a6f7f8646c223077f08dec84286f3d
rsk,0000000000000000000305f9d4c42f2b52ff4fbdbcc6465f38082467aa31b78e,2058165,7eb4e32b523d775382faa83bd97d9c26eae07ed0f076531f33848773f3852b9f,1579807624,merged_mining_header_match,,12d3178a62ef1f520944534ed04504609f7307a1,5326d6e32acfa8eebbe71597b56f2a1a84a826ae0d235f6a56c4da2e001f67b5,1,3,2058166,15ab097fc1d70a01957d17ab4cf506ea31dbd7f02c04f77087f15a8cd6d64c961fdc3d34d6ff1fc9d45077bc1ac8338ff2bc8471e84d91ae0c385a5807cd49e7dc6e325d3a8ad28c2676c3efae0a8ef230e42d281b2f841685744cc1c257b51c95b7b597f73072bc97c5e90dd9531cd60f764f4082a4fcfebd96e7c606c87dbbd1e757c33ce8ad49795f61131b6cd5b3cc948db7dc6ea1636ae23dcda9b8fe7f48a221d654199d5f1da8b2625b6f4156b70a74be65c7476559ff54f54344fb261167d4a89ed045250f78b05e750342b197d91b7279bcad44218ce0a92c284ed56ce8282a7c1092c71fabb0bdf8d2eb7afa0047349b4b84b0f8dd62133961ad2662f4408d4df5bdd50fb6086ec67d781be21c5559ae0d50257a8e133f56306e4e606205994d72ee860ea0484628acc27485e0f837dc4f90501e7634361e98f202e3cb34e65db336ba4d7423517ba349487e7baeb4accb650f523e7f4ae6751e4d11423e8f2bab8a62bea6b1ea5b77209e7f2617ed4cdaabd19e229a887214a61e,00000000000000c0e1ed676d1e528dc38b652607b2c93310ec520174d4c554023ff5b48ab63d102faa21a9ed3b7db5a3b96bef330e0618935137f7046b36c1c51362d8d1f1aada4e9c464c0508000000000000000000000000000000002c6a4c2952534b424c4f434b3a5326d6e32acfa8eebbe71597b56f2a1a84a826ae0d235f6a56c4da2e001f67b50000000000000000266a24b9e11b6df7fb453d06fe62e2b3bd402a21104729e47035c92b7f571f038e8eb64f60d61f055b7249
rsk,0000000000000000000e879312e640f33750e5497491424c618345c0531e6e00,2066773,d6e5572ebf650e6a2286ee0670447e867f4ad2b622c1ceefc47f54f10469fee8,1580103470,merged_mining_header_match,,e03d99f3d8cbdc0018e0c26ea4fefc76bfc8f834,ebed0d716608eab492707c65eaaf9a28a4e4a04be42b83d9dbe40339001f8955,1,0,2066774,a056536da7c1241b3ba4fd43a60d8541fe1f619726c8b71543f664dc2e6167959f09630f82a565306bf3fa303a603768f098e4748ad66fb408d33407f3d0ac591d92705d07c664dcd58c062f2e862626c45639b949e6cf7c3d61dcf1091ba4f7050cfd6206dd5cdc0adffa06d1044cc34d23519a2ddf7333d42b7dc57c9d040461e291e8a20cb7aa26239ec86bc19271fbd447423e95734033879fe816f3e49827334584b9ee0a21350c8fc5be23c2446c1a0f45538c245b2678033e402373a5180a1dfd1c341a5598a69a8d2ed22e96adc0ddbb3398b46fe77978f3195b7bb64d17b4e097445ff9a77fbbe1031fae7f2317c8e6a628856948f7f8ba559832946365d4071897b1952fa177f13b3b4dcf2162ed2f17eb18e2a2e02145545d4d3055ac9f67a6c45a7c8cb6506f00e9bd97e2c8661388c534001493d352d9a17f26c5f1b03ac2daf564559cccccdcf762ac7e0d5e80e1d900cfa1fc3b498e540bb9,0000000000000100709d027d74472a077878fd6660b76ec9a4f64e1c0f88ac82ab6f9a48ce82c58eda43dab0fd1aa04fa58c34b67d3500000000000000002b6a2952534b424c4f434b3aebed0d716608eab492707c65eaaf9a28a4e4a04be42b83d9dbe40339001f8955c565f2c4
rsk,000000000000000000108f0e774fe41d100725f0ca3eea0b205d3c5912dbe7f3,2107023,73e7b0e986466c15f5aa7f26741ce1165e8bf551ade9b26d0f877dde4dcaeb22,1581447227,merged_mining_header_match,,12d3178a62ef1f520944534ed04504609f7307a1,3cc0ea99ac1be91985dfcb8611aebb63ae87362807e01a0c9abb2b2c0020268f,1,2,2107025,e64478f730afe266cfa1966ada46bed7abce70c8d6e1bff173627b6b0e05626f30ce28c04fd988cf6b1230f46be45992eaf8b6fb6c247396bf8d4b38de2a4705df3df702f706fed22361837a8c9ee0b746e45c5d5b499278c7a048b0a0cd1350bebd8e698288bf04cc26374379a40e155becc6c41b575a59435dd80b69759a9677c68a3ce0f6798c521fcaeb3755719beb41aa3e8209bf1c0a523b1eee5aefacacfa4bbcf178a4149ccc851d08f4c52a0a8ce7520639ee03370a3125ee0c6b928f8d74e507f1eb62be9e95d71c376be0a0c8fa4d8d5a8df18f1920b46d091e4d2fe7e6c7b5b9e5dac34f4c136dfd84cea777ec9a67ba8ed62c494fe3fbb5adaaff0fe58e337070bcd61c18a3e4d8a003c6ac5b5ea71c46d4aacd45a21ff589967d2a4c5f8d8594c2c844765a399b0f299d57db6e5a206c7b68fe683ba85610f39b4c517249e581957fd8a172a49182996829c50f0d81647beab217a619d317df4518d401f147c717b72d85a84f982e0e5493ffcb6149ae656e598ceed9b8f0d5,00000000000000c0be1d835e00a3b2fbad1eee248714a28efee21e81678fbd046c691117b4eddfe7aa21a9edf22a99c943308802da60fec4c4c5b116d3c683d6bc3019f8ddd498bb563bfc2a08000000000000000000000000000000002c6a4c2952534b424c4f434b3a3cc0ea99ac1be91985dfcb8611aebb63ae87362807e01a0c9abb2b2c0020268f0000000000000000266a24b9e11b6da913b68114ad89e8bd9b35797de3c6ca4b9f244af5e84a7c42dc90070b01cd966f7ed039
rsk,0000000000000000000d1ac8f8f3121140fc08d36e19cc9f01400c5d48c0bf1d,2130514,dd3b672327a79029ee596e31476875126bf430480639d614c06ea05ce40da856,1582220539,merged_mining_header_match,,e03d99f3d8cbdc0018e0c26ea4fefc76bfc8f834,c35301f72b787c2f7819f07e9b6e7518a7199ea229318651f52c003100208252,1,0,2130516,b08866f66f9f4c7cdfae8291bd1be876b682d1659151137f3decbd1282641e1a4a49ac1e8caea5d1cfae19139086219b6165b8f7e863c3e8be5e8aa9fc6ec70b84afb6240840775bb7428c91069275053589cebe1831cc3f64614f91f41249ab4bf1f8c6949a0ae15f8ae6af7750286160e3af68f5327a293949ebe9cbd3d7170a49ad573571f3fbf289720dd497698d1f18de6f835fffcee01fc10c81747c7fdcadc707ec069f3586c113f07b83f7ced1841710451781de624477fb307f9af8fa99aeae25c9b1aa80f203b4bcb117ba7a9892faef3c10a4ff1d63a4300b56c4d13a673ee48af4cb00438389f4b9589f5ac3a950d5716505911c561cda653e40c3fa06d67459d3b530b63fc9b487675d02fbdafa5e3942cb0a220f34ad3f680ea14881970a4c07f0de29396fb2e2fa4d61ad588ee4cca6da5881a1cfd5afa097e30b904d643bd1532ddfa38a7ae978f4ce5173eda2a181dd513dac96c5edbea7ce45ed47b4e41b8984831a0b3721874f1245296af43349b34135199f22af4e4b,000000000000010057faf15691e644bc2924022816f9b34e07e3fafb378e464857aad58ac1c2fc356699b76b2997315d8fb30d9ba14700000000000000002b6a2952534b424c4f434b3ac35301f72b787c2f7819f07e9b6e7518a7199ea229318651f52c003100208252b122f2f2
rsk,0000000000000000000970e75c996a01a0dec03709d068124310d0d2dd4a608c,2137081,4b527a9eba254b5b5230495281a8d194f1c460458c1d65ad4fb52169e0b4f865,1582438522,merged_mining_header_match,,07c5446adb392be116f4859a722589f3fa8223e4,f97a731f5c1f9af6a0d7749075089b631b853405232255fe3b0b193100209bf9,1,0,2137084,d3c5bd1c35e25d6209625f641166f6b1d36d2696507410033ab5449a3d2ac991b9be5360387d995c64ee52b167a5446d92f1233bcad2db0c958873007dd154b4103fcd5873f43d32909683ada811af2643c680b3b5791d6044cbbea3a380b5cba8f5d21107cb78221a56c5ffe3c41780905f020014330deb2f977a848baa467af59673655d7ed2edda09862aeae7598fafd08a8fd326773da3ffdecf5c1d2710c86b1729bb29553ff67daa4423d18cf55079ba132f9d48ad1d81e8bde93028d4fe00ea3d5bfabd1782cdf6ab0c95e6531e9f37e3bec6c163c894056db1afcf7ac0f63bced99128e68f05b5746737431e7ac27110d377539a7528cebc87081fe4a1073e1a8455fb3a970a52870f17e57f1f7679707c918986076d48f36a53ccb2c9e52223d404777e85f62e39f39c837c7ffec6bf61164461e77b1b9e800e4e9011f45174c7163461570d91639c5d750f3684b9838ed84405a09eefa22bacd1a9,00000000000000c079577c6317bbaf3be853d601e5d36d9d68bf0ddce076a65b65ed6412a89781c1a42b27900df1e3383e74e200000000000000002b6a2952534b424c4f434b3af97a731f5c1f9af6a0d7749075089b631b853405232255fe3b0b193100209bf90000000000000000266a24b9e11b6dc62e60a230541f0907a70fd3537e608d309a1156b213b989e9507153611aba1b00000000
rsk,0000000000000000000afb64a255edf537c7c90e5d10d62a7743f2d189e9bbc3,2147041,476e38f2dab15341f4768e5da88caf44e17d82e2269c046157b4afef23672856,1582767225,merged_mining_header_match,,8afad2f417e5132ee983b74d28600c0dedcc3e07,8583e6aeaf1cf820164a2237900c49a019431bb2de049a0ed5ef6b3c0020c2e1,1,1,2147042,0b491a620d6b63dd970c268c21736300890c24349515950f10f3b1d3a3be40c96dd65573cf5d65758247217760915c80acaca49288e15168d2c75297bcb83e35885d6cd21e4af214675f9c5572969b629bebdbd04738a1fb2c0be155e830d43ecb44b64a70cb62b922e4c8a3fd551d11fe4c2e96945eb67a3ef7c8a8092b5363ae697a78a4b5bd62c15762adfef4c3bcec2a4b6cb413ce1e95a16f7da9a3e0d27eed506b360e7062323c699c32048e36dcbd44e992f11f7ff997b37664a7a3b7f84c115e4c273a1d8396d191d6fad79063e1ccb147fb58f52eee9da58a862ac657e5254f2f0d05841849fe9af601cba8e97cebf956cb29e627d86bdb12c9ed3586da0a694f9b58fe9c5b21c5057c3356bf452005bcfabf67a40e57948c6d69964c2d2ae5098394078807f471006b088c9da600acca3f0f99dae6a8b629827a2e85b52c4862c9528d5b0a7be98830914a70433632b01761a9891602075d539ea55cabfc748d21636c99e41838471706bca0c6bea9a47c28504f784a594f7b0fa8,000000000000008039c411d0272cd8637d3d4772e55af46e82366b53b65026d8e5bc1ec0b016101e2637d54dc30000ffffffff0398cc844c000000001976a914536ffa992491508dca0354e52f32a3a7a679a53a88ac00000000000000002b6a2952534b424c4f434b3a8583e6aeaf1cf820164a2237900c49a019431bb2de049a0ed5ef6b3c0020c2e10000000000000000266a24aa21a9ed7d995c3e7874557cd293f641b8b51d3011afc64bd27aebefd292e91ec6ed97d300000000
rsk,00000000000000000011742482cf54ee9933e6d827acf7cf680a439857d61e3c,2159945,53d6b238ec0973eea0c40dec28fe79c439a76e4c08401592f411c6f2150f75c7,1583198147,merged_mining_header_match,,07c5446adb392be116f4859a722589f3fa8223e4,ec44c89b9bdc6598793bc9d94539a0b0a697c65de19b675c46af2c300020f549,0,,,d6c0cd1efc1c392ad96ee492d493fb12d2aa9be2a505265d3ebd89cf3fe345facb42d3680c84c21ed719e122d915730a9f16de56c5315819af37bc2432de83cdd3cd67da2a8f1543e594e212f6a2e39679c4d9e1a72a11c12650775e4521c4d449c06a5aac099a0b7fd4b6827573bf35512ba2d393dc4fdd75bb2a6b575672a71b99f9c407e14eb8953af328e1edcec09793652c28de8618597fce08765f8dfda04f4eda98ae3be8aa48d9a00b8056bc12c82719001a115dcd611ff6325981949ab908b1c10ec950fdd35939825ed72e119ab9cc31ff88c1e9b35641ed975781222e0a169bcedab05c382e838931b3e8376b3e2669c26f97f7f3b3ce314c7d315260a161b40e3f3dc6fe8fa9930f7ccd0a4bda844218357f1de10035c60a0b57524008e5eaac0dcd3cc38ab9420bdac795466649ca224821f06774860969466a9e89e27748f291e951a69300b78e6be4b43f454242b67add1229a7bc3b0bd513,00000000000000c062370d08168eea926d3ce9cabb75527f6d95926e36af0414aa35c96f9e9775042830d72541b6824b52e9b2b52c654900000000000000002b6a2952534b424c4f434b3aec44c89b9bdc6598793bc9d94539a0b0a697c65de19b675c46af2c300020f5490000000000000000266a24b9e11b6db36ac5b910b20900276d9b077afd6146a16a59aee363d1d84816ddfb54881d2e00000000
rsk,00000000000000000008d9cc7e483ac336aaa8f792250f17264b948ab9398a2f,2185949,ee880ac8bea27e9ca671aa6a5ebf900d71df2059071f9370acc86ed37e72fab6,1584065459,merged_mining_header_match,,12d3178a62ef1f520944534ed04504609f7307a1,57b1dc4868deb015b08d260010260d9be803820d29fd7cee3b9ea41d00215add,1,0,2185950,19ac2d88126cb5f168565de99a92b587d748634342fd588e73058bb5baab8b1d937f56bbdc2aaa84f482ab8e768212ce7d8ae706c3516cd836f8bf1882ea5414771f1e6ce11c065442f96e8b84683adac9e7cfd63baaf85a00976f5874b676d43f9734003e087c019536149ae573eeab7f0c8f5bf9b0b55acf24281961b0e7c6f557a898fd1899b6b7daf5bb0459f7bd631e67d24d14e1362cbedcce4a86c15e5eae0cf91c48864a10ca4c3a1848f859825815a150b9ac92b7137f0b22b1e465d3b68aa0ebf9a19c248242c7cf06c5bc70b51e48f58f390eee2ef3a6cc3c1d139d82f6a2bf77e3008fa4e9e242e233af63c520ed05bd548d6ea0fa97cada395bab98d00bc679dcaa2eeef4f44b066e1e3c5c6cdfd52de7dc14dac17c111361e1a75678d5ffba54129bbf84a22d195998d44e0d5bedf74562916474643de8488a87cced96aea840cf730545314f0529dade7a23a5e655c730216f7efcc26bc84f,00000000000000c0110f2c8f02db5a7b10f91133f75015ad4b11d424abb135dbfd659fa58a4dc61caa21a9ed00aa2af3d850def0e84db0fd5ba96a4e1df3c823b3486dcb74344334e2de4f2c08000000000000000000000000000000002c6a4c2952534b424c4f434b3a57b1dc4868deb015b08d260010260d9be803820d29fd7cee3b9ea41d00215add0000000000000000266a24b9e11b6d3e67039e4a1816a477a8d8f64ab8598709f447bab6c0f0d6b8a8204c828d50aef9b9ab3c
rsk,0000000000000000000b068deb4520b4acf83f5ade4e2958c4f8ce1663741b71,2202590,d05fd1ae1c301b204e9cdca786bb2b02e1699ea99b415f9da79e90e8a91efeb2,1584614787,merged_mining_header_match,,12d3178a62ef1f520944534ed04504609f7307a1,856e1e9eb8acca4f8d1bcedf43c032f8d46a793abb4db2a85aefc92300219bde,1,1,2202594,7210493b00b6ccdbcfa5ccd9b9f78827c43ac190f8d8de2c494df8b37f125fb2e425382c6aca461dd72ca03f9c7df1370f7fc2bfde8e690ebbc99d8ff4c48f559187e227df0d34711884375f464d1e76dcf6eca00dbab14e1f814c6b0fabde03c4895f6bf046b8d3404c34b52aa6e8eaeae7f92ab0b7f011eb9a3492d87ddb6d5939d5102ff73f1bf48e4a156cce67a0ee8950afb09e5b7731240393b9da1adc892450a3910a33c830dfab23384af589eb18527edb7fcc33476753562f5afb1009f73822870a2a844e02ca661f05649313a312f534e0e101ec0bf11a4f6480f8dd8fa82aa925633e56f34711027451135f44b54a008f48d469d5cf334ae3ad7d1825cd1eb3429697f4b158f9a6d0c0f4c34b9a02ef8b0b42f0c7907438440914d509a909885a8d61482dc177a069719fcf0b3c1f3dc8194f8a41a54973b7ae74cf80f74be06900af31e6863287283cd02946ba138bc9fc1e4e8102463d370028,00000000000000c0e3187f7a9a39de7f086bada9e508d3d52c3d462c73675840aac6e076840f35b3aa21a9edaed54614b8ab6934f4733127d6a82d03c62b2db8a5537a174d2456fb9d80227408000000000000000000000000000000002c6a4c2952534b424c4f434b3a856e1e9eb8acca4f8d1bcedf43c032f8d46a793abb4db2a85aefc92300219bde0000000000000000266a24b9e11b6d61b9ec5e0b74fd2a27330554126339c90a20e99eb309bd76fbfb863271f426a9e5202b3a
rsk,0000000000000000000dc99404426032f8bdfc3d13551bac83e98487a086c626,2303997,7ac240e6fc6d7cd13884b8558000d95e716049f94cb65dd0a7ed8ffb2a9532d0,1587874602,merged_mining_header_match,,07c5446adb392be116f4859a722589f3fa8223e4,dabb9a9657d6efeb15413662a287995e5b99e522e0b5a74a1882bb29002327fd,1,0,2303998,bc90f96c15c9070c8bbd333eb34e9c456e1278b2321602417e36b7f023ebbaa758164479179ac46099e4a69af97443ec1fea9792b88b91a03b66b4ca7eaa2c46810cfd120dada45321ca068f657378bd2c50f76af2a08a76d801b94ec19c7ff60b346376f8e38e8d9cf7170c8050b15afa8b5cd125cb3c0fb20f04a4b8c2d54a4ce58f7f245d545d87434645355dcda995ffe1bf7b8466d096854e93b3b1884313502fa02c2e13db6ace70c92b14249d492ae1089eb3ae409457e08142f2e2b62aa26de824d7542c5ef492b68c0062eaf41f2514eda25c454c25e3e3f90b8431dab81537fc5c6187fe805883f8b278b0ea3bc3507b982d1094d098869630ff484776ed98504f742721fde14717b197e8b33c5cb02eb54e17e4b858b7e12cf9d7,00000000000000c0a501ace694ab7d57eb3876b9a43b6a73d66b03aec9c1b91e8855a641edebbedc637c83b247054e01fb7d6f00000000000000002b6a2952534b424c4f434b3adabb9a9657d6efeb15413662a287995e5b99e522e0b5a74a1882bb29002327fd0000000000000000266a24b9e11b6dd3497c00e52f1beabcbcb8c264d33b7a6ed0d3c2d9add99208c8dd682356c0f100000000
rsk,0000000000000000001102d5c5e3891ffb14ff61600ba21eeff7d40f3c122459,2395011,be076cec40fc7bc1882e1fbdf534f34247829a92753616e0bd2d3935e9566aae,1590686696,merged_mining_header_match,,12d3178a62ef1f520944534ed04504609f7307a1,22f13d45296f39a05a84e8efffc0afda0ea85fb8297bc25b5545032000248b83,0,,,c752cac14e5aa568d8adbaccb42c3011eba4577f456a4edc23c64fd75487c8bbd580f1ce8f45714c86201cc382fec4facf1ef03fec50275372775501da30090be8346e65726c932ba2982b7461572fd8e8704f4a16595aea05585e46b8c2670f0d1121b4f25b5c25ff66585e75a8a5d9a1ff32da01b5109f383b3fe609142c7e099c670dc1c281b6ff841fd1b37b40fb038de219f56d80692984f3f853f031e0888a22fb7aa0e4bc73c7398686f1d60cbee98885ec38f5df198c2f21db640c066e164572bd4f0dd355f428c8b41532b9fc47b61558dae982829bd2092c844aad9a4644846675f79acc0d2f849232f5a2e4896b0bac73e5daae4812dc790e248fddabb4b6401dcd5ceda5a48cb2831a9ee1110d931a9a8ed37a5e7b51394c248494496690b98f762b8029fa2f063558a0fae9e8690c934b736a212deae448babc737c4ab225e7e899e72e2f9d966eaafe21579cbe43ce072fe3116768ceca6a3e8f509fd4b80921399ed8bc1172dd585dc4a2964b9c6a4f9ad2f33fc23ffe6367,00000000000000c029bccd815316c72e8ede502f871f4f34895b784a07386aa0c07bad1922a6ee10aa21a9eddf34db0df780663310acd1a3c94207bbcd1a4bb916b01eb21829d8c588662aa108000000000000000000000000000000002c6a4c2952534b424c4f434b3a22f13d45296f39a05a84e8efffc0afda0ea85fb8297bc25b5545032000248b830000000000000000266a24b9e11b6d667375c7071c40faf73115a08e268a5aa67a608b4ef8e7460f9ab70af111dda4c3422e3d
rsk,00000000000000000009eb4b7e3fc497d4d6909069f9a06b3efd7d1664c77e77,2409118,94af38341a112acdbf0a3aa54a7596d83058e226b8c61117fc4486f675a96ad9,1591108735,merged_mining_header_match,,512bfa2264b89b91406fff40f32f90f02d79d452,0c6e048db7a25a5eea411e9866ff9946b0788f3a7b9dcf53dcd9e2280024c29e,1,0,2409121,1f919acd679df434c3eb9ab43810630f81d814e13d0c673d39ed3a2a619aa070c2bb4382becd55be49e8f5df491b03c0c3d3ca49087a829f5e4d80b9db5543aa0b83a496f7f0d28b6571ac6ba4cc49a86e4c950e7051f4906e300157fa48143d7531a31015c8f18a9bcc83405197ff6e6ef7da837ff97a0278ab367c11e23c10a15bfb11d4420254681ff80c90fdacac7da7c28fc68ca7943baae054ee48da2fa8fbd4a41dabe67833a9a6f1d40f38817ff55ef46c84cf41ed37ece890fead028f2c1b3aa8c5bc12da8186262a398ac18ff5eb9647ba3cbb2849d429f534743edd804d9a3b63a071481befc86dd08fab9571c2731ab0d1114dbc8498c0e30c8a4a3828326e7ae45a9541ac9a34c628605b723a4c9ff03461c9cb78ac15833dbf73ce0e513ae8b40545d79aa070d1bef7d2766842596862d4ba6b0fc12fd6c4592b5d7b87218b7ac5dedd1f306bce7b9a94735d732493c612da18323e667033c4226b3ad3c3b1781815b46d867e501375205e9e492f45c6ecb0dbe3f852be57d4,00000000000001009b8fcd962816e591da048e806feb1d78120423dc33481e6908b7a3369dd0449596accd35c3590e3cecc257bc835100000000000000002b6a2952534b424c4f434b3a0c6e048db7a25a5eea411e9866ff9946b0788f3a7b9dcf53dcd9e2280024c29e942a948b
rsk,000000000000000000068588f0045a0e8da55620a533082279f3cceee4ca1c21,2438097,5138115967fe1bf874f79fbcf2d6a61244eae0668b9903569e0934d55520fe7b,1592008281,merged_mining_header_match,,07c5446adb392be116f4859a722589f3fa8223e4,2e362e2c5a111082f8c3e417744636aeb94857aa3796b5564c43c625002533d1,0,,,9a047269628c12c2b7924b2dda9e8f494d02e6f509caa6183acfd994f0af3e191e169b3b0e6240c239f39fae32fa1ff272b12c422d41ab6a863a3212c53bef6602676b606f630bb1ec3bd07b213d3f883d8e47cb17ae9c4e41a121e0dd632107013f97e56db614232b8b3ed3d38e926e15f6d4ebf023da0d52fce188be1848cf8b4d46ef471f44b8fe3271f845f91bdf4811e38a1098905b708c401aa9aa099e3fd12fce006f57516938125a5ed04ddaaebecf2adfdc7bbd22e29a80e4112673e8a23c5325e117766e3a455e3ed5b26d490a45d79c8cce65adff5ec8601f0ab2a17da2ba638541aa4f304ddb067b075e02302beff9fe4e9cc6c8b4682b42b2ed98cb276b90aa4edec888a214b3d23afe902e96184f9a1d1aa1801aa63317c841e8139d1f7cc9dbde9d46b96936fa30a1721d943f2cfd5f8f795fc55d75a34254a73e735eec1d884f690ec49f4ba92fed6d1e67b780838350472d404b60819494,00000000000000c023b13140524bb858f41329db203b2e23cb51ff84e8c722d11a74e250f64d99f37b3be266ff1d18d86bb5f900000000000000002b6a2952534b424c4f434b3a2e362e2c5a111082f8c3e417744636aeb94857aa3796b5564c43c625002533d10000000000000000266a24b9e11b6dddfb7fe0052c5d3ca2bb2afd87df878d8144cf7dc6a782b3d098d1f9d0a1116800000000
rsk,0000000000000000000202a9e5a9d6086a604038209d6ce70acae159b252c5be,2442243,c22f5b379cceafd7d9235f7c2590aa1312dd7c7ff45f618a8590dbc87be4a487,1592140446,merged_mining_header_match,,12d3178a62ef1f520944534ed04504609f7307a1,4130bff4da2d91213d0af2e52d4456c37a6a4aa5cd94c1fc8619ef2800254403,1,0,2442245,f94b9a07c1bddb6ec6c543d1d68dfa0109458273ce66951b41b59c34318b3f6483ff56230395e9e1caa1f4413879ad1397013bee0f71c461e90be71910e9c37b1c198d50a21eeeae2c461143db0ad161985d6e222e82afc3b217274e7fd946028785a3d9c6fcb8fee488dd75233bc13b7dad09bf6afaf25f8754047c9ff94503bd377eef2942449af55e744dae375fe7a06e197a80666a9f83193fc1e9b7a5a20e7bc5b4c9e579b20ee8657a318179e296cbd71c66fb767f664443f51b7c69d4855c2857cd3d38ab6807d5352ab7f01db64da0f74520479bb796f3f3171b8612b4833dc295c3481a29cab717160797b6dee328adaef64e63d1d81c3722ae52d0be461305b3116cb8f6d0a9eda4d7412d56feb240cfe17888bd164cb4b08807dd97272d7fb748fbf9bd10000c9e6893ca1fc7582c12a9e9a8d7e2257e8cb978679804f3a93c43f9b62d7ec1309fdf8dc1fe869f9c95918788e8b9857267e1fe56,00000000000000c0b854a1f4e2e34c0338f93af3d165f029f4941b530d0784afe013302875e14786aa21a9eda11781b9f6105a0e81b0192f69fccbbc0721f0cfe599f1a12c0f0a819e30e10d08000000000000000000000000000000002c6a4c2952534b424c4f434b3a4130bff4da2d91213d0af2e52d4456c37a6a4aa5cd94c1fc8619ef28002544030000000000000000266a24b9e11b6d236ccfd779d449ad0542814c618a7589b01e497c37bf164ea64b8daf3988e672ba6b503e
rsk,00000000000000000009dd0580e1e897058734ff34685c78ae961be66dc4eb8e,2475329,9de15d965587e2bd3c52f9aed96374b86f1652f4a1f8bc98fef680765c7beba1,1593187966,merged_mining_header_match,,512bfa2264b89b91406fff40f32f90f02d79d452,b83b84559acab10c2415064fc90579f3c6cfc498261a50d54df2a9260025c541,0,,,d865b84c470d3430d06109da9d00c7c24b84c7cd9ebae1ef973d89ac9c37f52a303aa9cffa142c894dc1e4cd34f948e7861de690c18f70181148628769db2506,00000000000000c020cc26483058ff50cb9540294e1da551552d4956c1a1511cd0db056995f41eec3bb682d9196c38dae20cee0b651f22b451310fe197cfc0e9935346d8596b6a00000000000000002b6a2952534b424c4f434b3ab83b84559acab10c2415064fc90579f3c6cfc498261a50d54df2a9260025c5412cfba2d2
rsk,00000000000000000007754fa29bb63a7d28460f0be2987f1901f3156aac3c29,2498373,696dd00fadd8ff6a08aaf9823b4b628efe465dc1fcf7f9ee353e4aab4bccf029,1593912796,merged_mining_header_match,,12d3178a62ef1f520944534ed04504609f7307a1,bc70cef07c835768581c5bbc8813c8837c46ef6c69a5ce4b5a958d2800261f45,0,,,cab9f59aeb1f41b350e52ce0c78ac90a2cdcfff65c4c85299088a88dfa78322de2ce39f7531f9beab87c707f2a6ca0e33bcef6aa1cf853f7916dfe8ab7dccb685104d73605f4da3c90a74f852a9253eb2971573c75881f98bfa1c7b720dc135e4d0ad72c2800e8d5a1501cf27120cd5de520af837c2f03abcf62395045f112fc74ddfa8aca5daa43b66366f94b5b5545839d59fd7c65d8c293fed44733cd74e94b665a09bb43d210f8ec9c452eca534392f8645f52abb44915124b9d79f9fe92e7d3f5def62dcd12a891ff8facc56acc5cecd8376b15334e49e040d4f0a1cd24c858f62651e5aba76b9b1a2ec4a10d80d0e3203646178a482729de5e16bf11cde565c24d3b7de37f420f08d56e534d8f7b66fea0faf6fae109c9edc2d504cb61,00000000000000c0bd76c394954320c725118642cddd1136caf48d8106aac951cbd4ee85b4ad8761aa21a9edad19040ee8e35978b4fbd2ef07823efab739fe1c9b849f91d73328afd049f51708000000000000000000000000000000002c6a4c2952534b424c4f434b3abc70cef07c835768581c5bbc8813c8837c46ef6c69a5ce4b5a958d2800261f450000000000000000266a24b9e11b6d07db65dc6713aa0a64c20b231cebd4f6b811a40e2995fbf5c2a533738c02186d09aef140
rsk,000000000000000000096134e3d9ef56272a4239491c1bb9b411c7ea205963b9,2512618,f7c79a76f8f43446ee8081441dab72319a41efd505bc1ac2e7833c4c1863be5c,1594362146,merged_mining_header_match,,8afad2f417e5132ee983b74d28600c0dedcc3e07,c524206afab93661032c8ecd51b7168b15863a2950a4d5967bd3e41e002656ea,1,0,2512620,eb3d876bc88a124d2fd25890bef7225c8393ff106e669bea5768a68ee56bb1de5bc3d442311563fa1ed51ad6ef2b38b33e93adcfb0b383cb23a92dd512b1c3891e29686dbfb1ee1e2ae4bf3a0055f51e540cef4d30e7059c9c87aa663dba3b069b938989c1f9665b7540daa73fa3d14d0c37eae5be2960d582ea47d196a99c008d729fb54600da1109f5ec33f41591aca57447ba22cb8f0a8eaf62509f230d2a081e9ca0c32bcb2c88668050631ba8c6632aab0ff4a01f7453b37fc3541e06a69ebc97cd13a5d6d517677b59570f07259f11cd4f7037840f23099e4620f0202998f5c2c6cdb292dcc5b4a3d5798b104212d2e662b472ef87b4877460ee3c756d26cd8fd64c93d55f202bfbb5e4bf7d98e812230c4c327e3d9fbbabc5596d405954d733ce29c1270b4ec7b56f63882fc9f69af6187e901a3b233e5fe57c78057990d15fee12c756d3912d44d5b6cd9aff62e8f0c65ed939f19a817aab0ae36803,00000000000000809f8892f476ca85630664beeb49b07829d9193d533b2f7fefa0740e614f046fa173f9280000ffffffff04edbd9226000000001976a914536ffa992491508dca0354e52f32a3a7a679a53a88ac00000000000000002b6a2952534b424c4f434b3ac524206afab93661032c8ecd51b7168b15863a2950a4d5967bd3e41e002656ea0000000000000000266a24b9e11b6dc0cbfe4d96b41d08b49384caad13cc2819eabb34469bb5dd8732914a3c0723eb0000000000000000266a24aa21a9ed3fbb03a702ae76f273f1ca350c76c6f40273336b120f7811bdc2384f894a1cbe00000000
rsk,00000000000000000002c28e33c4bd6776f693a7f95338f6c6d1eb0489a821db,2518441,9a6d7861fb657c83549503de564b67ddb561820acf7e3b7a31b725f6fa426e48,1594542803,merged_mining_header_match,,12d3178a62ef1f520944534ed04504609f7307a1,b19a140b64fae5b2a849421c7a61dee13a6ac4b5bc9e00b6a3b74b3a00266da9,1,0,2518443,3706dc645e0c574e1ba382b83b312a41bc1af6ae131252e46db482334d20c860c568c76eae724f57b4922e2432b45d61a9ba829c76b6ccebc07f1b54480c0433f571141d0826950066fc527fadda3c97f38e6b84ee5eb8d97ce90255927f3c9f3a81d9ff275343380ce26c631163d608f85f21810e3af3432918032422f991867e045c8d4608df3347988ae7f93c1803e643a5b8dd48429fb0d9b81a9fba4a7c15398d45dc1a025804977ef90af48e8d1864b9f2183928555b6165d43396e6719f30ff71206e02d7cfccca8ff7592f58dab47fbb140620fad48d79cd08b17297304354109f78b4d95520e4c3c40ad87ba97d7feab486c6349941e2851035890c,00000000000000c06b8e1f066e3f77371cbe8c61ea7aace0f00f07b9d90c81be4d2804b77f7cde8eaa21a9ed46eda01b5a0d30f6116da483b5f6ddc1a85bc5ad7c3a05a052f8a3891824847708000000000000000000000000000000002c6a4c2952534b424c4f434b3ab19a140b64fae5b2a849421c7a61dee13a6ac4b5bc9e00b6a3b74b3a00266da90000000000000000266a24b9e11b6d124b1c37ca9a52de4dfc099bd80d9f0c222713069fb95d16d6fa7904c592f3972a80ed3b
rsk,0000000000000000000c052e7e6d1f5b12cce2ceda854bbce70157f5c8182d66,2520934,b85bae0e02299f330c6fb854520c9409e1c99eaa4d9a6a86bcab8b2f5048df77,1594620232,merged_mining_header_match,,512bfa2264b89b91406fff40f32f90f02d79d452,3b1d771005b7bd7996f39296893aca6a40f09812269994664f66f52700267766,0,,,e3bd0a9426dd933feb972a2f7960290d9730ccf04968ef85fff8fbfa84c2d53df1194c0c2bbc961141d6632db20b3d8b9d93376ed5cfedc7191b2bf632b784df58f033bf3140db6ccdd39a6412c83ff673dffa59b2d30266acd9a1d7783b8d85354e1e7bbfd9d7247891ef89e9825e90e29fb804ec81d795772bcd7bc8f451d88b800d36e8e796584533759cd7f5b90e78d6322a1bfce63a7f77644143a5fe2c64c75adf0dd5ff28fbbc4033ba3e37cafc145b8724bd8bb5264d2d0f7c872cae66f667903f907e6244d7506f5f5082a7c50a2b9dbe2117e6db87099a1fe540ee8cd014efdfb3d5beed31aaddac562c3728b4d3e246c68049b5f35c3119bc971e4b314aa16ea6631b69ec29c5f683cb063adb1728487e1115f546418886da53030de51f16e17779fb7aac5d2d69f6f1853f3e705a1a8d39f25acefe99b8b51a2424f6117bd7c3e330663ae0725f4007a3310ec7aecc4daca8d137aa3f4be6a562,00000000000001004a3f893fbe9d2889df4712500967a2d6699a48c9a555bc83d1a8dd8adad8de2d8e812d9a8103147451a10e25590f00000000000000002b6a2952534b424c4f434b3a3b1d771005b7bd7996f39296893aca6a40f09812269994664f66f52700267766cea4fc5c
rsk,000000000000000000027d19d59121c1d38e53555bcf3760af910d9e8b971e6b,2559109,e54ebcc997aac41a36e5c8b6e76a3cd372aed2ecd40d0c154e771981dd22a8a4,1595810721,merged_mining_header_match,,07c5446adb392be116f4859a722589f3fa8223e4,b3ebf266d4d2077b4a6d62c1fe590a4f4a1a3ef5dfce9cb14806b61c00270c85,1,1,2559111,852aa0b5e29a9ce406ec9e5a4c2b55c24e618b90b0f7c6e3d5ae2fe86188747c45f37b52816e527109ad70fe6228bb9f59d329300422b3aa1eea4d37ca0c9e59022b3f8b2c458c5ce996cc073808d213b3ac1b179f42f24ff2b9bfe282e1a7f0737c1a120392728e2e8de9bed9f3177228f6800478b41f278c575e53885150335b950175d3a7f2b237c02bbf01e312055ac518e31d50792657ef2010b3e551abad89cd839755b1cf2a6d58cd58f353e452eb7733aac40f1003c17cf4c1908432f7f86e6c330af6acbff2133f66ade27ac6f24d99b50878e465d8ef6d6754960f6ec57c9e06e56c3223a8196a4aeeed1afc2c18722f80c6573ff24d7aea489e0dca673256ab82a351cc337187203bb40f827fde6958c1d6ff7c274a2fc2c7f6d86431488d8304aec67067363545250149749ec348da4f2a760ec554c43edacae460f92bc493ca7f53f839a539ae57d37bc65e8e3946d2666300bdca11248b9415616ca784bd2e6c1264668f25e0a9212bf403a6ee8ca39e8da801674baadf1b29,00000000000000c0efc2c506a002ded0861d82393ca71effefa3789f02cd17b770965e0906b88ada7cd63d502d5b705ba57b2d00000000000000002b6a2952534b424c4f434b3ab3ebf266d4d2077b4a6d62c1fe590a4f4a1a3ef5dfce9cb14806b61c00270c850000000000000000266a24b9e11b6d949548e2333e897f2271112fa7f65f3375a0a55a0d7280f6a63f531c4720693b00000000
rsk,000000000000000000025367e5c14831322ad37e82cab461e2d21b7348c051d3,2582261,868af4b3eb6b37176b6bb66644ae842cd2e3a4e57206a1817d22a7a67b0bb5b4,1596499589,merged_mining_header_match,,12d3178a62ef1f520944534ed04504609f7307a1,9ced3a5d5ce2a0bec475a32eb9a3a11a46284ef8e64778a8f8d0a61b002766f5,0,,,a8ade123ac089d2e228b4849a0781403a27e8aa627cf8e2249b4f121ea17f87c2f6b6b8651249ee7ffc6f5783be0a182030a172d3bb3e18c7dd12be44939bc75359156e66edff96b463e0d12dcc4f24212a279ecb70d3c0ab5ad45136defe159f5a37fcf152b9f8b8b070a6ed4ac8650019b5367ad277ab58018feb5575e75939452b5db8e0cc8d7c899238284ca7316cc82dd85c0abe8377371eba1e5fbe1dce9d7145c03327b977445ce8623e139f112c49e3db76e64f97b4d82d4439da2a4a79aba82c75968ed0249511d1940ef462d01ab4c059b27e5812b95fa6f52464fb584dc5356b66c4af70a592adc5b80ce87798b6034f5de8a6bc6dc3e51bd7f41deb4dd1b5c067261518ce3677ba92310a01a6238ec4a3b4574011a9a8380d7a298c77902f52b6602495965c3a4a86701b2ac846a14e089efade27aec0a02441312cacbbd0779633681278a24534db983b560d737494b35c91370962d0d66f164,00000000000000c03138afa1ab7c415bfc1575e777c12ed4bde6510073ea29e52763453328fd3ee3aa21a9edc104a654bf094c7aa58e17bf7770be0e50bcd49f90755e2d739c5ad7c1c9719a08000000000000000000000000000000002c6a4c2952534b424c4f434b3a9ced3a5d5ce2a0bec475a32eb9a3a11a46284ef8e64778a8f8d0a61b002766f50000000000000000266a24b9e11b6d208e9d3037c6c997cf99685ac642f6f8a07f1fb4c07ba03bd72b31fde213276df7b42d4a
rsk,0000000000000000001058b1de1aa74aa4741cbd1c9497cd0beaa513405b0b38,2583158,531fe233e16a7c892993778a84b8ebda3ef61a97d6044b7b83cce2cdef3e3239,1596525943,merged_mining_header_match,,07c5446adb392be116f4859a722589f3fa8223e4,6936f25b01dc5ead42c127dc058f2fd50cd0b76e7f4991a18fd9f52300276a76,1,0,2583159,0a18fc8a629c2e79c6739483c751d0dd028927d21eceb942d711ab4dde1d9f530823f1ce38f102e37084613e9ba7e21e3869895b595a4988c03541a761b2887e579c46d51a042345900902ea7fe77415a472e10aa617612da1e14deff1bd4dfceaa0c2b58a6645d39f001dfa6469393a12a841eea7a06fd034a570b9d8a6ad239fb39191adeeb2e4e04477eda9e854615a0a47dbb7567bd0cb60a870974a89de19e868b62d21dc502da65c72cac5c10bb4613eb0447672636a936d40366ef439f29a1c4d5ca543e72e249fd7f1fe5aad6f59f5946bc41884f8009055a22a9932179119e4db0a6d11327a1a08da261bd9e7977a311ddf4404ee2cb491d856adf4c90e9f2a7e18a0226e7a80cf738aefe27fbe05ee8afbc36eb1ef523c8cd309e71c6fb5cee6667bf29cb503922df7b74850749c42bb2d8fb167808bacc79918bfef69e941c1c408745e365be5b1ff302a91751b3088919a777d4e520d774b78d6,00000000000000c0c4e231369185038f1a5e0aa78d270667896272c5e6965e43d228d0ae073c7d3f8ba53346ad1876760e453a00000000000000002b6a2952534b424c4f434b3a6936f25b01dc5ead42c127dc058f2fd50cd0b76e7f4991a18fd9f52300276a760000000000000000266a24b9e11b6da95409e2d0d5514b2e6fcf6339a30f457976ea7687688e63635ba1ea8d45e8c200000000
rsk,000000000000000000022686c66f9b3c7b2964a66a149c4a8d8b324668309ca3,2609313,1d0957468dd810d41060afbae31e1719ff40bf6f06f885d70bbe9ef3638b7566,1597313101,merged_mining_header_match,,32dfc7a84f24b10a5dded1d8b24f48b96ab77373,9ed9746a13b236f28ce7d960fb36cf0c867bcbc2d3e10a4b71456c1b0027d0a1,0,,,5ffae837fea6450aeda2731615123c4c964e4d059228cee1f3a327130c8595b82279822a53bdf987b568ea026a42ac87db7c41a286c13ff2594f142a0b7e9e215a9f7c8b11c77a85e9225ee2cb88d3b965110e242ce5e524eb057ef21ecfb18c9f8f992676f1df449b2475e2bd255c72eecb831de3965ae034e988903920c04f5ebb8a28eaf8952acff5c42677ba34d0ce8658b01ebaa88de9427262a37c79408060f8c2d9f04fd2ba9e35ceda6a7ba19ce0fd805e61788864e8393483c6e8c4fd6ae22ce9a03f64fd3329255e36e0b100df434d54be692fc1b64e0511996d12e332a7d4f04740af8d4a83c5feac461f087ba2cb8d37716aff6cb68b28206fee380fa2f4e6c388519c910428bcdc32f15cb33283454c583becbb52a746d1f13867c855b03e303d46a676438bb5706685de7e762a636a71ea0b78827f89ee843292115e646fd01a72c6bade1537639f293562587699b7be09435000c6fd9c40579f45fbab488a74d3e995ed42f8fd78d7c1380460cfa516447ce59b4b03a13a7d,000000000000008051905c26a5192eea736deb7505fb9d0630da02f00d2bec434c5db19ccafafdca00001976a9147c154ed1dc59609e3d26abb2df2ea3d587cd8c4188ac00000000000000002c6a4c2952534b424c4f434b3a9ed9746a13b236f28ce7d960fb36cf0c867bcbc2d3e10a4b71456c1b0027d0a10000000000000000296a4c266a24b9e11b6dd452fca69dc02b0bfdbedabe23a34c1af60719f84588fce48fcb7c22211f8b310000000000000000266a24aa21a9edb45f3e3b19a27acb3d1484afa46723c3b4259aea34ba283147fc2ccb2a4f92b100000000
rsk,0000000000000000000e62e8d4ccca57203cb6f48592eca8f7438940c22fb4ee,2625684,fb51df02d8cb050c17e169338c43bf4ba7d6a58c1c366c95f91923c4b1dfb8da,1597816435,merged_mining_header_match,,07c5446adb392be116f4859a722589f3fa8223e4,cffe31c5e8a5a3a22c2f7c1cd92580b55a985b1929f36dc71d8f7d1c00281094,1,0,2625686,67de7ae5b959952212bb9f2b576da4ecd72531aa23710218b0896a39699cb910a73616128e3fe0dc246ddba33a5295d0859e24a0182a85210366983456859587881b1a4db8b392eddb455ea5bf522dd90bf87430e7beda6fe11141cc0469b694c599980247c18d6d37df698a2824fe604b5fff8b83c3971142adae6e0b60c1d209ca4e9d96af3885b932193e2910fd97f84c33e31b03c99589614619b4a353bdf9f4bf599a3f7667a63fb06b537dbb4ddff95668881217e957d3b3e3e76220d1c676c3fdf81a3de1b4d22ae7aaa65cda4516951ddf474a6565ac85486d29db5062609895609141c810df07b9a1ce2588cfba527c38b96dfadfd267bb83920ad2966027f9577fb77545cc57a5b15e3ecb3ae6db5623c473edfc5cc483c3edbfaf1fa4c124ce1c9b15b114c47da7d2156027701c4bb1123aa50cf9ef6a8e319958945927a3bd59d37d12e16098151b4f98280a126d820d27fa38ec96c140f8ae796e28d58085652f589d3fce09021da5624d00d52e3e3d373f83069494ddefce3b,00000000000000c053c0dcc52e15b492c8c46b9c3840a29d94111f372a0b1db53c0dfe2654fea9886660211574b6800ab220e400000000000000002b6a2952534b424c4f434b3acffe31c5e8a5a3a22c2f7c1cd92580b55a985b1929f36dc71d8f7d1c0028109400000000
rsk,0000000000000000000eabb5628b8008710fb3f81f9224065126979bf4f38135,2691487,d5c9c9dc9d030226a811301d5128ba524489b402541605063713703a9fda3857,1599829885,merged_mining_header_match,,32dfc7a84f24b10a5dded1d8b24f48b96ab77373,b88ce0e2349fd3f2de7fe236bc8dadf08fe5ff74ca46ba6bf032101e0029119f,1,0,2691489,4f16cb20170a5b4528dcad3e2bfc82cdaf147a412e85b4a1bd6fde07a7be54e3f9d71c8f9333e3c91b70f9a093085c4b0b3011a9eaa8670be219214cba440deb4ce7cd508f8135fdc34017891e204e26fa995cfbddab1314a8fb4e5aa9e2cd51afa3d7c2346a3f7677869a6cea2804f6b1200b2d297545e0d1d3041a19060fbbdc68507acb2f42a6d327227bf7c91f3178477024dc0213342091e068e56a58810f243fc7c64cd5a6eac218d287f97cb1c77497833320d278c14c40c35fb76f6e2509a2bbf14b794180349e5edc880fdbb29d2a3bce06115be4244003390df98b8d4fb48df5181c47ece68e130a4ed497b9e6e773400d1991fd58eda8ab8d5f87bcb35582e2192d0a5fe280f228bce934a2d71cf418b3e92f8af877e542c46be414309d7e2f18b9ebe0414979540b67798ec381b4fba8e9eb1d7c9059b923bad5528c40faf0f020c118ce3109c8aa4129c65c86f189bf5c4068f5c3e6d67607df,000000000000008057dd28db98f82112c7f8aad071dce66cc52f101e20562e57db5e7496b3071a6f00001976a9147c154ed1dc59609e3d26abb2df2ea3d587cd8c4188ac00000000000000002c6a4c2952534b424c4f434b3ab88ce0e2349fd3f2de7fe236bc8dadf08fe5ff74ca46ba6bf032101e0029119f0000000000000000296a4c266a24b9e11b6d897bf87dbad814dbb06588893f9cbf3cbde3126dd983670c0dab7f144066b8360000000000000000266a24aa21a9ed42229d3a61cf20eaa310191d7615b30c068ff792c4242940cc28a220a11e20c100000000
rsk,00000000000000000008df8e70e629348353dfa586492f91dcec31229dbd1eea,2764530,4a103a8aa80d160eae26a5a32ac08ab8e6806ae3552d2bb4ee334072b34b8320,1602196171,merged_mining_header_match,,12d3178a62ef1f520944534ed04504609f7307a1,4943e7dd9596973070d27add76b56b5de18bd5841e2610f914301330002a2ef2,1,0,2764532,5c6a78632144feb2479fedbb3948c7784a610a16165dc70529badf6291db4dc088bcdfe8f8fada4e2311a74d8bc54ec27fc1139eac038d25374016c55d294b8c0d7508761e27942c01bbfc3889a8b30bb02ed559ca33892b8e90243b4d6f38d098f4a8d31c32d2daf8b4cfda5efdf9cc51e5d18c3479dfbabec2f421f368d9e6ad6ed23c0bddf1e9d233e40a2cc25ecdab47605b54a49a2953699b3a0bfd0a9eb55c36dc49f7273d140548926f042c94a36e2125f837f6b409e6400c782e13f1502f6955c3185b2b3446b75906097ab14d40284b8dadbabddc911cb6109f2a8de99a896faf966cc10a1753584ccfb3f763ec3a384cc38edcf29ba0ca8cb97f624bdf417c0d917914532b16a9b96126890d9aaabbb384277d01f841f91f9935498efd5c8d3e1ea8190428f016947043f1750dc2a48286c1e030732ea36d494265ff8d7d62c4247bf2e12f39c6412f503073136ddf2f0b46fc9bdde231094b5cdd725fef3532ed7372ade516d6b6e259c031786626f09f2d7b008103074c8e9095,00000000000000c0dac4a63d503d576843d7a4c8333a6a19a19c5d18ecb63fcff66b5e90ffd8560daa21a9ed5f69fc6424c6677d1dcc5f288337c3d3156c764f3ada3054745d575467b4769c08000000000000000000000000000000002c6a4c2952534b424c4f434b3a4943e7dd9596973070d27add76b56b5de18bd5841e2610f914301330002a2ef20000000000000000266a24b9e11b6dcb2e9945a3d297f3b6623e5953869cda11ff6a1bc1211cd24cc4c2cfc237994fc8b6c53e
rsk,00000000000000000006ce6a5e8abc9132a4bcf22673ffc8b88feb9c64c07e49,2822392,9e596bcb60408895a183d4657107953c870309812e881695b4bdb78511fee3fc,1604077815,merged_mining_header_match,,8afad2f417e5132ee983b74d28600c0dedcc3e07,476e86242c5d73a7f1552103cfbc391cc86aec2afb9ba8140893e529002b10f8,1,0,2822393,5f18663a26616f927a0302f9b04a34148b1a8035a5d0aa088dd43cb290c40a93c703a01f02f02dcd19c579be57b858e4b8ce5a32aba713922a2edf1456789215c15419733a806bd1115b2e5dab8bf84114aa32cce3e4980e8a7323c454f4d47285eba785a8c2b779a8348074fe119b604aa530c3eb8e822d4370a3afbcb97d1ba92d59ff1b8f44ee4c5ad80b2144787aefa63e91eba19f9ec3a5d5d2eb2bdd1c5014a792d9d38f7d6e2f5837151dd8e4ae21ec5ef1fd7c57254baaf3759765e8bba243f6e0d2343d791feb9fbe5ff82a81bd84b73a1178dc3da9731f4b60670a799d0605aff0d74a0db2dc84bd5df8984e70601aa44a180bbca2e6ea56b5dc6ec774fa39e24f294d863f7c129586f39c8dfe31db4ce193d40085c2103efd1119eddc62e2da87989b6d53ac9f38b578726846e6cbc7cc46641d2e855fb95981d751d39ea4c7dd2047db6ad3ee7bc81de8d24387f898bd6f1839cbf5264ef8ada6f952eb6d92e6881654e88c7d96eb6b01645c8924f326f38f35bc4b23a2197fc7,00000000000000809af143df0b751586eee602751fb51b1a33a9ab86446fbbf8019869c061f7ca8fa3864c9a00ffffffff045e657f37000000001976a914536ffa992491508dca0354e52f32a3a7a679a53a88ac00000000000000002b6a2952534b424c4f434b3a476e86242c5d73a7f1552103cfbc391cc86aec2afb9ba8140893e529002b10f80000000000000000266a24b9e11b6dbf2eaea55e4c74b6bf0a084aa3755f8f350ed8280800f618ae112e514dabc2de0000000000000000266a24aa21a9ed619a067759d9f7d9ee645cde42250069f1daf48df49643dd7a8b82a2c485f55e00000000
rsk,000000000000000000086cb8ad2bd042cd57b5f1bf6fbaf764e8f850f1d1cf62,2832605,78f8c04cfab0dcce4fe878bdca6b6212a4d5b25bda98331edc4c16abe2188d06,1604402918,merged_mining_header_match,,512bfa2264b89b91406fff40f32f90f02d79d452,831e0743a40c5ce474707194913e70e621cdd9882c40776faf5d1624002b38dd,0,,,2141dafba02850cce0dca7a04a52cc84599f60a6f8206f75ea34bad505fd2d9c3203da081cb6ccdc71f04418053a2923c0288b36b3b9c3a5abd263a9154e93b12e43b53a5a913adbc605af8b3a5e60f1678076fc15d68f89a14a411478474278484c934618e71b3c775ceda22716b2d12a39e5b72483b19f2c20c31a8c3f810d705b4b53956853e3def83917e4936525906acc19c7391479c889c89f7c01ad1629c90e04d0bb1d71cecfc0840da62f6ca86641e18ddba70718f32ea2e92049358997cd0ee02d7f97d91518e497327e3fa353b9f5deba2d91d5a89447626a5c7a623ee3000ea703e366b4e640fa6fc4c96328b60daf128a854988f9f1336b5bd03dc25d2987da842316932bc26fe5c5445a5e78dfd84b1bce82348f117462861e64ac7cf8c06ee3fb0f64dd7eda189d21b3cf2562e34a6b065822a4ee19b86712e50f30fdde32bb2f4046e8aaa459cfa01655f5f49a62fff4391dcd084d0517bd842641599b972541fbbc388849fbce72c23d82584b97fdaa87573aa64db70521,0000000000000100a7a80b243ea92a55b79bc8fc2fe01b1dd2ab9e819fef70d025665a52231210033e1a1cdc8fe55278cbe52099860d00000000000000002b6a2952534b424c4f434b3a831e0743a40c5ce474707194913e70e621cdd9882c40776faf5d1624002b38ddf27f9986
rsk,00000000000000000003899b4521357c1a914c924d33e370e0a1b1ad0cea67b3,2834326,a43cb803172fe4ab96ca3482013d2eee51e858c0153673563c3de169dca8e1b7,1604458789,merged_mining_header_match,,07c5446adb392be116f4859a722589f3fa8223e4,d97abfc8461b112d0fff6972da43079e5cdc435faf4fddb7bd2d1d19002b3f96,1,0,2834329,8d5151c39d329478be0e6af82bef397f1689cb4cf5ba8cc062aa5d16aac0515647c8d4d9b9d72777a0a4892b17663d37a32e0a5160cba93a4145cecdfc8e84facbf01f5aa08b3ae79f2ff842bf676eb0155d212b22c4772d52c7016f46e900766dfc10d2636b211157b09ebc37b2a982d9de3bd1a30ce2afe42869e69b1cfb8d1c85e4d4473f1119697d477c66a4131db95060792b3a3f787b5969d8debef27a26f0e83f59b015e790d019fe1c9ac45c6f109917d682763377d027b1a249794e2d15cd945b8e7098ae90688c9a376ed8cdac536e3e756a6171b3a986fcd61875ec290704dce5b72ab6d9f3a951225787b5d162743a223a9d379c5d4d7b5fd3dbf107e0d1e42fb8d6bda70d25fe69caf44e755825544cacb014a8d8b8e121011cdf9190f12491f4775a34c4d210ff5d947ef2af140667d338dcf44dcf6b642f8484c67aa818f037ae0bd33ecb5fa7c724318411cb2b14549141e77fd0b90cad9a,00000000000000c014a63bdcd4458672e9371974e8d62f562a30f60421443aee0f7c2e2f96064100cbdf45bba0180adddc00000000000000002b6a2952534b424c4f434b3ad97abfc8461b112d0fff6972da43079e5cdc435faf4fddb7bd2d1d19002b3f960000000000000000266a24b9e11b6d2ade50b4ece161746140bf3edca457bbbae30977b041b7371966d2136a6e891e00000000
rsk,0000000000000000000722835436489adbe627358b4f14d0dd122cf0200babb9,2857918,578f65e1cae8f20a70d27474d59a1cf1ae49bf56e2a55c11c25d4fcd281473ed,1605211103,merged_mining_header_match,,07c5446adb392be116f4859a722589f3fa8223e4,2240f66c80a711f02124eec6d47ce743567bb207bdd2fc568701d02d002b9bbe,0,,,5a64476c391851115962fd60e77f22a8c39b8ae5a630f2aa30e6a5d9c9dff0b70d75503f9b599f511d151db5777013a1f98b0007bacd3b9a2020ed61f7722308e317a0ff3132c1adb40bbfec27e6a5526ad806081063489900e3399cd0803f50e911938bbac5c41090cdb92aabdbe2e4ea7057787d7e8f17c77a23e18f3c7b161868fbc9f5849c7ee9caf225c3dc1f1898e350406f246e04bf0b9b00d6e531cdf317f9f9b60a8bfb9d6c58336085232b61b03d81ab848203cc61bdef7f314db1b7629dab86985ea2514d9f28a9d9a2576291035075000eb2ea61467d38504b3f2a452258ba1b96a27be39520dc74617d7abfffb990ea507fb19550983891a426e7565d9e7ff68832ebdba476ccd1263485903bc439e55d57b4b26d18c9821c0ebc51f38c286e38b09198f591c72a1441b816c793c96ea65747a37334ca2cd1c040056ac035a0bd8c73aafbd7792e440ba7835833d8bd47536aba3f4024a4d3ce530167e0a849d3f65102332fe3837df5c0d59b2c813834c221ed914828fd27ff,00000000000000c0c5ac2e01d9bdf29bdad52e46a86163fa1b10db9cd18bbcbedddbe0da3f54eec8201e1e9a6bc01a8c8e00000000000000002b6a2952534b424c4f434b3a2240f66c80a711f02124eec6d47ce743567bb207bdd2fc568701d02d002b9bbe0000000000000000266a24b9e11b6d0290e11ab3c32891a23e7360151100fb6ffcec00df6aad6adb21a8c2c17e8ab000000000
rsk,0000000000000000000d1228138018746b0bea59dff3b7e6de98af0ede293941,2860134,f499991d68947e06170d351c100ead452ff0997d7f23b2b724f5d8a6bfc5c486,1605282224,merged_mining_header_match,,4459e141163c34f34cdf2c7d479e9950410d8974,d3b9fa7ed5367d076a85ad7a87bc8f5499abd59d9bd91eef5b3bc227002ba466,0,,,3c364e4c4068854bf87487ef55835e0c43f0d1c9477a31467efcce5a3dce7390a40d56fece3268ed6e01d8690dcbfdb1088c9268e8f18c8bb2253a9146222216ca97a0aac81aa869dcafc0dbd50b99e4f131a263e0c18f04e94e3a922344d2975a28b573deacaded2bad33ee27e5dd1cb1b3cb170249539fe5817e7cc2008fd0090054a3e6c2a0bd1bacbfa56398aa91bcfd53e9bf8b445092e75517a4208e4bfe5c164b9a3e4d6f7a6180a860fb9e16d18f1c8c4b1ae22ac72a4aadc1472432a02d1100096e1e569d094878e0a6b8ed0aa318138eefe84254f7c1147e785b66a6ae862eb9587a227e866bc72f9f06c686f1e58067ede688b0473883ceb426d4bedd7a719fae86fbc7150232754db2bae3366da857fe16a03e505150bb494d00ced66f0466da21ec88a821674043e5456572b42c50cc71feef8fa8f9a6469abc354a69a96a3361f74d0e71c66ba4e0f798a1aa21d7925bb64eb43cb9f84e754539114cdb21536a1d52017c92f897d1b8c18f3a0b56cdfb6030a28ca53cb790e1,00000000000000c0e597f2a640fb96309e7917cdca230e3c3bbd60091ca663edd61fba32762f9bf46ba66e7505408032e27d70c084645000000000000000002b6a2952534b424c4f434b3ad3b9fa7ed5367d076a85ad7a87bc8f5499abd59d9bd91eef5b3bc227002ba4660000000000000000266a24b9e11b6d54be5131a64adf570e0421ed01c3db431003cc1fc831f20272e860b1385be7ca00000000
rsk,00000000000000000000049605d9582b95a7e746c41d56d16550e476e7be3673,2865479,72853e1947111720dddf24ee64b35e71946b280882c3e98e047d034a97a65423,1605454683,merged_mining_header_match,,12d3178a62ef1f520944534ed04504609f7307a1,ff12fdd0c0809949b7249a520189025ada582a2099e8ec51eb2fb029002bb947,0,,,be853d369636d435f2dcc6f79ace8b108daf2f6a290f9d7c175c8d8488e485240c5373ae81ad9e105afe944da4b3ad193c44be6d34da9421ce47042907ee2509e6ba77df37339b391136a990582257fbf4ce36ca9bb3db27141f5aa584fab069c4ffc3dbced521b2b7238754d381cf968610e401f8be6b93d153e18a2aebbb59e31270e57969dce505ee87fc291af6946ba87b4238a6b0807ee7b7b9be48d9511d725c94265edc85768f48d5fc1a22429227c859163ebb72fca073e0a27b893574c675fb76f759d5b93fddb85d2ad52c325bf8728cd3645ce440e3bfc16363ae787c158ee40cf1e371652dca7558e04ca1375eb8414d7ac113fd21659868534b9d7798d0a08225c18c14a05b78cf31befc62ac3da91751db1ea63f5481713c5d18930872cb9332e607ebf50e54ae2e067bccda399c9318be332ecd76abfcc971f2032add5611332bae2a4de26aba294d78a89f307527a3518ed81bc0858c48a1b5d8f2f747a8a7bcb0d901a00b79d162e71a5173659e425bc3607557aa7e4c91,00000000000000c09c6350ddd89a8bfd0cddcd33d7176487a1e4532ecfb820d2a8be2b90646a22a5aa21a9ed5bd38705683cebebf1e30ba4462d2a6d74ccb073c91cb25afa4d2592f1ca5e8d08000000000000000000000000000000002c6a4c2952534b424c4f434b3aff12fdd0c0809949b7249a520189025ada582a2099e8ec51eb2fb029002bb9470000000000000000266a24b9e11b6db0260808a1987f0f8651cb3405bb54ff8036986da7974db3adae213522551668478f2f3d
rsk,0000000000000000000a6134af268892e6b7492e5eb48acea42eaaff020d4e43,2875947,5effd4e9acf60492ebd53ced9ca25af7e1d6fd1fa3233ac58f9aa896a7bfb28d,1605794628,merged_mining_header_match,,4459e141163c34f34cdf2c7d479e9950410d8974,2e6ac86de28c4e7875f33633cbdf2052c3093208f2f0233a79b92625002be22b,1,0,2875949,9329b7dba2221587d38023c36eb4cb943731f026e218d5a7a50a2de8f42c79ace5d8f2973ce2681c4c7a8ee0fd7be1fcd36ddce4efc7f39eb9178bc407598e5adc4975e97b4992c97a5f954981dba4ff97f98b38b4087304db8f2569478f18c00d76bc2d2b782c4303a2ed3cf990bf64f37d4a1a5fb2ceed9182524a449ba260fe39f658f543fb9193228e515da76cf25b6d146ad3404416f82514b33576eaa70b32a72672e64aa7bdd2d9cbd31adb7fc506708e1c7ad61601f05c7d18b550ef19ecd4450257d21a77859a1ff87264e6e267b6f9b6d3f4c7bac9529672e5ee5c4fa95291714895cd56905ad65cc7ac0038cd3c10c6e625136fec9f93e7eb4647b0b0f7d75326dab22159b2bde83d740d432de9092e942d6e2887e49872bed5f8c00e3490cb5ad8eddc4e07cd84a4f5f3ae1301368687f55609b8b6b3b7b811dbb289c050a5d6adc32f1b29a6a90830bd640b8877263d2598f79a19dfa3efb5d4,00000000000000c043c4c85f3440098565931eb9f8af096c51299a688494960140af52abd7f2e23b6194f204af8683b6fa5669fe0ca7f700000000000000002b6a2952534b424c4f434b3a2e6ac86de28c4e7875f33633cbdf2052c3093208f2f0233a79b92625002be22b0000000000000000266a24b9e11b6d8bcab5b550b7b04a364ccfeaa517c27ba35101dabca7dbf3067d5306eeb6e6bf00000000
rsk,000000000000000000015311bc1807d4e7a68226b69a3785dbc1a0aa61e80b9d,2877088,01025bee15ff57332d2321bb7c7a54300bf079feb24613ae606c14957f216cc5,1605832382,merged_mining_header_match,,12d3178a62ef1f520944534ed04504609f7307a1,37811d05733d321eebb140649354f76e24767560a75172e63c28cb26002be6a0,1,0,2877090,9b5d6c19cebc331cde9a53a830ab390de1c8e1e299a8438c1f484dc88777fe963d49d393288e3c67449977f0336e80864c8ffc87f4eae3f6c8cb594c597a0bbf002ec80680a2d9587f6330172ffc33f9329ab732882848768b2c37ff59240f886451493b8df473716ee26b132a2f4eb000cf3caa630889cc89f7a7f529af31944b8565f45a6e0b4b62607feda19d561d9612c8024978dfdcda62c23a85458c54df71fd4227eebdd227e8c41decf51fd077fe96c77e00c60011abee9091e9cd6f727afd912094781db34856b46aa6573e64fab6c3f702c6abd454d99941db2eb348a161c7742a43d4e08c01ec936da394e55ffc84499bf10cbb8c71f9a18c5406d10fc94c08345287a4f9e4984f471d6642450113f5240638a6f428870f8a44deef94ff8cfb0c3576e468fa3356f933adafd8c0432d361fbf9825334aa8e8c01034cac1dc6028a55845b1fb15de25b037f419de2a946b3430a9d5990187e5e625,00000000000000c0464af9b0f17b1dc938237b7b6fd3b2d48b0a32f1af33b26af0a5ded25bab9d8baa21a9ed050fffaead5cc89047ef435a165bad18f52cc7505494d36d70b5359bd5144dc908000000000000000000000000000000002c6a4c2952534b424c4f434b3a37811d05733d321eebb140649354f76e24767560a75172e63c28cb26002be6a00000000000000000266a24b9e11b6d4489c1da48771d25f2f12aa38d2b60d8938ddac5043e4007e8001f2bc5f57c9516787442
rsk,00000000000000000000615273567268c22eb93d02830e6b82e08c6f3f64bc96,2890412,7fa8d517a14294ee5764d42b374f102710ecaac688418de2daeafcccec1a67f9,1606277569,merged_mining_header_match,,07c5446adb392be116f4859a722589f3fa8223e4,f4a3ddce00ed2480eb6aad52181243b4ae6d39be7dc2c21d7489ce30002c1aac,1,0,2890414,80c475fa66ad067b2c9965224b08f5cecdabb4ab066841e5d4ce58db1667b2bb2d982b8710ee795148b5fc803efb8022197fc98cb7ec483e3fda195f34615df6ef83a7c19ad00b2c439d9cab9abb1865bcc1c7b40fc90222fe51501d88786893955c1feb2567f7712e594534e6319b2832571001e0a2ef95339a87d21e34e634fa3029d44b4b0607573caa228504aed5440f9719fbfc8e06bb0a6b94442edea17d8aa09affef082412b9d1793105f6caa90a04cc8c6b684d03a296d0325379878a77af5938dda29facd5ebcfcbf3299fab06fc426e2875fee61cae3f693a96d5fc7208053d1a70dbf45fb4aad07e23f55d9d1bd68a92fc118ce608b82c964a9ce09368ec96d3c0680a0b476a6e458209a1cdfd0adc995d45ea7087e894d4da68866b6aa400ee4dc71afffe4c481a36f9da2cc8f09e3ec949884cfe745a898dd04435dee00042cd13c0b3907b0aba306d2d366ce4b6e849d6a5155ebedc37e5d9,00000000000000c04479df8de514acd65a82cd2ede05fc0bcea62c3815ef9a1abb9c407d155d70b518fc89c28fc38291cd00000000000000002b6a2952534b424c4f434b3af4a3ddce00ed2480eb6aad52181243b4ae6d39be7dc2c21d7489ce30002c1aac00000000
rsk,0000000000000000000ac815bf563c5ce88c98802d9582784a5b5511a06e1658,2927839,e2b4160e5969820d7c8ed747304cbe3d39a566d6909dd515399ba62ad33e69ae,1607492209,merged_mining_header_match,,0539c4278803dd8991d8239d6c8d05fcf0a6fe91,032c79709f6e00c53e949d287360a4d9f04e42cc0c26d68735f44628002cacdf,1,0,2927842,a3061e52c60679b218416f91c75af8b5d4a874eb1e81cd402248b2197ae7bcd63e88fa963ac0fa874c0d9ffdbaa07969838578eebdc0042e7df5a7378c16719c225524209e7a694638230f3552e8dd74040879d20e58bee66a086b2173506fb63f44d2e7d8e519aa891cacc9620fb293b796994be7fbf231f4c87464b1abacebb134061f703f77a5b14538426c6389db66e491d77f9b79d13df21ceb657818e9dfda2d07331745dde7baf390abe276c655e8a4ff6aca8887b92fe48ddffe009f7f33efa000123c2aed4aff2eaf62aa6f556a9eadc4d12432b011cd708a5f63cf00eb9d99f77a4882566eae221a8e5a8b9c9f758be93f1c7559f363a382110a80faa666bb86ef6a0bd191964dd7809da89110155ecf4f05677ac893cd89262e2cc2d1794f8ef9425baa204c8059d64530da696e3cd8129f959a942178023d42242a89311ffbd9d49dd536d94eda0f3f3d72430e847c0b90ca3dbf9958f3708134,00000000000000c08dddc45fce20e3eb58ee1181a0d4949484f53b6ebb1ae9798701629a77016dd6d1867bc010263ffe3f3ba53a91215500000000000000002b6a2952534b424c4f434b3a032c79709f6e00c53e949d287360a4d9f04e42cc0c26d68735f44628002cacdf0000000000000000266a24b9e11b6d981d3d6cc010706be431a8e60e0bec1c6b37070bf1fcf9d2b243ecc09dc20cd800000000
rsk,000000000000000000095fe6785b8572b933b9d9fda4649cbe33068e743a714c,2934114,9d1dfe558faf9da7854ffad43e9ca5f4d9bf4b00422ed7523b9b995ab3e20bcb,1607692837,merged_mining_header_match,,8afad2f417e5132ee983b74d28600c0dedcc3e07,5d3fe60500993c3825410b3acd7e1e1e669d0e97bb79ce5e049ab730002cc562,1,1,2934117,52b9ed193c61a8343ac715765206f0c986a74301b6e3e58a43e42058784edd5a625c8adcd437bc53bfe98c1facb0c6d50936de87f1abc2ff79ccf5ca8e4c324da5353d177120b8da38250157f114987e654be02f0e387fd2ac282846ac227f318ef530ab824231a81fd7feef367bbd9a2d73b3ea7e16562de5e4c2543f510a41be167d38a72b4ae1c6de187f81a161fc1385dc7a9a0052ce3f25f35459a060ba49a5b9b534e21b9c794085f7201d09918d731cc998c49a252c25c0a670a4ee676a14bde71583d9449cffb5fc3152a121444885c66d60499100c394b9e9cc53642d9d8fdcfbc79bb9f0297270331a7ae07eda8db482afc53f57f5fb192e8fce2cc6eecf4004c9012c1873b75f725208c06fc9a1d00c153e3ef544742d4b3d98352e98c19514f9c987d97ac4753ddf891e75e3286de68e6e493b40e41b40742a6ce0eccff9938fbaa0d84cc8ef2c7a95e79f044fd6ff15a21cea4b5007596ee4325b9d08619b74a3be1bb6277e0a3d6c62349a04acd0a039aabc13ec1775ae5e8d,0000000000000080812a2596ae6d30b580259b5b6aaeda101ddbf93e45a5fdb904a9b64b9c71da92be76d51b890100ffffffff04a4ffc728000000001976a914536ffa992491508dca0354e52f32a3a7a679a53a88ac00000000000000002b6a2952534b424c4f434b3a5d3fe60500993c3825410b3acd7e1e1e669d0e97bb79ce5e049ab730002cc5620000000000000000266a24b9e11b6db3ba5cd1e8321a9123265700fb4784e34a891b3f980c042abd05b950d468a5020000000000000000266a24aa21a9ed8ea9cd6cce26870b5767e4c9560b9322e9dbb4e197c78c165ada6b258699398200000000
rsk,0000000000000000000e2a84d45524fe91a8067cc7c66c5405fbf38828e9a218,2934753,a64a997fd7f394f27dc0cbe984f7f54d7bb9e4611400cbe76bf29c67733d4e40,1607713851,merged_mining_header_match,,07c5446adb392be116f4859a722589f3fa8223e4,25db35a9d6b630909351e30189ab720640ac002c4f9872b1fea9232c002cc7e1,0,,,bd2e97fdf3dca50d9521a2fb194a143f91f42e749b4d4ca06c6688b14e5b5460274bfffb8039bc5cd31924982936c49e63f81471ab54f5b834776709bcd582641e7eb7447b32aa2fa3048556cd395ce9eb438ec941a26869e9a2939798f1a8b92f7d91df0f9cfaa3f5091a3c1a9d1c635d949c8e5b6c90bb16966e91cbb2056bd8279fc279858feb0acf94864a48b71f0a26b8d71254791f5f4f199d92292bb9b7f0b3fcd09a5333a7af6d8c558f2c50ac806c2773083abd91162b69d0d006c899aacefa467dc35aa87cbacdd8d00a4abdedefd83617c3bfcc3e074a2d3730f56174244c975caa40c814ef8dc9dceb6024a3b3d82979b872660a8b435944eb8040aef0a0c2964f12aa008d195266448adfc3737dd9dcccc11ef01725ddf29b224a5c4dba2bba15cf4d8fab69fb343294b46e5dc07dd6176299adc8d439ad8ab45236c5e826e713e78da0334c109e2f87a638dea1f4d0e16ea1a99b753889b9c2da93b1d9df230acf52413cbdd0f65926d9c7b3a7091ec3fadce81c81b7153ce1,00000000000000c0b68c06adee2917b5a1256e609fda0b26c5f3c76935262667e46315ff2626f17a71b2ca87c6ec7e57d200000000000000002b6a2952534b424c4f434b3a25db35a9d6b630909351e30189ab720640ac002c4f9872b1fea9232c002cc7e10000000000000000266a24b9e11b6d56aa738637ccf25a1e2b66a9d4684a2966896a945863b0ff45fe7b134405632e00000000
rsk,0000000000000000000e0e769652e151ffd7ec27ed7e80288063c4ecbda9cd68,2938367,ac0d3306ca0d5e18bc6840d31f5cf4e5255eadcee527bdd3ca27cd0d94b96e3b,1607830876,merged_mining_header_match,,07c5446adb392be116f4859a722589f3fa8223e4,4bb82adbc55e1500ad6d918920420e135bd91310d73421982c5dbb25002cd5ff,0,,,a17afd4a7d45b4814547de681dd0922c2be3505f4ec75200a3a23fbc809adeb5785b801896082d4371809b8ce3676752b77f1127809c9a519fa415116695f59b01521919b9597ad63c0f314f782a491d9c26e6c5eb5730e515b7ed6bdd52fb5d2d78bd2547a9ef7fdfe0608c95abf8ff811812b48d3a92e51f3d00d1357d21e4d8f8c9539807f468b50d9513c1d4a1c18d54b20b48d52ad1792f3a64de7f9015e150ca89b422ce9fbae9291a121637a6c8d56ddf7ad15f80623fd1e270988d402775e24736047229dfcf5c3cdde19af30298d7438ae40ab65eb49ff02555847f0d456d7d88a14e1df430f6573671966fd370f30f09e1d0cc2dfcb4449d60132f519a23b31174aa01b7e1dfc6107a7ce4fe6004fbaaf5bd5bd4e2764c8102b5f244852e616c735e43f8c9ff1523e5e05686c4f0ba73809476f55875c2f67d65aa215324a86bd63b174e71799780097fd41c6f8a07ca9cb1b208a530d2aca3b2bd,00000000000000c0e93fe3dd58e4ee790327fa0389226af98d71f38f0677d5de71614a9f069a2f3485c9e196f1c888ecdb00000000000000002b6a2952534b424c4f434b3a4bb82adbc55e1500ad6d918920420e135bd91310d73421982c5dbb25002cd5ff0000000000000000266a24b9e11b6d508c7a3968b02bd2429ecc9f193b36eb1edc22e9aa572e16af366a726a88d9d900000000
rsk,0000000000000000000404bc39fdc580154c6f70966acdd7d8808fee3865fe26,2954542,6d4b9e42850a1c2daf5c15493d64154280f03e597850854762d77f8780aa15e7,1608350064,merged_mining_header_match,,1b7a75ef070ff49e6b9491a26403d799f2099ebd,d3d9ce7c80afd65859fd970e6bf2ef94d7a2364fcc19855436803431002d152e,0,,,4d30544e4300ed42846ed3eadc0fffb8a54a559f0396187d72cc1c367ddd483dd87342dcaa0bb07f2c9f58437898c555ba49c89b085e4ceb17b5e7be6b8b0e4ae1a208d46dea82adfed86a28b622632c787cf815e2805bcd73dbfaf23ef13bd05ffae19f95c00e29727a1ebb3f75800043c433bf4711178332a5a72af0ec4b47ea719347af0535c8d5d116b8abf2b01036fa7dd9fc2f151fbc5da57f35fb7605c83dc3b638ab86dd51d0a8ac92e28b4b6b02818e7e1b7e8c3040e5d62f8705127037aa00ae26586c5de7980413d1b1e6952a5050e0bca8e928e7416612b7cbe967e406774e28ffeb2d16b75761fbfec7b1f1206a8b9af3f5ee38fc0b800ea5a16db6aec4760b5a052de3b92d32aa02a342d591bd3c351cc500db8408c36cd7fe3438aa891b37e17ae2f523397679c54ddb83aec3bbbfb07837fde6b2b0ae7e24070e1ebb1b169eab931f24f15337b80a775187c233752077647e140066cef4fd3b90f1de83aa7661d95a9a7bd3cdcd6c69cc6233c835bd280ae223136497fcac,000000000000010072f8404b52573ef300b566df5d68a5f3d139ffc7cef6f24d62d843e7b3f0762b8c00000000000000002b6a2952534b424c4f434b3ad3d9ce7c80afd65859fd970e6bf2ef94d7a2364fcc19855436803431002d152e00000000
rsk,000000000000000000014167c2f2f8922967cf659a41292bc8b8c16eff71bc96,2956789,62ed8e3531dfa5980b3968a986e49264fecd1880800a4c85c8ed2968d8579cec,1608422054,merged_mining_header_match,,1b7a75ef070ff49e6b9491a26403d799f2099ebd,5053b4cdbed106c4941ca4bf1a22033f5873fcb8a7f61d1da868132e002d1df5,1,0,2956791,e61da1dacd5ba0f28cbf55d9f1062c02aebb5880f12180336bdd1cd6bb344a767300655c52d73c7d5d9be11867c4e8951be2feadc0b19f0fc32822a6756253471f47bc66e572f3033e91dd04572201323464e0b88e9544f87da6f67514d77b14f617f81536d9f796f3e55ed218cc08e004db0e633a326c1cac574bd55f291460b9182fa26340f6ee1864d6607c71a098566bb342a339cfdc54201a665ffe73012b532578c38522b1a04c445c2f3437586a2774648fd8fc193c4896c17a072a6ed77e652d99abcc8dc321c06502ed51db1482f767721e1c5334b005474d75a242139f0fe50132bb7736addf2d5e026007d103fcf709056ab398416577ab3718323dbd8fdf5f99f92795e1d164a12ea2eec345eff1d978d59462435db80672b858f84f3e7fd4487eccfc38ff34a58f2a5a8aacf313831518a141848c6ba058b36633b995e45112144740fbbb11128b55e904bc7d49df3a9b534c97248d7a4d8078d15e54cd20727157c7b1e24b14e61c7355a40cb99cc951e0f519989ac690b5de,0000000000000100a67ab16d218ff11cea118980f347feba952e3a452015fb4a8ce20a5a230b67c836ae88e093e89f3bb3305629f8b800000000000000002b6a2952534b424c4f434b3a5053b4cdbed106c4941ca4bf1a22033f5873fcb8a7f61d1da868132e002d1df500000000
rsk,0000000000000000000c7af1e0b2172f1eed6b4d0707ea135c267ba263c7acf1,2966149,4a6c91d2a98cef481b446f7ccabd7e2108daca3bbdb3c9daaef28d7cd5768c88,1608728372,merged_mining_header_match,,07c5446adb392be116f4859a722589f3fa8223e4,27d2c5489be19a9f5efa98566bb9f41b644b78e941df22a28393dc22002d4285,1,1,2966151,af092000b9908eb664d22fec0d5e5f2b68ae9aae7db1cead8046986973dcc7610edf8f02206d42738df8c713d1ec22705cddacc3b7cf5c6d70e3821bffa3ed0fb1ed9300cb27eb4e577682e88d660df565f7a6d194f32e0253e973e4e7c2f6918d7687f8df1f2487514fdebc36e511abfeae1b47c43ef284b2a6e8fa4c0279cecad154836801ce0d36f7639514fecb1341a4c58d7316fc8e11480e60e9059bb20fac8b6b91e73ccb406c3871cb459417d5b30c7ce5b3e8a217fb903ce0639119bd40e625734b77e5e8347d88c409f67142c3bcb629a30a172220bf7aeeb59c4932e37b90670b259d3f7b684989235e348db4dc9732111cbb704012d6eeabd640017ccc91afbb21b30a7c3e2be944336f28ac3ad8a2307dbc962eba051ceb47872e9c9f2fa32a5ae0cd07a5e3da7f5b2ef8c667f6e6165daa85d60a333bee17305410b08f5182fc3ccd9bad7b6b1b02a453da120e2ad15f5cc623623f13fcb7fc,00000000000000c082c3700ea9de0df7ec1df207996db3fd439854a309ab3f826ea2538b0c5b1e05c69556448a50a29bf3ce963d9a7d00000000000000002b6a2952534b424c4f434b3a27d2c5489be19a9f5efa98566bb9f41b644b78e941df22a28393dc22002d42850000000000000000266a24b9e11b6d3f8523cc211811272b88f94e3d289ce44ad573e22a2db6624be9b8368d8957f200000000
rsk,000000000000000000019a6273252cd334c21baf6cbf727bb3d3e23fe44dbaf1,2974007,2b6efd493da561c99a2065fde7a8130af6cc99a83ed887f183ed132b5c1c5e6f,1608985749,merged_mining_header_match,,12d3178a62ef1f520944534ed04504609f7307a1,e383322cdd312cef6bfd0a9f23aca37cee1b47b5a5ddb965a4fecb2a002d6137,1,2,2974009,2c50a66ea67608b63be9dedf83067da4e6b33ac7081ba950ceeadf52328456f955f078fae7d36321be8ded460d3118d9c495d7f2e368cc7df8a2779ff6abfcb288a7855ca9dce1379f913d86a7c64ea54a2b3456d10a73b44aede5452d836a4ec03c81d4cda8162c55b60502171be7547bb2c84b969029295c30f511b7581a2b6bf7e683ab702ccdcdf6888d5a89b4bb41646753ea78227cdc007bdf2dfdcb30aed6532864ed9ad3852a7d4384d33a5b7a6c51909df779911b9bcf1e11c1fa06ad0d57e98573c8f4e282a940f4e8e62ac39c876d638b494433ef092aa4e16e9255d01757e5add67e6e6d79121b21a89c2892aba857ef1a6636be90f47788b8b84f0c36f051ffa3207c1f5a8fbe614fac3e5380096aacaf9a358cc73df331a64d046664ebbc7d3eff9de71d9db24bcbdb8e042747fd3a70e91ef36eb78143fd187547a7cc70fd878b6d02090b0e89c16f190543386bcf2879a92b0f4c973f8081e26600599409a9326bcbbd4bd7b6694b9067a650cc9f2acd435d31bb69def3f9,00000000000000c0b754220da3dd672a9be63729711f2d4014f11f7cb7f655a1b74a027dc3181f1aaa21a9ed347b7286223f231a369453f4d086d3172068c72f278b45ce37960640aa5cb11308000000000000000000000000000000002c6a4c2952534b424c4f434b3ae383322cdd312cef6bfd0a9f23aca37cee1b47b5a5ddb965a4fecb2a002d61370000000000000000266a24b9e11b6d6f795ce8a6042f7055db0cb18af84b06c1d67feba0cd9f61ad98ad94b04411dd43561f3a
rsk,0000000000000000000e59e5b263266bf69efa43cae8919792af1d4b068fc41d,2975605,15c4919455f24ec496c5e6656e9cf2f29556986a3ad88698196879066812ef26,1609036467,merged_mining_header_match,,0539c4278803dd8991d8239d6c8d05fcf0a6fe91,5844a985f0da3653eb7de8fd5d361abf69251e47d10fde3e96be1e21002d6775,0,,,6dfb93f53d617ffc0e55b75b0f234fb3769078c117f89ac21a4b772aa7a8ad9046dbf8354e3a52138b010c80d3a6ea807b6cc1b090a07b6ef2e7add0a7cf0bdaad3fa3e6bde92db411b054ae2fb7ca49e8ffd09c69b645c817e06cf8dae3650c38d0abf7e190fc2ea2a1fcebe71e68ee0df944daacee1e533e17569dddf9c5eb1186144b54a8a9ffbcd2a7d0ccd775a55285841b9d5bf08dd4ca79c823ca1aa890511e8f4f14b1c142fbe581b0f8451f61629d5111531bff45868f1389615b2e2f6821bc2d85f88b9fe4acdb635903e5558ebb6ff23c00b38cc04527f9224540333c7234a2ca1c7d5e0af60d0b8442dbc4e980868f1c637f7716c315d530a35c28d790cadb0b4c02eb27efbd67421de7d7f6dc2e5d3dfeb0acd668e4a2cc821ce67f12725d916db9dc419cfdfd9ee6903b0e5175153cad7edb2a764a23523f33,00000000000000c0dd8fe20ef15df70d76a19d8c155fc33f6d7ad6908b82e45f753360df2ce57e2fe590fc93d2a073461f23a54fe5a2f300000000000000002b6a2952534b424c4f434b3a5844a985f0da3653eb7de8fd5d361abf69251e47d10fde3e96be1e21002d67750000000000000000266a24b9e11b6d30d53aea2a56a789b59f18c8a907353fe8209031b9b08926cb80d2b9928c4da800000000
rsk,0000000000000000000d20beeec3ed8fd25d0cde0a8e6fb4f26c2314c9bb243a,2977806,050c9daac92f187d076ee2774aaa3a98ba46bfc5fe7084fd729d1524d39a0943,1609107898,merged_mining_header_match,,07c5446adb392be116f4859a722589f3fa8223e4,0b25c4cb5257c002688d99430386e38a94e2193557932e001d644429002d700e,1,0,2977808,0fa66384b35153d9eb379a176466aa596739df1234694f099518a6391884e115d8a9bcb9ae2700b7cce4a727cd398f9d0d18473121a89ec40ec943d8bbee282096e333efec22c18c9dc0b3096348bd056f6124bb52a96581b89ad4d4a0d6dbf195994d2d6a3ad8e10f394d27a6a028141cd13f398aebec11957c18d664269b70f073c24d496523986d0331875ec2f5a3033d4ed0fa21a81bfda9872581b01b8286159ecbe143acd5d2b5db403bf0d018c385ac687cde585108cfe69c47cfdb75fa38c1f08b4459883075da3c2b1cf35c8aa1daeda16f393d201fde3eb289ecc6e8e2441aef792b9f4109991b42270d5567848ed3a2f49b170ddcf023e3220f4e6b80773062bdab870e1d56e035b55bbed079bef6a519b02b34563e3a8862079c8faa8a6e843bcd26a1fb0998d7c2f32f8d0ac1666a313a61afb913747ffa5614a5b4b2b83b4563afdfbe061a90ab8cf048f73e86378f4cd17d5a2986d3fc1cc658ef2e5e19349e61249e3cbd5a5f92b7d401f06ddb8a350d0efdb0289abb4263,00000000000000c0f4ea338c65c07cb9fc9d837415cd90dc337c462f2e9b1fc10f97392059fb6e3e8e594988c6fe51d69c70e6078600000000000000002b6a2952534b424c4f434b3a0b25c4cb5257c002688d99430386e38a94e2193557932e001d644429002d700e0000000000000000266a24b9e11b6d135ac48f6bd9db4dbd39eab356c11c454bd382734f77efbc23a709ee27cf1c2200000000
rsk,0000000000000000000799e624a634546e822bbf26a5579c2e90da4c5ecf1598,2982758,09c6c4ef9015d02e21baef8704ef2c21d06eee156b713a8c8d4e07f7c2bca666,1609268022,merged_mining_header_match,,512bfa2264b89b91406fff40f32f90f02d79d452,8da774157846de20f7a46b0544178b3356bcdb3723ce813611812330002d8366,1,2,2982760,445044ed0ccd4ac4d442380c3418fe2bf92fb3f02074723c1adcdb79822370850daffa57a6277a97bfa39d78245215e8eaa2f3839e82ba1da9595d50c7722d8576132165d78f7006061487efc09d6edecd23e2021073ba571a339e938d6e08f4c1a98154c898ad82a591c67cc36e71d957ffab973f0a16b4d01fc98d98313ae4f1da459ae3a00820bd2bac8505b97fe449ee142c45c5ecd83c01720b2b0adec921c5800f4467268b8480280e65f2fa06aea7f71584dff55a50c53d0f1b5aa96352d52ab7f3686b3cd7ef92acbdc043dfec03ccca0be0a62b1cf27e5f57cf5651c21b242c70947fe3b16af93c6be4685e253caad0719bdabfa540798f0ff44c75315cdebf2403aad88282ad73eab92e47e341911694c32237b91c30b9aacc4cc32aa78d52080b4ed958fde4f9c0587eb5a2afb78229772f7114e8a3e4497a9410aa475223edfa1d8473dd39b5cfea2dc41a4a4c960986cf0eefc820a47bef2497,00000000000000c08d23c8b3fd046fa2007006742fa27a9a1a4c00958717f5b049a8f69fa0f512d5000000000000266a24aa21a9eddf2103e613413968141ec01359c7480ac0d1b32bdfc4a740904b5429f047513000000000000000002b6a2952534b424c4f434b3a8da774157846de20f7a46b0544178b3356bcdb3723ce813611812330002d836634dd0711
rsk,0000000000000000000148c1f3d0e39d4a1fc1a0923515fa3994e51fbf931221,2984434,6e863093300ad4cd1f3a57f7c0ee8e2769a730e24ce8b08b835ac61e7dacfd31,1609322189,merged_mining_header_match,,12d3178a62ef1f520944534ed04504609f7307a1,e3e778a1cd69e168fad4e7856e19edc0a20e30964a250fbd2dc2c531002d89f2,1,2,2984437,c6871567a0f077e621fe9909734739baf52da113b5727d3c0e82aa6c49997fb8f86f721c4d389d84206cf5fdc54f9e1b81e363cbd6883a56585ab728cfc8b44f20286375cd0afef821650d3321cff07a94ecba49e5e3ebe918888c93aee2fffddb9f5abd455c250a4cb7b2d570a49a4c14be9016f63e33d947f0c7b6624e9dc0231f46fd9fceff753a7b0d9362eae7683a4ac769d6a3ee00c3b87b91beedd956e5d518d2d63ff4174c2ea587424f757b8e97d538714cf198e324c0c3d4cf52d1fd995c3d671a52e968fdd55ab302f6f6a609b58f934a54d6105d73dbbc2643aaa89368a601f469b21d19fb68b84ea491a10bf05d7bc8ef0a80ec7b256fa9d0ad1d8ca227624477028608b32b316702d7608d991e8ad357e1ca1d62f180d6491f30efdf07f9aa4749c762342c25d2d63288a4f08be6a59c16433312cd761f64cdf2a5bea42420b3fbafa179fe9d7fbf855f40d1705e765a97ac650d04538afadf,00000000000000c0d492acf73e9e2293f6594d05e4b49d6f63d130774257be31e22a1ecd5fffab69aa21a9edbfa9437a16ebcb44997f81f81adabb661c1fb58fdb0f1996cc1fe7105d2a31d808000000000000000000000000000000002c6a4c2952534b424c4f434b3ae3e778a1cd69e168fad4e7856e19edc0a20e30964a250fbd2dc2c531002d89f20000000000000000266a24b9e11b6d4d8bc012d8bad135fb3017e5d286a0fcf616fe244c829aff1b327da99af1c601ad5fa73b
rsk,0000000000000000000404c633d0ffc0b5fbc915bbee9ae5f6df13da21cce240,3025338,e625e778bd25241eda74aacb1bc606b9b8b3bfd67fadb4790e8aaae2f7d96b6e,1610665286,merged_mining_header_match,,512bfa2264b89b91406fff40f32f90f02d79d452,b7f8af03647075b6561be1bfe6fbfbb659c209f5407af2233ceac72d002e29ba,1,0,3025340,37150140e7e39772d0b860aaeb4ae6fc92a6ae7ee94e274584df58ac240324a2dcbbac806e87c7e20c95c6ee0499d0cbc909e8287437d3a66307812a32999b6f82a643108b5caac9236d9fc42f1ab8608d84dfa4cded3af182a9c7eeea7c05b5e9cf6229d86ac30e74fb8e83f2493bbbc5d9cecc64d11e5ee8ab664de5cd736d0b01f3c5c3d67a0642670beeb785d1ec1ba4194f2bd0b7e732c04e666e7d26ea216bf8cc1d175766048cfc7a83d93ced86ec8b1a8580c70a8f7f64f5d31a406a14c9b319a7a5993bc1b9edbad445143091446abfd5015a7173766be1d963b2157a40c1adc7fcc59729907bcf8231732e4e74140995b8b7b699a62ec9c41657af8e4480a7463d67df71ce5d1cf1724839a3d58446ab86394215f2abf0500a2c5f7b8b6e579f5cfdc9e6812a59bc262398af2a0f2d2dca6daa91e7249b64de3d470493ec524ede48035c793cc8feec52e5de07c02f469dc8bc8ead4734f70a38b3b2091361dca93bc1adf38965c551ebd71d342c228c01dde40d3c516987d542cf,00000000000000c0e60f9f00554fa5f7b329156091754e171842527ab1061e398f1d6a6bb1db11f8000000000000266a24aa21a9ed7b186884a44b9d4630b6894179889ec33f5814e2826f97c46659a1208167df9b00000000000000002b6a2952534b424c4f434b3ab7f8af03647075b6561be1bfe6fbfbb659c209f5407af2233ceac72d002e29baffc9256e
rsk,00000000000000000009c6131c431436862392d7f11268e0fe02ce575cd549d1,3038174,bfa5c9832e5b722b22d89d4d980447f7fd46db553ed5f4c8bdb1b0688e50926f,1611082686,merged_mining_header_match,,07c5446adb392be116f4859a722589f3fa8223e4,88b1f2b32eb58c557418fe79a86f76ae13fd92a2350c7e79847ed425002e5bde,1,1,3038176,edcce6cbdab6cfa9b65f253c264feb98ba17fee50b0a06ec274152d3425ecabe68985a06149802e319a93ea1153cfda8a7a918f2361be020c2e5e3b7717569ee6dae4ef8a0bb1d9eeb0ff78d19fde7afa94d4fe982dd58affd05c6def3319f1d98e01ff80ca900e505ea888749a28b553aae2e87546ce521ef3a0dd4f849d22baae9ef9bf77393941c95428709e49df56ebe47c68cd59caa80648bc4c3e29b16377772d18161c71f1545552461c7050e0ac4ab90e2f2b36f17d19386e80007aa1a0759e9e6098199cb83d19edd4b443e7007492533802b1a8e348d575eaafb2df01136f9ce80a9cca63ee79093eed57a475222cd0efdf694c8cee34a1d44a99897975058a1c99d934d3d382ce68526b480e907cd6bfe62fcd396823fb316bc03664e4cbd7ee602fa80c68aea54f3f5e27c95f70f9c115df8665514402de5f90d0881c0f3ed18664e285b8783ca9e31ee1350078963c15ebc423fe1962e099c669d0eaa18feb1572950283e0bf81e56fd823f8baa43626fb4bdc0eb7274272fed,00000000000000c0082eb8bd844ecd86f0f0d621e5415c128bdad5e84d873094cfbf8e13858c04f58f7f3ec3aca85763f700000000000000002b6a2952534b424c4f434b3a88b1f2b32eb58c557418fe79a86f76ae13fd92a2350c7e79847ed425002e5bde0000000000000000266a24b9e11b6df49a72856b0afef9cb34573038b3949a98ef9a5881246111976e2e162d572c8800000000
rsk,00000000000000000005e086e9e74aae37139ba27c5ba8b50ba5c773e22c6b61,3038835,347465c93ba338268e8359ba988826479ab4c8905cd0098890b520f729c69252,1611105456,merged_mining_header_match,,12d3178a62ef1f520944534ed04504609f7307a1,4382d8e886878afef646c31f536668003bc0d699ec6ae03753bfda34002e5e73,1,0,3038837,c713584dd7d18dea4740e366023dfce5d06e2a072097ba00cb14e752fe1c1b252d2add47487809700930f83a5408114faf5d45ac0f5e8a5c28ba61a352891e0791745b2f9ce9b51194e1a44849f5f369e645bc0fdba15473b7c4d7a2ed3c6b3acc7b3799023c8c0d8d75e3cd668115b6016003de28ce5da1672dacd4875653e1fb5aefd22ef84e394915ecfd8e472867c53474be974cb327102186ead8b9d3c76e4f80dd1d745ccf6b3289244bdb64da594e93afbe1ea85c56ae11697575f96247387d666fd7afb4847abb9c327d0755f8529574694af3262aa5e6ecb7486388a9bfbbab7a4b1c801d98e07a79b00c21893da6daa5cc297b2bed92a78518daca5e06b9de8c16525677eba4bc390845a341b70b4f413ec5de042f914d8a78a110eade17413b5fca48d66c9ea2ffc4b3d894d8ba69d7277256652ab9a12708bdd3de80921c26e3cd40a89cd93a52172d376c406666bfbfa6ce9af33940c0a1e5db0335f2b4696116e0835250a2701b8a5c39ef76db2f5f69df915434d042d99125,00000000000000c0c45efbb1d1079e00b1222eae1020d999e39d959bf95fb376c32a35ff06191653aa21a9ed469afbf767e018e39733a1ccc4c8ace0453ea10661a8bae08bb1cf00ba46b3d208000000000000000000000000000000002c6a4c2952534b424c4f434b3a4382d8e886878afef646c31f536668003bc0d699ec6ae03753bfda34002e5e730000000000000000266a24b9e11b6d962d4a08e55f3ce806fbc8ed209f2398deba855148040d88f6f568d4e408e3e55c8a9d3e
rsk,00000000000000000007cffb0712f3820e38e2078d0ecd6d2b19a98a4cb9c849,3060943,b254c1e6b67a33dbb3755672a32938668ad8f4b88d6042a343177ff161af52e7,1611833403,merged_mining_header_match,,512bfa2264b89b91406fff40f32f90f02d79d452,30c419e7ddbf41ad47449daf276fef790d937f6c04c669dbf8bce927002eb4cf,1,1,3060945,00359c13587f72f23a959ec35a75d6f26cc34591e0ea81ca47a8e1cb051da0eaa090110b8c6ff2b23cd26e2c9c984254b39cdf3677f8a2de4d8ab77e3a9655d91451fc9a773760acc8164ca8bfe4f7087c0368550eab6ebdd0c741375479bc73dc86ceee0ea33d7d0cc9d51aab8699305aa08b5e21951568b2c4a5ec547ccf7fc6adab226394bdf30d672bd89666eed46b3890eb0b06e5d76960ff73e85db5016171936df84698b42e817999dac3946f815f67f3f38d864659babe6c37f5c2d427aac2c47d0baaf3f9bfa87da6855e7f5c7b562ff09930ee1c4456a3f632333b44d9dd60b1d723fcbe3ecf42b37b663f789ea538f85d610253933bd039772fca5a86ffc72f7fc7eb85ffebaa5a4cfe54c560ae8410bf78988ee3920744ad6805bd00a5b8d1cede7a970972e00e67d4b2fffa13c2d3aec36fd874393fed29b9425bd419d8871c1864feb2897b2398f03e57d96d7a7699ed31f58efb44047ec92d81384a30738127048d99e6a0eefc3d70297157cb1715ca5d9fdc1697ebdebe87,00000000000001008182b6e6bbcfdc40eb6445d9494d6ae42f926fb296296f1242e17eca805291ec2c7e43c8b7d7a5f01dfa8df700000000000000002b6a2952534b424c4f434b3a30c419e7ddbf41ad47449daf276fef790d937f6c04c669dbf8bce927002eb4cf6e0bb7e4
rsk,0000000000000000000717ffae6ff8e585fe50e2f358e3e197d26e88cd19eef3,3072505,63c3657b614691cad39e05ab805ff34f1e541afaa6e0de7bbee7dfb249cfc9c0,1612219733,merged_mining_header_match,,07c5446adb392be116f4859a722589f3fa8223e4,525816609b654fa9c15d1c45233a51bbf2f9ad259a70e46f04223129002ee1f9,1,0,3072507,58c0a2f57fcab2667b44faf1b409f342a897e81e590613373fd3bb944d943ea4cbb885a9871e2732e1e1ca0cfe9f561b39704b170fe1a49126dd83558ecc47ae48ddb2f494c6fd8350cbeaa3df3ad045d1a8b9a8d7e5130afd8e1aebe3678b3bd432b9c23e8a0f03ad8ee51cf5c7a2bb4cae1cc5154c48d2dca412235cfa97d9529181086aa81b34033b9ae9b1960a9da686c09d8e68812e9ae86b64fbaa2ccb79aa20888dedefee6247862344eb8438a0a629115fd3cdc5a9eb50215e9da2895ae3038b38a106ef02134f938f0a6034651fc7da333d86f2ea588755774174d70913023f21d7e66e7b1ea0d9f35c18cd803ebf660ba2bc08cdc4323120ae5755bc122ab13ba32c5235b48c290a1b7aa7356024419780eb28927245d7f63f515e0a137de845539ff60629acf1f5b80a1c4b6a5599fe777124a90cff385df33e4f8bbf70c2cbe5b16fe15e50a1e4db43a86caea5b3f237fd560a4187c579d99c2b772c1e669a340eb46ef4ebef4cdab46d7566bb9458b775302eea9a00fcd958ac,00000000000000c012dea24d67ff6f8a80fedaf68d02f59e78b6f1b4744606351634a0abcbf6a344337c942d98efda31ad13424500000000000000002b6a2952534b424c4f434b3a525816609b654fa9c15d1c45233a51bbf2f9ad259a70e46f04223129002ee1f90000000000000000266a24b9e11b6d1a0fbf7fff04f9afeb921679d8bd9644af1bc082547a39c8fa9a4f702c73821900000000
rsk,0000000000000000000bf03577b92f5439062b36270b821a7e915c6c98abc919,3079420,049595ee34f9252c3653db1b0632e2e1fc741ad2aea3aed6e62437ac08fcee9e,1612448186,merged_mining_header_match,,512bfa2264b89b91406fff40f32f90f02d79d452,508b50d76e67f841a9b5e63d77714c5fd1c45787f7805a17ec2cc934002efcfc,0,,,8b74fd93ee129807d4777b2e500ec45f5835199d67140db2d266afb0e322b5230d7419c126a0504f186108d9e886e5d6a56299fa2479f0346bc18ecf816ee912216372e428f5c4766e8b080bc86d434d2701fc08cb3f6ad6dc5a550e813ac4ca593b258119b89a5be89cfa85b7558f4fc31641012eafb6a54fc49faf3e32a44f2268717cbb251d9969a315b8abac20d8f26c54a7e18407a001184eee8cdd2640a4f1f76332d3ac8699268d992d2544714a548387c564d76c530a94ac8b69e7140986c3aeba196cd4eb872edd8542339c1ca86f56606549e0fdead3c358bd42de3c14f7de73bd31fdd290c0081600ca4dbcbe269eeb80e86dd23d6081d3045fa8f3f6bf46e5e65d2e45f99e01fd70f42b5096ff15332d630c020790709a61d767e64357d0bc7b98579dedb43f82db1cabbe3264c942ed5c40a0aaf21dfa192e3ecf0d4abcc9f5314853349598f3a07953b863dacda18b289776d5bf6526815a2a,00000000000000c0c16d0c45a708a8a01819419002781b9c64ce3c9de1048a43f1fc7c88d409fbe6000000000000266a24aa21a9ed8f584a095400e98df342002731409cbf3fce3b54f4276fa611c4abfc7233b15900000000000000002b6a2952534b424c4f434b3a508b50d76e67f841a9b5e63d77714c5fd1c45787f7805a17ec2cc934002efcfcbaa3cb4e
rsk,000000000000000000040e2e14931819cd282023c46c4e19ecc2f9daa36f6eaa,3127252,f399b3185bf8f5d71565c64fbc2e458ab4b0cc3ea3d86eacd182b31189de5e69,1613966643,merged_mining_header_match,,12d3178a62ef1f520944534ed04504609f7307a1,f67a77239a721f936c0dc88f6526e42aa6850f6ffa274548e06ec631002fb7d4,1,0,3127254,54fa63f3742e4a5cfd3e86d4a3905400297a0d0c46eff0c8722b25bea642f2c259acb3da507bd618f56c9617075442869f512c41efe728d0344555aafc1060cc7bc84ae1105ea8942478e7560e579fadb5e5f610166ec22c710e139f222133fa253bad978c79e9a6af3d97410cedc3b70d8bc2fa4bddb7c284dda10dcbbabf8046db788cb0d07c7574c22106bdfd2b43822a8ad85c9fb0bc2a8b33c7784b83940d9538038192d943017fdf557e6a9ee34245144d0a9d2515eafcc26892dfa6f7747029dc41c944487b6d5b86708f86084c2b6b7950d328241dca75f18cadf0e678474e0065d1db2efb8092ff4431524355b7d357dbdd28d7d4f58d1b371b2cc737e716cd110fa856ab24e642ae10ff80d0cd26bafa5c0cd9a7dfc8f5e019db7205dd9efb6602cd6c7f9d1413ee5f18c71cde7eee0e70e90f6c4079889ca2b1c4992df6dbe2c86b0d211808ca0db0081915d8034d8aae36d72c358c0c0f30b25e,00000000000000c056cff8e066cbd513bbb059ffb6e0d6e83fc2854fa8bc444d75e798da36fb948caa21a9ed8470f1e80143dd0c338a5a6c4b8959708a7c426b67c635762f8479d064b6750608000000000000000000000000000000002c6a4c2952534b424c4f434b3af67a77239a721f936c0dc88f6526e42aa6850f6ffa274548e06ec631002fb7d40000000000000000266a24b9e11b6d936c05518d26fa5c4a37ddf45d2fa49090a4faf2f375ff006edde11ce2303a56b890573d
rsk,00000000000000000001cfa87d7b500dfb10e862f4bdae7d0ca41043bfad65c2,3174964,7af549a9078d1ea36a39f239d1415867893aea3d4fedbf855af435a8a93ce41d,1615463152,merged_mining_header_match,,31fe561eb2c628cd32ec52573d7c4b7e4c278bfa,134b3f0e7dc8d0416d7e042103fb077f887cf04d22cbbf46f477be2800307234,0,,,80531c089a6502dcfe5979a5afd64be657d5691172f222611777848ddc881f26552cfa3943c1202f30478fffa0c80687999cc3631916e64be1631f40ece126f777bd6639347a995637e2b6ccb18b923b3988e574c7e1c9ec248132727f1588169a022fd2385993955211358005f82656668b2a27a9788d35122fe989ff3f35e7dba1367f26bbe62a22a81d6f688c5f8528197b9fdf769ad6b98b6e1704139da4b0db36a13e9b46b31aebfd0d3bee7fe24e1f026a64b7c90466038c17f088409e00694ab6fcf805698093960949600f9107b75d5b16103f64f5a8a88f974bfd3d22dffeaa44c7860cdf3184a4e3e9f2b8f7ccbc84acd2dd0813fabb9266d6c235ac383156e63ea82d30ab2064c2c0db9ae8edbc19fcac6963b900325974b45f6730ff4ec03892aefe75559b2a1ec97b20f2e964ae766fb229148dd5882d0a3d5c7420a13a486c2aeac369b7509520d83d246a9cf8c5eadcd9462834171a3df900c72a7cd5d1ace49c44013a21f6b853e44cebe58a65d7fc2f54341de0a9e16740,0000000000000100f13d3c7f5fd89ca467f82922e02ad83a41cc17f3ebc629c23b6d593c835b51beed07b9a9d3a8a2583d8ee487124800000000000000002b6a2952534b424c4f434b3a134b3f0e7dc8d0416d7e042103fb077f887cf04d22cbbf46f477be280030723449b76d64
rsk,0000000000000000000829711891b872b01a12cc3349b2a8b3f5251d88ece9e5,3192226,13b66bce1e0a08a32b94029bd3ed02041a8c09d2c73b31b8bff1d34e1dfb9a65,1616010355,merged_mining_header_match,,8afad2f417e5132ee983b74d28600c0dedcc3e07,1f57a3bf9b3b783fd1bdf4136de6e64aa3f0eb2b7392344bfc3307290030b5a2,1,1,3192228,44d37301224549318131d7890cc2a165fe91584deb5d59c59e7d3cb1cb1724ca66467415bbb15c0e0e8ecb09eca18053380fd7e9ef90b210493a69543e067451e15cd521cc5d54051dcbabcdd31aaa70280d7db77413fd28259fb303da30b64c67f56a511388e2708b3a2c04d744ce3f1c75ea87b7d649da41c3bcdacdf7fa4385f282788cbb0e924966fa9448153ad7ac4dd0cd3fd674444a06e97afb6dde23b9ef68c551fde7c8b9fecda48534afee1381e0951ede0beb2c51fa666a4454458fa0ac484ff863c13bbff4973140413e6da72c2d9fc6144e59889b74fbd29c7d3e23725b469375c636f6d1f2b4e2e150c31e9dcfb4590fa1894a2ca617351d85f17f467ae81e8f7122b8951344639c1882df16ae4a23e439ad69bd78f48caf18322c37ca34a07c2bf56c630369a8eb0eaa0380178b6e6efe17345c37ca345d28f33fb9144d27b6fa69d667d495cb607c783cd897ed463ab7a0b674d86177d2e38724d929c13f5d095d752304160b62b039d43c75a6fcfb09eabd118826343357,0000000000000080ab8186b0b7e47123af4b984b5b946a1d1611c8846a2a4368eea733f9befe214be9a3cefff08cfa2e0300ffffffff046722252c000000001976a914536ffa992491508dca0354e52f32a3a7a679a53a88ac00000000000000002b6a2952534b424c4f434b3a1f57a3bf9b3b783fd1bdf4136de6e64aa3f0eb2b7392344bfc3307290030b5a20000000000000000266a24b9e11b6df81af6dfa444e968d89f9c327241c08237bd37951d5ee83c65702b56804be3b00000000000000000266a24aa21a9eddb645b49f73795e55ae0ade9dd3f9b3182975adbf0f1a30fd58b52003d87946e00000000
rsk,0000000000000000000c64c3eb0e99f14024ca84ccdefc8d01aaf4aa5fadbafa,3198367,88c44fd0f0246a9db88bab9b695206b4d99527f7c1247a4e883bcb0c84d051ab,1616201173,merged_mining_header_match,,8afad2f417e5132ee983b74d28600c0dedcc3e07,5e7a64d85f4ae17ca64e8f5503cb5f802a7f66f9c89dc3ec720ffd230030cd9f,1,0,3198369,cec68df821a5458fed80b5472a1908b123839de2388b0181f8fbb9f732f2088b63d120600ffb8fc043020d9802086d1204b0eec13a0d7bcf299432cf5acb9ddd730998550b4727ecfb15caef241622794983aac6af4f19c8c33c6ac12c892ad1ffa4a89163c515b6f822a8a54668148bf700b09f5f7d3da002fc09d71de26b709c1112a251b2d3d6bb3d22271b9988decf1172255ff78f3be08a7b6c3be511d5c904a90ac392d0e243681b98273d841f57183339a0025f3a44015fff9b3e4a09357e75837c9c9099dadb2a7bc6a3af004e7054bb880364a09350a7278eed664498c9c752136b11c5aad432c3dd6dbf1a818d5d4fe63f64fee184e161daadf18bd31f29219f60eb19507d8c2bd8fe6909a3db83751f7f9bfc825088cc3c3bb210332a6a61502ce57480a470eb99831b1fc060ffbf29912f7db297c580d665c57e4d6541870cec1d32922723b290de48009649dbea938372dfadc5042677bcaea5,0000000000000080570b3f8d6f0b729024f592b9c94b2ee7e899fc11466f54a65b6c789e6345a46a77a31540c00000ffffffff046b49fe27000000001976a914536ffa992491508dca0354e52f32a3a7a679a53a88ac00000000000000002b6a2952534b424c4f434b3a5e7a64d85f4ae17ca64e8f5503cb5f802a7f66f9c89dc3ec720ffd230030cd9f0000000000000000266a24b9e11b6d561eb5c7e3890c52b24270bc54ab6a148dcc8b036fb417c63c29ba4212986fe00000000000000000266a24aa21a9eddff2d3e54723d0289bf75ebcb998f6010fc4284a5b8226af4b480d2981d2322900000000
rsk,000000000000000000052677c72ed5786a84fc841125b207e68410fb5084032b,3205860,a4e9ec659c0dd2e28d0f7105c9afd1708618750d18cbe254ef00099d16fb886b,1616436429,merged_mining_header_match,,464f8d70b2e71a7d81fe48554bbdd3e0e21010b8,374084aa8a43aadd3b2cbc49dcd4e856440085b7e8f047a96a848e230030eae4,0,,,0bdccadf3b52cb4bc59156602539cf1c70403da65896e7f0fda26f8d4263318020f45840aa624552aa586ce4ef7a3f54c749d5528aee48e7466f5040cf9d63a1910d9467f5803257274dbbc0cb543e6d13d619843e65f3ee61b9cfb38a8864abd79a3940222630e70328f82f806d567bd7283e033d5f82d820ea3ac3d0eba71a702f599aeefcd713c021e22648a68271696ad1ca2990608a65103c594e0ebdf86548ff8af8d0bfd042c7160d41d912a4e24f34cb818dc6994a5e79eb15bcb7f7c269df42cd278ba3f746487e10a39e0dd6c6421c8492bdee9579574389884e0059d777bdb7861666bf63a508ebea1cceda9e028f2e1215f8a0ae3aae4675722f17bd8b87794540f09e5451a56f9e7dcb3e3351cbb235db17401f60068fc74bfbea327c615570dea3da78dd6df1fae54d69a8a2115f91ef7cf0e6029254304e5dcd3d1a7277ed838e341861b6f60dfec9ab41bd0ad1bc7f14567963918175c0e142cfce2dfeac2341db024e92fe50d63fb8d70b7a5606af3f0b43d92a6f6fadf0,00000000000000c07a6fa6e639a0c3e3c3f5dba1862204e3797c667f124301dd73c0eb539d98d9ea233900000000000000002c6a4c2952534b424c4f434b3a374084aa8a43aadd3b2cbc49dcd4e856440085b7e8f047a96a848e230030eae40000000000000000266a24b9e11b6dddf8613bd73a14fd4c2a71c8d33bccb590d40cbe896827371222732be81fe1e424264d27
rsk,00000000000000000009e7bed1cc04f048e723bf9acad18aa8effb5f0270e8e4,3209073,90635e8af27943ef51de04c459c33b168f3a340443ef148c6acce62daa3ade54,1616541377,merged_mining_header_match,,12d3178a62ef1f520944534ed04504609f7307a1,6708a4cd08d82a38d7e6ea3d935e9c176210c68409525103b710402d0030f771,1,2,3209075,e7570173b3bc0c3e70cb5655d00a58d55b617fb59ac36c5df22f55a3f4fa8cbb085ea12685cda9db50e7a56c8811f6e923a8dbbe114fd8b1ad0887a1df71b92396c5dd5c20832c484b4c3bc281c6bd628d79b8d94bea9edeb63b06323bc7099be392c3bf94435c18f089f65e5d44d767352cf7e097d94504b64b2bcb7e98e8994936b8f5884cbf48e2f2143857a25cbf4082b986fa292305607f583b3b6a7244156b15d7766b72e3d5ba315012e16585e3921a809085dbbe5d6c7424c5db26242cd66b790ab4b9d86a8f6820fe6e6afbf023a9a61ac72a05ebcf3931ffee3621406d833f34220f1002c35decc747ef8e3f904390dfcb997e4093dc30ce2fc24cbcffaad3a68e2a2c84645c810c430759eeb382c3a5a24ccc8f3ee2c2132177e83b0f6f93ac69f4a614ab7380a82a55cc89c1251bcac437adef72a4efe540188f5e8185008557959efb77390f0dda84d2a2b03e45e4101fc5828d67d1f9dbed38a938c3a2a461f5d62cd769c3be62cfbce71b917f9ec7337f4f29a12976136c44,00000000000000c038d71d9a61f7955763fb076aee518ad3d0d3ba91d4d04e2ffaa32f6bcb574881aa21a9ed4fd1778bf3109d16091a444faa7da3a0e5c2629e9d4602abbc7581e3a9f0ad8300000000000000002c6a4c2952534b424c4f434b3a6708a4cd08d82a38d7e6ea3d935e9c176210c68409525103b710402d0030f7710000000000000000266a24b9e11b6d4630de9b3a378903c3fe6c18dd949dc3c13b09e2fe4deb4071b341496d3cca25f3b18849
rsk,0000000000000000000630c9911f16737a0e4a8d4a32de8ce9cd06cc5bb82733,3213056,ff272834af5c705e20edd003e48b07a6b913029f0919bd387ba74a3fbede37ca,1616670561,merged_mining_header_match,,31fe561eb2c628cd32ec52573d7c4b7e4c278bfa,87cb370197370585c792d053a9b2e3d439697ced63f3e87c0b3f9e1e00310700,1,0,3213058,3781620eddcb5ae8d0509b050fc154162d8fed4fe6809def8dc2ed90ca262242b0f80b78aef5114a3cb4ebee4cf05f883794008406dfe9d87f229c0391c71c284c6ee6cf7013f5ff18ba87c9817ce3ee05eb6810ca3fbba7c292906b0c0049507cb1fa952b69729faeebc54c86d92f1bc83cc9b86486e785e8aa55f19d7e6e87303492b8efd3e8686d894849aed878fd30b9f89474e932c11ac5350da35517c896e9c21eea439f65bd38350b5a91b3dbb0ad9c0cb5e10c363bee9bff782a71505ad36bba0ebbcbae124302c94cd992840d6935121d3ff7a681f4d376733524163f3cdb41ac6b46769eeeca3a9c76b91463829ba050d37445b1f65098bced35b0e8283f51f125db10ab3d41b6af92b2b84df04d309d9b4451488706f1e1aab8986aebd157946bd05b0544052ec61dffb3603721fffd48ae01fd164b251868e2ea49b1d71dd7e43bd0c7b3e3bd242b7c83468245fc34df66d62caa90892c3f9846,0000000000000100cee03cb8a064099b1a791d995c0ebf4939b2e0669268a84d2070b91e4ffa16e4bc97c975e3e0c395e667885f4c1b00000000000000002b6a2952534b424c4f434b3a87cb370197370585c792d053a9b2e3d439697ced63f3e87c0b3f9e1e00310700d2b7d39f
rsk,0000000000000000000b67a0cd7b6263c524bd3f4d11f715a513b8345db13e7d,3222141,d0372addd9bc71c9b66d6aa063e7e9cc0aaaf9c021461fc90ff7381521037efe,1616964322,merged_mining_header_match,,12d3178a62ef1f520944534ed04504609f7307a1,172dbd80546a168a12bd4cc1f3250528298d2e1881fa894ad6654a1f00312a7d,1,0,3222143,bdf8f5b327f1c9f5999a0a9a40d0aee15d5bc15860eb55b5fc78998fedf663c6e369dcda9b6cf162ff13b19d5384f85e2230802a5f047fd89b7b61fdc86d8e45261bcfd306d8b83e8e28d13db0d445005399744e3abed493874f4abf80167b673f677d676a2d8abf95caae3b6009d17b54b23789dd8c30aeebf2bd391439081d3a62fa7ac29cb2c209a04850cf680ab24f40c05429d3dc1dfcf248ae6938fcd8ed5433b18410fab2d65daca2933b54ab445baffac45f8dcb7693db3fa0f7ab14149b60249a12771e8edb96ba3f0d5ec11cd0c8cd9b83927ce7a881f15b31aa37e53dd32318f35f66978e67b9a7c3a232e239f390da316013334b003a2971aae50485fd45352e38fc268b6195af279293ada7a3b445d42f66c849f9b32232dbbfd97baeccf35b0f7fd3d0400f97d6de2c24f9651e86e56cc82fee8e5e77ca4719deaccceed07b8fb5aa8fb9449f81bcc7893c69546c805cfd343ddbe6cff4123009ccc912890d1718d2d9a10b870c716095c20fe1e55e29016bb7dbafeedd561c,00000000000000c087a8d33c32d445b5f7b2200f2891b93bef01ecff8a43f9064778335d5d16990caa21a9eda5894f546b59d549135dac3d4c106e47d57f8678ddade33b3baa5fd13f502afa00000000000000002c6a4c2952534b424c4f434b3a172dbd80546a168a12bd4cc1f3250528298d2e1881fa894ad6654a1f00312a7d0000000000000000266a24b9e11b6dd5ab8a99c804b5efa34614ca1a8403dd37f61f4a7d01d1eceae0fb3a5ee959afb0a6ca48
rsk,000000000000000000044dfef81ca818882c24cdfb3178dd183ec7f9817b3fa1,3228382,c2e2d330d9173cb8fe376b7e0316cfb42cb4cc49431bba5ec6ee552aab769ffe,1617169293,merged_mining_header_match,,32dfc7a84f24b10a5dded1d8b24f48b96ab77373,812ee9f58eb49c623ef32d1e3a9f42e80a9804098084003fff2d5123003142de,1,0,3228385,ed91694f3e8a5dcc2b4231ab0511486eda965b7df4392980a61e65a230322f4d368eef3774ee9e3f692fb811ff59b72bd565694aa41524a5759b3ff76712ef134feb44a721842e8fa4f7810c4e95a987c1c8bd548ca387090bf54558809e46a5784b81dd3b0bd1e80c24d5298997cad2cee548a69a498d607b95205ad9eeece3d8755b273db399f049f62821868de6acd54da96e31b2dcb60f22514062249af9cdd80a566724da7e0af72d5ce7ce5b392251ef85602b9d598cce304967904140f4cf7e5bc8406af8a3e9af257ae1625e50dd941f0a7a32d768e1a20adaddc3bd80e0d522e4f6b3af0cf2b7fa82d2834017ad9d9cf64f703c955cfbca77468153cb27c63639ee33b5bed5e4a8202a59f370977c76c27c5bdba8d7710f3632471495a70ec60373e039ab72f81783aef64289cdfa410a9eebc7810cd8b2838610dcbee23e24b5c77afd9916da70566e15cc0c898c70e133481963a1c55ef624ce72,0000000000000080ca4b286962eccc85d456ccce492bf2259359551bb267bc38ce28358423b42e6200001976a9147c154ed1dc59609e3d26abb2df2ea3d587cd8c4188ac00000000000000002c6a4c2952534b424c4f434b3a812ee9f58eb49c623ef32d1e3a9f42e80a9804098084003fff2d5123003142de0000000000000000296a4c266a24b9e11b6df429ae032ac334479bc23f07d5ede2dda5aff6203e08e6afb003d05afc58bdb00000000000000000266a24aa21a9ed51817e490656db752c08dc42aeec319e340947b65934862baa411198ea8c6bc800000000
rsk,00000000000000000002ba465c231ebcfda85f348ea566ccf13c695ca54dd76e,3232526,a3ab4d7c11904d5bc630b0effc7d0a841a9bd0d6c08d4242111c1fb2812f4889,1617306134,merged_mining_header_match,,464f8d70b2e71a7d81fe48554bbdd3e0e21010b8,d2e07559f6eb51946173e8d0532fdd39f90aab3b192cccd8201199340031530e,1,0,3232528,4147bb9c1e1cd959b6e85160499313957c95eb05e20163a9328a625462d87befe9251c646c6a3945fc5d0617df8330a9d60b6f007f87f303b6006d96e5632db3b6b8f1723466351e5f8a3e7e56027251e5ea8af4e6376aacc339fdb7f1a66b137dc632fa9b842a3c03ec01bb9b357e76962d29370903df57415fc701d6cf89fc7a5b375fce41220b1fa15407db8b386c43f1c73e90777b9fe840860bc81b7217638b0459ed431ec962557dabfa4085acc6cf0fb92e19f251a7167db5c1da15bca4c51c4ad9574497c721657944871b521bb0e5a495a475a75a56b3cdebdd0f7647d702b8d406ddb7cb9fc5ce5523c2b3a30f1ad6001a5d52fd3cdb17c19645bba5e9e866dc8fafcf9cc98ff4839a3ef177e553275142f7f380ab4285b19f96fdbc60fdae9cef982a0888d0bbb082c0891198030d7e20dd2d9a8993eb0bcbd8c419c1f11f923dfaad600731bdd2af118b582b817d8a4172c96115d0afcd4f8acb7a90392fd9fba39cf333ec8ce624c6cfc981decd6b65484fdaf230a9c9417821,00000000000000c0ff7a7fff4023017746b884983663c22a6ae0eef5600c24966a7d206f8218bb2a5a08819fc07a78e800000000000000002c6a4c2952534b424c4f434b3ad2e07559f6eb51946173e8d0532fdd39f90aab3b192cccd8201199340031530e0000000000000000266a24b9e11b6dea2ba9a39befdf74714a9397069e491b2b3e862ff8986ece160da603db4d333b51851226
rsk,000000000000000000071e1cad14e552b22337efa59f9d6e095139c8377792b9,3267129,416dc1c38b32c80846efd12bfe7ce27f785a83397288dc027635308a4fb54dd0,1618441923,merged_mining_header_match,,31fe561eb2c628cd32ec52573d7c4b7e4c278bfa,45b6fb9b8455965a28fe19e2f3969e02e08a2cd14c08ab08f72b9a260031da39,0,,,7e23b60e7125309b027c3c988d9999d4fa86500256a542968ba230f61805831b368c2958987d508ad551e0bd683c72c9987d89d9e592038066f9798a42483241fc0f5227d3ecbd76062f4bf6a104956138126535633c6053db11c327d5ca2c7931d85e387f14bef20c818348560b0cc9f27c290e370164a4a39c494237abddc8291c8911b182d1edfb5d64897fbfb290e1c876066b1639c49860ebbfdee4f7d42013e85224b6bc53f65ac4d7f3ea25d61260fee607b78b795873d318acc384fd886d508546795a6347069f1110839ba6d9d449d6dc37da753f7da2f1647904955400b970de42f82d9e0201ea41b72ec3395af20a99ab860f3207f5e2b22d59db63f6619047d51c42ab974fb9f3a49c56415f204d13c23591452bf626771d025e474e9cb509d18e126bb19ec894c3a978e1aa1f4d9516c1f9dbcf1ebe2eeace146718b531134afab83971a6af0bb7c3bdd8ba9e2a581c09785f87a02b7fdd6c8e43c328b29952a5d30287a255efef1539e980ab13f9ef03e5870acdbd7fbe3f93,0000000000000100d67ae7f01196176fb5fdaa11e0661a88726d1846f638ded508b781e3530eac067de7db7dbce9700d14e828d5889a00000000000000002b6a2952534b424c4f434b3a45b6fb9b8455965a28fe19e2f3969e02e08a2cd14c08ab08f72b9a260031da39ca4343aa
rsk,000000000000000000085e7db79413029e10b1c08770fa9157fabbb170ca2c69,3299353,40be4e5f5aa51090fecef44002a90a8e9a8524ba9508846bf154ee5d53d0bdbd,1619452408,merged_mining_header_match,,07c5446adb392be116f4859a722589f3fa8223e4,e068d37111078b181c09b14079b992f52e57c8233eecc8f6478b501f00325819,1,1,3299356,0f15edb44fb2b0c3e862bd5b87d1217bcd795bbb2323a037720b63787397858309381168f14a236a976c22721259d9db3cff3b802e59af61e554b3f5556071bff003b6fadb19575c19c8a1af6a84ad2021ce366e99bfe093114abc3491a2a0f5db4f88df171460ad0a270bde9945d8904f125128b4877c73045008e501216f3a92bbe31697b8544258f54b300794cb7ef3ec0da03ba5cd49a1313c14bba27c4767b57bdbec6cb31032974cef214cff39cc4999131755aa0b5e004494e17926a5d23657af0bf9aaa373e2b9153cb4fb32a2c0adcde6a648f8a9774d43695418721c3ce322d4210a1a04882c2b8349a4fb94dcb95914b14cb64bfea7258d7e24e32e235379549efd79badce492c3c7c281bc3c53bbf82176d9224c6c851d3288a9dae5e4cac678eac246af30b94c7e098b20cd8a86f24dc0c0d7219b2e85b66f30f5780ce088ff049d21dc282cc2e39a95624e60756d1e815161aa148541925dcd53b80eafd428b099337e159cdc88f5563a8e3229bcb854cf28890ea3e200e004,00000000000000c0bbcf5ae8116bb9e173119f34eac643a2ccee96a2a8f112ef1d07fbd7bddcdbd9dabc1d1cd217e3cf5710029ead8f00000000000000002b6a2952534b424c4f434b3ae068d37111078b181c09b14079b992f52e57c8233eecc8f6478b501f003258190000000000000000266a24b9e11b6d568adb7d53839279c3add553d10f4ab9e647e8672f953c87c36c73cc76f53f1100000000
rsk,000000000000000000047360a231ee98549729b114f834d900c34dbccaf9b396,3303239,541a46c0adb28e3153bc6600c1ed6d17ab4d52ccd0acbd7cfbd9def52eda5a1e,1619569675,merged_mining_header_match,,07c5446adb392be116f4859a722589f3fa8223e4,32eb262f4b8a16c9888b0098e03bacffada2c264bbdd7293fc30312400326747,0,,,450dde77deb52bdd7f0e18016c89d6a69dc3c1f8a320711a721ca35daedad1a173ebcf49e5a5ec56ddc8667e4c71522535e392bbcf8facd7ce2422ca950b1cdd39c38826fca50da57f71f770e77a4ec40e20df804c5eb712f46c8c771639e2af2998a2fcfe7376756547d3bf9c8690041b70d9b6033e6b9f58c2cc352901b8de9338640ab67ec8d0b330feede2341aca4d73c85fb0a4fdd79a570fc15c31745fbfa226c5d50e7752657ce654ac21d8da72def4891805a5b08a5243ea8bc292c2c2eb65395cba1f3952394f681f9eda976b46693ec7add0c4ed1a1c2f80c054a35fafe6112bf78d87cb3888579bd9e4ed7efa549ccbe3e415bf6ab42b28773bd55cd47d794923a1941bb26484766fb6ba95c3fc83d79485c232c421428e9a6c45170b7ccd2d081fedf54e2b822df49edeb4054f3b204d0369005a811d95181e846df16a25c863d01d08588a64f119261fb3174739ba4deef16144b05ad1395feb2943fd8cedc7e0f68c030a9a570bc6dbb3c054d43d15ba3360c579e3b93e7947,00000000000000c02ab954bb8b0f244666a3a834ceae3445fcdb18bab14d0547545facc64000d9d5943d637284184578483d62e2633d00000000000000002b6a2952534b424c4f434b3a32eb262f4b8a16c9888b0098e03bacffada2c264bbdd7293fc303124003267470000000000000000266a24b9e11b6db3e9f04ef21ee660775e2da203d6fec660a1eadade6f4d1ff16350ee1b9b9e1f00000000
rsk,0000000000000000000ac05c6cccccb53afe71b1462c34371af22d56eda96550,3355767,162dead913fff16308b09805ab0550417de1c3e121ad9e46bc260a61c7650e61,1621182153,merged_mining_header_match,,1b7a75ef070ff49e6b9491a26403d799f2099ebd,549e49bf06fa1c681bcc2d7da4e25cd0191f6379e320dd5845a1e92300333477,0,,,8c4d8a12896705ef4902a01831d43300ccb94b66d1a2396d236caacd295ba156fc92ac692ffb3a0e563fd2769cc8a7478138147e9a4916be26f01416e6ae72f7f8c167dc59a21b268ff6f8f653f913a8d74a3d022a3396ef76014e63e0e24bc002583187e1f32395217d8c554a646d6ff3f3a5a67664c2f1ddb3ab660e5c91cc1c15a60cd00f9ecf275cf0c3b364c9f79c50ec0e8d02e161f1405b0824bb40743773aa69b354d4f9130f6e0105b5563aa55eab2531d0fae9488c4f530ed95819ea04e9243c2a868f9073e34be5c3c53a852787efea3cc2a35a27194578f957132c6523093a63ed14ae2cc67d76b0a91ec1bd1734175bd3b1889c82a080040c78716f35a86bcc81a1e1e910d0708a8e3051ee7064164321ea53864c33a49f25082bfa4214198dcb00819f70738b94eceb499510b8146cbc3344afa1d191b3e00e5b4640f4670fe7185e3155ac42a9d49ff0fc141a5ce669116c07ffed9b7fcc7c,0000000000000100938a1d94e52f4d4e741cd8f1591506897e8d82d8c2ef71b74b0d726c75cffd89338c9200000000000000002b6a2952534b424c4f434b3a549e49bf06fa1c681bcc2d7da4e25cd0191f6379e320dd5845a1e9230033347700000000
rsk,000000000000000000057efe0b954a46081ca35e7f1862145cb48c48e57c7937,3403133,31a801c42d8e765189d70441a953106b333fdffd950cbd07b07c4aca8b71f770,1622679484,merged_mining_header_match,,31fe561eb2c628cd32ec52573d7c4b7e4c278bfa,0fd9a4b1714d8116ac3310441054b53dccd622277427e82dfe17232d0033ed7d,1,0,3403134,6184c26d0e7e96c0cbd803a6960c9ef0f0563df7bce48bae61f427417697e19674600a56be35335e9298bd78cdd1ebc3095339339896b7986fd643229853163c2a43192b794323f3dd1b9b54887b5926472fa1a708970853b38f225a4d44518c582f890c3f31007cea478b18b93df9a7e7804271db00e834074ce530a7bd666f4f94f818b567640e5e4497f69836919d6d09c132aaaa3662d46f429f058358e3ab86308ca9d76730558d7dc5a54412bb48c9e4294d584f9f1ebf2a61c0016d3afabe740839bbde6e1f8f8ee0ebc28234e5414d38b3c9578dbd7b689256e69d96fddeff7af42c2087dba461abb6ee58378185fdd2d127fa1a243cb6f43c949e619c6532c21388d148fcc8f787b9f2a9a1f743cfc43ded0aaba55f4dcefb7eb46dcb2a0b9893e4af28740cd0691a829346e701c39b5435bf9a0917ce98143a763c3f8bb6ac65e7348e0790450a7a95113fa45d351f8adaa584a138104ea4adfb2d,00000000000000c067bd3b30df82a058480285eee20363271470f3bafe18002955f073b46c4062e10000000000000000266a24aa21a9ede8623f67cdec83b1a0259add31d85b145383e85e7325a625c33c61586e84a51b00000000000000002b6a2952534b424c4f434b3a0fd9a4b1714d8116ac3310441054b53dccd622277427e82dfe17232d0033ed7dd40e9051
rsk,0000000000000000000461f56d66d9638c0ca75520387df4bb9844f5802d4ad7,3410847,3707662b9c6524c927175081085554b738e37ff88eec48781e96d927bcb261c1,1622918706,merged_mining_header_match,,12d3178a62ef1f520944534ed04504609f7307a1,a3d3afa234b5a478b9bd7cf189bc0251421da041155df3df4a6f991f00340b9f,1,5,3410849,a1acf09eb258dfaecb0cfc544e5871fa1b0e0ef6f3bd11f700d0999503433e3976addf055df478916935840efc55ffb2fb22bb097736c37823f392b21251c734423f5d734ce5638cd9d131fda4b3d1e7cd60d0a1dc2340e70cf331d69a416115556757ebaecb5bfc91c06755fc64e2e58043920427f55c5a9a4aa3ebdd19b2368c4a791b78e065b9df6aa6294ccb5675848f645e7d18fe26001ab3bb43028c091835826de7109acd0c4c35041717b6f1996e7d0ff8cb2b5da7ef309415030c99d475f2ab6f7d32237797e2fc69e8c8899b9479409ce8f70b01a132587fe1cfcff640763d032d1724cf29c83c215a6f58700ba840467e9f9ea21eb1e64fbd482bafa62dd78f327fc0b3cacd5412e66520fd4b08ed106112fcb29965bb14fe9bde01c0f66a602055c6625913ccad20c5a8f5bf574c6550f94bb3c6f3153cd6edf2ba9435b475a218ab1e523b536e3f512202396305953bcb177a4b58423b5b7f640f4c88f3651e08eef1906059657de92d31459b5a5f4437b284849bd603dcb4c1,0000000000000100c541855723116e8e60e60b70a18a7ea7cbd82ea249d8e233baa66b5d2f626bc2af4713ba8f879b51456be27691dd878adf11ea718754fad4a04a39a9ad2c705c3a6d3500000000000000002c6a4c2952534b424c4f434b3aa3d3afa234b5a478b9bd7cf189bc0251421da041155df3df4a6f991f00340b9f0000000000000000266a24b9e11b6dd6035e7e53540ad08f154a85fe13eb8181d482ebe61d0c96c3c9e4100a1cb786fd27d048
rsk,0000000000000000000019b04c28105876ecb2859abbcdd031dfa93ae2be8c44,3433490,da84fd9f357da04ebf3cc9a099548bf3f09eaaf0a5b84db9892fa58f0f4a4b7c,1623643440,merged_mining_header_match,,1b7a75ef070ff49e6b9491a26403d799f2099ebd,7fdd140fb62332c3f5ccf4e754a29eece85d05e13c0ac503be35361700346412,1,0,3433492,b7e2d0456574d73973fcc3ce0059e1e6c4deb68186527fb6b03d0df3e6025e1ce421edc54a6a3962503c9755a95b695aba660565215f3311db2644de94105c581a00c9a1533a73e9bd20856a7aecc1152c79f1677a368d654c302b2be55ba09e42c0ff61bf5c44125d77e0586ad5aaa48b44d53e3c374509e9aac5544426a3fa086a22f6bf347f64dd283772ab15e1c7d9a25d9d8954eb660f2f3b2fc37e36a385f8f4f888d5547aa3eea8a2369e8665f629e8aabfe42baf3bf2dffc77680decaf4847d692221bde083e2f428a738e27833496fc31ab7323445cbde226184011dfecf5005850143d000dc89ef8e42df07305c26940eedfe91cf279fcc361c054196d5fce1c1dc76ae35707732ab85cf61332e0d46b6992e744cf56dcf6e2bb597ff0f55f573f91161d935697f93de86ffda94e9cd4b367990c458fd47fb0e7c3717d81e93ec36795c703345e3222de13ae66ef0a3bc6e89abfc532d158473b16,0000000000000100910a934c4b7e4d24bd807aaf1424a0e4c9341a89d481bf01c48dad40dc1687deeff62800000000000000002b6a2952534b424c4f434b3a7fdd140fb62332c3f5ccf4e754a29eece85d05e13c0ac503be3536170034641200000000
rsk,00000000000000000008fb1ea0c477adf2a472c486a2d9ea42865900ee55c8c7,3444867,adb77d259f93eb48cf74f8d95afbc827575fadb4ece99fb0d39efc0fbc16eb48,1624012712,merged_mining_header_match,,31fe561eb2c628cd32ec52573d7c4b7e4c278bfa,fff68b44acee5dbdfd6dc8faa645a92adf954c5eceb149ad844e2d1b00349083,0,,,a9c83b217272103974c840cacb93ba501da7a1af819cd670bd836299cc33457926fb72a40ecb48e53dc0a73a32f0a3619ebbec4b3efa8172bd44ce6aae534321b8bca532ce599f25f3d42b33a8dbfe2257c4274b047dd338cfdd50dcc996482c1ba99e7dbaa0e21cfca51cb077cfa045f2f6a8c60b42047f77bb8d83d2f54132e10f8d005255a7f6b34fc54a5b6743bf3f5b0ae50c3bd58904ff6a5e898c4548d5d3d0892ca42f4f1b1a28c4955259a14d7803d1ee69e740a7ba63367c5be09e85ae6f573a14e9dad65a1d2d794c8d38fbb8ec843f53c297523360ef28c71694c1cc9ea117ca1b138dcfdfa79212dde93ea308ca73f2f0639cb4ab4a1ea2128a5c3c2ce41fbbb2536991e14b16a5b36da3e200e851c36060d20db29ef283180c9f73f6f89a81f03e72d500314566474031f27061f8e14123b6c9941a0905cc3d254ead113a836a287ed6dbb9d7d2f752cc60e69694480ddc29713faf006b2296d2aab2ed7aa1520ec0d13cf6ddbddd281734e2d1ebf074ba925de76cd245e231,000000000000010060cb237212efeaacc4e11f8dba651d6c89636a7c5ddc67ad781de99939b061a624c16e2cd868537e02ce1f0586bc00000000000000002b6a2952534b424c4f434b3afff68b44acee5dbdfd6dc8faa645a92adf954c5eceb149ad844e2d1b00349083cdadcd01
rsk,0000000000000000000a4dbe9f44be64d4a5d53b8309ecce87d38bdf6c72f978,3555090,3be8a966d8b847c3384467198134615d9b0a75603a1fb98c26e8ebc8f6aa8a0e,1627514892,merged_mining_header_match,,1b7a75ef070ff49e6b9491a26403d799f2099ebd,3e65d51459fc51038d75ff860ae4585b4f7f01787570c0d66edb173300363f12,1,0,3555093,24fd209158c5b224fa8f816b2146a0ccea294b4a8a65f4d6ab1a13b8d29ace4cf2daea94c649558c7eca161078cfc323be0a9bb5e2e82078244c571b0f6ce1dc2946f3885f392d1335b8a7a21002263cb6faa5253d0f0038a79d48fcef92f4d256b9956ec3ceb4be58c612c850c2ddfb8d76c901956898814ea93838b790fcb063959b849591bef1054283a450f47519503d754ac6a440eb77f76dd03ed59bab3a62954442df5f52ec63570eec667ab4a5767aff849d462c18f85df8cfffbdf8fa14f50b39bc7367faba60ed8d303859d1090fc581c2674e75626e69b0371e0f63a86bd2cad8fc296c9b2190b2533a687ca4c8370f24def722584fde3d85b4f11f2e116964b217a7765251cf7b1a2d5793385a118ce4d21bbd95095906a134fe7b8377c4c23b29285597c583f8e4effab449f345978204ca75cef75e2eb318060d56344bbb18f8aef9684c55e37dfca07ec56c279d2ad6f6715ac733c1789711,00000000000001006aca70bf30a79b8381703f8e8d311f7ac969b309aa587b2bcc41d23eaa1c2718b31c1e00000000000000002b6a2952534b424c4f434b3a3e65d51459fc51038d75ff860ae4585b4f7f01787570c0d66edb173300363f1200000000
rsk,00000000000000000003fc00a7a6ec3d82ece5675dbb0eb16feb1f65081a4e47,3560909,150a05680c0aba61f8745c3cebec6f793ed10fbb898dbd0b54d9e9dadcd64a22,1627697681,merged_mining_header_match,,0539c4278803dd8991d8239d6c8d05fcf0a6fe91,c5651ce00ace1c06e99901fae5d63df1457e06faf0a44b71d2417828003655cd,1,0,3560911,e44f055a48d587ba59286655b11a95186f0b2dbbee4aeb14560fe15caaa827a82b37bd00f7465957c7f3fd5f93a1822226069b0db1da88d7b86f193111802bc8cc371e4a1966c2dd18bb24ede9917edcd64d32d32935b65156cbd3d65093099759531c9974981f7fc76aa547e841aecf691bc78f40e6358cbf2cd0acc5d659fcd7aba357164e3082aa4275d3d8a9991c42cbe3c40b538c1109eb1f06dad492ca3abfcb86f2dd5a3cfe619eb48aeba01dcfbbe2df2ad80f96ac217b2552c0ff327bc15a4fd61aaea9760e46cf27bf6e38e5f670b0de2744ac9cfdc8592b2eb7b6cc0d39bc6d9743a6149b2d91a79ede325d894c9c42420403f70dbc28e942afefdd5c356e551e19d39099e15334ac45f9a9345c21a4ceddbc21233e503c5ebcf83b7fc1f30c3b0c3e7bf2c3de4cab03f68bee5ad017e85d72dccbcfd7f36112200ee8485bf38fc909cae67d12480c6b7aaf82cb1e35f16162288221fd0abbfff9,00000000000001008a4336940b32ba98f1d38d182059121d17cc5f77e553c18da15cecca83c75e610365c95e00000000000000002b6a2952534b424c4f434b3ac5651ce00ace1c06e99901fae5d63df1457e06faf0a44b71d2417828003655cd00000000
rsk,0000000000000000000c696f74f34cf755bfcce4f8a3afb8bda9f33ff7fe96c2,3593315,50a1ba55eaf6622de66d3c33defd7ab99557fe2039c5c94bac7d1d0a20a60f45,1628719258,merged_mining_header_match,,12d3178a62ef1f520944534ed04504609f7307a1,4c542e9c1e4440759f3a2807e31de6526873fe1b612adf66317171200036d463,1,0,3593317,594c7d65ea625d45b8d857f5fe260db3394879a2470707c5d334dd104f04233f205be55715d4be30ea35e485121f546f480aed9971083f3eda597cc3e42ef7f5e29b7ee10baefae57b1bf9459a8218fffc227b4bd7c1a1f002e2ad85a4eab1811571905050dc09cc6721672e4f89fdfc5563556ed840ed14e173526ba54793bc19cb3fc9154da2ce9a022a9db9c74ffc6ecf8d86381aa1e5141071d122af5ddfda579cc9c7a1cf03e8448ba3fa866bdcb9df86cec2cde59bb0ccafb14821c29e272dc5087a51e2978dcc11702df2ee978c13de71a69fa56c85b1eaaeb5b898c1c0c17f1f80ea62eecc42b16bc35b9ca244f7da868f46170f901718e66736566baf834a88e2355b484721a0cae8f02ada7f5b9b8bfb607a2f9caa1255ab881a729f395d64df17ccbd0e4780f473325f7f0f09d44fd1d13c6891520b6db9cb1043d3c12bf8b938c1a7772f31399386f1f66fff9858f0b00e180510accc937a8e79daae1904f82537b3ca71608be6b027ac0ff40b1516f28da11b6197114c8c9cdd,000000000000010085aefbf4e370884fb7f53dc8f36ed4b943afd0cfad2d6a3800f063fafd7b83cb2ceccf5904794b2119dcf1dcffa66ce71323970ce8a5aede5749f99a73f883521272c600000000000000002c6a4c2952534b424c4f434b3a4c542e9c1e4440759f3a2807e31de6526873fe1b612adf66317171200036d4630000000000000000266a24b9e11b6d24dc61182a2641db8010ec3dedf0e4657b925110a128e9b58c6ff6de09210c2b197c223c
rsk,00000000000000000007c8948e5a89cd01804b7e5c6f454597c49d5b3b368b66,3607563,cc29adc04a046c7fffdadb37122c37fb1441f6e02940e2da0852e15eb0bb5631,1629164202,merged_mining_header_match,,31fe561eb2c628cd32ec52573d7c4b7e4c278bfa,04f5ee4e90a8a277c44520459b59685cfb97db9d69119473b4831f3300370c0b,1,1,3607564,700541add01c84f1453fbe6ccc38eec515a986c2aedae5116596bf983ad16c9504291405cfabbd11a7c4bb24a08de3e5b5c90cc73b014045a454f50711dd82fd069b9596d7f4df28bf058a57cf2667877ea366701a9cb1f2676aa628f8506eb4dd7999827ef68096c7c5eb1147eb483568b9d688895c52a36f8b388aa3dea5f92009a79c344dc20a0dc76e25240f1c3f7f7ff1a80ae598e1624f83a7625bcd6eb3f62830eebf43cb675a79ad195ad635bd3cfc0dae4412df849413b070c458d783e8f9b6a6e75acd10ced75fe718de05015f60bce04fa5f2ed4a922d47d83f4bf6393cb002e23329e3eae58607e461fe99b4186ef0821b7d10c5799ec970bc74125dadf6997739bf8e14d882ee1b050e9b515a7b7923b1355a52f0932c956561,000000000000010039e7a9f2ea75a613cef145c1e88c890cec35426e8cb54e848cf387d58ca9230db809ad36a7e6162d9882a5a9575600000000000000002b6a2952534b424c4f434b3a04f5ee4e90a8a277c44520459b59685cfb97db9d69119473b4831f3300370c0bb71f84f1
rsk,000000000000000000077247c3ca9bae18511418667c4562fc6f92477b5d339e,3622559,efb5b6825f70c7052bec935f0c5ab70e62664f9b2d4b217fbd29d1de354b4a15,1629630398,merged_mining_header_match,,31fe561eb2c628cd32ec52573d7c4b7e4c278bfa,c2186c855d8e603eba9cd2d168ee66e3ad89ef1a2dea6f14ca497b260037469f,1,2,3622560,72bf36b153652705ee998f15c2fef74399732f56ce3a2d94d6812d05dd430f8ce4651856c2024f276957a40ed1499b892e9d1eb866028ed31f04865f150498a8342d0ef16a893bd1650c09e79011152f02a56a0673e4a1b15a34d32833247c804aee2a089ef1761cd2e71a0df02062adf4534e503281b3188bfb87c6a96545ab805e583e05d1777d0e5441bfab63b55718bc5ed25b8dd6fecca3ec746273454e0e327b30be391902ee3152cad5ecce73b8ebae4a5644b889da62ac73542424b7a21bcd58c7e440b0ac0246696d40f517f465910fda2a9717bd901d3af47658be1cf0f0f428a123a8007d45d10070f0cb348548a6841ec7eacebf97824a23b09e613c2c57e97d12a1848c7706d464bb2d4dc45ec2c4e7ae3e744e2c4060d56d84bb6f08811c08c04260b4d85a5f8f9ce7aaba71f4390f8ca8342a04e6b3c9c3e8e1173245719002106577ef14f7664bb80074d4ff22b15b9b939fab376c2f7bba,00000000000001001e7a67b194fe9beffbdc046efba9e9ec08b52fd1cc21fd21e049c91f05dc0b75eb3e85fa5c1596369d3999d32b1f00000000000000002b6a2952534b424c4f434b3ac2186c855d8e603eba9cd2d168ee66e3ad89ef1a2dea6f14ca497b260037469f885aa63e
rsk,0000000000000000000d5bb28890cc7320559f91eae0bc5781d1d70a7d3a879d,3648096,c27ca8b04bb2c75fdd83ee92292f82391f63fccbfb91ea63a6ba42e36420d1a3,1630446564,merged_mining_header_match,,31fe561eb2c628cd32ec52573d7c4b7e4c278bfa,e041bb320b420e72c6d93c85a8bbe41ccf393337bfd794742aeb4f1f0037aa60,0,,,9d46fa67dfc409394c989446b0e8c1a1a19f9f34e37ddea1d66368b4135d24123880268a1eed73d25a3307691bdef3c30c8fdcc01b1fd121895ac1892696f381e1895271bee9382a69148a1c026893a5f244c5e332d34eb80785da13009dd13b3f1825f1a9021bd8708e69055cb063bce5bd9b18d85bf0a67ca2d0b52dbc27b08d984397f9c01b0d9f0c46b685c9030f34c095ed127cf624466cce1f1c3cb5f8e970dd265594b81657f8ba9c4743ab5d142ec429b678f08812ebc1d79f0e260012d894690713143747a50c936561045b36ad8fb3d0afa8027b5563710b5279259fbc2a9e71511191c02b8a34de499858f6d0d6b2f5aa0a9cdfa49f7e8064b2d81542af0390814a9a9fd5e583a5e797cd3db8a6b4c28320fa171fa37da06adc2c1fae31f53e8275240b66749c7551f031fbd99c9fbf93b79baf9839b11c14d6287c97fc791c6e08890768697146621cd019f39037a2883f320733d59cd46676a3bae8a9f844e634d5577d83767e599a9a1f0002a107395931010d656d47a17860c47b823ed903521b5a05a5987cd9a5c7fc821c23efc818e7fee652444af4dae6,0000000000000100a84dfa460ba11d94ce2225e052a771ecf57ceb1d4a407617c1c00d317b26d7c048f242903ec30f4817253d68a87400000000000000002b6a2952534b424c4f434b3ae041bb320b420e72c6d93c85a8bbe41ccf393337bfd794742aeb4f1f0037aa60842e5ea5
rsk,000000000000000000001b644ac038024ee1c44794fbd6670cfab26f45688351,3719930,89afae807fddd5b33e8a095ca20511266d7462fc0403f30d20a055edb3ce998f,1632720989,merged_mining_header_match,,31fe561eb2c628cd32ec52573d7c4b7e4c278bfa,e6544861befa0f76dec534de92a14bc1cfdd37af670e8eb4bddff0290038c2fa,1,0,3719932,21725ec9cd94a5cf7fe899cff8ad53d230d27cd8f8b3ee5fecce6e7add027be4d00d3fe21513e92d6c95ea451c42e7c053e5438b1a0edad27f512f18330af25e6eecb890190a275749e05657dde14cb52f90122858637544e280175508537e35e8cb70c2d6c637ad6b083dfc1debc5f3ae131a4ebcf7c12dcfdbe9132496c30d9853fbd67ff40d3ab1739aaeb722c8748deb78f480c4c2652d0926833d6d5a9afe9c14e2234d9fc8ad3e40ec79029a89e9bbe4edecd06398bb00dc43828a2f6c7ac482a715b9076c045e961760fecbd1dffff61c8da4de43af5840739deb9fe890e941eea9538a589d156afa8d152d17c0f02644bd50811586040c3bc6880515d9a7f8be0eec94f1769bb49ffdc76dff7c24e8b17048802ad48a88a7262e66f0,000000000000010089bc511f457cdcf7ba75bd16eb94409ef5c314706711438d20631e2fa20c756c3f3632d6b8f15241fe9235d1a1ba00000000000000002b6a2952534b424c4f434b3ae6544861befa0f76dec534de92a14bc1cfdd37af670e8eb4bddff0290038c2fac9edce63
rsk,0000000000000000000082662395224ba78d2ba1fdd3cb5a918ab8c7d5d63beb,3765298,b913fcd41df0a3623cf9d031d1cc991b72d091118c52954ed003d263bb130655,1634153555,merged_mining_header_match,,31fe561eb2c628cd32ec52573d7c4b7e4c278bfa,cc488063b10622c71b5bd25a0fd7a5155f01903df6dd103573d2923000397432,1,0,3765300,83a44b2bfc64b3fec6c238837c61b45346907b362c076aee3f7ac40457c0f2b24e7dde35ed88c4e509c8e412f097aea82244d4ebb04fafe35e5443d112ea4ebd245d6803151e52bde309ddfe92c55f316c80a3447c42349b61662a83c3816f6453f8e52f521f0b5ac95b68a94815f2959ff1da583cebb81e2546f12bdd32dae963666eee8222f8c75a5c21e7495810432eaf632f0da052c9d4011f575b99f04a0ff6d1c2f8b6da88466bc7e780f8101e269a4c5ea4b25ddb1e83c8060d067f3c51950be3acd8290b44e4f66c9a0b9139328f3e6d49e1ec410ffa78cca0d7d26f7d61375cd32897c10e9c57387e01e653203fc5d45d1dcc67b3ddf1edba7f063582549a49aa39dafd674c06e672c6c3df23da839f16294234d5c3d8c34a0e1428fd1cea75d3adec05dbc69c573945b2f5d24ac7aafb0ebf506454b708dbe4c4f616bccf187bebadf20fcb622204155cd6b92f6eabf1e2bc947e0d27193b66c36367b938a6ffc918639030ef6ae189159ad1d7f21d8de865f7bc57fb166b2b7f12,0000000000000100631087db4ccfde344fd778a741738e931f90769dc9c04e3385f649262c6bcb8b0494ef6600000000000000002b6a2952534b424c4f434b3acc488063b10622c71b5bd25a0fd7a5155f01903df6dd103573d2923000397432c86151f2
rsk,00000000000000000002328fe71f98eff128c9566bbf344d76234570b4a96e69,3785313,e37105c8efd1ae5a949c955e75bc37075db19fb8dc6db4ca14b944900d2933fa,1634804505,merged_mining_header_match,,8afad2f417e5132ee983b74d28600c0dedcc3e07,50fcb69ebd269e29f71f53b6de32df42f03c52a37c6dd44f8739732d0039c261,1,1,3785314,eb11aa1b8ed2d6b7952dcc7ba9fa4be59584e2b11e8067f0e17d3f9616b56fd36f9adcb0a54ccc55b83a1cdc538077edb21b52f43ae8ea4f9615c993fbd5c2b4ff08b596f3d64acbcc263178c00ef8073d5803dcd821271ea853bfb79906b22cad0c84175c4022493efbab62a38436a25e24e0c8b140acb105e02306eb06c333ea9e37354b9e40ad8593b4bb6db088ee30baf3d140f03961697a62edd049396259a9eb85b843836072b0aa9e7a8acb54174fb6b48b35ce145f29bf96d8d9fc86fc04ae3640f1ecb7e81b99949c6a087055e889b0589537388358027499235c20f4544b2f4569d856cea64fd5e877cd721ee104bd99bc891c59bdb4234e7af8cd13c4fdd9b2acdc6a6f8b716c6fcc45705e1c4798dda5a4495fec35ff3d211d2305641debfa0e6d331e580fb5c25576665c380576393c09d24216189ee37eec492e9621b4cc8c52d34ad7464a65875f9cbc34b7d1c257f0f3856142e45491ef162b6e52d43da86df72cc6e45054d1f7ee809b5ffe0c5f778f9451be5fa2e56631,00000000000000806b59c4295e8faea37910501fe7987020db1dcace4db61764f3943bd26cd42b739dbfc62899000000000000ffffffff0363b22226000000001976a914536ffa992491508dca0354e52f32a3a7a679a53a88ac00000000000000002b6a2952534b424c4f434b3a50fcb69ebd269e29f71f53b6de32df42f03c52a37c6dd44f8739732d0039c2610000000000000000266a24aa21a9eddfb761ce7041b9c37c26a5ff1d080ed78d241504b394808d883caacce492f01b00000000
rsk,0000000000000000000cd4c148073e2cf6b0746ce5411afbb571df2557ef2e96,3795421,02ac6cda02f2a0895e8193c5f4a4c4c2d4fa7b304e2f415ed4038be71b8a392b,1635143605,merged_mining_header_match,,31fe561eb2c628cd32ec52573d7c4b7e4c278bfa,e1196ac84464366afa3637867b49a1ba96324f84fe79bdf1994ad6230039e9dd,0,,,f9257e94a2db57694fd0bf413cba7ec14ab2a309c98eaf3947b4ae901bb401c316bab655ad77bcec6a8b5178e6bd83406bf78311328c8589f362ec6e43f19333245a1db57f70d60462767f6397f9fd97acb8b20a2416077afba6c9b2d899f2628de52b8b1f1d567875e8f08721a9778a7c1f161e7d843ea85e6c711a18510545cf257f22fa09eb405cdea9492685ca8f99e2624f5c8990b3681a5bd4e2152d8347694a0b8f502818e26df195bfb271575b04cbbbf5f69b1059f753d4e430ffe15ed20de8cb0114df114b4efa59c746e6e48f07867845aaeadfc0c9c9d13a501f7a402a99633d01779cb5dc3800cd6fc6eb1c10125587e240a267c5c7d0816bb12440f4d64f2a448a048b2c4b1f9aeefabefb0d623e3501a65fb388a4387e3797eb03bc6dd5ae54b8948faf08211d169e4f23f1da0fc498028d79cf97db59a7c113a8fa1e78e13c0e5be76708ac3cda4b286596c697f63b5d0cd2b2c46e0515a9,0000000000000100306914b9cc9d3dbe9ca09360c5c0c865dd21ee9c9a8b3b70d1074acaedef4ae326d6137fe57e328e0d5200000000000000002b6a2952534b424c4f434b3ae1196ac84464366afa3637867b49a1ba96324f84fe79bdf1994ad6230039e9dd99eac9b1
rsk,0000000000000000000929e8bd3c60c7b01941c8a46ef5ca98b0f3193c47dd35,3809160,a29eebc6fbb733fbc094e81339a1a9f989d55a366f4ae09d47714f3b27887a3c,1635602030,merged_mining_header_match,,8afad2f417e5132ee983b74d28600c0dedcc3e07,660aef3b7ce3a3d0fb4792f0d9989e2b340c7baac0d951ecfe496926003a1f88,1,3,3809162,c2f3e7f7183f2b72dd5e3b9a6d6950e1e84e5966f404399ab53cb362f320b69dfe2c9801b4b7c2fc9cde0d15682293c14b3d9c90e773c4f517579fb3f4bd3ff23628724d11dfc4208524205f557c1eb12a1833e2979fd732f985904a22d3333b68536f72d57460d231de8851252d87457728a85f8254c58685478fba92fd1fc68f333db973b81dfc8775cd45ecc1c66938c687f62d81403289ee95ba314b788c82aa7aee8425855d1f2cbddc49ba7ee6e5713a049dba8b1978a60d105c4ade81c3cd48a61d647b32401740e0be38354eec530a1e2c9bfbb1861b880e6f4a72ce0953b2daaa5f2b2f1ca1fd569b04dcac8975996845ff11a6315d85c0ee4af3dc414dfc3dfb3a6787f344b4f160a70b6c81949a7a00229df9c934c781f704ae1c9d11c2f4f2a527d5c55d2d966987cf1c164194cb68ac6946c1d70f034cbed23efb8c7286c9b629e44588b8263e8144822f872376c546a3df6ea5d297720b95fa,0000000000000080aa5f505b7d6ac32c63691d1523b3fea50d56819d048a6c2f0ccde330bec3f636dec7aa573caa75000000000000ffffffff044f948c25000000001976a914536ffa992491508dca0354e52f32a3a7a679a53a88ac00000000000000002b6a2952534b424c4f434b3a660aef3b7ce3a3d0fb4792f0d9989e2b340c7baac0d951ecfe496926003a1f880000000000000000266a24b9e11b6d8bcc54c7b77388aabd756d55036fac82ed0a3f84cae07fc577cc8a590e62fd880000000000000000266a24aa21a9ed2180665038a79d6c13ae4d9ecef89743e00821b57dc315225c0d3a1ea0349ef500000000
rsk,0000000000000000000bdc845158b07c6906d2984ecb23cf97905d0bc93ba5dc,3818965,1e47244da260fb66f3230e7149a721f4bac8edb3087bfb848f67075a02bfc4f9,1635928327,merged_mining_header_match,,31fe561eb2c628cd32ec52573d7c4b7e4c278bfa,f2faa3391ba99c80af470148861c8909d1006e6f0ac13cfee1bdf835003a45d5,1,0,3818969,70ada925b6fcb4e7948e9b05029ec9c2a0fff9e469007df2d745723c98311760547f25a646008fc1d9b36905c98499f88e5c9624002f2055130b9ad17786223179a1fa99898cf216875e346faaf85c41f7bc2a1a00cc1fc3df12db3fe5c72d1fbac4dd3a93b20fc92cac90524c924f726a9491c7b16a5ee48576f4b3db87f1df79baa7242a257d9f560295b8f47ed8ea8d8577f94a669e3008a7f7233e5d1a6bae342cf3a75da76c4fab591b53b40584fa0cc43c3f98f8ba120d29d119b1424b61aa2a7462da595da63b61fcbb701c82b654a6cead56df5ed366ad119f0060c9d34a847b9edc921e878edf3ac6af70d705746800a2bd25bcf2fe300a82973cf3ae06d02f6673fd840d59355ff249d0784a97d4f5d7d901f12b4f3a897c2a521f0954dcef6865c008ca662ad8a1767d35fef672af7cd31e6f3b629684316f22f397abbf596cbd1cbccb5600552b8908e56001bcccfd42ae92ab1f90efb601781a,00000000000001406146942df8668f98fc7f46fb94872448cfa88ec3cdad201f24ee4676573f7913002b6a2952534b424c4f434b3af2faa3391ba99c80af470148861c8909d1006e6f0ac13cfee1bdf835003a45d51d9c0390
rsk,00000000000000000001a2e49fc7d218f65a13174b2c8dbe6cea5e95e2df621b,3829641,0a542e8223c363d8f7c99a2793972ea1d0c1c8797b26a0a8f638608127658f5b,1636288857,merged_mining_header_match,,31fe561eb2c628cd32ec52573d7c4b7e4c278bfa,eb66128a04a47809034922987507669898960ebb90e2114bbb6e522b003a6f89,1,1,3829643,0e2d155c32ec430677d88233fe81e74c383c926b493098dc87c22dfb524ba94555d5a6713bd2bda1c2e7ff4345124329231eb79cd2d49d514a293d9cd79e5d6ec1fdafab41aef5278d9f954e97bc6d1fd2c6395d02bc80c61a7f53654aea4b9967d668a991629c946261dac611462cea14b4ac6ae33b9bc6a67f9651fefaf7c2ad757ddb1880fdbd68a9cf0f5d80aa3cd2108cb75227bb7b2aed0c0520bd89c385fb908cde79e2aeeb8ae847e937b7b6ec164b8f3b8aa5933d57343f0f15f2e9a44b1ad88679c6ead053cb5a6c96fa02450b258216b9f1f3e7331879c1cf803f60f7f355037a3d2adb274a566ac4778c7eda443d0eb3533643214bb9b68670517a49116f9d3431016b40df4565eedf800d456197c33f3154f6ab8e97e64090fc5eab944f73f8be024169ea5a12da7c913abe00291e717ef34b5777bc1618e0c03ea01cab079295eb4e55ec32dbc84fe6b8e2bf8d625b06da6c55c2ae68a3c94e399a2a49a4e7d33c68cc4ea2dd81d951083d1bc6853a09513daeac7da4415d78,0000000000000140fa2df92b7fc1e19aee7db9d1ccbc59e1db375fe14e1acaef63e1f8e8bcabb8b2002b6a2952534b424c4f434b3aeb66128a04a47809034922987507669898960ebb90e2114bbb6e522b003a6f892d9c7c0d
rsk,00000000000000000002b66cb38b639b7d3e8ffe63b9d062fb0ab6bd56474fc0,3834458,9e78f0a397d07f10830ab0c0cbc3dd26c3562c71f4d3690f2fb5f7c51aff8c67,1636453050,merged_mining_header_match,,31fe561eb2c628cd32ec52573d7c4b7e4c278bfa,52bdba59ad2bb764d48a54e0deecdabd98a66e17bf9331ebcc687029003a825a,0,,,785e464c0ec05d610ee167d623ad7a9de10991f02ec9c7ae0c67b61eedf5f3d73dd53e7c1c5c739d898ffe1775471a4eee505b3adb3c04752087fcffe2351deb156c039d22a6187c1996633aad342418bb3d351b1586a9ae3b40078b0d850c6899b134776d3d28230afe46afa380e10bf1d323ef4f0372cb6c4445176601a37c1c15234d41c07aee3540c454282001faab1744e10409f53e04f001311ff1a3e76db7f4dcb1b07a101bcebb8e3cb8f148128041c8dafbc134c8933ddd50198f671334a9b5da3b8f143609bc8f8851b1ddb0e5adbbe774b2eb4d56e2478bb04dc9a506238c60c84fd3f54fbb52d89e318276302caf4a2f85bdd3f7966239b724f3c89641f938203f26af3604461bf6b50a1de6193670e5641d3217d300426bb8c0135a99650bbc57e5247527b19f39f7fc062a4c5c2c6af1bfcd95adcd77ff1eb75631de8b230dd8fdb33b10544c759c75189287a8326bc8ea5f9d565d8b1c00d4931d5579125fdfdaaf80ab15cb80986d2c83bd056ae35adbcd8858a5b79b0988,0000000000000100024b518cb2578b0b989e6736a6c00dee129aac9b851d7417822834723f0a4c1d35208e320000000000000000266a24aa21a9ede8b743e16389c37821dfec4476fbd824ebbeb4f9ba5e8b1bd044e73fbbf0a51400000000000000002b6a2952534b424c4f434b3a52bdba59ad2bb764d48a54e0deecdabd98a66e17bf9331ebcc687029003a825a80b0e20c
rsk,00000000000000000003e53e3e5bc529a365fc1d0025b253c428dc94dedafa4b,3839863,911a57683c1ce22aed3609897d8e10ceefa6896c94d1f483062df0ca3575928f,1636632129,merged_mining_header_match,,32dfc7a84f24b10a5dded1d8b24f48b96ab77373,7d5fa765a7478be7338d0bf46d5288b2f27b15f08936b1c320126226003a9777,1,1,3839865,4c7fc847957383eaab9ccde89429ddcbf5627351aca8e0a7b91cbd7444c56128359cd18770fd6a48c6c398abe1fee64eaf9331f76cc1f8b523aee8ca24166c5aae1b853aac0fc1cf5f4bdb9d414a18ec85d38d25958965c44faa400a61a4c4b6c7f91b447efc3c71021da2935bf9c9232183cf2b42f74c980e2b352000db0018defd6daf2227108672af5c52cadcf4a20f7f38d5976fc6352b151e92b8926bb6454fc10d8c7185a579ff6972126c19386228d3247e8c2ad04a98209c65519336133fc13c298a8e31eab9777f49eb3dc798d3e365a8b3fe7849a75cf2731bd69df99967527e6d1d0b871f8ded54056ff13642924b875c9a4f10cf6ca65b2b0a9bc282aca1e8943bbb3b6285e8ef76c15e6c823532e8fffde7dfed4e13c8b30d86c17ff30d01f67f6a69389b0bc7899120e31c1ec744643b9a986412d3f1c755b3,00000000000000804c8813ba4a9a1ddc430c97c4312da4cfd09eefc165514f0634810083c121b26800001976a9147c154ed1dc59609e3d26abb2df2ea3d587cd8c4188ac00000000000000002c6a4c2952534b424c4f434b3a7d5fa765a7478be7338d0bf46d5288b2f27b15f08936b1c320126226003a97770000000000000000266a24aa21a9ed244552d917c725aaf5f1233b5325b5f226b3b29f48644fef06be3f0ddd82eee500000000
rsk,000000000000000000031074ef00ff3903f2b80cc324cf41463ef927dabd407b,3856683,473f65443d5e0938a116d6af7846d1ae09ca30401a0f702ab3ccbc113297fa7d,1637192211,merged_mining_header_match,,1b7a75ef070ff49e6b9491a26403d799f2099ebd,5c2e528d21505524fd63977862a9c5af7e6285ec9ae9770cec691527003ad92b,0,,,4af9f266d3b49f9f8877793f5892600560362a371262e45eb2b2776a86c3d689bdba3b8abf4d1dc01b9e821ed2a5761d2c62774853e5a92f3bd18649d7c080499fe586149b3a5fd96b862bed5fe13b9c4d8e4f008f9d145c6a6f28f19561160176fd6724e15fe3400249d3c639ea497a1f6db7dd9cdcdc07e22f14fab79af788c8556faacab02dfd94c201700ed5698294ab30738c450fb94a58a05843518ce920ddd3d90ea6c24656bff03dc649e975d0fe913a70a9f9fffbd340cf99d6baaee41d420c5f366929dc606a45bdf50c1f8efed04a5d79d6624f226b7ba279cd22434599802107be8e9f0d119f8ff6da2e58d34cd1c7ded75506597d5c527871fdcfe8eedee540c5e156529d4f2954e72f4afff59da66560c9b3a5f7126b8b0254a9c1e11177525260803c3a4de0820b8d7d563c3433e7fb88f4c7b44123f23a3e6d3df5bae632fc3def0eac6003a54118edfe2e58b88778a0ca8e45e0901015d09f6faf35f4fde8796f9e944e13c93ed8bcd8d8cbab52e6dc5b7864332afb3ba2,00000000000001007cc0d2fa3dc88fe9715f2999bcc1149bca140a8512e71370569700e21fa77e2b4f362000000000000000002b6a2952534b424c4f434b3a5c2e528d21505524fd63977862a9c5af7e6285ec9ae9770cec691527003ad92b00000000
rsk,0000000000000000000299304196510f9f40d0e640a94258a473009efe587516,3857109,f2d3d9e491346a2dd5b08d3865f171e52f1a06393994d66e4acb89c5dc3e3f8e,1637206366,merged_mining_header_match,,12d3178a62ef1f520944534ed04504609f7307a1,cda12d8803b543e147ecfad3a6aa2de6bb72c4bcb74478c463876625003adad5,1,0,3857112,9d2c88fb4a9033e0f7b3e733cd9a63259003d7b4b5d4f44570efef14e713e040904f7b8482518c8e9c6e82a19d8064fda80e97d1f1f8557f07ac7d3aefbe209823bf12e7db5f1f187dd4094bf964708450105030362b2b91fb5a2d58cf088a3f5d44d3807bbf2ef2ca73200403ebf7774f5086bb3429a90a73430e2c8923e8e80006eb24abe4a6b7d78fa66f5eaf9ee50d076ef24b2a37bee6a2554e068e4a6f0157d93fc49d29377a8ea24f5ee35543fbbb7b0980900cd738b0c2b15c76462aade9e9140ed7a08fe611eeb2ebd2734d6a46e5511a825e1e736523ed4ed0265c40e57473a7c388f980d8e8a41615f7415f0a1effc4e8ae0b012c95c0037674942fa7b52d92b08b3994377fbad7c4502816fa0d582977cfe961d1f1416344180ec409f25494a0f3c508cb74ef7c61afb5ec1597bb243c934fd0cb3023dd423b70,000000000000010020292d348dfd5d385ff6081afccaa6fec13712d78cabec04b43f7aa71471747c9295609cb130eb5afc2faf62f93d274b2ec10800000000000000002c6a4c2952534b424c4f434b3acda12d8803b543e147ecfad3a6aa2de6bb72c4bcb74478c463876625003adad50000000000000000266a24b9e11b6dabd0b1ea991bee377bf94329076c363826746457c3dcf854dc525630b0c5a45bc91fa33d
rsk,0000000000000000000be41b423608eee18feb7e0f6fb9ac6c27835c530179c2,3870646,0f513b6a31bb46c30d25c0c78064cc6a13d8ff3e57fa2ff3bb01b61897f9e45a,1637668035,merged_mining_header_match,,31fe561eb2c628cd32ec52573d7c4b7e4c278bfa,cf1c3de00a087b0afd5b0f0f44a39234d352f2e754663bc84ea00029003b0fb6,1,0,3870648,3e020020f9c70443d15cc068a31beb67cbd55dae7eeb8afa6feca1dc48e2d1ff7e9917cfcb64995cabe7b4b823e8c475e13b83b988d3ed7ccb500eaabd003d46e39aeb62f173eaba62baa281f385230c770741dcb76d61d810e3fb6945c577d010598dc1bbcd1d6cce2299204fb05638a1b17a3ec5e09441dd1f66de13c924a8660585ea07948b5c6a903c715f582c5e8f8afd875b46efbebbc1bdc9114f674650c6fea20edb67b9c5592ebd7329d4685ac6f95361619b372204d85dc8e5bfc8059c14518055e495ea5e7100a762868960bda56c87774c3fd7738b9903900e0cb0babd8b7cf004442f3277534836e4f5a4378266330987eb8298cf67184de088d8569ec855294c8b1f2a2ab69ec9edad663a9cc0fd2b18820f05ce2483b43358b65a14a38d7f0554728bd07ecbef847311bf17b0a2ada051ef76b1e69048cec4ce613875cdb247775e4dd75efa800287ff3463d5788010ef33376c44833352c9f496c19e07a547cfcfc6048e414417ef2a1939d201db1ada8ff4697b1f1d5839,0000000000000100982fc6251ff766be0ce6b5a5fe392be0f1e4b9757e5a6b6904d72ab8964441ddcf0f4bb20000000000000000266a24aa21a9ed4bcecd5cca601a930b0b7d42a7da5cf8d823b7cc9decbbdbf226c1dcdfc36a8700000000000000002b6a2952534b424c4f434b3acf1c3de00a087b0afd5b0f0f44a39234d352f2e754663bc84ea00029003b0fb616fd0d67
rsk,000000000000000000045d50de0c18d3a15e3f4bf540fa0838297ff1f06cea21,3889473,4986bfcd7cbf2af967054e974da83f23be58a37cd3dd4ba6ca798579a625a967,1638314289,merged_mining_header_match,,31fe561eb2c628cd32ec52573d7c4b7e4c278bfa,439d619e92438358cf72dfc7ad30ce256702a42ece02758c915d472e003b5941,0,,,f78fbbf810af581e235abd2895bf089b3d58f19df38f88ba79a2deb25b403a5fd2abae743d3ed7d18e11f0420523be6a560a286c1d1332f02b0f74a5dae468c50b803c335ea54fdc563e360d5a485f110e1911ab3eaa63e1b5d78612cbe421f4767d9b61013bd0deb3a6ff9d5bdd835bda8d69e25bde1674cb30901398b2bf17df87c0c1138c19c4beadfde4620f2c22885f5070781f6e20312daf3d689bc4f352e5a006f5f7669fa33ed9db5a38b77ca24ff2b1e119dea1fc4450ec3b55ed80b48ada48f404554130c3315266b2db9059b7805ce86922d9f80c313db6bfc28a12dea7d2f36feaddc8dd73609d290f00db73829fbc41fc102f447cdb326b4ebbdbed7afc3a21a73353320644d9ee2f3c789a80b5ee3c2a21935e02fe19b16666b86c0cd7a1a27527a5535eeaaa65333ba025d655bbca8caa2e8655ffcca84e8085dca3aa8e35204ce74111139bcf4fd05b0934f470fe976913028299ee37cff1b4f93877e5427a6bf85ea996df9b9157456469f4297651d56f8b06bc401a2d4d,0000000000000100351dcb2ddd930a4eb89fdcb63d50bdf6e5f5406c59badb90a52c2db34dbd645faed314310000000000000000266a24aa21a9ed35ee33cdfbe71f6f74fb67c526eadb064b86db8f0439253f12de0c5d21f6cf5100000000000000002b6a2952534b424c4f434b3a439d619e92438358cf72dfc7ad30ce256702a42ece02758c915d472e003b59414e23ed8d
rsk,0000000000000000000407bc4e26035c137869cdb677dfcab268b3faf7d7b5d1,3942534,06019340a707f221d6976fc5fb94e96a9f102ffca37f07a887d6a08f432a7a91,1640114534,merged_mining_header_match,,1b7a75ef070ff49e6b9491a26403d799f2099ebd,ce8227aa9bd0162263a2085e6e6e28b29ffb69a6efa160ee1d667621003c2886,1,3,3942536,aee2c9bf90d5bdd2f0354031ed6d8673bfb298702a87aa14a7498753aa3270b22e9f4c1ba4008e6a0ab24e3bda8953938534fca2fd52b0a57385d0e45ba52870849e8cea3f960cd7a35b38e1fac9472020c8ab111f92a77814380e9bf8f035709685649c9bc354ab6e1e9db9cbf07dee88440e8a76f2e99d3a532b26b08c50b9ef71962a29d4b7e1dcff17f34b9e84dfba212439424e672c3096c383ea610ec4c510fd86cf322622683af107495b2fe34acb3aad037ad39c8da617858dc2ad0155489a3cd47e08f991637d6db0d44191f1fba1d47deed9b91462930d4cc6da7fc82a02d2d50c51c38c9515b1920b70f7a7e53b2c859c7fe230d9701e6ab5ad295a7e8fe988b5da537f6f473ebf576f1a8a124c017b5fe06b21161d9063d1a75c0ea2b8a59b8117f4fde8e53c0a0e98606c07f3296e899f49686bb3141fd8e6786a9e19f7319d7130f41a57373186c0db99f202a7bba424be451e4f98e8c0bb34,000000000000010014be14d98c162e01c72708163fe05a091ac5c0cdb6d9cdb25867eb5ea26930888dc71900000000000000002b6a2952534b424c4f434b3ace8227aa9bd0162263a2085e6e6e28b29ffb69a6efa160ee1d667621003c288600000000
rsk,00000000000000000009b160476c5f407ccd4957e20346b862d8fc46004759f0,3944833,8d7a92206c7415d4f1dd9f0ba24a3a82679b24b60012af80cd3674bf0a01ffa2,1640193068,merged_mining_header_match,,32dfc7a84f24b10a5dded1d8b24f48b96ab77373,8ecc5616eb8262e0e92e4e9af619895b44037c0695adf01cc3550421003c3181,1,0,3944834,6ad3909aed3db8abca8ea1f0358c085ae02e24505f94a4fa536cd4f200e32514a8b2bfc5a3152bf7ea87ef597b809561742095aa921d00826269b93504d5751e35b04ec09c9e87b8b8a46021308eacab00b01e2ace3e0ceb86a86688dffdec4dc4f684749f6cb66c99f0684c966f8158224097233d772cd8f9fcd06e440f08c679f0d1b5e37c4bc1c4f2e5679101d53cbc34213187ca138ee085fcae2327c56d9261859e3ae04bdf9394418e5baf341e98d32ad02125dc04333ab8839d60c8d34265afad1c674bd765e850e4c5aadb784438a2ec0a3cf4f7e76f7851e8b0216efc4e639a0f8fd28055fa3d05b28614d70ffdd321c0b8a2e0a1fe6ef30f8c0a8775fecd69e988f05bfee082e4bb43a641fc5c004dce7b05246c9ac28aedb51ed3ba870460d6cde9cc84ea59f4865243007bd48cd66994fbb7ef444c82df6b86e01e4f7d5d0aabb8a4291f7adc675aa8d4d7553eb3e56966ad5df94c9ff63aea78e1ac6a2b0f1a62cc8db1b82a64e824aa7e7f6faa85e7edc9ccdb2f015d1fc855,0000000000000080e243c1572f9b066969b813296b701bbca6ace02a35e432c016633b8b0d392adc001976a9147c154ed1dc59609e3d26abb2df2ea3d587cd8c4188ac00000000000000002c6a4c2952534b424c4f434b3a8ecc5616eb8262e0e92e4e9af619895b44037c0695adf01cc3550421003c31810000000000000000266a24aa21a9edd0207bfc66aaad09f150fce3a9529f42ab6be67bc58763fdcda14583aba13d9600000000
rsk,00000000000000000002693ba34e32bed6442dfa553a4b9cb50b7a8c9dc2d58d,3947599,948cc54bcfc987ef73524b968eb81fc3494a302b0cd39e1806ccfb8f2526ef01,1640287641,merged_mining_header_match,,1b7a75ef070ff49e6b9491a26403d799f2099ebd,d0d79878b4ad45d4dc5059c9bd9a7eb85597ff458625d1958a91162c003c3c4f,0,,,de4dc53f15819278c7fb92e6792d66a4ca958a5120af2f112730357acb08ee45a9ab05ca8ed8b950da807266a8851544490222ab26ace7371b1deb0f82886e9c465f056b9a67d573cc76b675c161e46a855bd881f9daafd17c6291e58fdfd30fb80580115e47ff7becf0125531272a2547d8ac6a98ba7912d18d1c7c256efc56e1a8fd7570e1d6942c01fb62cb1417351ff8f30dce4625313de8bd4dd1a1a28d48bc71dc1868543e85aac5d29df1c98a8c4314154c75bee49043b9c1a4d9339fee98f5d99d87165b26f6b46026847b91bb1d01676a65b5495891bc0b1dbd6b709d93c956235b23822eef4e42d9556dc5da3a7a37ca5ee8835e44561d034321df2d29cdeeac3a42ad2aa538c773196b8bb4b7e7fa65efaa498847665c60fc7025a5d3a45353facfc0daca0b215ef96585d0778f8b73b4d4c133b532d87a0ff5abc5eca9d3823a2fb5f269b4086be0112f1e936e3032b6cd301984d248b5a243b8afb72444ffdccee80287f6727671f1222ad50d9ee2f4485eee2381b22639cf1b3e2ae4bdd0fd121c33ae9981d669cc8f54c5666edd9e3c01f2bf3e8eb1982412,0000000000000100504a7408a9947760aecd9fd85eab4c01cb855bb6e31a2bb6aa5b4d548828bb270000002b6a2952534b424c4f434b3ad0d79878b4ad45d4dc5059c9bd9a7eb85597ff458625d1958a91162c003c3c4f00000000
rsk,000000000000000000043960a5a94b18f7d94c647354d1fb1e75c34055910ecd,4138051,23991d7793c773eb01325053be97482f69044dc2d3830996f605ddc1de0215d5,1646671933,merged_mining_header_match,,32dfc7a84f24b10a5dded1d8b24f48b96ab77373,d795389849ca5d95a75a1d24026c2ede3b50c723faa6ae6ee608cd2d003f2443,1,1,4138053,842ec7a694bed60b0cee168c779a552a4fd3ee3ea298aac451a847c73d8fe10fb40b23b0e651a94d94b3831fac2d59cca1854c0983b9b99f34f9bfdb0adea82e8911a569c7588cbe280d0bf6879670aac67d939064e753cac368ab645d969a880f7029d442414094c7ec88155ced7f3a7e9277b66e514f51c6fc1dd4a16b4a144e4c0a4ad2059fcc3b2f2250e0be5fbc903f5b91abb26a90117e0d48e990a3c6e5fca0d238031d8b6c6bc7617bc024667396e934d562a03c96009b71f27058b46bd966d431db961981ee6e5619ab832854ca4e4235b7e3ee14e378200359f10654e612e93ebbe0404146ff8b131805bf434cf4ee5d948e687716df83a83e87a735600cdea66e5d693a357075f8f97b1185271c5210bd1a66e44a0cf5947461ed669f4515943dfe6707f825ca46dafdb76a73da924af94a07c312ea96c8b66836a9f1731326d46a83a668434e68eb7be7ba4bdeeb28fe250bc56f35f95ff9c08d87a4f5126cfc9c8f9d214ca973676a0a1e354302eac083288efdc09cac94c1e1,000000000000008039306ad2885ebe51fcae250f464a332b0069c5e31d37a31a0f24cb881ecb939e00001976a9147c154ed1dc59609e3d26abb2df2ea3d587cd8c4188ac00000000000000002c6a4c2952534b424c4f434b3ad795389849ca5d95a75a1d24026c2ede3b50c723faa6ae6ee608cd2d003f24430000000000000000266a24aa21a9edbe155cf1e9153b16a31269b50e915c49f580eee54b9d357da19c7b6d811f1a7900000000
rsk,000000000000000000032733a93e6a7495d7c361174c2db4389dc611a43f1514,4145294,fdd3d9ddc75e773f0d88a396e9d545817b3293b6499d939542559ae50eeb95a6,1646914266,merged_mining_header_match,,1b7a75ef070ff49e6b9491a26403d799f2099ebd,22282350edaea39f8eb1c9bfe549bc1f2e8dbca1a1f8e0bf4111a81e003f408e,0,,,abfd18e822b5ad5770a760d9cd9a21a2861ea3ebd01cf62b1ea153c40f4f335c50faee8405e41095f35a1f17c939017d9f378c05c933f91672ab9cd5568b694155d1bc2baf08c4229689a9c6f3ebc2276f6961cf576130825a28fb7923e29000f770c7439d8a19b2b0d753dbaed45b4f24f41e5a230a70f728f0c4fdc28be1652fb5ccc6c9b246b8a8fd64cf4bc4822900dc3b20a7c448f275614d82723edb5c6485cce822bcc895397677072f0045c2ccedc30b87e08218b5454604c17540ba6a1411ceddf1ee026a8cb9aa62ea1449a5b0a4dd243295f01c545ff9e80ef50704ff5012dababf261aa87f84348d5daf0b148467be370b6427bcea2be87ce60c0a7bf8fb49ea133cef9e674132ad77962c8a9b09227a3620d9351b9983436cab0414232f0457fc3a5b7ebdac9a703eb7e0d0ae22a6b8a9d115c2a05b0e6a7d24f8549c97758c6a951421e41e79d9af8d2b5824aa24bc4457fd904fbe75f6c6aa84c82150c66da67113295f59d840c708e802861143dcb0d6fcab2a409cef8161,00000000000001008a57cb322daec6985370a31b94e38cd44721d62e0c838e6504f7bda4f4a6c53191de4100000000000000002b6a2952534b424c4f434b3a22282350edaea39f8eb1c9bfe549bc1f2e8dbca1a1f8e0bf4111a81e003f408e00000000
rsk,00000000000000000006cae3d864b21d8820fcc5a11859c3193b7065a661628e,4179928,66f3e9c8518736ffb9f8304c01e5f00a25feb28871a85f3effb6fed1ef7b2c8a,1648091282,merged_mining_header_match,,31fe561eb2c628cd32ec52573d7c4b7e4c278bfa,009fdee0695ca5d934c488c6fee985c1c2dd4ca75167f1a9a4372227003fc7d8,1,0,4179932,d0e8d029d36f8386aa74d416fe2757815aeb74575c00d2396b87327727992fdb58de67019f1ceeac6a125c15dcfa90945f3aadc21549ece78fbbfb10a800ac693b1b7b62ea281305176adc85655cd377742ee7f8706130eb6f9f6acd26e0b82494185bdb1be8a0f7bf8dd4eaff0332cc393dbc4f818a25a8c19a8cd22648c89f363730de9b02471e8b9db38c4044d4b20bcc48f5f1a2475f03d15e837707dd074ba4ffc70a640dc490f5a5b7fc3d8654bdf88d5347cff5039f1ad9c9ec143260718f694b8305ec6e92ba5ec26d70a7e6d7605ed858e764ae66815afee9c3e2ea,00000000000001401ccc36ab1e42db4e8960cc5e6703eda48c03e2891e12519eff9911e2fc22e072002b6a2952534b424c4f434b3a009fdee0695ca5d934c488c6fee985c1c2dd4ca75167f1a9a4372227003fc7d870dc0607
rsk,000000000000000000029ec31578132d01696910f299f8d104f29b8f8bbdc24f,4216658,73b582325a0be1198951c19c09ca010b060a85b409b2c704895ff93aff8daa8b,1649337329,merged_mining_header_match,,1b7a75ef070ff49e6b9491a26403d799f2099ebd,4af1f5526de1e7b08bc0d1d49bca1173f1940cc81687ca2506de062d00405752,0,,,0bff53f94689aa463f236f6529c3b352b6e51bc3ca315ac6fd7b114d8933e23d8ac220979faea3dbdf2b0198457e7d6b5383001b5cc7497b12fc232062cf6bb5b45baef62c3e6d4bdcb87b2bdddd1ff051b4167bcf1e96c95ae3fba473582fa023fdfd8e1e56f82ab722f1735ac5619b7af5277bcf4b49f73eee27568b029f335c7068d2b6b531b963c133877390e5b585e10df5023e9a306542750dce60f358b811899ee217e7c630ef4484c9944f72cd3b330dbaa14483f1d09b3a956ec288aee4bbab865d804affe8d1de2786d45618fa3f6404c16066fd0958c066748f265d6fdbe2c0e70229486066c789f7811a01961ff8e79c6c94d124b1031c5bb363cfa58ad15f8a53de8459749d3e6d66ff257223504c5e725426fa9dd186d132467aa9ee87fbfde6854c3e106453aeb03b4085e194a60e0daed9a1b43c8abb1e6aea2e4744032a39c0d249b423f5d5bc15c7c30be3ba0f5a71358e4fc97146c792100dbe5492268e8176fe6beb571ba651eb030f33da013a15d257129b32745b6a,00000000000001003888b240685fa90c64d0c0f4f4a225a8ec20a45276de921df6485eab0c5df9160000002b6a2952534b424c4f434b3a4af1f5526de1e7b08bc0d1d49bca1173f1940cc81687ca2506de062d0040575200000000
rsk,000000000000000000013b8819d8d272e100ac368cbc1e763252ad76d403d486,4287569,025dfe58439f07dd41917751bf083df32f6da5cc3f4a57ee90db60005acf7ff3,1651733516,merged_mining_header_match,,1b7a75ef070ff49e6b9491a26403d799f2099ebd,83688502cfb82e95d0d5ed39eacf4fb103be1737f2b8c33a9113cc2100416c51,1,1,4287571,f63fcb9f4c5af260fd3c1a1b35b549cf5b5dfba21247b6768636e89ceb9f0d2532fbe38425a55cff345362b7aca1accbf179c969fb087acd9e2072c616e965be9200749a1fb50da23a2a2dc676e963bfbaacf2609874eaa633f8397fccfb86c833010a6101f66641929bfb070bb176082ee467a5e45ea1c287d898449372a4ce27b62ee8d0a4f86932773f2d76f736ea302e91f005a0e407e1ceddd5f322d0cbc3efb3527a3b95cf337ec40227a58f6ec0b84d1af3f52569a5b4c8b678e0120b90b4a020b9edf9b20069128f4b40074ea9009e6fdcc2efe72f5b92eac37afd1b3f3859dc206e093c63ffd2bff23ebbaf66c90ef55e5064e16ce898c217d8c3784984930411b40b1eed39ebb101e83b0f2f7de11a1940ccab2bc57dd08837e284384cde891f424787999b4b5a84b4cad6f5a8d0527206300e4557eada51a0ae1b0bc189336cc6992971d68a68bead37f46f3fde63eba7bec1489ae65525615114a2314bf2a7585c5083031bd2c95728ac64c67d56841c978e1f8541d04cd6ccff,00000000000001002faabec313406e8d62e9afe16ba08194214d1aefb0b19c11126c37945e201591522f038aae00000000000000002b6a2952534b424c4f434b3a83688502cfb82e95d0d5ed39eacf4fb103be1737f2b8c33a9113cc2100416c5100000000
rsk,00000000000000000005224c9af9bbdf3bea89d720a490651ce64f388b4b0673,4312572,9e59e3c60bda3a68aa05af62800e4dca3f106900cfadb4f027e62a9bb69ae6cb,1652566790,merged_mining_header_match,,1b7a75ef070ff49e6b9491a26403d799f2099ebd,c2ae1f849326b4a6cc13db25788532af7e803dd18b1c2654ddaa24310041cdfc,1,0,4312574,944de88e81afcffb907dcb096c66c23ec10593aa5db27c44617188a4863194d0bfc2e170c4f2a7c6e7ed8bb2fabdc2ff824b39d6adc3c3631cf27adf84f7f23d549c1c3e26d2f2dd0cff5a400e8769423bf515269dd07a469b109139c2754e35219c6ea89f61968c6b4f6c886d655fd524606389f4fffe1f3eba6681b04b981c6be7127ccd533d089ef1801da67a1674bfbc46f0caf77f2cf097b12f831d3268d995386ac0015bb09b9c3ab9ca2cbfd9870ed17ee7c0b94bafbb0626edfa96c9739bdb9e64eba7f863afacd1122792657371a8540d7347a8d44194a3d30fa5f1cd8757bf0a8d9666b6c0a648fb1c3ce450ea4c24cd556694348f5db8145b710aaa9eb47103a7e77ae9ffae1336a7d5e8f02b796e2cbaf4341e70fc5ddefe9ab5c147ab6f47ec4f15dd40f36d7ff0a1244da275c7cd8e037b1896c8c5ebba5a9a4f5ddce3fad3a7dc6cd0e21726043e95c114e878bd785e9e1f528908cb97cfed16760adaf77f62a77c0583ef263b86a8e5983c1326f4c150b69f0ceb407fc915,000000000000010023eb07b73d85a907c1c32895fabf7effdfcb560ebde23a221fd49b7abaebf5ae002b6a2952534b424c4f434b3ac2ae1f849326b4a6cc13db25788532af7e803dd18b1c2654ddaa24310041cdfc00000000
rsk,0000000000000000000578aa645c2a10e9dc8556be042d29991c0d3c08dd8644,4325812,b1629661312742f95c32181b4c1de5023ddfb42e6efbd114f685437c6568120e,1653008175,merged_mining_header_match,,12d3178a62ef1f520944534ed04504609f7307a1,8a7cda2ecea841045e23267b19f7cb642ee31a5e80d7e721075ec328004201b4,0,,,4b7ed1d846c4009201d13ea7858c6fba7132894df97e18ca97a9f37de032d992c66b5a7fc948ec005555d6ece52056aa292cdc17a88161b9ed7ece43e00bf8c4dfc91f765c136778bc6db4ac3e59cf45ae0a75b508b1d7b5bdc715357e1d48ca9fd0ae27d990d93f42569f3b9e8fbf92b98927c89aa4502a7ea71bf06f852e9458dd86e936b2214326384c01061b9eb87f58bbc18ac24ef08c8dd0489573cae2e1a1fd0e4cdf0ded7b4e98dfbff035193692aaacffc51c741caa7948182602d619025a34475c9b24bf738d299c02b6a316874b0d8e203f5c6c53ec9217be7a0b77fbf9d663efe211b63ca168d1450c6a340a64ddb850225f058e36cdbd96605ab2bcaca4fb513c187b59c649a081c7a555a63479fb8d54950cdd7ff81455eaf9a70e9b49176640abff3b3010b06849d49d436a39d71ea85d214372945b3bb353,0000000000000100a8b4e8b2006e0ca86dfd4093114e542b2b590f65c23416ad7ce34fc7807239b9337bcd4c535e95b6668e9ebd97c82cd1fe3e6400000000000000002c6a4c2952534b424c4f434b3a8a7cda2ecea841045e23267b19f7cb642ee31a5e80d7e721075ec328004201b4039b303f
rsk,00000000000000000006975197c02823e9104076cc682a2151871f88d2965418,4326267,8da2924d05d73fd5f4f523d7e950a2a2959842f1963c516b3bf3d7c72a888552,1653023749,merged_mining_header_match,,12d3178a62ef1f520944534ed04504609f7307a1,aebaf782f124deb3fb9cc788098fb784ecf574adeb4d17a31f5d1e3a0042037b,0,,,299f5d24c835c7befe5c23eccab2157faf59e8897a8ed90eb81f7b47b60ab8cf69b1b7a81960feda348cb91d3e8d6e62092c83fc4dea33b8669678a2780d81eeb0e61fa88925f02250e4ee9e496be62eb55169b2ab4227648b2ad74ae4a48c3af8444f7fc9cf9e1cb0b2b1d074e546420f597a50de0414225f918427d4d70e1b2088cde2fdc07c26b96c4dd0425d1b88369863aa601d219052a083c6691d5e65f73f926d4ae826127af492e9a1ed8e596f377ddcf04cd7271f7a904989eb90bdede4785a4d01ab28b664635a5796a0d116606da1fbbdc84f7bc51e08ccc32b8610115a3824b375671ffa925d2583dcdaf6213be73b11f5377df0a991b936205bf5dab7937c80b11a06015066fb6a5a4765f8190f596b57b6b39180a1c6c36158736fd05c943f6b39b6880d4bf74963b7d7a5cb47feed8da72a387c738154a18174926fd1e88baacb664e787a95dedf0a782c5f76f072f2001f91299c40506da1,0000000000000100b68067c608c5fe99dfda3f46a0e06a3d471d92f08dc2dd75a9c8e1b5cb41060bb1c95659eb4d35e772d704080d4e9c849964fe00000000000000002c6a4c2952534b424c4f434b3aaebaf782f124deb3fb9cc788098fb784ecf574adeb4d17a31f5d1e3a0042037b09a8dc48
rsk,00000000000000000002ebc63dfcb840c72fa81559a7909b7a6c0a58ce259fe8,4338423,0264a0a57fdd91365336d887b6cf91dd1971446dae77734578a3ff2a2be96d8c,1653433588,merged_mining_header_match,,12d3178a62ef1f520944534ed04504609f7307a1,a7feada155a184ac872714cf2b4b31722572a13d6fbdd6fcf507de30004232f7,1,0,4338425,947c9df1ac051a6e94db1f4b05ae4e847ea3c4a19c159c5a9d3c1c008b2be727cea71e249ae472c30837976940b1847126a407e2f0ae2478c22fcb8af3f41e7af61a096c4c7044327abebc48f4bad365dea4c71bc30dd4185ac7ab73f84ca40739e3e821c61dae994efd869c6402132c47c7caa1aef3bbe0d0f23a7e4cd449bf9a2783cddaa5df2d1b179f5cc00d07c89d23d7f0ddd6d0d6a8f930eef3910bcc9bf6b13fb491ac4204161d4d16ee5a55cb5a1eab88526d320ca3b91afda6616d3e5ede4e2109abb7b53097fd67ac298caed868ed1ebd1ad6980b993f5ded965c8c87abd213a7adf631a33c5eb17eb86a9ccf9ab7933b8e89da55d3b877aaf78696acb26ff0c48ed321f371d3a20744f03880204fbb25c069bb2152f804cfd11be837c3334c4cb24311f546f09e9d04b870b621ec29cf480da29968e2392ba0587831e55fb61ade7821a32abf9678f0c623878cdfbf80d912d8e90b5254ebc0fe2744cdefde3b52f4e874fdc0def5d3372aa40718ab5b7f2465bf38214cd94e02,000000000000010063de0619000850bd7d07e118d96fe757b7954c318b4903592527d869a161751eacbd7ecbd283318bd7ffeb4595c427fa20162b00000000000000002c6a4c2952534b424c4f434b3aa7feada155a184ac872714cf2b4b31722572a13d6fbdd6fcf507de30004232f74d9ddb3e
rsk,000000000000000000008d05de4d0b44b57d0745f2753515c4110c48e5344787,4382674,2adde09eaaf89fd8bd30b7126de9cd712f4acd78e8a9577779fdc0adaf24dc1d,1654912855,merged_mining_header_match,,12d3178a62ef1f520944534ed04504609f7307a1,768115ffea5a6bf6c2ad3121a3ddda8dc18e8d7d5fe9ee5b0687b9330042dfd2,1,0,4382677,d22e3165cecb017603d7ff14203f97a9cf894344bd6e71d91b8577eb2316cab6e9cbb3e616d9a16a38dbf01589bb17a0e923c6355c8c883caff12b51618485b1cde002b26edabc859f689c8c85638ddc8211e058cae47e86b9e2924393cc3587b9daf78f3b2bd23829b6bf3a8461f6f208d73b3ac6559234148bbc20e160fdca61d511203ac89a812eeaf7c2c7d58da894daf5c7319606848561f99c95e5a6035da711ab3533e63365300c0c9a63136e27c473bcc54aefcb488007ac870bebdd1e71fca9ca8bb7c4d1866cb3d90ce6ece8a5922838d2e16b047f77ab1942aca5f687e8eff992605bcfd65bcc601ed901e267193430a6c2f1b18eaf8300669a47ded96d7a1618a89f6eb0a083527583f7c27674fc0ac0799483403cd2ed5ab64fcbde75c6324fb6ca3eb5e31b991dda58d6218c3be3374e9da7f28224f78e58d9d0bbe060104e7ff72ff6952a9fc5a475786340fba1a67d962395ddd6f325d4f4,000000000000010002e049e6f6484ad94a62506babf547876fb3bdf4d578260037f5769692298c4c1d2885439b755502c8eabf548718ee694a44fd00000000000000002c6a4c2952534b424c4f434b3a768115ffea5a6bf6c2ad3121a3ddda8dc18e8d7d5fe9ee5b0687b9330042dfd234c3f83c
rsk,00000000000000000004e2891d08337eb9263b703eb1c897e05dc59e8b246a9b,4397470,4fb84599da0b65d4091cd02b3ced26f971b61dafed0202baf7adfd264dc4bb42,1655409724,merged_mining_header_match,,8afad2f417e5132ee983b74d28600c0dedcc3e07,cfef0f73a7ec490913e17bb34e5680d91cce1acd482dc4672910f2290043199e,1,0,4397472,91abd610e07e8b66f66bf190df22409c0c5ffa36608c0157256ecd6c0661150b8882c288de6116b4a568caa7f4bc1f4832b24afa7c63f9811856742191028178f340b5fc69f9dd39d40b9976d49fd2a45affbf12a64023b210b3aeb51fe148ca2aaf1d4015ced8e830c2ca196eb1912725479fd1d3c96d25c36944d8e883b11f05a28d8deec7abfda07821ecc9982dd8782a9c095d4783920682795da703c42f55a1b92ee83a4e014963ee76a79ae669e57093c4f4a61e32d9e239ab2a319ad8dca816af8abca473e45a57bd44d3775eca5a9bfeb3d9e4d5e0322da6f6eb5476bab97caa726f13071190d03f2872c4ce3c4edbf1ae47d87609e123b77b152814095d514a2947935c333864284b8ac79bdba2dbfcd1041a96a4c7312f3132eba6235a50e8bf83e52bdb7d217699807932032803f879e747b3fb6828fc13b680c94b020afc490f7ff9d3fd77d9c202bae3db242f019c976d8fe2164aa2bae028c0,0000000000000080902b0955fd9911b3ae74303caf094719c3f068d398672214e4beb0f8c3253b519b26000000001976a914536ffa992491508dca0354e52f32a3a7a679a53a88ac00000000000000002b6a2952534b424c4f434b3acfef0f73a7ec490913e17bb34e5680d91cce1acd482dc4672910f2290043199e0000000000000000266a24aa21a9eddc31772b58841a29d461bd348b0b2ee9d32b85ddb3741e960379525429f4a04900000000
rsk,00000000000000000008d99e58ea26b6a7653fbcf007e1203b4d5935ad769b3e,4524561,faf1e860a47f711acd29b17a7391d13ec279c772dfaf568a77d256aa11f69c47,1659583940,merged_mining_header_match,,12d3178a62ef1f520944534ed04504609f7307a1,22a6a4409a1d2e0df1cb0cd2db74a51948b355e837c95bf49885542d00450a11,1,0,4524563,82f40cfe1405499a3bd12f86e1f7e2c4f1b0588414567708ccf2b31284c7e32027334e60cf9c62b2e71dfdfe63e1f86a3fe5f735aa032b0a88e0092e4e0071122845c1f1dc849f5095fda469aa8d0d838158dbcf1989633a2bb56dd944a815c2444ee10106dfe9dc76fcd3eb8e61c9983e154020c337d8963ef7023234a1b27fef201775ab94eb8a36b134c16f8ffef29c3d64aa70ee4967f1e30f6c799784f5428c86321a2e9740966224a2cbde901351528de41cb6ff1afa52f2938f4bf824b4e6dad8ff94401b4d296e39cde4acb14b7a3ca6eaade81f6a468d4f2e300ebf46033c4926b697fae38db11b97bb67d8d8149a0cadbaddaab2e27f9e2d3e61d98e9ff085cdf039944412553b3d10310204acb57c9fef77a392792ef17eee2b2e0c15e81416da59d84d79f89df9999b409ddd19238de35e2a0a7ff46bcb1706767dd12c94c544a3165432d4d320858d76bd275469a712f5a92bd928323dd0cb62,00000000000001009d84389ed0718768c0ed5d185ed5e12c55811eb7d3b20d7e53a1b038daf3c575f011ee049625dbece49844d8c80d82ea13e09300000000000000002c6a4c2952534b424c4f434b3a22a6a4409a1d2e0df1cb0cd2db74a51948b355e837c95bf49885542d00450a11129e3f3f
rsk,000000000000000000047d1cd835034fb1d3a59a25f93eddc8a408372a010022,4625197,8779ade4348c2c0eb8c6e0f2e1664cdd0dac7dda0764932554c49bdea86f73e9,1662838467,merged_mining_header_match,,12d3178a62ef1f520944534ed04504609f7307a1,421430cd4133940ef0c368b66cb5cc8042d0ce6e2689aff88879ca210046932d,1,0,4625199,,00000000000000c0e57deb7ef67dc7008799d035ef6b571e934099dee5ff1e737428e4b1b0c91b4e48617468e5852ecaf9545863032871c8c527a060b392433e70cfbe075934b408ee8201e000000000000000002c6a4c2952534b424c4f434b3a421430cd4133940ef0c368b66cb5cc8042d0ce6e2689aff88879ca210046932de73d083f
rsk,0000000000000000000152502bebd5bc13756d28b247c348df1a9e42ba08d64c,4646095,5d923b798da002a8dfb73f569e9764aa62260bb302f582eb737fa92a46636299,1663490532,merged_mining_header_match,,12d3178a62ef1f520944534ed04504609f7307a1,40ea56cde650d8781ea2416c3c875cca4f885d39787213fdfd4dd91f0046e4cf,1,2,4646099,c6173f1513aee4a09a8b4e1fbebcc9b433108d96d60d0c5bc799ed1219eee4d819ccc576963a9730075da4776516fa6f40c51d347212319d121d8f1fb6f690104fe417eb4b06d2f3a35cb6ff24038a0c3c5b40ca5eab62998f18cb9adffa7ba29556a67d8c29e9e50b84c115abc23753d10be65322a530dff60a6dbac0fa027e083b807bf8058a00adcc48e06f04c65a9a0ad7a0e2c8dd594bde4136d1820cbb8976c5af345aa41949ae052e75bfa01d6b76d3f9eb6eab2b07d77c234c3b76a1cf456d0e0a6a7abfe1b91ded87b4dc909d3f4733bb7c87a0c8d72703cb500d941024c8ae52a70ea80de65c5c5f271c3a5ad755ee003536c1d13d95c407b008e2,0000000000000100ae0d069f2eb002f818981138f699483c7e3e70cb266da700d0a56cefc2d4f54ca5467916cc0aa5d15066e68694face5ba0003900000000000000002c6a4c2952534b424c4f434b3a40ea56cde650d8781ea2416c3c875cca4f885d39787213fdfd4dd91f0046e4cfcbbb093f
rsk,000000000000000000079c322e576683da8844f747675a6e811447614e299b68,4749747,4f8089cb8f8452d0e9c9f702cf72ef09a4936e1ff5ec30ae9b214ccb1b9007c2,1666774721,merged_mining_header_match,,32dfc7a84f24b10a5dded1d8b24f48b96ab77373,227b9c9d2499ef58d3112c0fc0938afb37006b73c87017e668310329004879b3,1,0,4749749,8ed4e2b7451f0332d10d25bf1c4fe2ca47d39f758f7000bd71288a739ef2c5ec0dccaf39787e4ed6a212aa1d6f6cfbc22e19825d888e4194f2689c922ba6249d68988c4b8abb749ab8991d958b0516bd34400d9282ee0feccb3267c62d5bd91051a2e1e4a840d06fdd8020daf2d5d6a50fa86da222e66a793a6b5cfa4a25490341186ba5270e281be94ee34618ef8449fa6fa92f972126ddf04ec68079f9b53a5ce0ba27cb1bf3c840f76835234d0e2804795d91d16b80cf9649ab8a81b69601c2998d63ed3cc2dc0b7287cec9df043d4a95bdfaad3d6b4d0139c7e3c6c85f95072f5bd4a266124405cf5ad64baf976b0c0b736ad95029d5eb85fc189920c21b91128eadf9417d818be92059c0d4b18e9c9f83116208a41006ec6d1177818579369eb0cbe84dbc8af006d255a32a7cf4726bf7a6ec5a6d10efff2030c7a3af8d792afdc2601b152ac13ca2c5c592a7347b0768d394f85df220473220e12e1e9ee4506d8a9357b55147e53ff75c996376869813ac4e1f20ae63b2e1d969f1b870,00000000000000804ed5a0e42bf6c457f3e44e3d01bc54594505fb3bd48ac043e03bab44c33e64d100001976a9147c154ed1dc59609e3d26abb2df2ea3d587cd8c4188ac00000000000000002c6a4c2952534b424c4f434b3a227b9c9d2499ef58d3112c0fc0938afb37006b73c87017e668310329004879b30000000000000000266a24aa21a9ed44c803267dd070a58e8e0b80b1fe4892df51a8ad69a1de29ebbc11937c3b625900000000
rsk,000000000000000000053a15fb7aeca2e399a9ef15375c1255d15ce42ce8721b,4767621,67fc7828cf2965ece46b9a5b6cbca51101bfadc907a65c6d09bfd6d75d711f8c,1667347153,merged_mining_header_match,,12d3178a62ef1f520944534ed04504609f7307a1,ed8d79352b4440c0d0a0ab2110addd3f060010cbaf24cb2577b0e4240048bf85,1,0,4767623,d3eb8c9a3517584eab3fa218f6020e0baf97b5182a97da0d06733622ac6ac781d00a2767fad55824a6fc73b0570cc93f0b639ffa42c6be005ff1af5bdea8e3b0bc2d97e3871c789f584a6a778799a68e02cfb9533dcf1f1e8d2574bfefb8f47f25eaeb0a2ee32d3054465296c349aaf1370640ea437e72783489dc0cf3e5f713c890159d9754be1711cfb8d6123ff21a3ff34a5b0ee3b4c8fde1edd3a0a69a54561c3aa1520cc3d9715239fdd87b234c3280d9c06d67178a5104ccbeebcf3d274cf278cc2278248845e614ef2774d3c094052546785df01bbc38f6833f08adee542a9bbc3ad8edd0c95d1e05f9f4fc8983408eb010fd08e129ae1d421483905bab0c66a356913f0905c1c15f2ed6bfb118b5e1283bbd9a5de2cbac6b571bb07f68ce6362a8ec1772fc4082e0e50aa437b64bc8df9031d5fece4c30ad50b3cb8a65814324fd0907c2d12ecc4492ea469bbb83b1ab9ad087a4d25d52266d4351955422a2f7b4149613cadb47b2f9baba3b8ea1a7cf595b29f46afba14b9e8918c3,0000000000000100af3dc2d7718e94ad8be9d9a4225d1a82be36d57b5bed92dd1cd8a0ad9e6ce350dfb9614091a0c3104fb59ad60da28f294acffc00000000000000002c6a4c2952534b424c4f434b3aed8d79352b4440c0d0a0ab2110addd3f060010cbaf24cb2577b0e4240048bf85545a013f
rsk,000000000000000000065d0f6847466feeeaffa9663895cedde33aa12c262e00,4807936,22b0c2fcadb63e6a29698849f03cda069e4a825e14ae3e22788672f025c8df97,1668613660,merged_mining_header_match,,32dfc7a84f24b10a5dded1d8b24f48b96ab77373,a72511c857546252bc0f799aa0d924d0fe34831e36959a9fd382631e00495d00,1,0,4807937,e2b00c35f987573be0b9fca061ec50f888a33552edef27ac8eb733816d44db662ea197bb7d4bfd4c36216d3806564349a8ff03bb8a6cacd80c1ec950e6ab9f8c81c7315d64b1893117e2b7fe4c11681c567a89631396e2fe33d3c2987d420301b471c9ec4634525a85f50b69c3a3b8d0d511da1564a331ceba51223404d95a542513ca64dfcf5e457459eed81982001732dde1697673d93b6eef2d89a151f9cacd6f23bcc3d49535545e2c207d0d24f8466b223081f723c281372e8f810300ff5860aa9b890c742227070e4bbc76f938c6dd9c2bdaab14731db24ee681890ef8,0000000000000080e2e18d46131a88b1061513b65f96306db0c2acf6c57dcd707d1d091726a4c2e300001976a9147c154ed1dc59609e3d26abb2df2ea3d587cd8c4188ac00000000000000002c6a4c2952534b424c4f434b3aa72511c857546252bc0f799aa0d924d0fe34831e36959a9fd382631e00495d000000000000000000266a24aa21a9ed0a0135960badc16d45ab6ebdb5fa8256593d8b70ecc79592b2f8fa4f7c8121a300000000
rsk,000000000000000000034df3f4bbd3007a1f647151f870bf9e04988f164c7341,4834511,ced37f3d3f82de8b5e7b3fc795026f0cef54a033b3033c9444c236dbc7262698,1669439174,merged_mining_header_match,,12d3178a62ef1f520944534ed04504609f7307a1,d9c11184c59bf1a3949b0f7def23926a7222fb7fcaef78ed2ec963200049c4cf,1,2,4834512,0e3fd7ce7e4af3187270d036a1e39dc3b25ae515c7626d7411bae9233feb4dc634df361985560a116c91194e5a0aaef71077ffce0c93ffbe0820e550c99e9c46d1685680f64a43950ee301564dfa63c26bdab0afea305d8015725eb1ef3ea896fd0e2e15569ded3aa07afb3a4f3b178e79e3673f4fb17f2b673700bc48d8d2ad14905a098493ee06b94b67426c65dfcbaceed4b5a5ae750829d50fe9e2bcac34edc6fdda1c32542373c39ffcff7a73da9b29ae5c2fb6526b5206fdbffe7ca54d12ce6f8f5a23a06fc961f637b44c6bf8ac2c9b061389ed791a443139945f05b6e40caa4755daeeafd8933181d1001c7a09b908f4d270b702058e8c087615230fa4f78b69b901d513968cfaab52d83d07fba17ece8713c045ce6a1ccd48fd6986af838af16ba9646e5a3b6c6de96151bfa1dd493381a744ca773848ba8823d47502ec6b0733e0da39c69f63aa68577f4737ce1b8e1b3607530239206f25db9e21814c8985db79826e848a12a8701c55076fbd70f1dcccbafb87c0b151d1f1a8f6,0000000000000100d4a49ba84e18bb1a41a6bb1b89f523e92d35534674edbd8dd3bf7d25b86c81d021a55442a5147af9c8ff86c0b17d06b93535ba00000000000000002c6a4c2952534b424c4f434b3ad9c11184c59bf1a3949b0f7def23926a7222fb7fcaef78ed2ec963200049c4cf99ef113f
rsk,000000000000000000000871bb09533dfc2c9ce5bd8eae0fc80a9a815944d716,4929049,41b51fb1b83e9bde763cbad44041e9b9126db4b9aad694226d74e0f46c04a583,1672419358,merged_mining_header_match,,12d3178a62ef1f520944534ed04504609f7307a1,4a7fdab277b08524d0ea22409153232425cbb3958310ffbc644f4320004b3619,1,0,4929051,dec4866557a74091110696185f23f5f5c7766e64ae6b930101fd24219c1181faf5b135ab19b113531c0542255108c1af13c07edc2bc3598ca72fc18a8829210a214f4b5751e977084f10c5805db47aa0a2752954b89216552f57b912c07a8b4741b8c8ca59178110ac900561fa0e0f4f29de97be5f0229eb21eef878c5eeb0459d217119419a44fdb7a570aa9c2eb71a7aa29879fd7fb861c92efc0d4c838f9c382f7840b6499f4062254c9366329c100dba87454606cff2ad06c1571bbc934c3d6c7480c323fb2c6dd04e7625b9509bf72922df97fed334f7e631342c3a0e650d0d4101e10620a7e7af36711f30531f2caa2344c45618af9c8af5f641749a2a457b28fc6b43e6163f2288918e3dfa87c9be63da49602899ecdce5356af56a2edb7bf192217e5e08144d7be93cfcf973ff3307d6dd343221a8366f1687d9044d2de418f9e3cedcb104e6e715a68143ad7ac26c19614133d6900e3b608d4161230aa073860758037cb812bf85845e9f80a4d2359c9893532c35fbbf9c3548898a,00000000000001009b5c11de33e53795a3da016df10f6c2bc430d727e397a47b73f79d2504c703764835798a2ff512efa70424400eecb71b28627300000000000000002c6a4c2952534b424c4f434b3a4a7fdab277b08524d0ea22409153232425cbb3958310ffbc644f4320004b361925042a3f
rsk,000000000000000000025bc9698bd43a720a55a27a17347366ca7d608d5bfeb6,4931154,04ecdb05c82cb0bdb042f3ab3b525d52bfd67f391210269a81409a770a42f081,1672485748,merged_mining_header_match,,12d3178a62ef1f520944534ed04504609f7307a1,ac16153b391b98d87271b1d8e8c973b9f7da5ee53924bdcba0c51217004b3e52,0,,,54cd3b7855e30c2ab880a3a81319a95dfea9678a295938f5447e01f82109411c3a0aea779fe7ea2a64584bf63899885da7f3640c06b038b5de5b2343791f77415a2a7f47f516d8d4c53a2a18e4e0a610f9b3603a9b87a847762d15618dd3afc847483e49b807361391271877c1690ea7a2bfe6d37af88501b6b9407000b13dfe526eef85a853cb66cdc54c47e2e9f939d48235dde094a437cea7728daae1ec01733055dbce8ad3baa856b1cdf084bbcc096672c47628358a70b6b4a08e8a74f6d01f2e61f342b1f41cae0add25e8d4b959d540aba6c90cea5e295793023e8e243ab20006dedf6d816b1036c8b6a3cdea63d353f07aa2d84fcf064442c301f83e1f8bef703d237e0d74f781b2d3e92e44902550c602c559d4eb63c18116115fddae60cb65f036a3a71563e4ab988aa62e6430ad1be2702e59b93be3c04b97d52499ef1bd47f2fd678d9396720b53266c6da39dbdef4ee5d0e9f7b1a7b85e94964,00000000000001001be732f104da27e2833de1fa54f0b1599cc32c76ece67d3275a5281297adc8a70113986e7cb6332f1f872a8af2417daa5e610c00000000000000002c6a4c2952534b424c4f434b3aac16153b391b98d87271b1d8e8c973b9f7da5ee53924bdcba0c51217004b3e52f6965340
rsk,00000000000000000005a92bdb6f9d55ea8d2b42579e0db6ca7764f97b6910e1,4964288,0381787b399a188947293a018de7332966bfaff814de4c11a75287561138c7a6,1673553601,merged_mining_header_match,,4e5dabc28e4a0f5e5b19fcb56b28c5a1989352c1,5ccda2b5ef9324ea8655f7c8d1cbd0f294da601b073d0f391a68f025004bbfc0,0,,,5ec1ec762b1bafeec155e07648ea10629f79ec5116064d6bb34caa703a1792bb3d026d5fa6924568f0723777e3ffaa309c8ca243854e2d9dc2228525920731f7332adaf7f45ac5561d06f00977029ed2076abdb8864cd6477da1626f69f421155f994c162df30022742d83d500a5844c7ae22bf2aadbe42147247506aeb45140357387edc09bd22a16179415aacb31951c9ca5cdf1a319b52689b7c8db83f37075af47721eddf07526078498470571ebe4754e9ae1f3f4f66c277187819f6dd25d0126b028c8306972e3c217acc355a4f6c8912a3463a4c0270078cd16c37db278a429be5fae2b8327d9f4eff68f97daa8938bd43e0fad46ef77ba8b8b15fa5d71603a92e785663f04fc5b54455b853041fc70cd739f25a2abd3975a67404290b1d3915d739135c81a080ba11f646e22e8b47f864d8513c7081142dfaff49b49cc69e8d02a28531a142803d2aaa1ebd028964adf2345f995f1bffe42f235a3630eee055e9514c93ee149a06e391115b8125ab1eca2d27277a48e1ff98b8104ad,00000000000000c0168e77e05a0109e5c93221287368d4b66949b602113b9e931743d57262ff69243e43646ad54feb6f709a199d639800000000000000002b6a2952534b424c4f434b3a5ccda2b5ef9324ea8655f7c8d1cbd0f294da601b073d0f391a68f025004bbfc000000000
rsk,0000000000000000000397ec2f830eec065035fcb98e0a0c0a8f075666673066,4990460,17b0f9bbbec1b45cd1c04028dc09a119b5d45691513abf601da8663cec50adad,1674389399,merged_mining_header_match,,4e5dabc28e4a0f5e5b19fcb56b28c5a1989352c1,5a604371980925e6821a4e27b52a5f811fb2df1cb56e0c1a2cda0733004c25fc,1,0,4990463,371faf381eb0c72792fa5ba52bcae975d42efaed19c2def015bce4aabe67b7d20feec01100a6a787e774ffe4e13418903e9cbcc3b8f5c342124fb82c246ee90f39944a26b204caab0ac17d30fa89f5d0588813d06824966f22ce6d93026238e023d047d5cc7ad50a60de5c6e1d5c4fb30c29a840a1ee930181ee608886da6b534a7768bcb0710e7f1cbcb53f26f7e6a6120695956c50a41fb58a04e7e01b5ed5ef2c89e02169414968cc39c2831d8224a8269cff6443b428150737b9bca0e4796e212cdea330c224005b11844f4d2adf056b5f1315e1ce3efb90d905a4b354121e766b129efdc748b9cf7060af56445d91258954b82c9b04fba898200085da78906653b499b10836c20533d25abdef59ed66340dc3268aeea276b54590d1f2d94f3bc13990f85ed16c86ab51afd35c0ab740e0a43729573ec8972246a4c495c172866b61449c9d5a83b0996176e72971887c67b704ec72791d7c6d155c366a31,00000000000000c0fb11d7eacacf90c19d0050f9db98dd773f253a20895a5827dcacd16e7836ffb59277896b61257a827e4fa969a881ae4a781006171ca400000000000000002b6a2952534b424c4f434b3a5a604371980925e6821a4e27b52a5f811fb2df1cb56e0c1a2cda0733004c25fc00000000
rsk,00000000000000000004b4b574cdb3d36dcd8dbe538d8ceef646a140dacd1d30,4990920,776b4944b52f4a8428ebbbb11ca17ddffec33d68c1b3a336eabf01ec20b3d2fa,1674403707,merged_mining_header_match,,12d3178a62ef1f520944534ed04504609f7307a1,e92eef5e188c6eaeb4ba91d18efb17a930c4018bb0555387db66a327004c27c8,0,,,c6eed5012a236c0573ecdaca086b23e3f03acb0d570ea7aedb839fe539d53264665adabd6bb3e50da6914922ea2fc33e814fc5fb040fe0bd81c3126b878036f9d027cfe0842936a2875fc8d1a938e300dd2bd291cc5d84c8260d9dcfa40a25d4c5fdc39fe0a4c2b2c026b7553df445e5a7b7c856fc75f4b52e9978f73bf510088a092bfd9a1a9b18aa481ccc4b2b728f280051395fd98b9ce6c339a3d1cc8d8b5e0ebe31470650df903239a80f2f5814287475c405d1248c87196433a62731d1966d8084c1b71187b25ed8123501442d6815112ee4b1b765e46157cb5a4e7a3cb594b1f58108b68a39885887e5a877ee2eb8def7b36907ff4a73db50d8ac78fac8aacfb3ac5a7fea5bcafaf79d5bf507b9fa2ee5d611e4d9104d7ab14e3b5304775cf63a9e5a35fdd607d5cdf6e680a24ad6881eb8585a329f85d682dc73f600,00000000000001007c1793364f54ec75f0d52737c9cdef756e95ff51c20f9cb6a9ed55b7fb5a631ec46d81d1a766a108704a5f3a3a44f9184192b500000000000000002c6a4c2952534b424c4f434b3ae92eef5e188c6eaeb4ba91d18efb17a930c4018bb0555387db66a327004c27c8f5bb773f
rsk,00000000000000000002761b955201609da7fec57f93ba6f1971d60868860f7d,5019768,cb34087f9d84ac44544db057ac236ff05245d213ff7284fc5e59a9aa93d10dd6,1675330015,merged_mining_header_match,,1b7a75ef070ff49e6b9491a26403d799f2099ebd,9069fbd003aae3595893d46fae337e354ce46671c038b95f092ebf26004c9878,1,0,5019770,,00000000000000c036289c0c03768b6e83ffa66016798a1597904958ab81dadfe055781cbbf2fdbc99dfa36953755c690689799962b48bebd836974e8cf900000000000000002b6a2952534b424c4f434b3a9069fbd003aae3595893d46fae337e354ce46671c038b95f092ebf26004c987800000000
rsk,00000000000000000003b23db507ad4aef50fbc9ad358a234f73ba95c656a0c0,5033360,3c55bc7dcb529d1b83ff3190c574a445f743d643e5c2c6929566260d782cc14b,1675760469,merged_mining_header_match,,12d3178a62ef1f520944534ed04504609f7307a1,8813bf074c8af74d171c535c36354914f44919ac2a025f66831fa141004ccd90,1,0,5033363,094ae38ccadcc80ff52992045d4e7523290af64dc9b9f1b47a04405564481e9be91bfbd80a2a14f6796f6921d515fa80640062cbeef9c46efcdfe380f67ef000e95f9ebd05cec29b9c17eb9603d6abb055170687b3ad0fb7e524d2dcc59bc0367266cc4e19f4d291beb65af9a9a23dc46a26e9cfc07a183a3ac8a9f5877d7c7f92093db24a8f83022f213c015523635b2d42184d4436b737674f14059d1aed3aad9d8b4f2c096986568c55ccc3fcc34308d4a7eded48e335b08bfd15024be89032ae19abd5075dfb5303e67930eec937f587455a50bf59a2f2e2f721309978b1eae7bcf2f64445cedd4c36a679849d963fbb3fd0ed288fa17fe0f92664c9d9d9fbbd19819c5eefd082176379904217a22f07e0b3c15797eee7fe86c68795912833a6e64cf8e4f058736895eda04bd9ff368549b84f472cfeb79a1403ad4901354c409876ff34a2f30be32925cd99b019e278806bef36cfe8e5e4c1d3783d9a8f23807c02e0269c27cf32939301f5525ad6a52aa209777b1f16eedba1c00c4e5f,0000000000000100dd46bd0d43bab08ea1501e03d69f1f07aa4525e79cea201b325f75e0019bbc99cc0ee8b73e95335740e17bdfb83dc817098aaf00000000000000002c6a4c2952534b424c4f434b3a8813bf074c8af74d171c535c36354914f44919ac2a025f66831fa141004ccd90a791de40
rsk,000000000000000000049fd44307a09b0fd867c7b9e27171e2e000963b223d60,5040779,ff5b34db5c384902c4e2db9899eec2eddeb02ee6d6be128be8c41fc211ef225e,1675995545,merged_mining_header_match,,4e5dabc28e4a0f5e5b19fcb56b28c5a1989352c1,69a4509d192f22800eddefda4711705df0e72f19026bfe8a5df56334004cea8b,1,0,5040781,,00000000000000c0ec3e356d453317690bfc854e42e6d7308aab0db3e4185d01e355ba05523927db1746db3b2ab2fae5f5e15d801c6506f93d138f5200000000000000002b6a2952534b424c4f434b3a69a4509d192f22800eddefda4711705df0e72f19026bfe8a5df56334004cea8b00000000
rsk,00000000000000000004cc87382e38118248ec926716565d50d63f0637c22c07,5060063,aeb6a9ab3c7e10e85f05187d50ee53c0647eda41472c5a7d89aaa3f623ff270b,1676602620,merged_mining_header_match,,12d3178a62ef1f520944534ed04504609f7307a1,940c2a4a6935927d674e0cb1ed1ad0026214fc6d01ce46fcffce392c004d35df,1,0,5060065,122ee72d4c7f5f1e9622c4f7f2deecf35049dbf47c28eb9ab6d49b0f4628470dd350528f10043af5285d8099fcbbdfcc78c9235a63bbf0801224339ab9d229f49d72f78e8563eaca706b59f273fd7349219fa97720fc3567aa1dc13c15730a41ad0d83777c5e15194b54caf986805744a0b42f1b129c083d1a112398adc02ea9bef18aca89af28dd34c28d7e20278b30a0cd780f901625b0337185d367565b29f6d6325f8b3ccbcdc00d35360c416ec768e541a12afacf06606464c77fb913d29a9cded778db3fb741ce38bf20f4c17c1b87f4919f145287f9a5a3d8e1d4c5a9f3161288df428cb0b48b4d69895d168974fdc56f61d41be81307f95300807ddd,0000000000000100cfc747bfa618447577451d65d93f14514034e4be44419d51babe1c2a79d1d54259a9f135729ad07a96fe68a0688b16ecc93a1f00000000000000002c6a4c2952534b424c4f434b3a940c2a4a6935927d674e0cb1ed1ad0026214fc6d01ce46fcffce392c004d35dfba58313f
rsk,00000000000000000001f75b65b9066c46682ebd2b8358d7e64affb4d6adb5b3,5070408,3348f41157355bcf1be4b38d2e591b58c20be92b91409cd1a737ef36c3d8daeb,1676933606,merged_mining_header_match,,12d3178a62ef1f520944534ed04504609f7307a1,c61b95647e8ce1ed6a5fefa159cf9769b4fd227be6bf3d29b50e7225004d5e48,1,0,5070411,e12fb5c1bc22bc7f0a2e4a7a187e2eb4058fd71b6c232f7e478be159ec515895585d156220ae350e28f866b3c3eafa2e09f0264a4b083545b17746cd91088e1d1c1cbeb1da93d307f7c032dfe87b4c35ad2ccb3201a9631958743ef3e43e01dac29ffbabd109a639c2a44d93e35b2dae8e2b50c6f45ab7926df4dd7d5f887906105a229b4672b32224fae56494a36340c9c880b56087edc613a60faf5c5040e500a5f4ae8ae74e13037a77170fed75dac872737d6980703526e4b7824583b62cf8056caa70992dc3760bbb2e164c4be47a66459ef4eff899f275e92c0e2accc5f4591b324276f72dd4382545faf255f6ce341b739db81bbfd51ad09e95499e2629b6bdd790ed36737110f9529ef7a76837073fd26ba8440b840f2f1bf86a89337e479335a5209e0a13e1e01d4985494b01c79df5a77f90482c29d97fb59e06d7b7dace4ba3657f2795a3bdc61bbdb82b66426676c4556f99ef214bc78fb787bb03bd09deb375682bbb791228e65a70a8d0d4130021c9a7fe68fbf86df48bf52e,00000000000001000c6ae44b21742d3a7019496ce805952cc91ef6106e0d27be02fbaefe70f5c497cd0566cdc241816051c09c1f076b6bcc62cce600000000000000002c6a4c2952534b424c4f434b3ac61b95647e8ce1ed6a5fefa159cf9769b4fd227be6bf3d29b50e7225004d5e489276fe3e
rsk,0000000000000000000340499a069de771c0559841c75d5230dd7802c3588d98,5170913,43a1d4c74082dfec7f4d7431e3a8eec26a409f9308511ad1e8e04ad04fe9ec3b,1680086181,merged_mining_header_match,,12d3178a62ef1f520944534ed04504609f7307a1,deec33caa662e809bccf0ee6a2034eb6a73a7cc1829c0db7c55adc1a004ee6e1,0,,,925dbbc27d26a195071e7484300ad190fbea25fa0a7c9f5efaaa2059a47f3af6b39758242adf04a6706f0738fee2c27cdfac3e13071fb2a40f1e1cb12427d3225e20e227ea0a7788626c24f7beb33d17622c598cfa3df78fbe36c7ae7598825c67e3b39164eb62f15ff607b6cd9cf72651664cdef944dd8f16f0b64c3d766ebe6a8013e9fdc88088494c37eaebebce0976def435a47fa28aa619112cb7f6655f30a3118bc89cc446ed249348e8a570377dcff9ceef79163677c080f506f75e318025438da0a14a07bd37344a830fffd9d02a95fdf634a3a8b0112186306ad104396e4f206aa29f34a8960e1c1186a30500ab1bcb714cfaf33f9735579ac7f66fbb17ed17010f20eac17d5644658a0c45b796013afef814d2bf1a1ea7ea5b25655c91707a9b2e0d5281e703ec7a6b963683cbe3246fa9806f8f6bc92fe5a7a164bf36c2b14ed1e749b9ea2b26b5e3cb1850b1ce6588aeaa7a1fe5481c4c5502b3,0000000000000100c5e693f89c2f0c84c69d76eadb12dd678815431a85224a679228771209383a67ede7338afd04ed9c68946c7f3183e78e54ce3a00000000000000002c6a4c2952534b424c4f434b3adeec33caa662e809bccf0ee6a2034eb6a73a7cc1829c0db7c55adc1a004ee6e1b72c973e
rsk,000000000000000000059e4f1f36c54edacc9a6e3a196acd567dae83a7f44dbd,5324954,224878594fd6da7e62b4ea539338ebeedf0a9a385deeb6b94b30415152a631fc,1684814723,merged_mining_header_match,,4e5dabc28e4a0f5e5b19fcb56b28c5a1989352c1,4434217334a0b3309ce066b78920c01c9c2a7b1813e9d6045128721d0051409a,0,,,ec4143d32328763171f74ddbbbf3a3d9d295f484f78f06628f4356c26b02eb343fd19738da875b37557f852c9b10605362549ae2a5dbfc25675fa5076489587a571bc3b1689b58d722842e0bd5796d72dead6bd61eab135684a67db012f991520d9aef591893e126917320c1f4447ee690466312d1a19af52134848f192555f6b99663a8ef5005c4ccb30c2834664fb7240fa57cc38ec9ed0b2230458460785a1272d986e0563761667df015a6e29d23c342b971e4fd72d10fac4ec8fac07f55a846d7a15543da71029d9cbdba8e293b780be3a5a68b16c7b80210847635a6a7a5a466e1002b8f280713e7a6569cbec2ac67d1aa9ae5b0d2b18b9b249bcde7dd97c8f86e354a007c05acff9ab069e58a98b3256466ea4a051bbf13b5cb16df964c2c8afdada0915a2231794a3b60c7a6a11d8fddefdbb000752d87dcc628b4c751e5e34446af439ddb479fc6e8b5026843766fbf5fb6008f023c3e3889568c99,00000000000000c0688234a25ea40c1ee755b29daba2dcd7f491a1a4c4fb7a6a44b96f03f37e9f9ffb548c15a7f35e2823acfee27b460d91b7b03e0ccfad00000000000000002b6a2952534b424c4f434b3a4434217334a0b3309ce066b78920c01c9c2a7b1813e9d6045128721d0051409a00000000
rsk,000000000000000000032956cbfd8721abe0572d81542e75e38e6185312bee09,5351437,d6e49df077bcd4bc14221a64d512f904b80e5f2b2924439300e147f11ee94ab4,1685623006,merged_mining_header_match,,12d3178a62ef1f520944534ed04504609f7307a1,5644252bd2c7c7fc79afe9cc4e2282a4e35b0ff8171830410cb9e0230051a80d,0,,,aabbad21e5511406174e555a7fdc250c21d32448566257016de95b4a92ae7f90186f663c6fc374d419b42d574a748ef69f8fa5645ca64553da33a07ea27e8e96719509f81e1abba7bb3a5531789aa0fe555f2b256114c06a4a679ea046b6c3b6855775d425687b64b9cc6e842d29784c59c4fa6da99f19a30415461574039f5d16be72d3aaaa345aa440d28e443fa61d7f52eb9286bd726ea33db6e1b975c7a0d2416e1aa6e6129c28ac073dbd33abef06cbe9c3021ec28eac2cda34c98a465fc04e601e73eb79c64f33a2b3da33c53c786e6668dcc82e8534fc0939d7a0d00dab1ff2829eecddc11e995b3d60f30ca0c349a8ca66a11c09f31dc0c462953883ecc8c3ad57ece9923a26162c68761006f689250b2e28f172acd6320b7d1b0d2a35a244abb8cf5ebca242baa00d8cb8c12c29b8e56f7a5c4441a8c9d3c73f3103d532eed6eee7193949ffcdeffa33bb5f5fc828835221053416cc82ed00ff0b2db88da302c80c0268e33c3f5a084f2cc366c84bbf9a74d125396f9dad872993ed,000000000000014033d38e2e5664263e9acf6a4de5c4192f770390c746a0c9ad26df42f91e9d8cdc2952534b424c4f434b3a5644252bd2c7c7fc79afe9cc4e2282a4e35b0ff8171830410cb9e0230051a80d5858153f
rsk,0000000000000000000552fdbbe1edbff2887ea7879dc777b33f8cefc4ba665e,5422177,cbe9869dae669bb57a2590d4ec4044f1d0bc2944a7cf32af7b8cb49213493133,1687799562,merged_mining_header_match,,4e5dabc28e4a0f5e5b19fcb56b28c5a1989352c1,a335aac46601072707f546228fd94429d1b4dcb00a93b3793277c6220052bc61,0,,,b7126ca384cb61a5a9434b6d659a779cb8cb33f9a59d3d74388aacc5461171aeeb1ce7ffabef57e901c8d81cf5c2d6ae85e9710d1b3da1219978b4b04ddc4594617852cd9cb2907918aba1e6feeaea12b996b3f7e1581dba7f4e357680484f6fa72765e2fa833b6d631c5063fa7687355a961f4e7940b265d026f62d73b72f57d18e8328cba3b10a356a3acb213e11a22012c67de70ab166f47362c68218a6cb0915c2d5a4f61a33510dd67fe9d61a478a936048308425bdc15544f8118538488cc7d3762e80fc2ed6c4d02ff2e67c6ea42d763b299d3fec90703c46cbf13c713885c3a2d64f37e5bb4eb6e81d3124aa811ede226b847ac8c83628496c8ab6a79a92cefdfdb6bb37a736c672ce6c0e18891adb9558fdebbcda4b38eea0012c95bb26362c6fa441f8aad6a3237026c88134e74fc8d932d48e8152a909838510502f38f45fe3d9caaec6f6e74f45cd8f2c3d1dde59fb1262b04e5a7804de5eb75975dbf3ffe91ab1d4365d50e21881e3e930b4ee6cdca5aca661e498591357b754,00000000000001008ec193e33a98d16581b3914a221fc28746c144fd6f1b233fea682e688faf326bdb224c712020aed8af37b4e84a7ef600000000000000002b6a2952534b424c4f434b3aa335aac46601072707f546228fd94429d1b4dcb00a93b3793277c6220052bc6100000000
rsk,00000000000000000002c72834766a5eac00f50d8a203a6fd03217dc22ff2437,5427414,96067a11a665c328b6f3fe5cae3fcb9437e4534894bc3bfa6b30402b195c4640,1687961448,merged_mining_header_match,,12d3178a62ef1f520944534ed04504609f7307a1,5a92145c2397676cc2b1f61edb5a7ccbe1626fcd444c3d7527f359220052d0d6,1,1,5427416,b39faea8e7d33fa4640413314edb5e9ed9c292936315b04fa619f774918c610a56272a9e942d2dba900e667c7373956bdd757834189c3ee56645f5393967d84563f6ef32cecd9d98d8497ca4e9e58bfb4319cba422c103900396e5a402d434ad41a4cde27ddb5a2c96310ab2b726c4f3abb9e1ab7e9900231555725b8af98771cdbf8847b960cea1055b55fe8bf6f134209dfc8e2334f692c59c5dc4c47f0719453463c0e54d3fc8f7a675c7db24b4bb5c4925d3c12f94f6b5fffb468a98fc33ff3b848b0feb81e9872b83bcf5d44d99e843a4025cab7864bd5283901313d4e29a44d2b732bd8fb5ff7d474527843a9e31a9c3d843acd202e26da77ba08c84d9efee5b92a65d3e6644c20cd09a7200beb7a66050e9fe0d06ad51cea2014f0ee3e9d56b917d40369296eac1b172bc3850a1557d81407ce24fd311874ac7c39ce23f7aae23f7d6d3b43915b28c8c9b22b3165ecd113b5fe2e96246c5afe281110f76a46dc78fd9c2b47d383347a594e5e349b4f4b718c0134321930d032c307cb3,0000000000000140cc50763efaf231accd19965644259fd98384b3925831398c662d1c55dcdaa17e2952534b424c4f434b3a5a92145c2397676cc2b1f61edb5a7ccbe1626fcd444c3d7527f359220052d0d62238a43e
rsk,00000000000000000001266fa925ca2a17a4b546dfbb24c321372b9576c36f0e,5436056,7248ce0fcdb69116f63b6946bf03d21979a422996bdad006201ccd00dfafcb9f,1688227142,merged_mining_header_match,,ccacbd8455b9c683e13fe55786fbf445738159b5,865eb220f1ebd8441339aca9e71c5fac2a41b68deb90f8c4431e3c2c0052f298,1,1,5436058,49e921af78da44e2ebfc63bdaaf6f6ec06548c2cf6fe11689591145227d79b11ee74ad41ca60b13e2ce4d88c325f0024f2bf7203a8e90a1f86cf57122611635c530b58215585f602aac5bbe9769a81537aded4c3bf20070026ed1e3632961c351910f35eeb64afdbd39ee3335449f63bf96cbcaa839bd6eba0cebbb46e2558941e8285345930c3310fcb1e7c1fa76ffcaf59ddb20b168f48bc07cb7a8d26ab708d09bce72d6a0a29e183b462bb449ab39b8f13745ce3eb940f89b7457ed63d49716376f1b4e83c98ee7eded7b70dfb0d00de7a0d5c235dff439b6b21300a2350176de575b17f2a2c511b35bd7e1af2a670b54b0ab4dfb9b31594be3f71f0900bddd1d4203b32448fcdb03511aea0cf18c3a2493d72eafe6b8e753ba3c43bbafdedbb4d5b0a4cabb17e95c88ef336c20a4e9c1fc1f0ca5861103822ce347f6c15348f23b19b1adac5a1d8c1a59d0f5e4678618f737f5a1fdca963ef1d79a56f263a8318b5fc0cda406f5d788dfee8be1a080eb9a1aac062a5dcd6eda0980d10a5,00000000000000c0a9b082e8961f6051ac8d961c2099414f4835aa58e7b1d720f3e9ea60a864eb5050087523b30dc600d0f702f309dfc4a48f6b0040c5aec215d6bd00000000000000002b6a2952534b424c4f434b3a865eb220f1ebd8441339aca9e71c5fac2a41b68deb90f8c4431e3c2c0052f29800000000
rsk,00000000000000000000fe9e3172a5d9ee3b815d952476a31056bc007657b83f,5449543,f254012a25e0412ca64aa5469e334c51ec54f6b81bc00f463898b157e2081d86,1688650736,merged_mining_header_match,,12d3178a62ef1f520944534ed04504609f7307a1,9df452bf9cbb38d9a693acb7c5084efdc040696b94176c4c9ece112000532747,1,0,5449546,52a80f041854753cacfe65647b783ca8f92032215244f4d1715367d05e71a3453fbfc77d731b8d345fad651357e6f29f067aa35c86c528e173e1b6e2674cc70a4aed165692420748fe8295057c52069b7cb8519d590e8107c4432dd6c1b3d33219f32c9f1bd0bda82cc1eda746ef3de82929e86002546a9493d06c06521b5f39e63965c4fe9b7649dda09c26fba088b5072f5b88cdf8df6755de855beafa923d60ef9a7188a23549d9e59204b2b938e01997246e5d15c13d1118097d7735412321ebf73712e367409a9e06de36dbd1af8d9c2839b96db9eb607c92987f6af66dea2e2dab182b0d7904c9f70350c2a219c35e5e635ef92eb50c7f4fb3cc1d85567ed3a18ab9aef12f51468ae62b386bf593689f8df3f7338c7acb8786e91b037ade0dea300cb3376d86870ccc3c5cf706f1fc008ed6131c08dc3f0df7ee6783c7f7fc3bb38a82b5dd4a576965ab28476bb58a10fd0c2c66ad737fce73a2cdc33c076fcefa6540a5baf072b7d62c968394533956e911697c6106a6cf2904a35a6d,00000000000001404a2e73a04b6f3c3a2f085d7f434b94f4b61fbaee281510db9a73b753dc40bc6b000000000000266a2448617468bd34bff55c038986e250b82d2d09176d5124d5945c559c2fa47c2ead96134a4d00000000000000002c6a4c2952534b424c4f434b3a9df452bf9cbb38d9a693acb7c5084efdc040696b94176c4c9ece1120005327478cd2c43e
rsk,0000000000000000000048c6ee31c9f6d913ce3689705b8b1fc388d5762a9c80,5454476,7ad466c0ddc4521abbbdd8c9329fc84d45696727a34c678a9960a9bfce65993b,1688804598,merged_mining_header_match,,b9a8702ffed8b939cc53239fcd55df3e20469064,d12d33604c6123522b01412df10bfbfffb1757b9e215ad370245c12200533a8c,1,0,5454478,dba6b157bb9456556f4a1cc7c53b469d513ca32a7080e1c8ba08c655788f558166a744b1665c48938e8d8133c73b9d0f9e7d001a20976492fc1e33d2a504646bf21fbfba3d9da27ddbaec22a8d61c8a171a7e156f6c6f0a604fc185bf7cd9588ff791a31ac425e2396897f48fc5be86f02e9406164de42ea0df2fec20730d4e3bb40770876168dceed2cfeb8a329d8ec6763871b78db292b53a1013e00ce68465fd587821ae7090001726d8a5004ca7c9f7e3f35fbf3fe91244a54d1de8f57b39409fd5113deaad3b01bd5bda04d1be6f18e70f63819b106c1ef6489348b7ec98f1b9312cdaa5058ba90dda530cec858e3c853e9d9ab7182783d969808b65979e121f80d2e7526f8f4ea487b08768df8a1900b8100a9e2f11d185da1d920737a796ae70798f3b7dcaedda83da65e36cf6192f70ea6255c36a97badbb77b614dee259a67f24e6e4e4d23c9678a279a90c03738093b26f69285fd7daf2b4c4498e27754c94cdd889f1716aaddff6275c7d64b993ed079ea4692b3d9c16daa3e4544cc470adb2cc0c4272c067192e91861abf051c8f1a0361d57fb88e51d0a8d58f,00000000000000c0879131f465445e15078dcef5d29866dd8545eafaaa4822d31bdd875d3f3b36e7cdff6524866403ad53bae6c73b1727bf830b14847350b09b3300000000000000002b6a2952534b424c4f434b3ad12d33604c6123522b01412df10bfbfffb1757b9e215ad370245c12200533a8c00000000
rsk,00000000000000000003e6e0ca6e4b679bc315b0a1d523153db531df244e34b2,5470289,5557654d577861a0dcc4f3bcdcceb14ee48c8a4bc0c6db4ecdf9467192c7adae,1689305382,merged_mining_header_match,,4e5dabc28e4a0f5e5b19fcb56b28c5a1989352c1,84993a0da45e31c9ae22cc003504920f9d744bd86530eb57be082f1f00537851,1,0,5470291,0be9a005b829c282db25f1e1b3363dd409d1e2257d026a02657ec1289b26f7b6144a3e692ca8a8ba004cb23cde6e9ba15e9184507dbc95d31977220ba7b4738ff29fc332e79c5c8950eacffcea7a08c6cac1c3306ba7616501ad8818b2e17f2ec583263d9fe7a32c476b306aae1de2c7c3830d2883f4054d15ad9b0c1aeb922697d9c0bd9e2fb5184858b7b36c645b6ea8fce56cea738514642fdad6ba7a34bd7ba2da7285d4d3422f716269fbbbdcc12f27c5fcab634bffa84bc5b3500017cbfd79efb426deea855a529cfc0d446286c60d5f56d9534bd4bea8efe3e1536ab9ecc67631629e36e256928689a170654f0857ca9b08937f613dd29385956d4466577471fb73f0671382733b8585d6146dadc940e84d84359405b3292048dfccec0332f2523309bc9504c282af0650f3db6738b48b9097e7247a8b61cbd9c0cd977e0bdc9e80447afa3dbf1e93b53cac623d39f8c390003be6ab140b072bca4479505e936841d031666e73d6cd404a4150f72498365d77de0301787b72cef1ba98,000000000000010037722268dccc429d4db43dd20c5b34da420b6c1a27e17cb59ea0afe8da38c27ebac27ec60419d0b373f32b2000000000000000002b6a2952534b424c4f434b3a84993a0da45e31c9ae22cc003504920f9d744bd86530eb57be082f1f0053785100000000
rsk,00000000000000000003cde17280f9c458ef226f5a77271ee82489daa6ac1819,5545403,4576b640783718ef4a1cfcde2868ba14da4e711e38636b03d2ed1b445ca4ec76,1691732693,merged_mining_header_match,,12d3178a62ef1f520944534ed04504609f7307a1,1ed9a47dd0700c2c14b5e75de035a9892d5bdd7a67f9ff50f04fe31d00549dbb,1,0,5545406,21dfe25127f79e99b8454d2d88749a56c37a712733e433579171cc6593ffc98f59675126953d862e250675baf8451190e20574a4f1a9637d29df7f0c2c6b8fce61ba56b48154f6f60b7a32e4368fdb82e90574eea01bedce176e678b636a81ce557f6e39c625ffd413647b30d9caad4069813b2657181dc20c66f5560f754d6a66fdb043becb2f788ca5a017f079bc460191b1945f4bd76780872c04d506d96367a80d139ed4ee1945bf8f7cd6b23297aae961f019a51d26c73ab99cbaa5bc58b850a93cf52a79c0b8f96c6191671b238cfd608747dddecb5d697efafde826dbcade01dc589c392bbee6d7a306c8b63d3000f68e7f0298ac3b099ec2bccb7c48742c6263963522061c82f07cf4ca83d1a73919ded55476f0896df180f0c72303045d4141aefda261e5873078cf007ed6f009e46a705cb53f62f129ba19f73c1d37de0959424a1ffa626e522a06ec60438434c8e500e2961befda18aeae3b9f3852bd20c0e90d5cddd01f473fc3ca7dc75d983619df21f908453899dee7a70d7611f86d4d827ab374e53e73ebaadadfa4aab0cfd56b1d6d9c248e8a8a1bce607f,000000000000014008022a50ce666c174339dacaf679c806baac4d45e32a3908455ea6897e5731ed000000000000266a2448617468f007bc0c85c753efe6c1ee1e769e2fa90afd4ab91dee408d3e5522fa7bc1a00a00000000000000002c6a4c2952534b424c4f434b3a1ed9a47dd0700c2c14b5e75de035a9892d5bdd7a67f9ff50f04fe31d00549dbb0efd013f
rsk,000000000000000000052822cb66ad7eacacf11e8e0f16c268679f7ea25abc98,5549526,00b6daf9e27d77f11379d9a6e3c9e12bb75d93f7b91ab2b066c35107c45afaec,1691862465,merged_mining_header_match,,b9a8702ffed8b939cc53239fcd55df3e20469064,000ac7a7fd9b6474e4cb4f21a1c9ca027bfa8dd07163513b2e2052250054add6,0,,,fff14a2191f6bb4a276c512e91804f0e64bf791d0b2b1b30d15b311092753b076a67bfdfc4942b66b02d8f3d061098616a356f7e16f040077aa666c80fc85ecfccb3094aa1235a0e49258296e74ce6c5c27cb7e6a0f19d6b2409ceab501416f2fff139f637ccf75eeaca87cbd70a327e5667b0540fc36420da441c20d8ea2cb00793040197132dd0d50f3e890c85e97c0a9cdc4ed2894d618490872fbe6de919066928136ff358d627671d9a63a244de355d0abc91e9d21ba6b1f1374c5ef39e26947f1fb1bfb37fb6403cd9277ffa2eaec698198d8eff8ad8ff3595b2d649afdb6cbab8e557bacb1cb14c8a587580089e9ce5fea5ecc163527c3d912f7dd17d28dbef4e05b6445f24270b900885df99cf72307cf2ea57e1cb991172be24f806b1bc97bd9d8c558ca161b2200231396c316c915bf4cb735eeeb77ff8338f2dc461dd76cc7007e164d60027d3ffa32b113515cfa1b6ad5a9e5ca41f07663933dc561e064f517ffcfeab142c7a855171afbf834b99358fda5499ebd1c497e96450,00000000000001004977767c981aa180bc4de444a757796ccfcd178919f65b439fddf92ee21c99542b6a2952534b424c4f434b3a000ac7a7fd9b6474e4cb4f21a1c9ca027bfa8dd07163513b2e2052250054add600000000
rsk,000000000000000000048d93a8093bd9b104cadd46957a6d14ba3ce6f2a29b9f,5628061,7842f88b39c23595be33f2e55b191e80c9ad6e3fb772671fef62a3dc3ea0dd56,1694346257,merged_mining_header_match,,efae094629a4717100094e13d0caa4531a2b08fb,05315737dcab3883559a291ef1dbd7af7333458ccc20488788ba4e270055e09d,1,1,5628063,6b6a6050a039ae68890ea63b3638675f3e3d2c2eda3c390143c51c5c2317c9c7a7460ec92e75714b3d83ba7a1c670e83b85f89222b7afa3d367b499ff69f1e87bdc03cc66bca4f20a631c5156b8068e5cb10d50e4d1c46f5fbaed2bd366ddd68049bea6bb117621e014c2b16705e7aaee39283f42d87ccd5348c786400312246a9dbbc6d305f912f31c2cf00efd5912d2617dcfa310f2f711ce6436a8950bd98e8ed96cbd125aeb0bec2c0f8ea08dbaaf19c2a037b026f3281a43028ed01f65045b2de0299283a9eb6630f9d95ecc627b05b40b3e1037fb783e34e3278f5f10814cee2e81842f8fa071e5b69fb2a78b318abef3bf8df1cb73af05f89d526a0a6b513eb0a7a5ae105f5268f180d2c0a4b95ca3987feae9eada3871e995085b332bf6235c8d53f10b9bd4707e9edadf2a14562e8a714810652920e9a591934b95253ff23ff58290dd08dd1638599e94725cac50c8cecf932ba17646c62c7d45769,0000000000000100a69ddc175e6d1299bd05de1825a33ccb606b9f01be1b9cb827862d8ed455ae86e4765b00000000000000002b6a2952534b424c4f434b3a05315737dcab3883559a291ef1dbd7af7333458ccc20488788ba4e270055e09d00000000
rsk,00000000000000000000afb04a569842491ecfda6a03ff5e8d9322e5888e512b,5660932,35515be4c3a4c9dc75b2d2e2514c49498450753f2fb802cab9fe3c8d9adfaebe,1695369006,merged_mining_header_match,,efae094629a4717100094e13d0caa4531a2b08fb,729602d8f8b871de9b7121cb86b57fdf8623e5b29cad70225020f82000566104,0,,,10b7dab09dc88ee53eff84f7ec543b2ebd59b27765bf3dc83095a0f373880855b573d21bc312333c6f34902d059600fac63e509280ad1bbcf87be8e0ed0651c3ca3ccd6cf6c8184faf2122b9cf29c8dfe423e8f68e5f43c4779fcd5fcb86cfb8dbb8eb5823166c54c4640fe3406ce722acb298553c28cd1f96a0efc39b98e1c5db5595a4ef45a2f10ffc9abdcce887998a83300056b6bffb6ad847241cf58e5a9c07a0f60ded24264713b5a6a3ed46064d20df4ae73d1025f66cd39f57e7bd20870bb107be808df6f417a6a4d12417de036bdf2a480f64ec91cb5960a98163c97864be422a585dc3d6082a2c1d041b8aa42805ca9531bfe0ba625d43e5fed8defbe7b295ce91f818ca4a9689e0eba74f5f6e5ff4b679bd1fb2f178865aaee9a84023a7cd239f2d68c09d94e6c5f53ecdc721be1e144c541441ae71f1a34b1dce71ec173e2d7af71bcfa6641683cc1e34118ef003ea4b0a362ac82b6c3dd874a4a576b7e12e596c49bb50a632db9131d261bb27347ad11092f8cae1f5b57cd40f,000000000000010097174a630429b3179bcc2698fead16e7e3ef8f39f04d9cb69d9192910e10f922abad3600000000000000002b6a2952534b424c4f434b3a729602d8f8b871de9b7121cb86b57fdf8623e5b29cad70225020f8200056610400000000
rsk,00000000000000000004a2b31c38cd724c92d3b33f9dcbe99bfb50ad167ab2ee,5695557,9c8983653fa8890df4fc25dc35bd12bd97aac4472255289792e5394dc90ac6eb,1696436766,merged_mining_header_match,,12d3178a62ef1f520944534ed04504609f7307a1,c35b5adbdfadec2ada0ba684836f3db1ce11dcb9f4f69f08adda85180056e845,1,0,5695558,789476ccb94649d0fdff441c8ed23984fbd65e7661132531204f6f2ba89c7f71f164bd0c4cd39121bafa2983a37ff55b70766bde414c5afafbac4f516b85a2caca39d7d385cde4986b0a811b43b3d4b13172237c79bb5ff9091b53293787e9541ee33e651fe263087c54d6c4a0bec299eb43d4ac1120300b50272acb17205b62151900ede1c00cacea9f53d218ce7b64ca6a72ea4adf67b8a6ad432b0d815de1d08a795052763f561dc8482e960e973cc9a90a6f9a2976e5ca930f130d5c76c2e4ff4cc87e13e5d808ab7f135c28b131af013fbd1228eac94412470da464ab431bfee62e6d0cb3d526863b869fea708b74b8797821050b299a96091ab75f3a4f0a819af89daced14a97d6f7b6a2c519aebb65f47847c13017b86658cd9071b16c7e94a282c33a0d49e62a3d41cbfe03d38f7998c4a56ffe159c66fb93d6edd4f,0000000000000140e1008b923ec8dc2e1551307d767dcdec45d447c96b67813324241e1e858734ec000000000000266a244861746890b5743212d9898be3853dc19cf97b136bd6395691f8d98a605986f8d6a7793700000000000000002c6a4c2952534b424c4f434b3ac35b5adbdfadec2ada0ba684836f3db1ce11dcb9f4f69f08adda85180056e84527e1e748
rsk,000000000000000000021c9f203786c0adcd7ae9a68a25d5e430d2a3dba613d5,5742428,bbbdfd6a10b0281caf731fb5bc1986f13a5d5df37f59ec9293721b935433216e,1697907031,merged_mining_header_match,,12d3178a62ef1f520944534ed04504609f7307a1,ca5a986a95777e97fdb062b24430a99461ec098392d7bf621512402100579f5c,1,0,5742430,,00000000000001404b48a709819a733c4c62c4c8796d9b43bfbeb4b1665c95a87ade77858587dbbc0000000000002c6a4c2952534b424c4f434b3aca5a986a95777e97fdb062b24430a99461ec098392d7bf621512402100579f5cff629e3b
rsk,000000000000000000018dbe43dce84e99e8b6e3c486b6b99f5d35664ac3d894,5776847,b0023755d3a58b36829632badd0aaeb193c65eff014310d434aa6893d8deb40a,1698969346,merged_mining_header_match,,4e5dabc28e4a0f5e5b19fcb56b28c5a1989352c1,a805f01ee61da3274373f6f8feda79aa2f26aad54a1b674b93f42a1e005825cf,1,1,5776849,7b595b29a049304b3ec1521338c43ee638799180dbdd40e5d8c3a2ac05126713f93fcc72e7ef92162f26b2e895498c89da6a86fc3c64b71c3689094f44cb3323580a7ac6cb6f60235311f3b007750e206f070a84eb7d834f5da8623ba7220857be32453807b60fd87611c66540ef3b3dd3b806940680910525eb9238db66f893ba56f09890d7075dcbcbf22ad2dbb1f23ffc0fb04b5ab8df35958e7e31fb9140799ee9c0e492e1d742310bc0de9022a0df677681a672ed533b2d6e7459720ab31ea6485d7b548508c6fecf10dd4f97e4fda3020004aa471eea40513b8c01f197b4d1c41b46cc550332dc6af376475b830eda7ccf62eda4c67d0a7fb9d047e2e139f6d0efb835a81b97d832bb0bbca07082a23a2e61e9f859ce270d555cd91cbe88ceb3ce9e28e9c82f12940a1093ebd7f87fb93227db3bcedeb28879371caede9b58f74c93cfbe415d2597b60ea8546bcf3daedb386b8a22378398de7c68ff25dcf78badf6332ba954b58cc45bef334cca61deb4bb365c016a5404b906185846b2c75ed15e67d8e44a6c01ec4ff206ab24fcfd9318cf97b7d479be6e2941724f,0000000000000100354c2d6343f9569661b0baa8f5788a7b5ba3710a8b96ec615705ed756324f4f3d05bb9bac27ec60419d0b373f32b2000000000000000002b6a2952534b424c4f434b3aa805f01ee61da3274373f6f8feda79aa2f26aad54a1b674b93f42a1e005825cf00000000
rsk,00000000000000000000e41cff8222ded062e05a7f274d29243cbce880fe95bb,5781532,05655c348826e4cc7a7995b1d9a45e8bcbf7534086f1bb57fe4466312b6ba319,1699111478,merged_mining_header_match,,32dfc7a84f24b10a5dded1d8b24f48b96ab77373,54b28038dc91c7e2d60c5eafcef75c435320d2f9a81c234e0dd0ca1a0058381c,1,0,5781535,15b508e3553ad3bd4c8f59322455f8a5554658628f12d1574396ae10cc52de11eb1faeebdc7dae874655c0b76125feae6b535fac88246384cd1e3c70c6276657ee36e8c47500333bc08e1670c3588d078a25d889f9103d35c7d8cce0f2bc1ca5ab82817f44caedb7e91f684f760b0ab2aa9499b0e5241d3aae9f759ce3efd30bf57ab91da9641d6921cf256b8ed9f610929bb427d4aad4fd19da7e5a013ca6825c8a8088c80bfdf92f84eec414e0f875f210506383d34caa01db18a846d3112abaafe26f61a7635f1530ccb5a823f1e85ee83493b34dfc0ad34fde69d3cd497a0831072655b09d016883b43d1527e3c25fc15bca2368476fca117e43b04ad270bd1ce0c54948774fc08a8674c110795743c1e61278234bff2ce786f6020fcb0b3d86208157741d60c27f1112b04c96e51b19febe83baab5759fb1945d1b183fc5fda407a8d4445d7e35118ced8ea1725a133e94c25cc0e68721313451e9b9f7b468805ece25f0ab72a02224765715ac5665d227252527cea55ae0d726961a4624c00897432212d80607abe6c27113a83048591f717269714b3e6de935180eb12,0000000000000080c5ef72b5d7715719003657e999c3fa450f5d4dd64b2411db3cf48c8ed1a9a48900001976a9147c154ed1dc59609e3d26abb2df2ea3d587cd8c4188ac00000000000000002c6a4c2952534b424c4f434b3a54b28038dc91c7e2d60c5eafcef75c435320d2f9a81c234e0dd0ca1a0058381c0000000000000000266a24aa21a9ed040e658c522e8ddfbeb2b9e186f91fc81d12004350a55984f42d0de40404b5d200000000
rsk,000000000000000000024c1b977ae540b29e329ccfc3bbb37f3b0880c2336212,5786849,8aa6a52b04f7fe91507b463113158c7c14b951fba223123071439fc1188c5a1c,1699270193,merged_mining_header_match,,12d3178a62ef1f520944534ed04504609f7307a1,649bc9642df4c1c4a94069a9dbc22165fa06e8269c1db1497a1cec2600584ce1,1,0,5786851,2975cb050d18e103bd9a09bca225af307babc0e66f9cc5d74f2540fdf7e518beabd014ac2f3c5fd4d87a0f76ad15269d57eef8f4e1e78224c27a849d05b433e6b83fa21f073421589b0aed460c0d2cfa39c2522dadb98e04dab09c717f7fc147e56f016c66caddf06db68d1a2e708d946dff60f3bd2826fd3aedaf2988dd98bfd0dace7c289fc4695ec69c0de540d7ef99677755a72c4aab19534f216a101a65112ab0b1648277c28da08869963db5810cfb96654af6697cdf2364c1f8796b4a140a7216d27055760a09ed4f3087de40370ba58b213f98c2f7f0265e755491a4db1bb8bdf3f11b438a597b196609112372957871144c6f349d7a122287afab03248f3b28dfd82fedf1ef68daac30d147b6de1c1b5791901326d7f33777e5e8f85be4ee1a97e8f788bd3fd4570de31c9f60792793ae13afbc031407784ab35bfdf7b4a41ca85fd40f639e4b158b72a78c62a931707cee3808629b71f301bbf732fd2ca25604c65bc8850f7a1ce0305b49534065666d8d8a09ed288eff9e27d62ff185c3be0408b81ed9196cae79652c5ce7eb22a8b9fdeb13c7611acdbe61cf04,0000000000000100b2bbbd650797e4dd082454edc7f829bb62a1c59b5b7e37f99e5c7f6036ccfbd6eea3095c43369b36bdb2a04b4ccf74792cc6753c27c5fd5f1d6458bf00000000000000002c6a4c2952534b424c4f434b3a649bc9642df4c1c4a94069a9dbc22165fa06e8269c1db1497a1cec2600584ce1147f813e
rsk,0000000000000000000248843d730c9645f67265d4ebc007859d4022f2de7c7f,5811669,25aa79be9dc805590fa0cb8ce19976093266043e3b25ecd1c51787e915a3bc25,1699998583,merged_mining_header_match,,cf5072f792246690c75c63638e3d98bb2554ff2c,7595e4f00c56036420ac6eefab15908519bbf817d1c7912a4679f4290058add5,1,1,5811672,f4ea1a8e26bce253d48ddc15b0536e316c141e5025efccfb7431298695e07b0cff96b2b5b140dd5a9b7eaee87d329702d9fca99fbb38ac8238c3849c9f41bff6e16c83ff57401bc7b1b5ec52bec732396bb37738ba2455fdb1b8adf650412b99d09d1ef2e46163be2d9f449bfcd193414559d60e93d9a8936772741f3dbe5acc59d91ad8e5888ddf122054877b58fb0f69aa4ea1434bb0144cc2971e5251687909875875171f8b0259ad10a9fa6e2c248940ad2ace1f17d1cf998198e11a0255f697edb1db94ee51dabfeba3e492d3c0318128aad76a7d172f3e39dbc9e7fc544e6e31aa3694f8695446ad02f04d2aa844b0e98d85712dc05df2c6f3561d3729e11c6adf4e3e98fb54715f1d7b45cbdb2229a6a9d9b761dfdd8f2c5467fcad6a1847ee71de005cd96e267899b4be3a18f0491b61f44e8f646141fd8d5fa4407ffbd1a2c2a84ec7916aebd321e23daa89791f6b7650461e3e2d9c725ec479baa07adc0d433208f427efcfee5697ab091cc7c218c98ccebc5de4589b55dd30dc96,00000000000000c089fb14640fc726c8cd031839c7bea1772c24d2303af0ae1756a7e88c5d03ef85437809dc1d44868cab5eebaa23c31c12de82999a2f44659600000000000000002b6a2952534b424c4f434b3a7595e4f00c56036420ac6eefab15908519bbf817d1c7912a4679f4290058add500000000
rsk,00000000000000000002519abcdc0b85977087bae63a36cd4a13638c22721ebd,5814419,abd8a05af4dcb7940f35f3d1fe1b37925e64fe1310d104e0595e9f753dd1786d,1700080301,merged_mining_header_match,,4e5dabc28e4a0f5e5b19fcb56b28c5a1989352c1,212eb0a5ce938ee188f43efb9da7d4865da9d7578b97e8d3ae4b982b0058b893,1,0,5814423,,0000000000000100ff5f6332a723bafd0034cf97b7b2dfb4001163b2a97178e2d7e4de748028919abac27ec60419d0b373f32b2000000000000000002b6a2952534b424c4f434b3a212eb0a5ce938ee188f43efb9da7d4865da9d7578b97e8d3ae4b982b0058b89300000000
rsk,00000000000000000003cc5fcca883d8474fe09d4d5fbbaaf526a201c61be2fb,5921290,7a373a6f03317db831621297bc8d00e2ce659b05cb71fcaa0b5934c234cb082c,1703177521,merged_mining_header_match,,4e5dabc28e4a0f5e5b19fcb56b28c5a1989352c1,e063d19436fb502394e96ad9d9fea694a9a6a3a423c2f732bfd7d423005a5a0a,1,1,5921293,72a5088ff4bb2cd312882ab7dbd26be60df586bdf735a3d0b3942ba9db82ea9a0831e40351c27637ef9d164dae6c1beb4ec3ebc7d6d7055d4167a76486c7608cbedeeed5309483a9b2b5fb14755fc8b2a87e2bb5f09a1435943cac35cd5662f83f911e8315fdbf1cafc4f4225d5d9bd6c34d4903e6d707b7d06e8115a43108feab75e823c53671d9aea2b116d1357c0c950bf8f69afa1dcaa4a9bf76b4244be5b942aeb87d0c853a10b2ede6503b5e0546c7563ba2cc311bdce4ceb278fbc89f49a9189b430003e15241256f2a7731c04554c4f114430cc409c77cddace386d8a64e5fc8dc34932ada832415cec0bd9879120aa9c709e085aca3fce049894d0c826b55fa7750a3ea9fb436eaf1aa15e1ba48fda6e98d4693dd1081e72c306defbb99fb61c6ab0d9fa9aa927861261651c90734382c6f0014d93957e4db5fb1d13ef78399ab80d358b0da8507992aa7bb33edc6d5b05240ed5f34a08520f1d050bd11fc2f7538afdaefa1de801a5d75f57d0e78c2d8cbbbc137071f1028309b12,000000000000010041474d9a276276f50d5c548b9a0d15207a10348d0f88d6f091afb5d34d641430bac27ec60419d0b373f32b2000000000000000002b6a2952534b424c4f434b3ae063d19436fb502394e96ad9d9fea694a9a6a3a423c2f732bfd7d423005a5a0a00000000
rsk,00000000000000000003aaaacecbebd40417c2e6c39b5774a8a212d5b324052b,5934276,4735f27dbb32cb8925a40ac3a7803c2b8fdfd7b018fac59d134d803f7e601115,1703545582,merged_mining_header_match,,08f6c90cfc462db10d4dd41fb1f2162ff854a462,1391c17bd3afce5fe68c21ac8e55de6644e8c598011a6231b6b23d1e005a8cc4,1,0,5934278,38f1cf1cb2f1f2531907f7699fd35024efc0f43412a3aabd8ff8d6e24040db34459589b1d1e6ba5bcdd01f86ac7dd1368ce03fafa16f8a41523e7c23aaa428b66dff1d8bac9c77372a74aec8173ad62a49c0d9c963fb9097f631a0f41aaf4740ac10b0ce73175c7a0506c47f3046440a4095e368e8b9d9e9de1e2980e15795f3ca79136dbacdf9c0c5297b72863d735e36e6f3a26a4658bc7020d9b6f16414d2a0dfb104a2dc80798f1c492ca1a4d427662170c148a28d22762791c18422585996eedf3cc0195eb28c0d1d09066cbc71f44b945970b13a5e29899364bd8b1d1b43af3811d329e8ec6d349685634bbede6d6ddefa6911b8aa7d2f481fc3f98279ba63729e487788d444eb9269abe877bf7d2dcc75ae64f8193ccb4b70f7ab181df709f299e0cb09ae2498958cdaa166fff97dc15ebe43220a987d6a787afec027abef2d1c67df60c6b8ff9a6617d57e90f120ae8ea8dd6cfe0d4960ddcb6f87d4,0000000000000080b4b748f0911e8e9826d929d3eb05161f930178a17c6b54c1c87b14727c14f338f728000000001976a914536ffa992491508dca0354e52f32a3a7a679a53a88ac00000000000000002b6a2952534b424c4f434b3a1391c17bd3afce5fe68c21ac8e55de6644e8c598011a6231b6b23d1e005a8cc40000000000000000266a24aa21a9ed0d37c35e0f90cb11cda32bd229c6bbdb7b4ef36f7247d9cf0002c2533ffdc93000000000
rsk,000000000000000000001f317d0fdf0dbb37e5e5b0c858cb12f58eab4ff7ad91,5950247,550e7c480ef3526418576a4bfdbd2c85d36539fcabe223faed90c41933fc47d0,1704000434,merged_mining_header_match,,08f6c90cfc462db10d4dd41fb1f2162ff854a462,67f36c6d88c7c3c2ff5a522b0f1d79b329cab2a70877ad36e03dcd24005acb27,1,1,5950249,2390e592c2fcbbb0079b092a71ae7733b171aed2754afd28ee9c24166e6693c5bea51f8749868e2eb0fe82c6dee3f0f960af0d0a1900222575f19ec73c70b9a150aca42548235866db636e2bf972e29dfa8b8894907dae7f911296adf8f7bcb081b617813d72bd8fb0b0303af5b9421f17cd3975065f918b15f45e3541cc8fb003278e50591219d7ee4480c2c150cb8c6af2580b2c1900c9a2ae5ac97f2dc6136ed5abe84f0a0b1149b78e4d973ffa463c2cb06fcc14187adf3ca4e30275fb6f0c006967a23b6cd9e4c1910c510e9250244c5a0c4c197b8f212bd01cf0e422b029a8ff49084c91a11cbc73febc0409101507d66d8fc2155fa6788ce59a2e5123414d36697e8b78651f85f85bfc9201d28815a60d007cf5e5b6698010aa0359d51e9973819cb41215f94311b2acac285bd29c5d224e6b08cad89ec50628e7b47a06b5e6b3ba6b33056231fa8921db157749cfb1069b667428d76a30c5cbe64fa2ab06dd851e62e5e915aa3e08eee524d3b2439acd4158d850942513de0291e098a4a9d6fa194899d3a2e9aaee695b89e46c331d6af5b00878ff9b93a851f78243,0000000000000080a8c37d8550c7c540953f4c73f5fe698f1af0d89d84ca2643189ee61bc6c8f612f231000000001976a914536ffa992491508dca0354e52f32a3a7a679a53a88ac00000000000000002b6a2952534b424c4f434b3a67f36c6d88c7c3c2ff5a522b0f1d79b329cab2a70877ad36e03dcd24005acb270000000000000000266a24aa21a9ed39e6811744eba9217741e29cac8447011a60f6962e7e17a81317f82c8986d9d600000000
rsk,0000000000000000000284c1a998c1c8f67a4ff0f06d11fa3bcc5cc15fad3757,6005204,64558036293117f065f5a60ddd046dc28987dfc871afa8c8f7bd8e0ac1a1c582,1705583178,merged_mining_header_match,,4e5dabc28e4a0f5e5b19fcb56b28c5a1989352c1,5392632291f8fb930157cc7f10be98dd514f9c00c1b1c8ea7ea1a925005ba1d4,1,0,6005206,9ee1a05fd8aaf291936107440a8e31c6abbee4121321d6a1cb0d4ca6b05a0946b345ab4926b6cba1f990ac7bf38360cbd73309f44570d6348477687ef4802321bbc660feaecab39f07776fcf61c0e1c527b21eca0693f695539c0f08a95a8e24beb645a9c1cc3d95229af35dabfcbda8811144465201adc50e06c39a5e3d06208f8186b4409a01be802c49be521377e1f2e259d59d99bd0c178e7901a1bf1c19a72944ef5ec0dc8ceea29f7204cb6dacfa0d4afee60348d6420bb24f8ff938a45148778480e4f3145aaffeae971995d45df73c3e16245fbaf9e60c6dedc59da9fc6a42cfff6a016ed068e497a9ba83a4d4c5929b13fa5510b328576c20474274b6df34b8d3fe1212e46b5604994cffde3ab09808d3af26669ee66de8fda9e04c4ecac9a7f2a607396f6f10da164f6aa0ced716a9748ca53f38feb7bec1336ba69bc75a412271c7d5ac5a6cfe716491e3afcc926539916d01492c73e71f4f19ef994327d046717705889af7e4fd4ee934bfb5252a8c434fd7908546f362fdfa17,0000000000000100691b7a064d3b57626d63c27555ca26becb6fb4f334bfd9af1346f20d3f8b265d2d434f524501a37cf4faa0758b26dca666f3e36d42fa15cc01065997be5a09d05bb9bac27ec60419d0b373f32b2000000000000000002b6a2952534b424c4f434b3a5392632291f8fb930157cc7f10be98dd514f9c00c1b1c8ea7ea1a925005ba1d400000000
rsk,00000000000000000002c7de4016a0d09a47c19075cb73947e7f66e3461efd27,6034715,7742dec2f17e5c02041ea0652c736115701bf192a3a1fa0703dfe27323183be7,1706474069,merged_mining_header_match,,4e5dabc28e4a0f5e5b19fcb56b28c5a1989352c1,3a5fa2be4fbcbca017c27ff0613a84e706a98597f16fa945932b8422005c151b,1,0,6034717,9c66ca3ee9d617b64beb9e00bf3e1d280bf219a5973daf2cdbd4b8d607d5fa47e4c9b539cc43c6642a03921297d4feccaf63f273a0b0a9d4e5188146f10966a1aea63218e394587e5bbd8a7c403ae8074bcf1fb066af4b7fe654d4bca47cf303470066684c0bb71c01ef3725e50bf99073f48e70d3558f58e6902d384148f2c5701f1eeb49a43752c29d079f6d7b9a4826df284c67891d3cf94c89421acb2e589f34e6396a9d623ed297aa34ef66a7e1e45eb28aad407e1cdda1c1e65df1b8b0c351a237f1af77cd2e290a5f09de0c99ed089a21e0673951717f1e78ca02ac54df7255412c371cd54f2e995aa937a1871410fe10cda5e0afdf546c47b226144abe03341d40c83fe61fa520edf57bc1ac070f2550924705e7cf9a2466ce63072fc5127c44b03ee3ad7d683c1305ac530250129ae5213bf9232dcac7f7558672fcb0b26e3a239c3ba7fd0fa243885612c7560b559533d6c348ab5d87028f6e01b205b530261dfbfc4a43322d449ec04c32dfffa28f9f752c31ab4bb5ee22e17f9af6df4b2f9f55244f6e24030f0003f7df0ea668db00b9484016ed6fbdc4d6f503,0000000000000100dab982859f5796123541e9ccd71d16bdd4209ac2054d8f671a1578bf0891aaed4f524501a37cf4faa0758b26dca666f3e36d42fa15cc01065997be5a09d05bb9bac27ec60419d0b373f32b2000000000000000002b6a2952534b424c4f434b3a3a5fa2be4fbcbca017c27ff0613a84e706a98597f16fa945932b8422005c151b00000000
rsk,0000000000000000000222082e0016ece6119a9175adcf4ba416631279dc5611,6044744,2bea508b051acc41a5c7bfaeff18e96e8efab1965cb28192a1eb10d148e11441,1706783255,merged_mining_header_match,,4e5dabc28e4a0f5e5b19fcb56b28c5a1989352c1,5875b27127d070c92aaa44adc41748fb179f1ffe6606f32df4e99123005c3c48,0,,,a055e1f2563aedd91f22000a8a3b81ab2d0fc6e025637eec22695e3964d02580386dde690986a25eebb2bb9ad3da810ecec71feb42170d2da56ea9cd44e12008110b351a5e3330424a6fef36ad19c40bd1593f9d7473c87953e149564b36395daa1c736a145b140b9414a27c66af788371c8e5138b7744941fa5cd06fd16acd44559dc2a5098dbfb385703c262d5706c1f0df530ab9c4983f4215702b30d9dbcb8cd870111c47460f198db53dc6b082498e95a4d26d626fc8b0ce66854890c5c429ea5b084d1fec29c0b9a2ae3730e7e933b36b1a9abb2a750f9404fa25e3ba829b94dff5df7b26a370010ac425019184e85ba9206f97d3bde1c8b5e1096c711c4618d89e7732f57d6652657ee82d5ce501dcaaa2cdd34cd3cb72b2e8c67809d0ccdeeeb9ad52a84dc5022421718174133c6bafb4b1a8234918ff4e9b616d13c17c15a721881859e24c1e322202f40f20a5964c811dd326faa6890e0c12a4ceee25fb728c1bb843fb55f88bd5333c0d331fd9f46d3bcea8dd8f49b3729baf863,0000000000000100da27f871bb0c4fdd9b27c6c862e41dd79cf5c7e99030ba1b6df2f67df2e808434f5245012953559db5cc88ab20b1960faa9793803d0703375997be5a09d05bb9bac27ec60419d0b373f32b2000000000000000002b6a2952534b424c4f434b3a5875b27127d070c92aaa44adc41748fb179f1ffe6606f32df4e99123005c3c4800000000
rsk,0000000000000000000147af858b815ba7fab00984df3811810a722d4624df8d,6132549,e098ca5138a1effc35287aca35dc53f84fb4f04691762b21bad2f2b2732e4125,1709422194,merged_mining_header_match,,cf5072f792246690c75c63638e3d98bb2554ff2c,6065d3ecabf17e132a2215c66cbdc41657a580e5af16b5c2ad1a3929005d9345,1,0,6132550,c23e2d50caf829cafd67da0c8e5ad6d2fe8cf8e6748d8e7cfd4448be6f890f610b11fa30c3928313e8e22e3efc845414d9c19de2a5626064a9955c123518227fda824c94c0317172caebb6a91b4186e354992cf8e41912f04df4e1798358c92b5855e9be9910d244f9bccf3d1b13b938b4188aefb0b572a408d59adf1cf0a85b3f7fe7ac6ee49f44a8ff609242a521f8a39a9f26a42cce9a0bbfa3731da17d21112b67123f040535eff00ffc2040a37e4cd548152aef5cff10a8e77fee5a116f1ccabf9cd2ccea2ef7af86a895597eb1661bbcde58802b03590422c9c4fccf737efcdd6b9a34c8caefd699e22981d070dac6557e202fa831a35106d4eff8d345c1926e7d7996af776f54e9ddf4c4738e1fe215ffba2a86d0d0b0912b923cfd536540364418926c6121f01327fbe3ccb7000e491cd42ff16610a6069c7adbd051f8015eaf69ccc72b567296c9c53a20966627aaf9b580c9fec7d491375da8ae6d755b09ec17d72d6b4f9e55b15ecd7d77c5570e8f9f6a764265cbcaa341d6f043,0000000000000100d5b3325dadd896f1e9e17881068f4a80b3913f6c0477c088ff4b5e06d8a22b44ed6ca05db422aa1d87ecc2c42947ccfe00000000000000002b6a2952534b424c4f434b3a6065d3ecabf17e132a2215c66cbdc41657a580e5af16b5c2ad1a3929005d934500000000
rsk,000000000000000000018450917aeae08339ffd3172807420dd35c736032898f,6143100,e3847fd508e2a64cbe359a42a92493e02e8e637a56e84e467b84b178c7e5ef59,1709734147,merged_mining_header_match,,08f6c90cfc462db10d4dd41fb1f2162ff854a462,b61f555563ae48a9986de7b2f8ac529b2b3e27a645c21316fdc63622005dbc7c,1,0,6143102,6bdc72b9c06a7225d11ab0f1018b13474be5f41cd3b895b345480d524e70b0af5ccb48be305c84cc02ba4280048262f10ecfef8e144496e378b0d6fa7dae9319f08198666d1e9f31268bbe88ef8a3ef30ef4fde76f16cf7a8eda5dec5ddcd93ef672d617ed6b52b62cdd5628e317163e3d1cedb59ef2f4183d02e68c9052183ec7d0b7160afcff2b6e3409eddc76f88c48a6ae744af891a3ba63830baceae9be581628e0dce44da02f4d6f58c11c4a3c88e62f8c69cf59ea6b95c66b1a09e0d41cb5df1466493754bfed0dc466e7e34c962273876037522e8b751ccaf5276d643f8faea68172637aecdc51c8f9c7b7018389bca808fc95ea2db1c5c8aed4417691777ea543d104e9505ede39d4d7f2f881c51fcecb3d93fe811b4c8183e72d24ecb6cf7db2beaa916389027c5ff1f7f3017a8e36417548c7ac99cd4604e0c0f35295b0e61c2e36b256c7e1e1fd83f81c1660c2e4213144ca9648b75586e2abb78c73ee4c1e53ea0db6c5dcc9ae25e2bb21adf8e2a89e4566108effd96da3345f,0000000000000080d5c3c606b8494d49b65352e6f13a9507660cfd124d62ed54c631ffdc3ebb52a6b941792b0000000000ffffffff0385371d29000000001976a914536ffa992491508dca0354e52f32a3a7a679a53a88ac00000000000000002b6a2952534b424c4f434b3ab61f555563ae48a9986de7b2f8ac529b2b3e27a645c21316fdc63622005dbc7c0000000000000000266a24aa21a9ed7cec226629c9440b938c0cad3d9e521588c20ce2115d9da84c13b4933e34e13000000000
rsk,0000000000000000000206e3a637468ec7c7b73632d9df302237d8899e8c6bba,6208830,64caf03aababef3cc4f6313108425e319a765b1dfda6deabc320f2338f655d38,1711723188,merged_mining_header_match,,08f6c90cfc462db10d4dd41fb1f2162ff854a462,59d604c8a4726be06bf9e4c3a0a0122c10de5b7daf620d11eceba01b005ebd3e,1,0,6208832,623884c84fc1b1b02fd5568921e0845536a14e072a2c914314278ac75751b6294e69c716c949f52d1edc49b58b812bce3508e4694f8355d1f9f455c113755a5ebc5d6e360cf55454f023d3d5f1dc34016250ce34d35f165b0f6f62d76f3a761ae71b83baff4b0d5cc8a54549e2868883aeefec5a4d77d1d4c434da36436fde71dd6443cfd690291f33bcc18cc28fb0e7b7693d0763471e55c796962abd0956f10e27e7f60331b4dc5b2c70d7ec965a842ce00eedd7d3adf2df630bd27fa4c7c86dbb7a9eb6221d152458ad186483851bebc0da5a0753f56871ff58d1343a3c061c5902b8dfea3afe27cc7f9295fd880d45a06c2f3c2fdd0d497809def8ff02a3a073e869226c866fffda0d7e9d3aba26b58038d0cf55f4f9f5efe81c736299807c7ba7c9ae076eef0b9bae1872073905bd815507a8d0cc22d0b350ba9b6cf2c8360b42aff43e747c40d5b001811392197e1481b812a6383eeb51f11a505cd2cbaefe44afe73bb4d0b015758e5eaa2d03b7c40205ed264004e8f328d6e0b396a7,00000000000000809e9d558a984b7f8007c6bb03b479027d75751d90a0cd589c4a8adafa39bc0e543171010000000000ffffffff031ebd7226000000001976a914536ffa992491508dca0354e52f32a3a7a679a53a88ac00000000000000002b6a2952534b424c4f434b3a59d604c8a4726be06bf9e4c3a0a0122c10de5b7daf620d11eceba01b005ebd3e0000000000000000266a24aa21a9edae154d21339a7603598916fe00bb863a09a98307cb83fe192909797b261ca29000000000
rsk,000000000000000000016978fc164a420a2060c0a54290365df2f88587204c40,6230680,3e1e6700758a1773aa7eab7742608dd1ca25ec7b67e20a29001e87de7b2ea37f,1712380683,merged_mining_header_match,,08f6c90cfc462db10d4dd41fb1f2162ff854a462,ba22628a9e231fc5caaf578f4962ff67cfd931fb577484470f2ae221005f1298,1,2,6230682,dc7cc65487f1089a268a0c0284187efb503700758cb0c91a6cda393e12d03bc78c27009f964f4f2d009744724683cd466c435f00341c2ad63f9087ee95479731d6b55389bcbd6a70e8b719294390d63a42d688469ed07a6c7b9c3232be5329f55e4dbbe8b0279e2b165f2442b50e63b926038e3d5b06a419e6457a9bb7223475ca8f00f4a4a8f1db373282c75c58ca005cd7ddf3ffb17769c801ee840c39da671e1f9a70f65be35c5196093e9f727ee6193b1befa626ff6cb1f5e0bc22f4d2d03defb83a2f3d56f27a893569563ec2ea569f9d8e22ca76d69b7cc05c450a1258b4a891f5ca3bcfad5656d9c58b87ae1bb6cfd86b6aa29bbbbf8698c32adf0d6785e335432156aad51667f4d278b434c64cc8dd881a3be602e32e68287a5f1c79c7098c63befc7ed063afaa3c333a3507d229ecfc70df064a8180a29d33ce17d49ff4209ee8555b66f8ab24de03d3fe3005e26cb58d586718c51a1ee638eade2d931a39167aa5e32524bb407c84eccefa8a1ccdd5a0c75d3804300c765efc2af9,00000000000000803cf2d5f1b0e8f2fc0add3e4ab9f0a63b5a7f7e35968b07009e178bc95a97295fb7feab74c208000000000000ffffffff032e84f925000000001976a914536ffa992491508dca0354e52f32a3a7a679a53a88ac00000000000000002b6a2952534b424c4f434b3aba22628a9e231fc5caaf578f4962ff67cfd931fb577484470f2ae221005f12980000000000000000266a24aa21a9ed07eee456ae7c79338bdb2627acdfe8ec0c118f7e0fc5098d701f3936b6dac8eb00000000
rsk,00000000000000000000e8713be25a5a68bfb7fc2c8c4b89a3e889a13f58d829,6231248,77c2e310b480defcd9b5f0be962b7739465392251b4835b93e86eaba2ff7430e,1712397773,merged_mining_header_match,,12d3178a62ef1f520944534ed04504609f7307a1,cce992d3b7367711f9bdae233267b2391f06140d99dae645ce827f23005f14d0,1,0,6231250,54bd36ec604af874bf20622ca0a61bf8c89d762795c8be221f4107b0abb3e1fd96f916e23118fd2a727e8193a262f84a8394b7b8447b437274290ea524a1c63fbf35e02f34d333712f51e1d844321afbf0ccfa79e48e7a7ed2dee0bacde0bd3509a7f63a1dfdbf4db02ad7cee07458c07e4e4cf8fbb2b939521fdb37f16e015bd091245f18edae96b433f8e6fd94fa02ba38811ca18c3680c040afc8e4340eb0fe873d69f329c50d198d5aa03d272f602bd180f227938c08a4d90bc5e274404a7ffe6a5d14983a208e525f3a039a4151f0f59516ce26d27809c32c789ce85e6f44a51bdb472f4fc4da41c4db359c8c76ce9c5f8a6ea515229db40c92e60a169d485455a43c326c46d81f10b426e5ea21a66b0474291e006da6251f952a0dca908888089957d1907c7918cd34fed89124ecb3316bf472382f0d0357bf29f301dd36930af18e9f12f07df7e7609befa92f601e160cc338204957ba6128a42f803f9a4fb70985cc8bfad0fcdbf9b3ab6367d7ca268f02763b420751b2da2dae7467,00000000000001406f4d5e5bdef6e2d34c95e47d87d8072627f3531be57ffa42e9a243984dce21b6000000000000266a2448617468c81c784877c83a837a6d395c6914b93afba4cca379899a7eef098b3cf478ae6b00000000000000002c6a4c2952534b424c4f434b3acce992d3b7367711f9bdae233267b2391f06140d99dae645ce827f23005f14d0de56173f
rsk,00000000000000000002af7214c8796e102b0e9074a5d469266d7afe5af2f087,6247197,80ff7ae86cdb229249a5f5844d4e7a8f2629f576bfd036cd70241cb690877ebb,1712871696,merged_mining_header_match,,08f6c90cfc462db10d4dd41fb1f2162ff854a462,bdebd056e017d6793241ddb8c067721fea3a10e720d90466abfd7020005f531d,0,,,4a746c0e575dcc2fadc6e264330d8dc55c8b95c7294f65cd2f8fdc20db9390bb1d08c7d36c1fe362d60a3905c02f726417c285f650fd5f4fa987f42c9fef1572df63ec089ea2577d8b23045bd5060f471499f2ccf092b3ab6326a13b1b67ff8dc8f6301af0afb0f6076876ad25d1edd95a5631c622f49c6f7da7e3e72ad9edf45a781c90128ecf062a0dafa4c7e9bd8e7402416b534c6d65e2a09c0f50db62c457adf0941a21d85f9a4b75b6ffaa33c2a328ff6245b39af8577a91078b57c2bb3486b32c2b23ba451c8740f4a763123688dee1441433b4874c0471a99c236e9c0f0f5e2feab19a4feab83c049c1471ae5840f564d0989587dd7e4e64ef6f99c1533b05854384a16271cc229fb23d080af8a259b578db4905aaaaac2225eb573270d224945c5a5ed5513fbb316fb84f73edb360898c7a54a1bf4c4fce1ab1053e329c50afeb85ee781ba130cb1ea5650775a000ebd8fcc67b9e6e45abf0a0bb44dfbc3f362fed82a5756d6bff7523f193ca8737e90b83e29f86685e8a5664c823,00000000000000801eb1601bd873ec6b8f6ef02e52e378c92a86334432c6f3865544ea81833b83d7a8cb143fa30000000000ffffffff0369fd362c000000001976a914536ffa992491508dca0354e52f32a3a7a679a53a88ac00000000000000002b6a2952534b424c4f434b3abdebd056e017d6793241ddb8c067721fea3a10e720d90466abfd7020005f531d0000000000000000266a24aa21a9ed5843288fab6ce20d6d4ff756c1e6bf402fc6208619bc44c27f2e4f576f3e391d00000000
rsk,0000000000000000000138944addd37b6ef038349062c29b98ade5914de97ff9,6254506,c6503cfd17a25cafcf5e36460288bbb2d273db50734dacb84d3e061148708207,1713081144,merged_mining_header_match,,12d3178a62ef1f520944534ed04504609f7307a1,2d5c297318b5b98b13335eb8866e119a8396e7244fc754eebbc00319005f6faa,1,1,6254507,7577ce15806d2d806a9128deb343161afb5629598da436dbecf1859fcd3c57303d4df3377d04eb0686b9275ca24f53a0543e141a6344aeb15949e063d57ad421df9b1eaf0249ea62577e67043622c3d491002dfcf31ca5f8a638403b99a24a9589936c635a7301b0592190e92761baa869d461fa66ea65942c7059882650c094616dd6898ccd86b0099b41b2236cbc0f68a6febb85e9a0a203c12ca43965f00c50b907abda7f52b7a970907c68fbb84e1fe5006dd97a11c8739c0b74b06a30f54ab9b04975baa479019617796102f6173a1074891cf4d19abe6710376d57007f6d3e9b104529b78ec35bdbf101d30a4e0ec748bcd45f294de054c44e338a443b2fa3d7cbcbee8de0b66d87463e84cebbc9703dda09ae62ff7b03b23a07ae97e27d5ed4ad88b7ccc5112a4810a3854fc57a3327ffadc16586a6a2ab8e4248999f8e49f45d7f13b0187b344ed494f5c5445df38ee9edbe47d709c9318400e2d22ac6e377daf555a5e2737c4b688f4f070458c003a0209d44b9b2c390e20df51d8a,000000000000014011be8a9d4d1147156213e776c10f4f962a809aec1997a0b6b0b3a830081429a4000000000000266a2448617468b84aabdd82b0b2c80b6fca2a32e8bbcbda09072479b8af5d919887048f75457800000000000000002c6a4c2952534b424c4f434b3a2d5c297318b5b98b13335eb8866e119a8396e7244fc754eebbc00319005f6faae735d83e
rsk,000000000000000000010998fc2714f8ae10ffb73f1986eecc58f5afc457ee07,6301888,912d8560c36753a57d3da226278e259939a162f7a59192e79e10740c65679361,1714431227,merged_mining_header_match,,12d3178a62ef1f520944534ed04504609f7307a1,ba24e8c3768f1e444afea0373393f4eb0a506deed2f9b4e63f061724006028c0,0,,,b30f41f978f362edbc339504744d94be98f4603b5bad5274bafd3d8806df0546984b1687e01c82ed1c5fe649e1c734b3d8b49fa8f771957930f47d6e2a2c0af1cb7055ad63b69a53c6099195d367e62bf9533b22fc989098b647cfac29c19e0e65e95eda7bb73c104599fbf38aa7f435a7f7f5e19c52a3521a3d71923abd5e95c953cd34dee7f7340f5bddf3b5494485f2d7a26353c0d8e5d76621e8e3015c60892cd1760a22d90b50925dbff76da8ae11ef525d6048826c07e7a1d3c21965ad2e63785845c0c44b5840e9f2b23b69c2c16bc40a48caf74f84815775ae43507bee091d7ae7aa9cf950a3769ce452d2ae40554a0bb69a0efd0507365bc6050418e06618e33b14174822019b75780e44ab01cc2a1cb75cb0683c5f688fef0d74c1693ed92070bda5b8436e1283cae6d56198b0907945a31a30aa45506e50d928580c107d3314d4ec3d4b84b10f917c572245e4ffb060242cc09915bd54a2956c9bc77bf0857394fd36cc43c8525f319671477059ff8f769731c98fe6f8c92a2eb1654ec130b9117881cf3efb17607019c63dee61a87680c85d05866b1a4646e3b7,00000000000001404c50a14b2d93e4c47cd4455674a57bbbb3309ab2b2970c510993425526eaf1d6000000000000266a2448617468d9d82caa80c73f92e2f5da58a5307098a94d752a6ef4f8bc2e1772c8cb6342f500000000000000002c6a4c2952534b424c4f434b3aba24e8c3768f1e444afea0373393f4eb0a506deed2f9b4e63f061724006028c020fe0849
rsk,00000000000000000002ac309c443aaa8468cfb59fdf84fca1e3fd42d623df39,6329110,4c038a4428148b79bfecfa9f9455a07b6c457e8599969f18370ff1068088198e,1715235159,merged_mining_header_match,,cf5072f792246690c75c63638e3d98bb2554ff2c,334e6d0e164f979d32b236301c5a0abc2ff2e54d13649e178ca4eb1f00609316,1,0,6329112,fe8936097569c8af6b114a2f05cab3c89b7b8a986f43384ea51ad0ca71c5c05f09312e781daa1a6ed82656e99b7b936fcbd5700cf709e386e0f66ef62bd6aff6df258fd709adae06a7c54573e2d18c59b7f8105cfb868e3fe1a4ef3921edd4ee5769924f69f67fa2f09112b4603919b14129ed0c7414ee9228fb1cce677f4d84e0c2c6662355eb8e90b738bdaa71757e0d4073676003ffad5e363cba3061720761254414c16fd8afb27d95d330e3515069f2cdb3be76d5601161aa7a274d4a306eb8beb42349d62a8edd5c0c85de91ee73f00e82bf03034e12380b1782369362c4e4df1d799b64995b6d07d3892585899d993912f5e4800366f3aa17ec7ed4ade3beb64e79a5a46e09533a9859b3995b457568dfd82fec8f9d878f32875b25729b0be5842193f8c4fef5107955ca843f099f31b766307aa7f5be6b690af10442b00d41d61b88e19d1b304ce500e09c181f8c832ce6ebf04d742f63a5701cbf75e14102dc37f474966e85b26f2143e0038380e9ff46861577f647085cfe7e48b8,00000000000001007100f425b8b5aa744dd21e5894b82f062bcdce3341b7a72a6714849ca407edfd2f6a2d434f524501a21cbd3caa4fe89bccd1d716c92ce4533e4d4733f459cc4ca322d298304ff163b2a360d756c5db8400000000000000002b6a2952534b424c4f434b3a334e6d0e164f979d32b236301c5a0abc2ff2e54d13649e178ca4eb1f0060931600000000
rsk,000000000000000000009186f08b48d2a0dce51df8c0dac593286a8981675eb2,6350900,16b500300a77ac48a705d640a8ef2883030bc410360e802efa21d838c23f4796,1715885512,merged_mining_header_match,,12d3178a62ef1f520944534ed04504609f7307a1,12a5a12bf766a0135c4a1c4a711450d1c60388d481d1fe6cb1966a260060e834,0,,,5f0b0de86b1f730cd1cd993c262426bec2e2782d38a184e5e604d6e6d5f87c4e389cdf076f99a6d54f2e35e13a27b146c4645f8cc8763a377013d2b5ec1db916fb31d35b07cd1e138e723c61ae23befcdd09c4bdfd0b789169142e49624e67ff5e344bc8c4d3d9f74e36096fa9eaa746b7a728bbe69b12983f7e10d607f77a58cf4093f8ffd88c0c731978e5d86f03a3276002ffb14f10ff036f71b1e3a05754c374a8b9ae111c3a1b9257ee1b8211ae5b42e1df2312e3a8f01d330929d4e6ea4a7ddf885fbc7c76458f68164809655a1994f9a4d0d12eebceb1388e1aa5bfdec537adcec8f3aa44af9dd3617e7a8caa32820c2bea9c85a39683b4982ce3e098b0aa052734dedf54af17fca2a9b552e6dc94f16b8e592e9627346f1ef0d0d9cee19c2fbd9474b13e63a5fa1d43442e1be88c2dc2572af53ad04b9c964d16f18a,00000000000001401b1bd53ab940dfbd523400b64584e9c50780adb0d4d50141928294ef675ec3b3000000000000266a2448617468d3d2a1d6cd47062c5afbc6321296d831e3f25967588e18093a22291ecb28f91b00000000000000002c6a4c2952534b424c4f434b3a12a5a12bf766a0135c4a1c4a711450d1c60388d481d1fe6cb1966a260060e834b54e4549
rsk,000000000000000000002d8525fc551d9f794d8e89eb5a13ddd78ae80e9a3357,6446766,9e6692490c2f2fd6ca5690b6029467085690c988b74afb4d0be43f5e448e0b10,1718745375,merged_mining_header_match,,12d3178a62ef1f520944534ed04504609f7307a1,bb9199adf034cd27b068d39c13410897a284bf3f06bcf5ba57361e2600625eae,1,1,6446768,bd2728f40fc60520bccccb848482812948a5a35f9d05bc99b22f2980efdcec542492c23436b03d810d7dccaab94cb66d040887ccf5977c981c5b3fdc1dedb06d00544a3bc85477655d358636e4ba4ad05c9f81c1ed3573a4072c26599e2dc38eb4c2db301ffd9e21a04e35fdb492ffaf78ff5b7c84918928aea01a452d503ece332de7c0274607c69262119e93a4ee2113f1b4858e891897d345865b25223c72a00f6df37d80d433084d4782195807e0ffca65c2c36128debc990c8b92e8b4942df597e3afa027c96c4bf60f27da5140eb077517d03a97c7ea48d274e007f379c5481d4c11bde94660d1601c6c3ff7cac6a51c78901e24ca8d41d54fca32727d7c6c0e6c84bda265cb4d8d86c70719310522bf5dac928547e680d68c373035d5523c811ed74149896e48f1e464fd22bed43339107a1ec72736eefa79c17322ada1084ef5ac42c3bb0efc0ab9e827279315c5adfac70d07b9147ddd7d8fdf91554fb3ac55863e4631c64716b174473dfaec1405004a2cbb4a63906e55d832081bd6e585ed4976ef08e41ae54c0951a3165732ce34f19b26f8b8d4876c9f27f1fb,00000000000001403685ab4c9f8f847290ff90bbeb4be872bcce0a0a50c0810fb4e5cea4aaf2740c000000000000266a2448617468fc89e3d23667aa84d4fd66579dc061a9280478cab1b63c7b6c879643b87e4a0f00000000000000002c6a4c2952534b424c4f434b3abb9199adf034cd27b068d39c13410897a284bf3f06bcf5ba57361e2600625eae282a8940
rsk,000000000000000000006aade64c55965be1542f138da658dcdb93005e5c486b,6456063,972b68185031d042765897a34cfbe4c51dfcb5c19791cec6343ec510fb927485,1719019299,merged_mining_header_match,,4e5dabc28e4a0f5e5b19fcb56b28c5a1989352c1,d94c92fc5f99dd424a53e02a17ed9e90e003deea128697ec0ea18023006282ff,1,2,6456064,d2322163a22b71b77cf2e5603c91ea8921c385d6ba09c34a66e5d24669a36c15f3cccceea9a74212042246bd306df5374570005e06fba32adb72696b9d28614630fbf962c174059a5dbc12a4519e176937ca6b1b3df1fcb9877da4f98293dde9e888fb720b9392c1d6038de33e590175c68e7d02330af7cf841a5403f5ce7fd67f23b3c21382b13101a86f465833557e9735430dd33bd86657a8b17d842beb351ee51b1e0a5e2d76a3d2d2206fe24fb381b3059e2877b0b1d2b3d01f4dce9a994613d8b3626eef9db0a2c882947e15dc9f6ab22c7bbb838161ad507060ab33deada1b10317ab16ea06f097e4a28dc875ca55be2f46e70dd03f9804f2121decd2e788fe68417b0953e88858075cc00aefb289c4d72a55382c627f54881d10c86ceadc7e0b58ffa06ea85878d4042eafeac278a83d2ea6c10c1e693233bbfdb56b9bb24ed0f42fec94e8fb6639e4bc05808d3c4284aeff3786eba425e50e7213746399f85706a6b0386dc4c92459eea13058fb604fb727cfdc4ef3bd55ff69cdb8471572209a5260fc614d999eadc005b2b84bcb4d72bc24e632dab1cd05aebc30,000000000000010042f5037965c94857e6669569d4f9df5cd217037b9ac8fd5322a66b6fef9b41124f5245012953559db5cc88ab20b1960faa9793803d0703374e3ecda72cb7961caa4b541b1e322bcfe0b5a03000000000000000002b6a2952534b424c4f434b3ad94c92fc5f99dd424a53e02a17ed9e90e003deea128697ec0ea18023006282ff00000000
rsk,0000000000000000000283dca37cca165a799e910fb566026968cfd28cffc3b3,6501831,9a12bfbfd37ef1e4782d3f3b2d4d257d88c2fbdce07990eca7c53c5aa08037da,1720401064,merged_mining_header_match,,4e5dabc28e4a0f5e5b19fcb56b28c5a1989352c1,07b77b79f34d084e078e894ad82232df598dbc8e7ce44c69cbb22e1c006335c7,1,1,6501833,10433de5a06bc24a165e751239ff603fc099e7f9a2b84a4097869d70a964d7e3d02d87a518a7ddde3d371cc93dd8b83b9b3c506a5f44246c884b3c201916bc1bc521a0dcbb941f15c7e53a2a36ba4b283bae091aebaa3d695c668316c681a738bfd7c11b58ec0dbab0dab8e0f0591e47e39d0d56c52c8a133111bc353cad15d1564317f86203f676b5c8fdb62da6e82b7cb221944a1d9143704c7a2653132dcd1d04cc6c163e2d6e0c2881c6db69db3250f3f66ef2a8fdc2028aea7105b19b3360edb3cc7c455cd704eaca4725adfd9f0ae026c879392056a65fa6e8ba2fb9063b674608d775fdfca9cb3c27c5e2e545cffc6c5401caf5fde82006153edd0696bdaf05deaa106ed6a0466ab7c0865a3772b6c155565bf3ec400c2e70787f998bd78b67b42f70d096748d71aadc742b27c3868358e0d5fd708ef16ebd56ba8f1ad47053621ae762b5c7f3bc3347263ac085d470e146b912d629d3f084189bf338e80b0aede9bb810a1e546f965b50650d7f054a03b21e5330d3ab4ba949817335,0000000000000100cfa550093e0c7a20024cd30f74b790e2025bb6fa5a580df5f51e30603f1b89e94f524501a37cf4faa0758b26dca666f3e36d42fa15cc01064e3ecda72cb7961caa4b541b1e322bcfe0b5a03000000000000000002b6a2952534b424c4f434b3a07b77b79f34d084e078e894ad82232df598dbc8e7ce44c69cbb22e1c006335c700000000
rsk,0000000000000000000026c0346042277e9a464778417b70c81334d98d617fd9,6539941,1e6f9a37abfa0d33e60e33368578a6d59fb32c48651d1c1da9fc74996fd07b72,1721550387,merged_mining_header_match,,4e5dabc28e4a0f5e5b19fcb56b28c5a1989352c1,f255b5f734690da032ceca87fffb1d518886c537358c9d226a5ffb250063caa5,1,1,6539943,d245721556a4d4cb27f9a404bdfa1b2dfd8d686f15764a04d004d2a25aac57adae4d06d8e4a03b50e998c41092fad4121db20b48e477f7d0d156a1ef4e5878b9349f81dd8055714ccd5bae5869797824c3a5f335924dda576e6666db0a65ce6b963974ffd62c3290437f3e1f20d0ca28d2e1f178486220eb9dc4797fd9741f57d4b8276cf8a967ea5c02f75792d119cc398658ff65cc92d0f507b4960505f0c6c299b45dd3807fe9f5e58ac90f21f89933c85b0c15323a205f02371534d09739d103d5eea581a295afd312fd195831e46e3f7eec472c30e929735df9359bc86696f8acd93433f3d48b4457e53d878f183a8b7907b1f78ae90b5b7f132e2dae4ab2c9c75b04bc19424990a630cb9311652367f24a6dc7b24849748953b67ff497cfa5d5ba6ed3aadce795008687ecb4e7ea2645de176ed43773f694d7cd40e380683c4458f06dda97d6e750248a266421d7667a47ee26842b98fda78f373d47d1d146506c00bc17f579c48cbe5ea279f4b25c439748245cfef5ccccaf9de2ff2f88dfd21f6a1bec4d1c4576d64677a450bc1ebeb75c9a33548d0d6892385d2bb6,000000000000010022af31187ab3c80d818fe76b3dcf7c09e4584f978c8291732ba073f3a23adcd74f52450164db24a662e20bbdf72d1cc6e973dbb2d12897d54e3ecda72cb7961caa4b541b1e322bcfe0b5a03000000000000000002b6a2952534b424c4f434b3af255b5f734690da032ceca87fffb1d518886c537358c9d226a5ffb250063caa500000000
rsk,000000000000000000021e5ef0ac499f4be9b11789ec7d67a1b929926363a4a5,6636225,da985bbf307e6e85a76556df5737c558adc24945956da5c1bcb445a7da5f472b,1724455595,merged_mining_header_match,,4e5dabc28e4a0f5e5b19fcb56b28c5a1989352c1,21a8f59d862a0eddc3e8b77fee21832ff53040049049437822e7d027006542c1,1,0,6636227,b9c12f914d3312c95886964c881072aa08f4c55fcfada33ed06738fd0474ef6a57f98654839590737594952c00f2659a45c02cfa8cf8d7f6067ca2429b22468fe7bc958d81a4326ca5fdd82f63a068bbdc4052cf7c58606b0bf6efd19bb4e636823bfe0feabc316c60c142b48c100385e543437c06b2303faa6cd8c29289ccadb34785f335071ed7859c5066225e985a3e18608401b8d733ab6f2493ed98e95ab2b18b4f98d88f1593c813d59e29048c803bdfec307b5682f1cba56451d608ef767362e40406773f3b1d364b227f46e580f93aa98febb752c6dd1f38820adc3e9dd19cfdf91b4bc910598677a80a698cadfc9b27f82c434d610d8b49e0e1ddabb7c34c65a569bc510a7dd00d3fc54250bdf42b12692b337d16152edd6dd2128afdb8278bd2686debbd0f5e60a338b42f429447a34ece58ae081c35f77a11f0c961323b908f7a8bf97000eadb6940ef9088e95eea100353b54f645dce72d01049a0b7293b721f51012256e57d40e3b1083487d34cbbc3bbcae14344b053e3a1eba898183135f800cedfbceef6d686cd51bd6891ee1bf61a1ce1edef58e07dbd3e,00000000000001007dea1963a41e26066944e1874e1dbc3de4e83a633bad37366044f30b6449a5362d434f52450164db24a662e20bbdf72d1cc6e973dbb2d12897d54e3ecda72cb7961caa4b541b1e322bcfe0b5a03000000000000000002b6a2952534b424c4f434b3a21a8f59d862a0eddc3e8b77fee21832ff53040049049437822e7d027006542c100000000
rsk,000000000000000000020d5a1e9725dc333da00c03d123b7187bf713a88b6d66,6645653,0e48fbd223e0dc73a1a3af303f14bc757225113d8fdec3a4274e5b4ff7efc257,1724739970,merged_mining_header_match,,4e5dabc28e4a0f5e5b19fcb56b28c5a1989352c1,a6ab101233c3731c8c1cb4ebf07eff37304577fab86fc160f98ce62800656795,0,,,342b47acd18a10bec7ee69575fcfdee07b464b4263688e6654709cafc19ddc0e2f54d6b3d9e687c026ccbdb646deef8102624b9dab34da5572195686e99c0a24d804c8d7aceb6a2c1457aa678490d299c70c6bb729216f21889638602a21b6ea1090e31c499130fb816c754164d64afda59ab3a440672c19fd732dc56c3db7e9e7fabbc55231fc410ff55985cd6e4a44d9ea18d6decf6cddef30dc4c91cc070c930ad9dea08950dd45b18fa4e2ece46b296ef5b3f290fd042dd91200339ec8f2d5f0895acb9b43e9f40d979161592de7f1c9549436228057f31e6410d8fba830d5a3188e19c10ecb2cc7950bd137d48fa73e11208429721662afff41d09b33a20db80ace17738a24de07c3f8a73f9b140c44754a44cff16d72894832b398b32727009dc474ba3b81cd48b21f678ca0b76fd994264612b9e7f61a6c643d00e72ff3c35a520e13a2210d12eae0a7a9417dc0afd256abfae5e9d639f360bd25588de114263583591284bcf7f958a679770e3bdbe5218faaf6301b2e7a426f9bd60c8d02eb3eaf999295edfeabda26eb1a749b3b0fb5833e4ae0c787f556de2efd19,00000000000001000b3dcf838dfbe24c661f6533885856556724a70cd9fc3949962ad93fb905a9cc434f524501a37cf4faa0758b26dca666f3e36d42fa15cc01064e3ecda72cb7961caa4b541b1e322bcfe0b5a03000000000000000002b6a2952534b424c4f434b3aa6ab101233c3731c8c1cb4ebf07eff37304577fab86fc160f98ce6280065679500000000
rsk,000000000000000000001b2d82e3c85f3e9a6d64056a9af77cfceb2819f01059,6667301,35102d600d215db0a741d331bbbae5ae4ec326c7ee595070101bb95234b89622,1725401306,merged_mining_header_match,,cf5072f792246690c75c63638e3d98bb2554ff2c,95e180636e7cddcf34188552e6d12c844a430ff14935414108c603270065bc25,1,1,6667303,a9781d4183126da09323a62d80fb0242a4adbf78ac916db5b3512c984b302c35a6b8c062a3fd2998de6abd74db875f5d09c122261c27014582973e74d8417652772e639a9c3518967c52d16f3b82a107e6107433da96bdcfd0a154b3917aa444078625ba4813d36ef2d0bac8198333aeffdc8e5ff8d95efddffd7acbbeba3988e9307e73cf6667aaaa426e64102f571b8a667a71f8148baa34650bc40c846caa057144b559b827dccf425e3ec42f326007babe7d4ce7f05efe49fdfd5c6baf50bdf16c438aa8a762ed078799485322e502dff6531384f42a254f2005966a2350f16bc49138fc862ecaf6daf572db806fb3a618e4ecd03e5ecc40706debbe26ed47875903fc123bac19e737fb4ed37031dd6af05dedd84f27fa0010579dd87be4f0d968d29ac3776ae511d55151e7a47b2eef81de72be5b01b217204beaa9ec0f22514bbc252ef7a8bedba97722dc289b80d73cbcdc25088db6fff05009f0e1ba85e4a27b5d4f0a0cc67fc28f8bcbca3d9b73b6d7386b7b3e987218d4c657f533,0000000000000100c2ed38512822288378bd94f29defde9ee131ba5cf62b4cd2b6f1bc49c5edf5c52f6a2d434f524501a37cf4faa0758b26dca666f3e36d42fa15cc0106f459cc4ca322d298304ff163b2a360d756c5db8400000000000000002b6a2952534b424c4f434b3a95e180636e7cddcf34188552e6d12c844a430ff14935414108c603270065bc2500000000
rsk,000000000000000000004b7f2b9b9a9c910a93500d84fbb8926a17dd1ace2f8d,6714080,e83a50d41f911218594918b5707c93d6805319378bf1c614355c8af8caffc75b,1726805954,merged_mining_header_match,,4e5dabc28e4a0f5e5b19fcb56b28c5a1989352c1,9b47a2644ab2d7bf04747f1e6ec88cad553618e2f6aca8e5aff61a24006672e0,1,0,6714082,b8fe84c5c1a88635e30351efbd3034e7c3b091b830d084df5015591fc5937759aac2e80dc4c58128bbe62a8669895cf6d1dfae5691b776b99a2e53d768f40022ddc3e6f03e3704898fa8828846361140c7976a857b78e3709e54e0f88f0575ef905fcaec0b7646c92d2f499028ee9aa4d8cdfc404ab83ac0ed08fff5d787e628509a90e44a37db1c5881002024cafcaccb018777aa587e9f9f81af3970021770690ca7d64103955d744772da8f924d1933070564556b0a1ff2f7fa4a59b2f747c1a332d8eedaaffc0d4fe761f31c2f0dccb02599c6c3f6a06a86583b61e9a933b33f821b30b8f71a1def21ff00d2f856b50f0a58624beba091727101e4dfd9727256a9ccbb6ed3dcebef5eaccf08b2e2bf32f25f141827d0d5aa2fd06ff3e911858bbc8183ae86446efb586b2c2041a1ce6631f5742abddee45a0764259a9a499c2dbb1b1ba6bdc0ab6ee8eb44a736189d52fbcabff1a0d56736b871b75743474a49ce1251e4d390ec1e477de8b4003bee6b3c8d14209549daa8a2893961075a987bf02b8e38bb503dbc44197387ccb1415a19327adf36b3fc92ea6e747477ef,00000000000001004c24a91f5619bde2d5683554433dc6b7eaefc0a6597c06e781c3d28d1da3106e4f524501a37cf4faa0758b26dca666f3e36d42fa15cc01064e3ecda72cb7961caa4b541b1e322bcfe0b5a03000000000000000002b6a2952534b424c4f434b3a9b47a2644ab2d7bf04747f1e6ec88cad553618e2f6aca8e5aff61a24006672e000000000
rsk,00000000000000000001c279027823424fa99dee2e4d282eab5b833b5a6f3452,6781841,5302ac871725ab92228a0348f672bc6ab82d05630e484b428ad7f9da176ae449,1728744578,merged_mining_header_match,,08f6c90cfc462db10d4dd41fb1f2162ff854a462,9bcef0fe109540eddd6b45aa258de6c54396d0c7506e35714d34710900677b91,1,0,6781842,fcd4381e8c8b9b79bd7ed6c119e1772065e8ad1519c599b0cdc9274075da7d0dfdcc8fb06880075300cce9c0e0c3c405c0efaf006307095441740e3cd9031fb5a6016c026282cb2f32f9381616f42e06b84eafc2c0b01d9b2740f8fd7a929e034d57a625455ff3e97760db06c778a506ec4da1c190d8020cf77740416a807cc6da3b4d4d92f4faecba914b5e34cd3c12201d78411ee2361b1e260681a8d72b272e411abb6585b0b06f80d3017189508642009ba34391847a0db6018ecfa3eb09d52bd087b57bb285f37e5d382176997484141c8e258a19e4b54b5c539024090b9ff9fcf3f236ed433b73ee1fb50a46d66ea9f978e7678d499106457b6ade44304311e1469c0e7f1ce69dd1802f675efe2a4a7a0b89460eeb7eb4892f7c360d5669af2f2839d640f768ca197fee17cbf313b38503480374158dc4f8aa86bd13064109e7aa4e5321f26362ebedd3ae40250cc6234c8b40488c0a3ae2f5ed1b9ae1a5d8f91d5461ef9de66ca70d5593a8f7a2df5835e65a2a1f6dc19da63deeec77,00000000000000803015679a49f5722b4385f347366be597b4f8f1de93b2d1637c83d1028b45ed5ebb5002531f07cd2d0000000000ffffffff032a45bb14000000001976a914fb37342f6275b13936799def06f2eb4c0f20151588ac00000000000000002b6a2952534b424c4f434b3a9bcef0fe109540eddd6b45aa258de6c54396d0c7506e35714d34710900677b910000000000000000266a24aa21a9edcf502f18f134c52de9ef855d40601ca7f54d6a56b8045fec8c1a8e34db448e7500000000
rsk,0000000000000000000114d1f1c1ddf51e83d6c0d660b2c1fa9f9a345f36624a,6816035,0169e63f10ceb4f2f7befff696866410df31c995519363a3632af7eec057b072,1729520484,merged_mining_header_match,,4e5dabc28e4a0f5e5b19fcb56b28c5a1989352c1,43385dd6517bb9cfd2b4ff20a08db46d9e4cb08c6c8093e984cea01400680123,0,,,6e7872ab1f25674778c763cf9ced8d8c92c5477cece4771235b7d1ba36d15d2e5fa09f9f6cdae5e17adcefb9fa4339a41f8332e0d44f8a9c73ca5e83a7e220dfadb7dd45465ab79ad6539a8eec778f7a58a74b0d59f185c8c424ac9e0d9135c9aba852339c8efe803d4a9386a0aa6c71af4c3e9af3b090e6e7aeb988b402f7307298c4e77d7b3f8dbc5ce28091a9587a74b83b7cdfe498fd0da10f87b5377bb822521715710ce7e3487448a1252708d901df7c7400a8826dec0aef0390e5c5260e2eccdf42fba09ebc519f1050f288f684dd3cf87efbbf65c42ff3256df9e954c8f62ea6da64b6223cd7ea59f7d956f485fbf8d1c53ad7ee46152d304289b06c0084ad5f666a32de219a64c200bf9f215e6da11d31d8885823d523195d923f93d88efe21764d878c4f021bc1ba0546eb41f8c17dd55091c2254cd464d55057eab724b80ad5dca78b7e260611ec22bd903e5e2e468c922e8ee4a32a3acd4f1f3089eeb2b29e86bcd23d2df5ae28a4ed28cfdd1a976a1afb3ac5f62919cb4c70b822834be5b67e76eddebe092f8ff6212aae71f06147e61c143d19602d45f46d8b,000000000000010083e0534905dfed0fffc8d6e3aaef516b41123041b52caa07b06d5ff8294c96084f524501a37cf4faa0758b26dca666f3e36d42fa15cc01064e3ecda72cb7961caa4b541b1e322bcfe0b5a03000000000000000002b6a2952534b424c4f434b3a43385dd6517bb9cfd2b4ff20a08db46d9e4cb08c6c8093e984cea0140068012300000000
rsk,00000000000000000000ee7b3b7a868e091f9ec406f389580740b8618abfb48b,6908861,867bedee93bc1aff28977aaeb37c3ab0be106bc0d34e42ea9fd0d0d2bfc8ccbc,1731659352,merged_mining_header_match,,12d3178a62ef1f520944534ed04504609f7307a1,5ff6cbda770b01ec481840ef92de9f0976b071d052ab85e8e6308e0700696bbd,1,0,6908863,17cafa7f88c89e4e979fa13ccc73c33d4f25332f328e3e098258bc6c2281f839ce68c21a6d3489e445fa0285b8e9746bf46909b24c4bf6f820ddc24a927e47792b7f2872cb7fc268a77e55cbc4c23a02529d8b9dc6e05009c4d21259322976cc02f5a52603225295cadb72e6310351b1c8c18cbe2f5dc1a22e876cf585533d55259c1858c614480a2cf308224fd5cdca8c13c881af2eaafa0735c2614ede735edc9832e61875c0edcb6e81d4dda2b50e4e1ffe5de5eae9b295cbf5ca7739e5d6b943398c397c3f8aabc67db3615c056ac1ebf5ddcb7221c4b02920fb83b43284ff5a92493ef8d3de6cb39bad0e6f9e7980122e2518fa4ec42e55bf876c301ccd6bb9ccda18bca05f0edc20cb42318c330a0d4c6c7db8bf6e1a6a5010511fd5de369a4d5b215adba577589d50696e1a8f0d4c97cbd733a35c7adcd5770176f930c81b3deb7a5953b19df68605376693e6c575bb1af4d7dfde478522122805bac4101a10727b0a32be1716ce52da977047e18ef735f88de88783bd124cb7b34a9164022c39f7ea31735e5c0b3f44399b31b9551a697110e4c19f14a596613bbedc,0000000000000180051ad6f3b03d2bb3e650037c538c0878fe42e04c5b9199b6535ee3c4dede949c0b42925cbcb0a0e500000000000000002c6a4c2952534b424c4f434b3a5ff6cbda770b01ec481840ef92de9f0976b071d052ab85e8e6308e0700696bbd64870854
rsk,00000000000000000000ba2ab3a02b9de883cd7368bf57da3e04cd2ba3bd04af,6989399,bca2b4488fb0a70650fb11a189a11d67ddc7c08e77e1781ca99ffcb45f832e2d,1733524440,merged_mining_header_match,,4e5dabc28e4a0f5e5b19fcb56b28c5a1989352c1,47374f3668c7dc760930bb2431f7c2595d349ec0a253cd9fbd7b2e0b006aa657,1,1,6989402,a306b81d31cf89b6f9d2980b05db5d758f155cab5e468b33b42617b4e646c3b97adcf3405ca30080cd59387e2ecaaaf35a541ade7fdeb25fb0c807c51fa4be75375b08931dcbd4372abafe7ad35e141583be221168b6f8a97df305ae9b412d19ee549b59e83df694da806385f7c5b4edd0fb706468da9473e18ebb6ceddcd6ebd6911be36c1c825f72fa22f98236fa19d6b8d3e4b27499381543effa9951e5488f9f62dfc1520d9bc177ef4e8f6c64c61e00f77135d4a9c33de2668a5774156c1a7fbb551fb4b96ccb3fb63ece81c130e76dbc1b19301c12a0a6c8bd16f9b1c69fe54671bf992d98293fce2ae6fe72f046b8f7773d733ba3ebd68263a7c193106dad11c10f1a1ba39b29d34e70c1c5f3a77b4d98b4416cd7ea8838487be153296b4d88164af5e306aab2aab180f7e04d47e0962f706fb1fdb2bc34bf04eaf0a1ea1b0519b092ca422692681b89f48d7474d2eceb39a87c69c76ebacc34b8ba87091d4f74d194e58e0712eb6c8ead5f2c14d4f91f14b3141e7f2ce4f03313fa67a449e71b9fae6177c12546d867d4daf0cb413bbc306a8dee9c3bc76346a428ff,00000000000001401d7c797438ecd282365cb4d13db5867cfc7448e4878ffd0cc97ba2dfc36dd67b0d130f0e0e0b041f12001300000000000000002b6a2952534b424c4f434b3a47374f3668c7dc760930bb2431f7c2595d349ec0a253cd9fbd7b2e0b006aa65700000000
rsk,0000000000000000000005eee6163885d621cd0b4e999630d00433b905ac264e,7039448,3fa4e7cbb1ad91ec6fc38fedc2a3878fc21118ed048739e7d88485bc84c93f65,1734698705,merged_mining_header_match,,cf5072f792246690c75c63638e3d98bb2554ff2c,334cc66343cbd597a66c7af6f731d0632887ab676e69a79aeb1aa10a006b69d8,0,,,3ebd64f7de6e3deeb1f0dd2bd213b0f31c72a46b06a4a0360b39f977c62325a6944705fc6f497b06e6c14b6d680f8d2db806e1971104fe29e587520591cff0d534f9849fef91fe2ec7b6d13c3cf60e4869f89c6fe0384da3f9f830b5ebe959e0eddeff93e9d698f579099b86c87d5bcc8ed8b86c20351b4103bba71b11f257854e885b609ab61fdc93be09ea2e95bb5c891cbab807a7473b91c24c5d3bfb3b23ac03071e98f9a9553b719dea1bf09b2f900443c6beda629d284c3f9879a0c08b94a377635292a85d0bd9215d35cd91e38813c78d7d5da364d1b4065159db7f285610bce0e42969b685aad7c966326f8905a08f2d7443e102364812bd07514387ed836b201035c78b57dd117e278ef4c4ae4c583f1bfec1d8b6479ed7dce255fa86c42c896eedbf45a2d31b7a47b8cb3ee566ff8892c371693e0a694f23c137c2eb5a4aa190dc01bc238944104cfa55b3a9e0c7172252993aad66714597bcfe6fd5cbc7dc7d9b3b364e2fef213fe39d98206c550e581c7b12b6e359bca2e26d6e,0000000000000140e38cb0eb25ad758eb6786b8609298e8878710dccaa5828e1930d696e1135479a0f0e0e0b041f12001300000000000000002b6a2952534b424c4f434b3a334cc66343cbd597a66c7af6f731d0632887ab676e69a79aeb1aa10a006b69d800000000
rsk,00000000000000000000451bdfb9fbd0b836ee62da952e68bbb7c5a3ceb191df,7093832,7c3f621672ef9089b29f247a78078aa33eb5ebee59ff57678374f018ec12075f,1735986338,merged_mining_header_match,,4e5dabc28e4a0f5e5b19fcb56b28c5a1989352c1,9fcf80c7a4469a2bf25e9d37d3ba3f06bf6d176b1fd54be8aaca7b08006c3e48,0,,,aedbad3f410fda87beabeb10bb9b76adadbc89a0775f80c1074ecee9daac1b5c7c8f08acc5fe911ab39996906466637d542b682da86c6f2ffc46611e37e2cadc86b563e9256f2318da7e97b7c70a5f064d0caa2ecdcf181e94d1ca4ae30e85b92371dd753a46e643a95d1b560bcd0cd699365cd94603389f5785c1e8bf5db51dd0fd7ce4a7aee71e05bd2653fe18d6990c9dea73949a5a4f5efee09220a882c99d2e961d88443ed370243f26bbf89061f4f4d85e882cf927bb585fd8a04a9ae14b3dff839416da45945156b70b10f80e37a14992033fd50d20108411e2fb845a20e7fbf3a863af3a28bb5b825be6dfcccddced3bb169a2da9764d0cfcc0583ffa16550be88712f7fa613839c9174b0b9346ac3cb15690fc0197ff81ec916ef4d,000000000000014033bc1e34a3a7c22c9553aab84ccd82097301df68d20d3506d6b4f7eef37780e00f0e0e0b041f12001300000000000000002b6a2952534b424c4f434b3a9fcf80c7a4469a2bf25e9d37d3ba3f06bf6d176b1fd54be8aaca7b08006c3e4800000000
rsk,000000000000000000014873584f9bf66973ae51d57c2d58b0341fa10782a620,7175437,ff682e1b48ddd96158a64bcde178b353c75d8217c2e82d97cef3f5da1be90faf,1737914838,merged_mining_header_match,,ce7864a8b5bf360b01099502a163810cec845d4a,f08caf0f85b43e210832e6594a0bd68a2679db22bf91da66afb66c13006d7d0d,1,0,7175438,c2d4cc79e6f6384fd8960b14381a653068394bc6bd9fd3fbd6dd0aad12f4b39c8cc737c20f5bb5469a92a75aa59b83a1de6fa1e0264f2171f82f4f263a039d426264f6daf642e27b1e25cba057a94edfceff397729795c94e0687826b7d887b3aedefdd0de82edc56fbb990e3971a88ea624de1f5d18fa7a7e284b26b38f6f540a6ee50d1b904b0329c326eeb9216ad951ff2c06db28ccd034011706a6d6dd904296528a1da756eb6823dbfb8ce322bf9cf9fbc78f6eb31ad5e7109dbf2a4aa7a3433f05f2f131b67dce458d6e8da93a46e9b1f403409cf1fe0511d0b58574a7f485ff6ae91179a6baf2f71f00b65441cee0b15867753553eb7fd66e9c2bdea94d567128e5e11319fd80b46cd0d811f551a7bfd4466bcbcf25bced2cc37956a4,00000000000001005b80ea3998e707548d67533fc5cea6d5748da6dfaa4b18f6703645d08222f624cbb769e2186bb30e56e6d18fda214e5b9f350ffc7b6cf3058b9026e76500000000000000002b6a2952534b424c4f434b3af08caf0f85b43e210832e6594a0bd68a2679db22bf91da66afb66c13006d7d0d00000000
rsk,0000000000000000000210d5b36ad7189d9a822efec8df61b3b0d2e461b4a73a,7187372,eba18b67c559ab7c7546974887535cc55bb370be3a5c02d976c9f3f2915b9a26,1738203520,merged_mining_header_match,,ce7864a8b5bf360b01099502a163810cec845d4a,fc71d08f3339422def5705ebb294924bb3b473cc87e10d64bd869e14006dabac,1,2,7187373,7e6cab63a61d159f004004d072204388dcc91bc985dca42711f9605faad76c7fc50d16521108b80d746a6142eb346547989535dd3c796c87c0b334534e576ec0449d692f5200e513641d5502e123e8370e2247b7e0d6abcba27beddc08a1ecb5401e80f6a460213590437e642cfcbf554e0118d1238beec905a6cdd37341dd683d6f45a3c23c7d3d9fadb3cb3465cc72ade4847a6cdf7c759f9cac9b14b0e4016efe8079dbca99edcd5b620d976f97ef2405a48efeda48406105b7268c2ff4d51e733a77409406951dd110a76a57fc8fde3ef0d458e91869aadf050e10a6fdadab227210a87341478ab53e19d2b07a86d8672699c0d8097d8bacac1073f7ae6a1a3bd073ecb213c003de795574c5135e85fd562c8023b4868a3c76af237dc05fb70e983eec33ad738933d8ce5bae1a43baff1db5ce5dad2f4cc6928bb2ca4b25,00000000000001008d20db39fdbc63cf42d7e41964ceb72a05838a56fc940c034d24248d1bd84399cb79979c691a8fd90de6d18fda214e5b9f350ffc7b6cf3058b9026e76500000000000000002b6a2952534b424c4f434b3afc71d08f3339422def5705ebb294924bb3b473cc87e10d64bd869e14006dabac00000000
rsk,00000000000000000002745046f0bb6fab9fd306b5df8afea25e5a4cc80f9282,7195914,d625d3ea821ee9a8868fcdf9502e17ed3a9b12224a40cbceb5be05df0dc678f7,1738412812,merged_mining_header_match,,5aee2975e2ed688f231ccb40e20ee6c10a98d507,4a8aaa1597680290358ef218ce380ccbf9eace4b050d67806e586f10006dcd0a,1,0,7195915,3383e58be86358865f4df0e7722363a063676199e9b06977bacbd7e520202dfe0f9aedb08d383419245240c37c856de58b702deadafe5db817e100d823aac0dd2d5cba0e21930357174c2c4e6aee05a64b20e63bb79a35eba6a78fa839b3f7a96dd8898948cedbefc37566c701cddeea8e6d43d95132ae97d95a315bd1bd2df93cab4b288ffba18d04a231feaf8085e02d9ea19b256a4692f0e35ef6effb3b2754e102f68f17e46175ddb212061899fd5d7c2d09c0789fab91eea071ec93e29c7432b121030066773feca948f01aae591d9ae28c752c6e3954743f14a41a04046c0b4a5302844c083305bc9d11dca7d5fe00cc508f6a38eed39328e3a62e3b66e500b2ed9b35c75415cad586d253b9abed39b53ed3214095892255ee0557154475ed685e7462f3a37e843a0305b440740070c6ded5c5c16d33ba6050f2cea711bb868a612e88f05831d34f0f3022b085e4c2c119564bda87072dfbc4be1fc0d926245440e6266971909dfaf303cad76bb8aa8df85409459eb3936b4d3d50014d,00000000000001009f07a5767961edcb45155e9bf9757d98df76be0d890912ecff10c10e8d3b7f0f6a2d434f524501a21cbd3caa4fe89bccd1d716c92ce4533e4d4733942c01262fa046fdb8ba0dfce3753405c74aed0e00000000000000002b6a2952534b424c4f434b3a4a8aaa1597680290358ef218ce380ccbf9eace4b050d67806e586f10006dcd0a00000000
rsk,000000000000000000007faee36bc09b2ab33e348e5991858f1ad938fb88a570,7199208,db75eec1ef9a4ae4b73f047ad8235c33d8fe579ebf6f489028566efd7fbf9154,1738490600,merged_mining_header_match,,ce7864a8b5bf360b01099502a163810cec845d4a,d451e701b202d3864d399f020cdc742b6eb710432df4faa870542d0d006dd9e8,0,,,e1231f1cba4bff5be8383774872c01bba2b807a97e4dacb6258e1baa98850a5753537acfad231d2966686039e7b39ce3d8c1abe8b31735e44f9e3db63dc5c9be38a5f7190e505896b7ab79603d4b12ac1e3f66feb4006471a2fbb5e70323615fa224698612bda63933383f70ed3d789cfdf738991aa142dab3cd9cc6c6ee88ea225266d89091f71edb1f7a97be307869ac8c8480eed17eb4c06812d0971f2e610ccf44c9fe0e09c05a6675ba8f84e0ab30a20bc03264f1774dd0c8d4d664932511a8773a993cf35906e1e2ea28e3766eb75a3303bca51d8ad7bd163e0c716c7f2affc9e5975fdba78a7b0c7cf17715b91f2d1f55c4f27fded3375cb83a9a7d95666d6bc1aa8d1ff52ead65ccfc44bf4057b21412f35377ff90669195b5bd2fec7937664a5baea21223e5cd1ff4a12fd75cd03d94cc68c58f95662aaff8c392ba46a52591a02d531dc3a93d668177812e34b58ace074303d939546aabb91772c3cc84b8dbd6312e9f78fa18ecfc6d21f68c5535a1dfcabc5865ddf7c3c9ab4c94,000000000000010074426a659968fdc1e60bb5073ad62a2d92be3bea8d0a9afd2852f7aafe7917e3ad67ad0f32129ab431e6d18fda214e5b9f350ffc7b6cf3058b9026e76500000000000000002b6a2952534b424c4f434b3ad451e701b202d3864d399f020cdc742b6eb710432df4faa870542d0d006dd9e800000000
rsk,000000000000000000027b4b0c4248269a852754b99ecc4df80e53853c95f62e,7222931,51507fb1bf48237522dbe6849444efd12069dba756c9981b20756a467d498348,1739070558,merged_mining_header_match,,ce7864a8b5bf360b01099502a163810cec845d4a,bb2eeeffe9629bb1e95c0b0a58ee6ecbb8d046ae077befaa71ff7210006e3693,0,,,b282c5b862b0a509d4269f5681d3d264b8d9c7ae20222d1362452de70f77de4398e61a09d4b47f9c6f395df3c30bfe4101b3de4e03bceaaa6454a34aa4af721242d97043dfb24ff2ba3a75a6debc9b341793557d490c015fa17edf2281bf6c01dbd578de90ab697c4f05f0101aa4fd0c78437a749e1a7bdda4ba7d37fa253122454ecd0311d643d8e880f5b1c33122c9b73275a3d3fe6b12d09a3b2d67a028a98818a0bb5d809ddcad7a18af57a403863653d932bd2a49fa58dab2611031dc6178050f56c2ca38c416e40826ffb0cc1db99dcb353241d48cad30cec3e5ffe5faaabe74ee9a599a6d2c0512ff54a57d12f3aa452b5fcaa08b51464ac66c112f84b16f29b85f059015a2a350df94e78601821e9abebb2beea508e7552ce25c89255577aa0e043f6886e47851e6de6676c2dd65effefd72212b1876318ce3a45c5a5eb619a8b1dcc9bffd373c12d960dfcc90a68aa5248ca96483642e7b177d4143a643032e3c7ca483a922b55d9f73ccba431466ff687ea99670e2631222d45b01,0000000000000100bc9ef2a6c9fdb0d414dd6dd93f292c0d1c75c2a81d60d8436e0fe49dd86e417c7a36c94733812e591ce6d18fda214e5b9f350ffc7b6cf3058b9026e76500000000000000002b6a2952534b424c4f434b3abb2eeeffe9629bb1e95c0b0a58ee6ecbb8d046ae077befaa71ff7210006e369300000000
rsk,00000000000000000001810ef4e33e95c185838f27904c3e14d9ff7565ea6aa8,7227537,0c6a7fed72879678db97817cf885b59f34b40d001b63f4620a7cad5694fe1fae,1739182413,merged_mining_header_match,,ce7864a8b5bf360b01099502a163810cec845d4a,e6208f01de87def41df0bf5c35c637f736381fa899d560c91c690f09006e4891,1,0,7227539,e66291ddb595166a5b77c298feaebfb5b398c3a50f09456c8ba54083deaedbc5a0ac1dd83aaaa8792473a1a9b75210ef1df1fce7efab813029abe491bae05197b48fca63f2f369244325908018917899eee3e324f16f79ed57d723696be046d29a70a77b2eaff2341ca507b7a7d51cf50d0376c86adf6b8415fc4b8053c1ff348928ba6ad09996128c59be91c1bd3058024752d50fc52963b578b405fe6114a0d561b6f85fb3ddb6fe7f96e412feefce14e96ccdf38c8eb37febe41c38293f1609b4770c7d5e7f3fd7e72755d9f0dbc086ecc40cfd3bf8edc0f586b838623a3ace00c557ba2a9867ba1186236761e5b3fd4faead66a21e777fc66f31b57e6ec80291258fa6acb4340b22dd54919e88c57d8074d138fe37b5fb670808da33a679,0000000000000100ac3dfb0e3fa7c0ed1bb648c3e4cd5d716e587f02c7e7bc6d5e8e4cec389da404ad67ad0f32129ab431e6d18fda214e5b9f350ffc7b6cf3058b9026e76500000000000000002b6a2952534b424c4f434b3ae6208f01de87def41df0bf5c35c637f736381fa899d560c91c690f09006e489100000000
rsk,00000000000000000002585e763064d66b3f2554ef9dfb8603a2251ae16439e2,7228117,8821f43b9c4659820c071e45852a11a2c57f928bf546e7df4f2949114ab8d28b,1739196577,merged_mining_header_match,,93293a100338f54242f05652e137a52e0acdccf0,26054c5e88fcdeaf3c8aaf591a80d27e8dd5ec9322dec99d23472612006e4ad5,1,0,7228120,8fb0a93e9225d9f46dda258e16e2ede17f9c218132934c33a4e0923009a22906c529c8a759a787027d5b08b906dd1e6be4b457deaf922ca0f05a0efc392158c42e486ab88774d6ccca57bd7513317bfb7963b496802117b3ab3122c9a1ec4ec726feab916eb7225bf9777456205ae39ae47e8989cb69dc410e50e4674b6be131dff9fc25e1d5aa4702c7e940136f98a5a8cb44c20de4b925f8ce2ef01768154322e9859c0b3e38f5feaccc8e03788bdc31859f8e6f0485b57ba87bd47d87de0709744dc9f2905207f2a124a68a7723e09361b0fc1a8d56def59e7d2866416d37b1052c631954d828c623958051475707d81f51f6e89f9e1d5a61f6c1c23c65caa936326699573a103e759689fa2e7ceec77b17692d93bc0191a84b53fe1726fb7bdb636fb2bdc3f3e957dcc6ddd3c3f2e34813f7da52464407f23e4a151998b0412b8fe6e45bb4152e977b463f19e19fc271a95459dedafd200efceba5d6b9d7598b41c6d12e78ad84dfb771a901d3f4d4033dc4402808d16a93a8d4a1aeb984,0000000000000080af11192597f91ce02ad5c8a2b76a13e4cce121cb0c869a603b0d42dca3900187ef247c75000000000000ffffffff049b8ec212000000001976a914fb37342f6275b13936799def06f2eb4c0f20151588ac00000000000000002b6a2952534b424c4f434b3a26054c5e88fcdeaf3c8aaf591a80d27e8dd5ec9322dec99d23472612006e4ad50000000000000000146a124558534154011508000113021b1a1f1200130000000000000000266a24aa21a9ed43f1c877b68494f89e574e72bdd919f006c009fc00323b6bdce2eb386c83065500000000
rsk,00000000000000000001abda316319c8fec0def0564526d8282ca3a168def490,7240846,52dd68b10a7a6035c0091ef46ee6788bf19615ab8495650d44f7289680bd54e5,1739507109,merged_mining_header_match,,12d3178a62ef1f520944534ed04504609f7307a1,ff87fdafa55950b71662dc33d72339f0feba640d18020cddf1e5b30d006e7c8e,1,0,7240848,7761268762dc9d2077f46157e7eca87d648094aaf7af9367931579594b693506aa711763dc8973e476aa202f59815d71b3a89a1abeafc0d949de417c6f3e5dc018e4287b005ca61fa0b4f21d836f346fbf199be5f47c3cedc08ef2b76b08780a8296ef963a96259724f101af51b95d7c90dcb142a4afda23ec41bdf97849fb4b6bcffdbd36788a70731cefb66befd6258e2b807101c03a782a8ec16cfd62a84f67c86a902d182ec8b979c92470665580069c18f5f897d4799351ff70173c79a840e6dcc5598ee3d1a92e5800a7ccd21b2db3b331e6c81f29316b704ef840ab59c64c5e150695e29802a39c3424b90a4bc1577b6ed7a575eed8ba6af19445db1a7e3eded66c7563325f5ea2915ea3d30e3437a739b8acc0a46c9f9ac048e579b51086b2a928854f9d2d38eeb1470255a00146276fc6536348de0179b91d74ff3e311d57ef421ae2a7de5ac6798c0c82cfa92c76d40c67297acbc10d9784dbd2f3f3e8d7ea57052a99d0b550359e4925225f88cd96299346b1197daef00806c2b9,0000000000000180b1d8e92e62f3df0f3e643f8b6b02cc1174f170962028ace6380d24a78a7ed9be2db74cb6bdf2af7800000000000000002c6a4c2952534b424c4f434b3aff87fdafa55950b71662dc33d72339f0feba640d18020cddf1e5b30d006e7c8e7971aa3e
rsk,000000000000000000012dfc3e3782aef650f0de476258c55ec07fff050cbc4e,7261272,4fa368fc8f5aab911ccbcf9af46293d6917e6d8a915e635af30bb64594cb2b71,1739994816,merged_mining_header_match,,12d3178a62ef1f520944534ed04504609f7307a1,5eafb41760b317f8725b1e328ad413771cfd64da9d36540d23fb1b12006ecc58,1,2,7261278,3ca10a945e9d7750adffb078e6f6ea9175154f1ea176f5b0a3df788f6c6e644655ef87ae9fc152b8cac54c3b51dd01d452d9c992682c43911ec985c34eec985b16680210f5ec232365bbfa1c1ab8c75f93a1f4399915db8cbe6e99ed23c843e5246848bee7bca2f9d1c63ba8273e2e81ceabf1684407f2edaaf9fb17090b61f5fc46b9f4caefad4d1112bed4f40156c5c40f555f080347caee514ad8e0446fcadd4be2160142897c0ad830604a44d0fb29ecab4e478ed7abfe21210278a9d71c5691a7a3824f74c4f3f8459e0adb31caa1b3d282afe28f937f6e22dc6db2521f00b00d16296da76fbb38f996801772dfc7a3262b40de7dad7ab757cb9254ad97d9f008d1c98eb1871d204f667c4b710e812aff00a9c4a91dd41ada7bd2e2a58799d4035fc502bafc1092b29f515b6846366a6bb5519616795f2bac4a9c2fab413101188740ea1ba7e8d80671f2423e310dba25cfd3ada250086e1620fb0a9971d73182761556ad6b39f4ce667bba04bd35147f9406a9ac44b1cad09f6e05eb36,000000000000018007e202583ab0bfa044da766bd19f136476629dbcadf9be35aa66d129138bfc7551ed342f78d8139600000000000000002c6a4c2952534b424c4f434b3a5eafb41760b317f8725b1e328ad413771cfd64da9d36540d23fb1b12006ecc585db18f3d
rsk,000000000000000000025dcc497e8016ae10d613d8015bd312210607184f55e0,7276126,f0a72e8064a2fb3f37d50efd16a77ff1fb0bb3b9ff726cc5b9c7708a08870d09,1740350715,merged_mining_header_match,,ce7864a8b5bf360b01099502a163810cec845d4a,cb4427a247b275b0b2a182e1098d933f62b6e179529548fe375ebf0b006f065e,1,0,7276127,0da681c1c746afde866b1e1160a71d1a25b4049a1d996703bc13fe795a33ec4bf13c8566e8579f3d7b28aec7cdc1618906373d2688003d97d4bc1dfaf6d38ae72d508abe62b7fb960abcc200cfaa49119dc439834c0e8498f7f235474c1b50cde2f6b6f980d8deba053691af7353eaf41a57d0a37e5877f0fc66aeb3e4dc823bb0b2834399633f7b1d41254e84c64f1f61175fd41a68a9bfbb8823003c359a1fbee8bb7b136608c56a2c36f4a89ce54f40d6fb438987626ada1d858e8e9b79e1c708209e772d658d60b5740cba3e64c1837cc1b8aad63c398cbf83daa942d17d021886d1cf4aa1ab726f9bef9af54e388214ca2c1bcedcb71ad0feac682984df4d360ab3464e69849d1203763f29e9bc8457deff6fa2c6413a72abc3694acd396ae4b409b28827d5ecc57890d5ecafca16866a56aeff3f477f983e4e84657bd6cb0e1dcb220c5555852a6b3fb591ffaef470462c7330a1d2990761e69ed5a27850999ec640621f35dcc6874f78ceed01e4c2155d294133bbf4a06c96e0525045,00000000000001001f7deb2c086dc00eb77f5c72e23393bd7b7a117c628f7c968c225a97e8ec04f8ad67ad0f32129ab431e6d18fda214e5b9f350ffc7b6cf3058b9026e76500000000000000002b6a2952534b424c4f434b3acb4427a247b275b0b2a182e1098d933f62b6e179529548fe375ebf0b006f065e00000000
rsk,000000000000000000014f0590824733a73f59b36b556798c85f0880684e0dd8,7279571,55b346722c415981496e24b4fef14c0bfe9adc12beb9951df0aff7281427010e,1740433712,merged_mining_header_match,,ce7864a8b5bf360b01099502a163810cec845d4a,a9e701b39434f64aaac98c3b402fdd2122f9e4deb50bf6b2643a5c11006f13d3,0,,,066c6339a2986d6421e66f7111f41a9c9903aaf54374235f5f42637e4f3317bd0696581384feaeca3abdf774b2f7f8cc70b0f9f806bbcb25324fe65c1597cf7352c30bb53810b546f68cf734fd066d0763dd58231fac15a7d608f40fcba48421f2389d43836216c89987b43ff757af83abf33fb73ab30b41f275e9fd4690becb61e18c2dfab06b27d01aa1626c3e412d0af149a6fe21819b44864ca4171ba897a0365f1fde118d0e54d0af0a1db06e37c0d7b140a03cfb8d22b610d936ca3fbb8f535c07627d98c75349c78e3355a9c2f7cbcc4f44619e5330f419f74936c587c8e806acbb443d67e9042e7eb1e8f39e08e02235050f0c481801682bf370631fa8ee2001b93cced0025635dc78f675894c19c28a4d0dff8a9d9950f608186f632d5ac90b9a1478e712af691da4c95f5cf060adad0ff475e3912e8d3d6e5eebe13fe665fe585175b4907a32996a9be00e500dad06179fbe47d76face7f7d272cf38f94e561c5c02835261c3a8934e590aa045031ace009f82d23053408ebe5ad3398371d9b15fc65a512e5aef69407cf3889618eaf8a2374d043fc777ffe64cd1,000000000000010079cebd3cd0cc6e17897437361c268e8178c9c9a5c27242efa50b608d6c2394595820ea81ff7ab5c85ae6d18fda214e5b9f350ffc7b6cf3058b9026e76500000000000000002b6a2952534b424c4f434b3aa9e701b39434f64aaac98c3b402fdd2122f9e4deb50bf6b2643a5c11006f13d300000000
rsk,000000000000000000011099561732ebae66144b9a8ac006c0a7efa99ae57389,7288359,406741622de8d60f6ede83ff0b1a54673e6b2644e8ded8e838b44854ee5e1fe5,1740646800,merged_mining_header_match,,ce7864a8b5bf360b01099502a163810cec845d4a,300cd540304747029336a9dffe3ed4ee648b756823e479fca84e990f006f3627,1,0,7288361,21bffb3b0011aedfd8c4c1823fa8aa349017c05a858e225dee0632b1d74db49ac62e41cbbf7bb5a4ca77117fad88ca181ab47680172fbaaf69e4a1ae5dbda59788e14a6c4d4774039a11539db37f290515c398929e259c9c21723e502296624ec04afcc3297ae1515ea013b570e0acf4ce0110e4dc4f83b97b7ab96407d6f34db1abd281d2f0eede4a40da3eca64d2738039f3138665e1eb80bff9aa20eacbbe64aeb029f5e1f9af774c612980cfd43f47d5fd8a6afd8f16eb89e7990ba5283a2fdb23cd4a578331a76465b3eb30096efc58b07037779435060183a964f1bb6a51eade0932f563ad17b69ce89b23a9743286ca2c00380121b8cc620b03913805e242d5a77b6b10d0cea8da56a41e8e2a047624300a101076fd270b9b123d95baac92ca99331d1dc6bc32be0b808f01e51e7d34233ce1c03700870bb2ebfa2730f24a0fc9ecbfcd3708a822a7fa1e67f3c513173d71922205083c98bdd12e6c1b,00000000000001009132320451bb09a5dd3556ef7f1fef1a32cca11d7d8419466418a459fc5d1a40071a2773b3cdbbf704e6d18fda214e5b9f350ffc7b6cf3058b9026e76500000000000000002b6a2952534b424c4f434b3a300cd540304747029336a9dffe3ed4ee648b756823e479fca84e990f006f362700000000
rsk,0000000000000000000051fed8a781963efa6e0dd87299ed43ba61ec0f4b2c23,7348921,1ab10d28ff2b1eef818cb742e508a03ffb78552485d3cb970bc92bc66443377f,1742156412,merged_mining_header_match,,ce7864a8b5bf360b01099502a163810cec845d4a,a3503de42cf66ce2387239945126567c0e617bbb299c06d7010bca19007022b9,1,1,7348922,380dfce9295743ab981590ea05412dce3fe1c2664ce745547fad6d7c5572bc39f925d166280dce19f7be2e58603bedee1e0c64584a4ad6f3f4c0d08a8237c29464d95da559ce764ede422cf5e96f1d8df1c1697592769360460dc526857ccf070e73f5ac32cfc946b5fffa2c934a4b46748849fd054b12e187b80fff1fc5f7e31b8fab6d6a7121084577f70fc8c55aef66005138e438a9045261ee4dab11d327eb9dbe4f6e4ff058cc0735646d4b247edaa7516bc4ff0eca310a6b0de80e80ae29988364f5c897573504ca66809bce16240c1898b9e931bf4901776b4afe2118db19c0452152b607bda7fa6dc73440707da50e188a440b057ffa4a5ee9dd2204ca93e2ec952d23539cbe138633b652071b0da5e489a525eeaaf0de35a9bf1fe36a2c53a11da01adf6375f9947597e350146007209e9807d0631d627f74d8ae5358f263cf1a5b09834087770702d0f365e14dd6b27cf48b1daf497d2380deae7f,0000000000000100c80d16fb3539541bf80b775dcd74c92a0d811c53107c186e10003174d4667707bce631c7dff92c947ae6d18fda214e5b9f350ffc7b6cf3058b9026e76500000000000000002b6a2952534b424c4f434b3aa3503de42cf66ce2387239945126567c0e617bbb299c06d7010bca19007022b900000000
rsk,00000000000000000001d888b8c2f8b3457470d1340faf95259339f678ec57c8,7394610,bb140a3a0f55b8fb23410f4760bf3670b0384f68d21f609a2eed3f06120eb67d,1743293668,merged_mining_header_match,,12d3178a62ef1f520944534ed04504609f7307a1,2b39eebf4a700b16c33c73099377b9366fc7d7cf56dd23e94e7fb4130070d532,1,0,7394611,6a9da814d0ebade7e74c336efbb703dd724c54d214f15d45c2aba8deac2ee2e8115c84062b8dcd664b1b235f300c3ffb439cea584a462923e251608e6304cbbc690b3279d9f91484983784be84e40e1a506511dc6b778e008026bbb30d8fe3e0517e0ee87b3eae46d76276f0c6f91728a93d07e0ef33a42ee0e8679fabd3c879db13f76d7fa84043881b7e3f8c45f2a800864bc92d8527e33504d20f2fe4d20812459ccfcef615d4d3a35481eaf58e2004bbf15dc33036c9b8a50db817dea4977c3e21e525fb6a27a565bddae4a69df4b94b3d89f17c7eec5b82291fe26407b6626935d41565af4eb6ba051d7a6fd8c6ad00bcbc9b8b0ea3e8182b1e5ac2bc1384146ee123a4cb501f9a7a1e74db4d6495d1b4963cefac295eefc827badee00f45f468c51dfe48bb48b9cf3e05288be6e4aad1db8b84f57482e0bb7af1d282fabb6bdda3930e74dc456624b5e2d42cb81872df44ef3704066d7188db67c5e98fbe6a821a78f9971eb24f21fff7889c8ac8c9ac01697313cc2531faea6d536b43,000000000000018067b808c557a5ee305a2214c52010d15b7a9fd5ceda8e89ec6653d24ea7aaafadaa222006e00b179100000000000000002c6a4c2952534b424c4f434b3a2b39eebf4a700b16c33c73099377b9366fc7d7cf56dd23e94e7fb4130070d5325eef9041
rsk,0000000000000000000138347cf98316d6ef64e7b02a53639a03807dde6b3a7d,7452660,fd64a532c9751dec8700538dcb8452a01b51883531c8f74304ef12055ad03449,1744704876,merged_mining_header_match,,ce7864a8b5bf360b01099502a163810cec845d4a,8b12dc5e1fed7778845b3f57edfec01f34b8b1a6515bf59c7e46870d0071b7f4,1,0,7452662,3c12aca5f1a6061d102c76d14fe52fe9f0f592cf565a261aed4e34a8918d530827ae399770e89f685ce2488ebd02f80634d13ef57f804ad7d9be5c2c0fb9c3bb0ba127c76b1feb36f0da4f0c480b62dd1ce0a02c998509cc74c75f2314b6df2fbc193d9309dce109b0d640fff9008d29a72d01456929984b9f3bd9408f60fcfce07bda4d428cf4ff5afae719ee6ec0356729d08e2cbf2915c4355a6ebb8bb563e68e6d42a37dc21c96696acd04f964a0eeef4815457cdb9741f906ed50967a986ec91aa06e8c8876311a9dedeaeaf3d3b623a7146fc316dfdb9ee10325cfa46900f46c1dba7fc8ad198f277f531c9a10bf6f5bcd12955ae44866093d3e5219d08ea46859cd456dd8e0f8cbade7667d495ff87932d7fc9e33e6236ab0476c6f4d6fbafdf10dbaf01cb780d8ba5c99b633acf48ea62f8f88584ed19321d8823bb4304737d4a349fef4d30085f966d00be88638c403ba2ff15b1eb0aa6f2e3c070a,0000000000000100a37752a5c95776e29045812ad9f44dc43b464282462289dbb7cdcf1ffd1694dc5820ea81ff7ab5c85ae6d18fda214e5b9f350ffc7b6cf3058b9026e76500000000000000002b6a2952534b424c4f434b3a8b12dc5e1fed7778845b3f57edfec01f34b8b1a6515bf59c7e46870d0071b7f400000000
rsk,00000000000000000001eca3c8283357af739fdfbde6442c6624b8ef8ae93663,7476013,b9730c2a2b10abad2757986cfd8c35487d6f7427e66892443e819c856eefb201,1745258130,merged_mining_header_match,,ce7864a8b5bf360b01099502a163810cec845d4a,1cbbd7c4fd7a43bec67e08f1b22f9d2ca68ed8d9be9868987f5d5e100072132d,1,1,7476015,00e9b2d1f41b41fd9c7b653ac82789777745f780cdcc7a2b89cd07626ab507281d087eb706ee74906f12cf4bab2b017e7a70cb88addbac0354676b298c190dc6d12d62587ef096203a6358e270058ef664931947514cba71b7cdb486371c0097d3ec503219a65fdc8a02330315a7f7cefa0e338f774d34b08371b99e519ec60bc5d5c55850e48428410310c4c5a3b345b501198d8b4e87c948a624b70e5aa0c995bb06db761caaf83f065666e4e6dd24d11ece7ca221eb67dd0f1a30c8dd0685ae0a1ac6125f9e1ec5358e5ac78c1239a248aa6f75f43025586cabe8f4be5af7547362fd2b6489c0b348c027fc0b268a4117e2c203fde33d3964abd907c51b87f0936477907802f02fc0fb8e643dc05288d1b6f949a0414ce3eca82f28fc3a50e011798ff19b1973563270dffdafe4d3af659f77b0efb99bc576644240a1c8659052db2aae0149d46deb03182e82a4966c4e93e91c982c9f6c9c0717a3fda453,0000000000000100b16156efc0ed6236e4b01a587a8f8b106eaf6f777719e165252a48afd5606624ad67ad0f32129ab431e6d18fda214e5b9f350ffc7b6cf3058b9026e76500000000000000002b6a2952534b424c4f434b3a1cbbd7c4fd7a43bec67e08f1b22f9d2ca68ed8d9be9868987f5d5e100072132d00000000
rsk,00000000000000000000ab39c6a329a930734d41039ce2e3a675ad06204f9b26,7493858,23d99ab22c9e4bb5fcad9253063eb5b0f461771a53e29257e28c75238f45d88f,1745677530,merged_mining_header_match,,ce7864a8b5bf360b01099502a163810cec845d4a,0f116185dcb14afd109b8538bd96868f2db91701af2be868ea478912007258e2,1,0,7493860,7f8f11d4cd8be44344bc64aca20b0f24e7373c2374a3ead237f6ef051cf3dd7f041a1165072d5a2b9ef9e48614a7c1bd574cb49bb71b4e3195e99054c7fd5cbe6be9f0122657c871f04bdd91b83729a3c57a6c31809061c1a1c13a32eb69f7f20f5fc310106103694425124b9564a35545b0ea0203df0eca2f97e9146815d0354e897031765e33c5b9afeb5b5fe76c7554c9607dc4da962aaf9d8a491a48da6ef0ce65de2e75e9c4da648f983835c37259c45679e5dc3e090c14961fd4934bb9fe83bd21851f5df2c85ffe6c03199859844e9d9cbbef47519ab6099788cb9c0f14fead595d2c63ac8f24db45c66f37922a60295176dc6d10997a27c4f4a5c222e56a0a507859c839572d226b65fd7ed9eac665ea7d2f7f95411a9a934fb17f80fdea98d9be6a0a390ef1aadbed5d6e4cb96f1e9f0035a0ad6e4d6b4bd59817d23c3018e5eb40ad5596d05ea63e4cebb74f93e99974192d5284dc2f5207cc0a9e8ad67ba247004f361696d31c640f7854c784bac7a6c22b81b2460941cae74aaa,00000000000001409a0ab576d56e20b57d75c329b0035ef5f31e8571a5b8028c1906370967c114937b6cf3058b9026e76500000000000000002b6a2952534b424c4f434b3a0f116185dcb14afd109b8538bd96868f2db91701af2be868ea478912007258e200000000
rsk,00000000000000000001044135d451cbcbf072e07680bd48fddbd933cccd4b14,7667106,09893cc15877dc3300de85f13e5bb8d5190c5fdfbadc5473f97b8e72e1f0b3dd,1749866698,merged_mining_header_match,,12d3178a62ef1f520944534ed04504609f7307a1,56542d88df22ab7e48014c9e774ed14ffe797a3c0d38cc72c796f9130074fda2,1,0,7667108,a543355f8eeab0da63625e64c2994938efc5c1847b0e011ac421295d2a54b4eab3cd6f04beed178fd87d324cf88de10f5fc4fa72397cbf1305e858021d5ab330c26d49b6848a0fb830c6306284388783a3eb25f9dc274223fa37a5f97a5c3bb1ffc80672ccbfad7462c9c8e3e31f424f2350433a1a5d7c7e601f6f85a4d57c812fcff4c48a35a0f612da499fdf29c48bb124c14327c09a38def10e3b486f114436b96b832e8cf760e052d2770a276e95feb87242f3acd924cb50e0deeeeda91a4503c34cb4466777b85dc2a7c381d47da294cb9de60a31ab897d1a3ae3068ccb59f634ed4518a6cb6436f8109c7c671831293b873d0ab12abd234e91e0b8b1a4ca76201b572ffd164acddcb037be73e1b04f9674964cc0ee926b44eec7775f595ecb23d8bc67ae15f79bc76a6003d735b016253ac4689de11e85660a86b8ed72843e8e82e4bd5981faf3ec3d060697f6b6fbda0bd058d5623bd39959174294f897e9f4678cf75814033544c944cbb5a4bf5510d9fb69666e1fa79782bf03d840,0000000000000180be23d471710e39489e12e1bb9af0e6d6465e80295ef28fa1ccc88a6adb00f0987b5e8d16405d386100000000000000002c6a4c2952534b424c4f434b3a56542d88df22ab7e48014c9e774ed14ffe797a3c0d38cc72c796f9130074fda20000000000000000296a27737973e52f0c6c6442b10a6ca31b022b418765141d840cb2779c2c78134a31d209e29c18411f003440e53f
rsk,0000000000000000000048165f3adf13475f42f7b0865268be3bb191658a8aa7,7676436,7b293fea99da67a6a5ab85fced30eb580c66c6f86764d6e40a1997a89d30e0f9,1750092487,merged_mining_header_match,,ce7864a8b5bf360b01099502a163810cec845d4a,5d9143982ee33f37cb81ae9bcf63a4834adee85ddce4aba7cab6bb1200752214,1,1,7676438,decc262b94ca41dcbf6d57acfcb1991a5c83c0ed296b7289f189638aee091641be7bba8a7e5f0c4007c00078ca645226ddee9d731c20451a7270a5451abbcac720b4c35da3dbe9ae41217fecdc516a7a57eefceda74dfe4abb15d6805438142dab2dc2ab9be8128d65294c945106c283932229c0be688ec76002bcbf84f40131e9fe6b0884067e229664c81057f8ac1a6367d5077fbd7eec83656e2fd5d63340bcacf8f71367372a809800a3c30a65d089e76ef657d834ff820ce4fd2eba10be635bfba5fb4fae004a2be005479552e26e2343b9acae4efc1c39f62044bb43b5e98ebb5aee28993ce3557d5b0b4061feed6afb51baa113ef1cfedd54a14cad37dc6430df8dbd3161b5f194834a4cc0a9b1a53919854d6e16881cd4efade39e538e81e850fb2ead30ecd15f8b2f7d47289259ff6a58c784de3ba5e4872c207d6a18e3a51a5edbf5a82f1a3378578ffdc9123055bb46f5a1d3481a9da00ba8888f9e205c447d7645e7fbca09131c458f23f158fc1331e49d461c8288e85292373b,0000000000000140be070233b994a34422a3540569358d68a0da786997902e5d898d820bcd50fc5e7b6cf3058b9026e76500000000000000002b6a2952534b424c4f434b3a5d9143982ee33f37cb81ae9bcf63a4834adee85ddce4aba7cab6bb120075221400000000
rsk,00000000000000000000580c2ea5991749960e62feec73d9fba76c058b21866c,7684897,b52fe7ed25a35fa451cd0a28478d534de7176e82287091b96407c7ed39d28631,1750297506,merged_mining_header_match,,12d3178a62ef1f520944534ed04504609f7307a1,08e56501eafd34fa05714c9d89de3bedc465ae2c67454286a98d2b0800754321,1,1,7684899,715de98bce2a2c4e281116501fb5c2920c50ac245d76608061e42732a3453f02166d7dcb98dc3a631a47579e02a7f4e0bd694801e448dc4dabdcbc0e6389666a073fc03529dcc924a1937a720814d498bfa77951051b12377f3cbac16331acab2484f6ccedb953ece7ec3dfd47c0fc71f325763f88f25d1efb78c05dd97c78e663eb25590a197058ce5956b780c6fd1ab841a154a9f75aa15f404aab3bb2c14169699aec3c26c9f1bf3aeff3df7ee005fa1610ef927416cf3674a3e9541fd42d9c4c6c69798436aa087e289922070d37206ee1023eab6e6cd61b94018e32a290e81afdda97533e500755c7593cbb7c19ad9cef46c5b95547635c2d3f7a3b2375b1aaa276369594f2ab2f1cd52cc4c2dca502391fcddaa095c1cde960c9426a4b626eca8459857017d9c7bed9a057f2d23c4a68164887f15622450aa3c2cc8854f2f660b4362d86974b991ebecb8a5b304062587012f3ac1fe849adca221594e1,00000000000001805e8701c3ebfb768a352e0e12c1ba8741b664cb09c685407d696eb5be367f04ceb30a6fb5b3ae143500000000000000002c6a4c2952534b424c4f434b3a08e56501eafd34fa05714c9d89de3bedc465ae2c67454286a98d2b08007543210000000000000000296a27737973e95eeebf6dec4f23b3093c1733548a191cb7c2d61f6425ecd8e13d1e48a84f77304c1f003e5f0b41
rsk,000000000000000000019cbab2c3b04f56a5da85e28a55fa8ec5e7d793d4ad19,7687654,376f4c312b017190dc9edb2ee21849daef27541d307178afd9f8911240765a49,1750363340,merged_mining_header_match,,93293a100338f54242f05652e137a52e0acdccf0,64a5a3bc4c8e9097fd7768bbb2c895fbd9417d39c613de7604e7f10d00754de6,0,,,27096469cbba62724b7fe1800fce0606cf0ba3216a07ed5c049f0e031f0f2f56ce1e68538cd281649873849daf154fe0dfc5f99b4fa1df75a10686a4f1b62690b947b602791c2e6d9da1dd4debd284e88f64964147933a2e951a6553c2b87dd7d4d2578dc1dcd32ab5c2927dd366eb637819b90b7d25f73d877518d72949bcd3e864dddfecf89f5e881ddb85c680401fca8a275d1dbf382a2080d4ab225283d867d397ffe9cbbb93c6749258d5b58c1a6369c4954fbe4050655aaf96b7aac7feb3fccec43ba770da2dc3a1d9895cf0a64390b967e55a5d2dc0489c4cd70652c61c31263d19f53ddbbf9b7fe59c1003a17705e86e64723203eee1824ff1e632463b28f0a0f92ca5c445cccf1d8ceb6afaf7c9f0a143f01fbed01bfed97927f8b9efbd6f9b3f81337d1d2f96cbd16e6e0f5af73eb3bd2a93377514903d5a45f70b17ea8aa0214e804f944e2b8f47ab99678f85f3b1678fe704023ef64a28ef712b,00000000000000c07d80dc87d71ed750019a1bcaade85ae26bbc247b1ae25845dcee3baec9f0786895be1654354465ada2db4a3006abde4d1f000000000000000000146a124558534154011508000113021b1a1f12001300000000000000002b6a2952534b424c4f434b3a64a5a3bc4c8e9097fd7768bbb2c895fbd9417d39c613de7604e7f10d00754de60000000000000000266a24aa21a9ed40732248aaf82bad03427ccefbebed08d14203c5f88ec424320978d1c4d121b600000000
rsk,0000000000000000000030f07b4fcf25075703864456c652d50fbdb2628585fe,7723301,fa4e337ebff66e53ef6904668f3d9f456f6e1349915481c0abdab933583688b4,1751217799,merged_mining_header_match,,ce7864a8b5bf360b01099502a163810cec845d4a,937cd29853459a4642d47366024d3108cb99d846e977b465552315140075d925,0,,,1ecfda094ad4a952bb382cdff7db328c81e4457836ef111dabffc98a8ec66780116b26ff4db4a6f4fc90ae18ebb2f5b4e57e350bd13a2b6bff15bdf97f2a3f25376786381ce3538a02164975d528e0e496199528f6806663ee2dcb8f5b472001a7f8946d5e6be69c90446686d604d70be0d7929dc792aeb147787d17b1dd8a41443ca02ccfbb58f72148c1560c5262928d090ea58ae8aa06b78efe190464cd5a3c3455222cb91aa335fcaf1056eeccff0f76f28b4287ed912d058f61e363ac6a528a6f222de53d350346a46c4a36ad55ce18d4527a0b8849479381e67c6b80259a09e602735e9b1b8994a3cc721bb6c41e07a94d17773dbb46f2260d9d080dbd1ab77c3c2bffbad04bd0a271386b2a6784d3cb427ff103b13ab7538f5531ec5618c0bf61cf6d05424ea6b458a3ed3d850ad111c16a10f301e0c6b0a19b5375316c6eaa9cad70e9dc1ee6302c5bfcdbc67f08243768b8d44aa63824e7d159c13a92d663e4d61775359389d66f2158635e924e93d193f0154bea995f5e42faa50c,0000000000000100a5430870893a4719af4c120b54100d7331cd95133e63fd469e49211aabb5fab501ad67ad0f32129ab431e6d18fda214e5b9f350ffc7b6cf3058b9026e76500000000000000002b6a2952534b424c4f434b3a937cd29853459a4642d47366024d3108cb99d846e977b465552315140075d92500000000
rsk,00000000000000000000350e4b152f9a9cef7e637e1204199768d75e63303d92,7759726,c5028e46ae9b82a0d99493f5c458a68ffdce6ab60aef0e710cf2671bab9255da,1752093745,merged_mining_header_match,,12d3178a62ef1f520944534ed04504609f7307a1,15c4889ecd03b2b9ab88534126ce8e9b13146b5688464cc37987a3100076676e,1,0,7759730,d3c81dde6650839d5d93f3fbe52452572d139b346209a72adaff22d8f0e3f8d29d9dfcc9a4cd5f64405c8183b71a8cc64c5ff072914486dd8fdc7efdb9afb3446b73c6316fb2dcf3d7cb6c9ebe2c6d8a859442859f9c0bbf1252fe1ade21ad1ba15600afaddbc8a09f7c6da6ca20e8e5d5236d91f0fa637eb62e554e16dd580ccd954473a2c01320fe9239b38e93906867d8b5bcb92a1e598841d4a5bedda20b0bf1a82404fbd5cbf3e8aa54719761a71a5c0724358f86891e4144d62e487a0decc4421ea5554662bf62f1165f9b1f60017fe3734d2a7c12ee91cdad92ab90cc7c7dd62c05d785fb5949e7ace64d92ea5d4d17a3229cef7e29fc2c1ef7fd9152222ae4d816f5754dd26fe5ef7840dfd47cc9a0c78ccf8308265f43e42fdc7eda809bb2ccbf45873031a8c8b73c0fbc05f318af46facef80fd7e25f15b64dcb84b442677cb4db8b01f69120333c706bdbf207c96f8a5b2c3439fb8f11779a62bf,00000000000001800145a96e360eceecf03ffea45be3b47c13b2ef637cd1cc9f11b080d39988d19281d052f8d9318caa00000000000000002c6a4c2952534b424c4f434b3a15c4889ecd03b2b9ab88534126ce8e9b13146b5688464cc37987a3100076676e0000000000000000296a277379738a3669338782ebae374c2ea31e9184edaa30aab99aeaf0c7bab3bbcb3f1b720b667a1f0090a6a840
rsk,00000000000000000001aad53cc3e15fcf36766a25b15ac8c6d84fe2c2055e82,7814631,1473d6435df12ecbfc138805c23db6f32d0feba0b107214b06ec132c80ce0275,1753413169,merged_mining_header_match,,ce7864a8b5bf360b01099502a163810cec845d4a,fa4c22a82696cdc16112db3a1a3dbdb8869e6bc60c5f4a855044091c00773de7,0,,,d4a14def6ec340ad1195dfd4d790d5680de4de9610343c3e96086a1558023454fbe9a44486963b8fc8b0004dcaa112ea5d430c1abeea24b5b53a84efbc7e44933768686c46d98e4e6cbd8d8d2cdc02a27ae7ede6c325d26ae6c1d23efad594da2131dc6da736b6947acc9ddba13d3e2f06528c06b0eac069bbcf0d9556b4b5f22a7cb7ed6a5bcbd6cdf745eaccc071907d92872c84880cb9aefa2c6455c7db0973f8a47c456423cea106c11b0e5e796b0f6103ba92c39e00020904aa407561b3e94029b86f03d6d63664f1dbadb9e426b577d4b7029a332b6ad1415f9330b5f5a84e50ae0e95af316fe40f552059efd7571f44c9f515b89264d1231e238597cccdc56bb0ed38b11e048269ba0bf54ac3062ef323fdd113ff4baa498524c80315403bd5f7ab8713652f415131dfc676c083c1a85053cd01edd69a3209a4da363cde2138aaa39c43125d3729721b41c7b8afd4626cdf2c5f670de59866d476766c96a02c91b943fb5ba5a5ebc80a26eba6599c92f9872bfecb64e5f2580b4c5195,000000000000010072f7827f05537b922908496b6671f89e713001b36efa1c76220904aa697b4d4501ad67ad0f32129ab431e6d18fda214e5b9f350ffc7b6cf3058b9026e76500000000000000002b6a2952534b424c4f434b3afa4c22a82696cdc16112db3a1a3dbdb8869e6bc60c5f4a855044091c00773de700000000
rsk,000000000000000000001cb7065caaaca472821735331118c31d188e2b7ef03d,7874730,2394e6d519bee5d103051779ba0087d47fb04e69f6dd704eac5bda4fa7880be7,1754876499,merged_mining_header_match,,12d3178a62ef1f520944534ed04504609f7307a1,05faf91521171720c0c7a8203eba5aff02defd95ddd5393d1fe0e60c007828aa,1,0,7874735,eedfb961dd39661ca748129458986c9e046dac52c9382e2d52bfad74714d61de64cff1a80c0b22b19e31a85a4ddcbb3c380950a5fd596abab6fd28e6cc9c01b75a5731a3d52cd174ced5efd6d76823c4f570bec09bf60b79c9aa18164ab378736dcb77dfe308c7e4683b0114b878ba2208a93e6a79a11caa7ff8925deb6f68f4bbc0fe46d9f4c3288ecfa62bfffdf110e8376a431e76cf0fd1e806ad9eae96938515ee3324950df22de97d3569f9e762259fda685fb8e3947aefad19aa0dfa6cbaafb92ca209dace966fc90e87632876e5e88cbb852291a45c3c9afaf8e5f4939a760242c0418bb1791f9d2bd47ffef1d0ce6d6a2ff958337236da2a95520324a6699b01c7e10e844549f333143f9f119e7a910873c195b698ab418dcfb6342ad09472c4f9cc39d9ebd28d43e8102666daaf0bce448f430ec7d3bc5936badf30dc527dded90dc05e71e1111d2e5f0f1de2593897eb993a2946d92408f914828cb58a69d868b8cde4d67e81d16e9a46513ad080c81ee47f0e8d9b75c23cefd2f9,0000000000000180e339ab427d04e3e69b68d83ddc2d2bd2f60f46a90ad4a816037779ba346b2c5325ff974011d6a94c00000000000000002c6a4c2952534b424c4f434b3a05faf91521171720c0c7a8203eba5aff02defd95ddd5393d1fe0e60c007828aa0000000000000000296a27737973f28a505a1b9b8bb2b0a3977141639d4534c609ec8c39f079a7746e9fd588f00c50c21f003c2b4841
rsk,0000000000000000000176b1c0bb5631744070241315d3f5b630861c51c0e632,7884131,a672f44cff9456888cce5995bcf72802bc7ed0f5b45daa91c1553fbff53bc253,1755108229,merged_mining_header_match,,93293a100338f54242f05652e137a52e0acdccf0,2087b20ff9edaa56b0d71a6b181b1d0f4fecaa791531e97b7cce9d1700784d63,1,1,7884133,6dd54b7deb0e108859c1b3d36523b3e2ffe908d1e4387faad5029591347529aa82bfff41b0c22e01c51f32f70c81242069c589856e76f71a1ce515c66ddc3230a411c66c519dd8d38d0991aa618f2bfa1cb58384ac68c956ff9d4b5fd82dae315a7ff911c4e44fda2bd5459c9c4efe78983612f743bafdd4a44f1db3845de62e7ecec020cc84e90b1d76509ce2bac752762bc1e13c7e5e43b6c6bf5ff425b3a54530c8b306306bd17cbd1080592efa145ba846d67b8f0d6179df39727e9530783890d9940982247edcd9667f149bb12e7cccb2c00543776e1454bd14c1d2dabe6793b9b7b5b6b27dc450733154873b9b0e797d41d60d49be54f6d8374bbddf94cd4be0614fbe3e0a2e0f7ac9d236052facd1d0a56177c6fc604a7d45d350d020695865fe780b3db807ec8ad13ac7c47ed3545c3bbb063fe6b59a337096c9ea6000a46309994d5d532575a6655fed858ed2e79d1d97417e69b4dbf64dd0d2b1d80a9403ff28f699b4ca0e7272f40e5b119ef5fb0f6ba7de39b662a72a9385f1eb,0000000000000140577acc792a4d98783ab8714062363cc40289a290ab4487c56b3a2bd43d30a1d30000002b6a2952534b424c4f434b3a2087b20ff9edaa56b0d71a6b181b1d0f4fecaa791531e97b7cce9d1700784d630000000000000000266a24aa21a9ed65748e6d996c98ca8a6f73c77ecc777df246b40c172702de81c94d1ba8823a4f00000000
rsk,00000000000000000000d7723ab64114f913df8c3a14fe3d13a96017e5ad87a6,7899159,e99824efca3d89e90f34b20beb8a9b34f4c9d0c1a32ad14212ceeed7619e548f,1755476018,merged_mining_header_match,,12d3178a62ef1f520944534ed04504609f7307a1,ad6832a72417b4930e231174ce8991bd98242084bc7010049ec6171400788817,1,0,7899161,66d5ce8a56686d0ca6185add7c328fb4baedd7bd6cad6a5ea8dea275e0b0356960e85e2fcb2e838983f0973d7424a0a76251714a2bcfacc12d9ec5943d1357d0ae2e048850056b1a07ff9440073068dd2b937837ef825be1eca4e5269c5c0c9c3797bd844a5c45c82bb0649a5d2d2e62c87bf0e99e33140acb527cd91ab6ae040a61ab0be4790efba706119f324becd3ffa47533d4494b91c297674abe5084b15f2f107bc31fb3df2fbf0a14578fecd229d183803da0df5c9f5743c0b821605b5822345a45581ebeaa5ad206892d4af8f16499e588c24d891d53514515f27fd33ccebf146be4e16c190cd3b486ffa7d649ec857336b641263bd07700341a05ca5ab71fc862a732640a4dd66f41f0bc831f1188b82f69804a3828f3d8344843cb978ce1e905aa3ed96b26bb2c171c48bad566a7083a3ef1bbf04458abb4b125686368a430eca49230a0168ec9eda5ab1fa05ebbead054b8025df189d035b14d55,00000000000001808b8844ab22576fecbb426005dd20397a9154e0f3332378bfc0be74dd4d27c16451054b13a51f79b200000000000000002c6a4c2952534b424c4f434b3aad6832a72417b4930e231174ce8991bd98242084bc7010049ec61714007888170000000000000000296a27737973909b53ba11b61b31fbe7f682094ab25380b7d802d2bf5acb38afa78993d03ba6b4d11f0060754343
rsk,000000000000000000000cdf5d7f499305261f6fadab837f94a3e5acb28795b8,7949766,d74f6ee1d539a4ad51c13018f09c4e6a549d1283749e25a583d762df030ee9d3,1756730488,merged_mining_header_match,,4e5dabc28e4a0f5e5b19fcb56b28c5a1989352c1,b01fc33bfa4af7d1d1ff8a1afd086f83862d80399897c71a3bebc11200794dc6,0,,,1f2cecbf1772bafbaaf78fcb5d0511b7c38ff3e548dd0ef91ee1b1fe3d8ec60b513090d0e7e473218ba05c752083ae54afe7242d8bb3eeacad69fc47cda20e1c0780de0e289413ea91dede3fd7ff49b11a9515c9b16f37307fae8e7cb4fe901c6f3f7bfb5d9208a9ca704f30dd3755a3761d341963cf5eb783f157bbc396a14f0ec419bbd06f45d39c6643db76219825ee0cbaf8e5d3a0e0b3dcba68ca7207ed0f6dee0d91b3004b7f878cb34d1e3e439fb99beb404cce01f4d050611ddae609c8ee885666c5d448422c110c00857d11a129a4c2452ac5be55c00c4f59da6184fa2ec1a55a05781703565c5c6ab6af650489def9caf04c184d2547ddb46e9ef3c1cfabbbb337f60bb54d50f5670dbee647f2dff3896ad4c57bb441419c11caecdee0c592003f0ccd2678c8fd1deddc62cae96ba9e4a760205fdb3bd899a0ae5332aef33a076e16d69020cfcc0f804757f6e721a0382cf27b38fc9196a8b03e0200d26021258b0d302fa493d051e045fb00ad109e667262c536511196fe26e6cd0d88a6abb50f116fcf213e9d6e94300c2708104346995b5cd528163fdb329f5d,0000000000000140b4c0fa4c1cd90b5d2f6618ae5f4a5bd0067235fba1c31a98f59578392bce1d3f0f0e0e0b041f12001300000000000000002b6a2952534b424c4f434b3ab01fc33bfa4af7d1d1ff8a1afd086f83862d80399897c71a3bebc11200794dc600000000
rsk,00000000000000000000ce42c5b1a6fb01d652fa82f25458f6c3d53364fb9f69,7985811,d803ce66ef687c84b4787ba0ef09145b507fc6b7b23be0bcebf11efce7fb68ae,1757612914,merged_mining_header_match,,ce7864a8b5bf360b01099502a163810cec845d4a,fc88c09929e7e9de2228827b2a9f684ee80cfe6671a6437d74304e130079da93,1,1,7985812,2bf8c6dc0acda41b67c767c741733650408a556adc27c76c9ab8c9f1067b054411c7a72180bdc662e038a49350d77e30128067853aac0c1e9a79ec65d21940e6b1860cc57d6104e81956829c4f28865aeec7c256a1b950dfc59bfe1b52b7cf16044397a2ccc6bf53757d6162e0190c0d50b41e2c8837b33b6471aec881abf317fc9a2a9d50c9119f4b8349e1350bf38cd8cc4f5909d0e0d94f7085f0cb46a1c22f5fa4c539c0bb4be8ad20e36f25798f41b47994eabf36e30e1faf03fb83734617727cb0d32bae39391ac497aaffee5903cd8c9ce3a1a99e6f9406502885a1400eb8fb51f74118094c2118819efe3c4e00592766754f0ca83644d9336b4383395ba07f9ba530a0cadce258576185ccd98220eb680305b3d2503798badfd0434dc11750a8dc9976ac337705f3bf648de7f64042c99ff7ad17df23ed628719640c262d7782151113bc9fe70d8bd1c680258eefc4dcf9468996f3e921ef46c2d36cbb79f03a279f08937d54be66fef8393ed62a17116c81638a54658143507ff84b,000000000000010019c6e9f663483dd45253b6a8e12e8a547b102118cecb002e48c5bab8b47326ff2429db23696291f2c038e6d18fda214e5b9f350ffc7b6cf3058b9026e76500000000000000002b6a2952534b424c4f434b3afc88c09929e7e9de2228827b2a9f684ee80cfe6671a6437d74304e130079da9300000000
rsk,00000000000000000001f6d6612ed8d40c023858249952fdee7d7d99c081f0cf,7986320,17f577b35bc98c3b68397fbaa4e2118e674cd749a7fca6dea091733997fce4ff,1757625484,merged_mining_header_match,,ce7864a8b5bf360b01099502a163810cec845d4a,4eabe66643485d616edcb940f305f9455a05d65e13cabd1daab71f120079dc90,0,,,c0495e3756653188648fa3208eb0d19f06ca0b45e2a9bd440831bb613003855093b9a165fc3b1b1498c6dd760ff8cc5fa5a8cbaea8d257bfd813e45f701bea9a31d7946ea2051eee18d68d5bbfb18ab44d061a0d79c55247e872e50c30231c1ebf68d322d2af1787f106e1c022156aefad07bd6bb97a746f5434a49bf6404f5b87cbb6b912e9cd40cd92b99dcf5b5bb0529a0ade2c3352de0b13214e5bd018d949aad66414f4b2468aaf906fb3792136ea7d44deabbc4390d075b271eac8bf0d2edf9b9c0de1845dd3387c48c6b2dcf45b0bae8ec2c7b67733c356df7588b38e2ded66652634b662877f9b7fde6a6f7dc4e841d9435e6d77252d47300e84d1f7ef441e140b2fe6bf22247ca3add65e7d9e7cb8f73b3f3de79c3ee5bcb69e58bf3040af0f366ca61bd30d8e508f83b4bbff614c6b645c75d78071057d64180561037b4b96a0b34133039b8370209cce7a05971f0842b3c79548eb0b2cd5dabbbdcb5e5907f83f1fab0288511544bbd413e79be2ea83bb8b1baf9b08649d4f54f61731730a0c1a98c1c15a4a5256bca46c45941a4bba7d3e01c85717dfa672bf5a,0000000000000100b007727625b434f56a0741143d60c62b5a46b78fa3bd6b1f7a775c0ffa71df2cbdcb79979c691a8fd90de6d18fda214e5b9f350ffc7b6cf3058b9026e76500000000000000002b6a2952534b424c4f434b3a4eabe66643485d616edcb940f305f9455a05d65e13cabd1daab71f120079dc9000000000
rsk,00000000000000000001208a381476ad1cd93142df2fdc9f978a991a496e0aa0,7986333,15833e3c6c49bce6f513b3762b0c327b250257e168561a99130837991dde6401,1757625884,merged_mining_header_match,,ce7864a8b5bf360b01099502a163810cec845d4a,660fd59761233aa2466b6f4f7acc8f16810e54fb13cabd1daab71f130079dc9d,0,,,c0495e3756653188648fa3208eb0d19f06ca0b45e2a9bd440831bb61300385504d71339df3749ff72937eb0b12edc3f29ed1910353230daba903e76cdcff6c973100e97bcace0dc67f90f4830e73f82bc6419812b66e5467439b1b8f1a899b94188f7a145998096e9f84b7fd4e2fa5711a39623d8341ea00090fb04d915c9b6a10d800eb9c8b129aca35788599041ee807d6346b0705ce5cb28a1d09cfbd6784e0366d88c473c01af5b3ce3ffcdf4b4238a5ebc880b9de19d5db644ad3cd39339fbb2526560ed43dcb8a488a740671fed76a01d03759567f20f7c7f2f7a6e13277cd33abb095326fbda7f6bdb1401047a88fc5b4cc6664b0a2759f364cf8ec46b96aeada3710c0a2e1fef3a24eac12b6c8d53aafd3f4672a06bb4d5601edac6925444926764ab0564c27515b612a16e17fa56e474440f666911996d98a6f4982026b0a4f2ba50db2a918f0237ab89b7bd4f706fbfefdce7eb1d543f5d406645ea1cd3bf6d5d238619d9ba48be2329c3dc1a982628715c5dfc2c3e8982dfaebd26f98077cad2cf7bd0aa713724c54a94747f3decbba70277515a68d40569953f7,00000000000001004b5fbd20b9508d9a0ece64fb75ed0acd93a44744efc2152090a07146f8b7e35a01ad67ad0f32129ab431e6d18fda214e5b9f350ffc7b6cf3058b9026e76500000000000000002b6a2952534b424c4f434b3a660fd59761233aa2466b6f4f7acc8f16810e54fb13cabd1daab71f130079dc9d00000000
rsk,00000000000000000000a4b0e87728228afec5a5333d32c1de4631708be29e5f,7986677,fb04fc7cca33c4df957c9a273e2b59f557cad0acbf9c05295d056d0c4a9a73ed,1757634863,merged_mining_header_match,,ce7864a8b5bf360b01099502a163810cec845d4a,d70f5c0ab1a8fff098ca21b5d6921f8a76c4f5fb972bf88e2113ca100079ddf5,1,0,7986678,ccc545a7ef2935703b5579d87d1b64cdb5ab84939f3d186e95c9635dc799b8ca236d15a792de25773dd1a3f3f2e6abe93dfc18d36fbecb5263ec3b901f8ffcead6d76760f73f6b0c9bfe349b2aa7a7554d72f735734a2a9344a6fa9abc3f4fb7d7ff1925b1d60c6d67e07b6969f7699c971ce00b4e0ef4593bf5179244c50b7e774784cc8f7587c6708f698ed0426dfedc042dfebbbee7274d0288cd21eac5dc09182075ee5374fd9ae403bb0625ffdfd28f470fea75f373964e878fdca31f8b8c0594db85886867ea74af739afff81bcb4aa03f7264bd0a74cf6b3e89960d6d55469428cc1e961c7ce885a81c61fea8d116df67596685001bdca5edbc6f2c3595dc7853a03ea7699ed789452186c63a4f7fcbed9bfdc2c51691af4f226843d9c31104b8d932c870c105fe22b239db9fdbbd46ae16f8d515358f0e0d1d4f6623cb5d9319c6a9ac75243b8e0ca093c318c1e39d32462096f5d137458062cf1ecb1a46e1a75b0fb1214b3de46ae18cc6f38cf55efd575b062bbbbe2b6e7314fdce02d1d00de741494cf6a059fb422fa74a86f33f0e35af5891ff045877037a5304,0000000000000100200b85c9290a0f18e9e6f7d0170aada2c277f15449645c3d4daa231f851a4e7a817a36c94733812e591ce6d18fda214e5b9f350ffc7b6cf3058b9026e76500000000000000002b6a2952534b424c4f434b3ad70f5c0ab1a8fff098ca21b5d6921f8a76c4f5fb972bf88e2113ca100079ddf500000000
rsk,00000000000000000001de4957ebb1c9e08d28fd604f017cb288bed2481455ed,7987354,636a01f465e0ed2a279e207b61c4d09b2c8d779d2f1eb11b6aa823139a0f3c76,1757651830,merged_mining_header_match,,ce7864a8b5bf360b01099502a163810cec845d4a,a303979dda07f3c703bc81c61da897275a3ddd11d9074287b5b978100079e09a,0,,,8962c49a6541abc2a502af1645ee3490bd69df6b01c92a53b733d56ecd770ac410bb7fe55ae9aeb36981e1cf18b9c7292437bcb7c9cdb78afb40f49dee32ab040ca612fb32f4120f1aee9bf87282c6339c52d515617d04f4ae28f941da4d71a5a1c60668d37b048d4733d04f005e7ff32b87cf546f4a04be456dbf015b13f0937b558661b035be00ef9f5c968145f5394a92f9fc583029fd3683bcb06b79cd090869a9898505d0a4bb680c3a9402a9e7204d368c5fe9029cf8a539458f5007ed1fe758cbe7b2671737a19bbc30b715008d88e5f6f274077ff41e2e23e708f62abd1104f55ec32c49f8e42729b89a323077775c9dc48aae223ec2f2eeb7136a4358b35ca00b0738a5d8e1a376d51be4786f6684a5a66a50f219cf66e49d4c211f07d0f1f20eade4613436a09f1ea0eec934d7b0fd224fbef217531852af915daf8157bcce92e9b530f6b93bf60dda863fa1e9d9773946a2c07e5574f1ea27ae50,00000000000001001fe88a71a3ed78e3d50ca1360e09cd97568321f912f1e66514d7e8df7a292292c5cbb769e2186bb30e56e6d18fda214e5b9f350ffc7b6cf3058b9026e76500000000000000002b6a2952534b424c4f434b3aa303979dda07f3c703bc81c61da897275a3ddd11d9074287b5b978100079e09a00000000
rsk,000000000000000000008223e92e8a65a3400761c5307b01f0b87270bd24bafa,7987379,756fe4cc06cc2a07851debc6f21eab441bdc7106a2335b283846c0721f986633,1757652401,merged_mining_header_match,,ce7864a8b5bf360b01099502a163810cec845d4a,5d2d4598b757ed51f513e33073cdba8237838225d9074287b5b9780d0079e0b3,1,0,7987381,65ef30d4dde9627adc543b33331842935eac45e039d8e75f7e7b3baaa384802f4d6351cfcb34104885bdde4f170421b0c7c7ac828e413326f17ff17f2df28ab288afb3313d03878e33ab86bd48e5126d4029f5de3952c11404f6e0452db06d5598398b1ea0b788dab998db4d5ba8a5b50a667ba70d681bfcb8eb407450ac4fe15b6a6b9e16376b07de43b0b8fcdc6b9309db8d593d91f95ba9828f7d72c07a7828c1ed3fd1f7ed94aa1322a569b204307ca6f931123a3f6268bade8a6db4e1904aeceb0b39a8754726dbdb39b9dff99e48c7b34c61a36278f013f5e6620e84866a7ba4f87e9c32262c5c046001ded41f6af22473dd43ae23218ab6458389fa2c57994d07770459fe2ad71650fd3abf920c940b559764b36b0d3d9d254e201b69375fa7cc77f58e91464394354c7638d570e3a7ff30bd8c3d58820bec0fd11874c17031c350d00ee2efa2f96ff158fa4d5ca9e3fb74cdd468bff0fa9479f852d03f2b0aaca1e1e193c36829c3e4dbe2d106fbc9f59a301acb25b7b61448da0a6f,00000000000001009c3f5959125634fa370ff71753a25a092219c28c45e0adb1776d8991956a79582429db23696291f2c038e6d18fda214e5b9f350ffc7b6cf3058b9026e76500000000000000002b6a2952534b424c4f434b3a5d2d4598b757ed51f513e33073cdba8237838225d9074287b5b9780d0079e0b300000000
rsk,00000000000000000002097c6c16d3e4065640c744d544d35dd797d06189a4ab,7987533,c32ffe7084d25a2defe8fb038d293ca2afd85f9e54cc4f32e566650e8203078c,1757656324,merged_mining_header_match,,ce7864a8b5bf360b01099502a163810cec845d4a,c4f4845a9bacece99be6a4e68066af5011793c6257294bd9074287100079e14d,1,0,7987536,eeaa0972feca630ad650d20c03bb1fa8e101f430c4cbac2a8212dbc8093794ac7b1034b59a4ecfd99e664b731d946b05b3aba542bbb6e9569ede91a904fab7b72e9574915410e176cc351c4fcdf948a514e9a1f64b432d9e1089460261761663a33360e0fc1bf6fe1e14f14c2223c323ccbf30528c1b61f9ceab1d3cf81c9a4672e1ce36095a52d23914efee32a1ddecc47b712ba2aac525e5fa47190735e601337d3eddc42b1634ec25203513b7fa0f7bbf6effe57052dc4ea9b77b6db4a9973b28ff87ef69665d82fe756970097920a94fa2c7db9e809b0ea5175b4bafdae2ac00f8f5675babc8f47f10c491c51a7ee3653f5f60230b83a5f19b5b11e40845dc447b561e624483a53e3a9b0f52b6e8667ccad7d0576b64efa72e62bdf4b79fbce713ec40b27a8177feab9fc925cb29f4edf436119dea79c7130bbe5f05f731ba876bde6ecab4263333faa1440c5f98523abb2202fa9b68d9bafe31e06029679756118b52db79da9babd46d889bb80c08ef0c846afdbad8390eeaef5e28cc1381a7edfff1ea4fbabf6f33bd140fb0a82330ac0873aca872d2f93fb6c7fa704e,00000000000001003b085abe09aef4d7a8ffc2e2bd9673d67c9790414139ed7b48c5950e707710bcbdcb79979c691a8fd90de6d18fda214e5b9f350ffc7b6cf3058b9026e76500000000000000002b6a2952534b424c4f434b3ac4f4845a9bacece99be6a4e68066af5011793c6257294bd9074287100079e14d00000000
rsk,00000000000000000000439817c63926873f46ca396974268b1f9f6eae84b1c1,7987616,fcafc2759e20d877420a90aecc2ddeedd836d4d2ebf2cfb1275d1cbf237978a5,1757658148,merged_mining_header_match,,ce7864a8b5bf360b01099502a163810cec845d4a,a4b084b417dcfe0547b20c252adc980be962daef8e57294bd90742180079e1a0,1,0,7987617,d0bf01bf61b328cc56171792ffcdb5d719da791b8d4747e5ffed3a747bc21ac86cadc588ecf18313df21db7d829e06724be440b41b69fadb22ba1183d5662f22800eef263d8de0b1bf15d08835896b15d9e3b65085d3a684547e78c21ec522d98754336475e6a09ae1a6b80df5247ac08c261d95ef5ec3fd87dc7df5b371491e56153f295c492e45829c40fd5c3b0cf3e36a3751f7b1ebc5ac9ef57e9f3df54076ffb10cfb9e4eaf64267f0711a80f972d183ceb2deb0bd1ef04bda7645ae942f1ea4fe73f644e261afc128dc01856df6cd4e1b10b4c42bb4e8b9fe82b0da7177e5b7fee5263bf396fe4d408527bd586fbcf05f6d29daab4404e2cff114acfa8279ec501a1e5620faa7103a29f687b95097ec06bd2e4c4470a18fde87fdd1c35c329360466d9b89a6cc5ff78c2552e1937faf5bb40aeb57253f404713943347671057c6ce14110c44a146661b73ba974ffabc144c89bdf651ed7dc80dd74fcaa4b03cc6a6f52119317db8db330c84dd9ba6c59770fd5090d8e3f92fcb000678990f74da2bc307a8568480309ce887caa8713146591ba01cba8bba9de71975cab,0000000000000100b3335841cf1db53483e6348397c6803ce75212c5773940c8c34fbb1770e87a062429db23696291f2c038e6d18fda214e5b9f350ffc7b6cf3058b9026e76500000000000000002b6a2952534b424c4f434b3aa4b084b417dcfe0547b20c252adc980be962daef8e57294bd90742180079e1a000000000
rsk,0000000000000000000122a9c97762f507cc57df067f07b826ab0a81cb4e787f,7987669,c85bb10a13e37129300880976aa625b6ba55d23af534ed1cb9cfe930279fc979,1757659444,merged_mining_header_match,,ce7864a8b5bf360b01099502a163810cec845d4a,da2c3fef19379747b7ef9490706ebcbfe02796ff6a8e57294bd907140079e1d5,1,0,7987671,a22378324bd69dc5b79597f8a31aae20922ee354885bd555eeb82bf0bf8f2e2e6c376dfecd96a5e1276c116b815dbd36fbda927b1e676dc300c8e89fa2c7140bbcf862326d80247910d23a276c3b8d251093cd590a18bfd84a5858cd6a433d4cd1908487ebb08b16726c8a35bccb9ecba270527340a8556b8ba034f9ef26a00a5094de79398a545d825560df14a3c3c7922d6e14173727d9409084eb28e105dcdeef723838bcaf31dab3dd23af29ad05216dc9c61b43bd1fb1c0cba4d9777f01b243b6db155c390ed92b1f1a344fff39e38503bf6d6b1becd1e0734e0ded772ca2fd048a9d298192713223c7c1232d43cbda1d57a6721ed1c82329a7ed95c30a22b6becea2c79e9677f76ee95defabca28620697b0b5c410df49c87d168801ee8e11d9e6e0738d84b98107e6a76635a04e3d21f102795d4713184c4bfcca583e9751d2ecf2b4b836b6a0991d927be1a780a2dd67862ccf8d77abf6a83788cd868e67732814ede8f910ae45a2f8c86e74c1da3c4769872d72df2340593a65925dd2b42a117827a77b135dcccaccec5254290a1e903a432fed6a03676bc57ece22,000000000000010075f30691cb5e8003db25b91c9b6b171e1f14538dfb758c4f63c20352ce84d9ffc5cbb769e2186bb30e56e6d18fda214e5b9f350ffc7b6cf3058b9026e76500000000000000002b6a2952534b424c4f434b3ada2c3fef19379747b7ef9490706ebcbfe02796ff6a8e57294bd907140079e1d500000000
rsk,000000000000000000016c286d182701403f8eb2e322a844a019c933ba6082cb,7987703,a216f05722a088e3cdfa83281c7331752bebe6ee799e849908970852f4266c53,1757660475,merged_mining_header_match,,ce7864a8b5bf360b01099502a163810cec845d4a,b8f91e02c43f26900e84fa8c327d2bcaaf9ecb976a8e57294bd907140079e1f7,1,0,7987705,a22378324bd69dc5b79597f8a31aae20922ee354885bd555eeb82bf0bf8f2e2e6c376dfecd96a5e1276c116b815dbd36fbda927b1e676dc300c8e89fa2c7140b4fb323f78819a518931d27987a561c6bf3f0705febe97ede87388535b4b088ba7514333d23bb69d54b2219c1fc06e599208714af684292b4503b2d23e6ffbb78f371e00f0b3fb16bc1c7c07d6de96bdc9212fc5bd310e25f74d31a37cdc7abe21b410e9fce247bfe0c594d95330b6f61241b47c0d6043ce9f2b6875ec72a5d959e7717c32d0b08eed155ec2b9ab3c4c692fc02b719407ee5d717b1d0218ff4ad01f2a0dae9af59eedb7868d5c1a80d62a30918d0dfa28a41c9802fb4215473c137234b443a1b4a5d67cc9fd888a6a15d4faca3f965d902d1a5eb364f572f1ebe032a09a9b0598b081ac2f1611777083c683954dd4918c81853553c4a7a321e46a4d7037721c2d4fe795264b7eaa02af07cd31f5324cd4033b383e3b263b6e188421c8456aaa59298b8ac8fe5d8dd973c6a3ef053799e9955d53d9ecde712632b,00000000000001001293f6c541daa2207154ff341d889fe2da82c67e9aa7cb1ac67d6daac98c43f7bdcb79979c691a8fd90de6d18fda214e5b9f350ffc7b6cf3058b9026e76500000000000000002b6a2952534b424c4f434b3ab8f91e02c43f26900e84fa8c327d2bcaaf9ecb976a8e57294bd907140079e1f700000000
rsk,0000000000000000000092003874d2b869e8b986339f5bcf8c3a03f5dddd972c,7987759,befd586c70cc48b7002dba9627812328ee059196a39d382d008c65bdbdc5d785,1757661818,merged_mining_header_match,,ce7864a8b5bf360b01099502a163810cec845d4a,6f8e73a0ed0cee619b7673be1f74089eda58ead9c76a8e57294bd9120079e22f,0,,,1f1fc3eca0ac88a17c3dcf58e9f4ad7234afed0257a445d1be47c2cd32e254b0d6ec72f1f53df3ad62ca767922f48ef6cc0e7b853d3cb25849c18b9b64806d41361381eba6413308c1526a148e9216a02648ed338f2049a209fa285c38a6fe5550cefcaa9f518734e46e9b29125a5755c1ec1d8cbd58073170734cf34041d4a78a79f832304aa9c52e4492384fb9e22d3eec60e2ea592b21a2431f2dc3e0055a4a8b5f17c9321e3f947e2db16f23a0e99afffd99859f115d2dbb7973a08cf10b659e914fc746ed66a7c85f6007eb8c1fad29506e71c7f87d0fa49a3032d7a2d1db4b0e5be6dcf52f3c0e6c4bb98180bda0dcdf7f9feef46805eab5752b4e9f7d88dab8b4a82d3d2253aad979d10a596eac2ec351aae41554b719df1734278783820fe6eda600db9df843fd66b95d361ea03b7a46b730ead4336f0c9e393be268c9970c870246c525a66dd1bba15044a303d5b8e5553db4f73fabcc9a9bf8e88643cf04d96df6e0c2c70d29bae98cee930900e5f4db2b8519c82fd8f665e376fc,0000000000000100a3dbdbb41faf3753a8f2a213952c85f5382a1f7e4636376323889e02870589e02f5820ea81ff7ab5c85ae6d18fda214e5b9f350ffc7b6cf3058b9026e76500000000000000002b6a2952534b424c4f434b3a6f8e73a0ed0cee619b7673be1f74089eda58ead9c76a8e57294bd9120079e22f00000000
rsk,00000000000000000000ba485fa4bbba0416890572ff6b5853cdc24e92d7434f,7987912,45b485e90ea7a46f13b31e2abbac1ff0d0d576fbf9c18ee3b3d6d221e518c280,1757665701,merged_mining_header_match,,ce7864a8b5bf360b01099502a163810cec845d4a,ac55d1e61c39c913a07be719518a94b1c867895fe49c75c76a8e57150079e2c8,1,3,7987915,e2fd2d4b5bd9d2e3204a4d437c346243af09d1a304463f4b231b096bfc981cac169b6633d17f346a683aafb837a82026d39fe8fbeb4112aa67cb670550810c7f74ea460d3ecc29ae9697c5787482361be482d91d5a1dbc02bd0ce88aa83c0b44d02ffaf90791040b31c3d5fe30f7209d32509c320c72893464596252b53555455e59d35546fbb84c7aa6926bda28ca308b3f038f737f9778d76de57c0dd92fc0a1a83b6a3b6406bc27bd9a241590ab5cfdcabf1e4d8739c48ba71e9c2f5c3cbefd559808285712c61cd0c3dadba60a0865c95aed9b3f32c043ec5e0c15f5f495a5edd2d8e3efe538b5e92647fa49f6a354c739ab8bdc26a6230973ae5cc4f36656f52d9c4eded4a9bd0f330c0e29d3aa239052440270a923235bfcc25c66b4c9daca22065b94b28e993602aeb26aaf3950c336a63d6285c8cd95b24ab745c4ce40a6d045d76a4061fa91f67a0d37ed4cc073b2a85f5bfc4cf1258c175f0ca20880dd22215a584f47d323c59e2ae68a8ca794ec5f4959ccf9a7fd6743ae80db9066991cb68fafbc3b510f64d9faa7bb1c42561f730dc0bdd9553282b15713b279,00000000000001006167c00ef23e8e7d2895f00bdaa5ab5b2d0dd258900072e0ac6ce0e894b2d9fb2f5820ea81ff7ab5c85ae6d18fda214e5b9f350ffc7b6cf3058b9026e76500000000000000002b6a2952534b424c4f434b3aac55d1e61c39c913a07be719518a94b1c867895fe49c75c76a8e57150079e2c800000000
rsk,0000000000000000000075bdcb14ab9b07e87c6c5a43addb81ff6dd74c14d16e,7987993,8daf19d7d2574b07680dec78337f45de75dee197e24ad9742c5f452ae54e7ec5,1757667664,merged_mining_header_match,,ce7864a8b5bf360b01099502a163810cec845d4a,734f0bd79fc3acef2d5e6dd8935f511b2bdb019291e49c75c76a8e110079e319,0,,,f3b0400efd0f4aad86fed7899cc16cc10007acb48fca0b180dd1cd26918572a2d8695617b7bdb16c895cc6ca78f3417c46fa0f2590abcf62ae119eec8341fab56451e141ce529c1110c9017138184d40ebaa084cbd89ce367c02c69141bc9fd1329b7dd87c381a2f456b8bf6a092bebadb844165b0417be7fe8bf63a6f8d85dcc2d5de536ed2d4db50871e19d33899e027bec06ddf7baab4ac4f68159a4f9e9eb368315b06a52b6c55890c23cd41c819216cd91ee9f6ca468324b8212f3e5489ac70b6fd478d4ca01dc1371cb6d9b52ff6acc66ef03c2953e836d39f7272ca25367c2bf0b694705ff2eec20ff8a3ef736d8c4455d32d756f979bea7ad02c4b46ff5835583dcaa28264d3a85970e1f3b6f61fee3a697e4c83f29ae7df02692a33cd95a70903836625e23307f49290a335900c73f4b967d5f52159dfe082c7406729f02a6fca8398c37e3b462e721e827eb37c70ee75614d3cee78f92cf9e9c02e2a2821e66b5564b29ff11196ff3a30dec7e322d9610d3a63e75b6935d8eea375,00000000000001008eaea0a0241533e8e43c99dfb3599f7508e29e771c333830506a695b9336a26dbdcb79979c691a8fd90de6d18fda214e5b9f350ffc7b6cf3058b9026e76500000000000000002b6a2952534b424c4f434b3a734f0bd79fc3acef2d5e6dd8935f511b2bdb019291e49c75c76a8e110079e31900000000
rsk,000000000000000000020806ba231682bab800c757366c169b2e17259a5e3aaf,7988021,9aae33d820150cceebfb4e8ed70cfae3798bf5270a816a063d86c673a9153743,1757668264,merged_mining_header_match,,ce7864a8b5bf360b01099502a163810cec845d4a,f30ac1bc90bea6a47b23871de22601f9a2524fc191e49c75c76a8e150079e335,1,0,7988023,38b417810bc2665eadfc4710996f8b5f4f022d611e0f4e4aee468a329ca0733e0de20f8f384e38f2e4083bcf50316d25a83e0fce216bd090a00e29798df4997757959e3765d2c6dc05c0921bbf5d1fa1c49b6e83c937c432bdea7ef7e5076fee37d5038c36d595c163dd3c9282ac8a7bb0b447a1b6b859b8a8d2d5e7bc188376aea7f1204e5b43812555ded8906c72201ad810df2caf21ca3bbdf53f13f590ac1bd7ed2139d4e0e81639af5cc1a909f222065fb79e641b7a71cd24f433ed1d80ee3b7b837d03e597a04c759cc9d8bc9035b8fdc77554e7113db4ff6ea9d7a15cb4a56112335dc79b28123f7fdd12e200b9432ca6ad1478ef93f534425d1391706c442fe7b7977e14ebc1b2b66b924f9f691e3e6a8122bcbbc544cb36d746c640d73611bd4bae21d9d32c4b668b9020cdcfb4ccf197964b592ddd3f93ecd38a5fc7b8927264c4ae63b81817d411d90a6fc55dc228a86a802178670e595c6d3aee989cdd95249f1a398ec8b813ab3f64b53da2511bf1fd70ba986eaf0e14811ab1,0000000000000100130c2f9d355333a548954dabc93ce7f2b22818f912b429b2df22a77eeb7bab2901ad67ad0f32129ab431e6d18fda214e5b9f350ffc7b6cf3058b9026e76500000000000000002b6a2952534b424c4f434b3af30ac1bc90bea6a47b23871de22601f9a2524fc191e49c75c76a8e150079e33500000000
rsk,0000000000000000000135a4e20e4402f5f3b5798b2d49ec9f51614feb224c93,7988212,a6ded638e6737b1350c98721cce8ab40ae35d0fc7e4c3ff70795c7dad999b96c,1757673279,merged_mining_header_match,,ce7864a8b5bf360b01099502a163810cec845d4a,9d6ef464ac85e08c1e87fc7fdcb7d37c36408156db514891e49c75140079e3f4,1,0,7988214,4e04495d39e16208d8da38975e10ae4f0f565cf82fa1a8dd831aa8a24326d0bcf0a380fbe35c47271684b74b9316074cafb541421839c28ce69f2d3e10a1c31faa96155c9ff0619ef750c61e8213c1e4bdebcb0c9d902db0471cbeeb8f08896de3c96840a2eb6b8b49b03db92b61eb0a865e60b7838d9db05c7bea988e2897602c7f9a9eb76aca2d8fa88159f5b3052b703fda8cd00bcbe54caab773756b53cc653e4669f222f3b96f5367fe1c0261d9d7f97841f636da83b092bc622ee7180aa7f934cccf995930e64b4ca2ec160e8c812443bde48f1dae9843ef543a864de815f914451883983867cbd5da36146f89ed084501e6df9dd15878a83b90658e478991ec2de62a1ab0a178bd2777c2cc8672f7acb738e30ff298420e27dda454463355142b2c3324a3298fe83214c56686ed0b01dc3223f40936d6fffb4a7ed343f7d7ecfba2373f18008a6941a31f0ad96361c2828183497a6a39e6916173a2ed6738d37f7649906d14c3523e13bacae67ce65a69de0c3438dc12ccdf5b46dc9b,0000000000000100212bbdd5f8ef5edf50286fc27ba68dcaf107ef25c86fc2ccf485a80a7e8f0b91bdcb79979c691a8fd90de6d18fda214e5b9f350ffc7b6cf3058b9026e76500000000000000002b6a2952534b424c4f434b3a9d6ef464ac85e08c1e87fc7fdcb7d37c36408156db514891e49c75140079e3f400000000
rsk,00000000000000000001c7664aeb6f4ce7f29e3f799eb3aafb924255d6643573,7988411,a3fc61c61713b4e88bd8263ef80088620d320716bb6c9661730c0785d4b107e9,1757677938,merged_mining_header_match,,ce7864a8b5bf360b01099502a163810cec845d4a,0b4b73833d8d10846a48bc96d425aeeeb7056598ade0eadb514891120079e4bb,1,0,7988413,a4146752e592ddaa461690662e2d2df48426a86221cd35d5e5e69b7a907a14fd2d0b68aabd84590017b5cdb0cfac08234c1e6958adf9e6ca79aa8a84d9bc322cf6fc87a19795698db84602e13a5a9df8b48aa807b733ba3f3c7fe0893f7699152e66af6eb5cfbcb477de101b960880fa68e8ea99d84afe816334f046e9ba806464582eb50d5c6dab3f17edbcca0e95ca025399f5f2fc1ebd395f9d26fecea455ee3bd571c15244690687b499958b4c38eca6c57d127b0a1a5818ff743537c21335f72d50f36cc4b46f2cfd1c90ad402c4e1d9ec706c2b5127145f8fd81d4f48f1505411933b1d4dc23dc7da4936bfc98398ed9956bb16cea751bb4f1fa177e15ff22d20e38b68ed830d3f803fabeb5c09bfb1f8e0205ec9d95a97be18ec3e38b80d7ce0e9dffe20b62eaa030dd5076fce295d9db4bb90515dd261de9e8023331f74de8b86e90377c564eb8d8cd1cc818012e49a14a489a5801d5612405ccc97971973cb86970df9adb4c73e934f92015a3627d14792dddc8e130e73ced04e009,0000000000000100c3e9f77835e367c6e6c1b56a27ef7208e388887920f0b3ff2fa24824ec6462d2eabce631c7dff92c947ae6d18fda214e5b9f350ffc7b6cf3058b9026e76500000000000000002b6a2952534b424c4f434b3a0b4b73833d8d10846a48bc96d425aeeeb7056598ade0eadb514891120079e4bb00000000
rsk,0000000000000000000170e712b2da3ba73fb618753fc44d0e4b6b1db3e3fc4b,7988446,6313b4be89cc0f2593b00838203a525163ff9b2588d197689cef5a818ed69f67,1757678728,merged_mining_header_match,,ce7864a8b5bf360b01099502a163810cec845d4a,b8cd324bc76909044815ec24b5047a840931d451c7ade0eadb5148140079e4de,1,0,7988448,1dcd2e6bff0c100f0c0ea416f2c6a02703cba3dab59237ca91cbb4c6e300b8016aabdb54b6ac862345404c20a3fe2142f0dceeb1ac6523edaeff129b420396e7da437f92a5a75baddca7b6d3662a78e4ccbff8d086b89c50ae5c77cd73788ce8be56c2bf6136bcce8712d2055d4923a62f42604d10c05deb416ac3af4713631a5cea42679b95e21264f4b59df14ca874ce0124d7155523d09f273bfb7409dc5c03a988221a3084883aac41a5763875fa1409010c9a5312d6e8c5a2af19818dd5fff8d7f1239527d126937f7eefc31795ee22a4ec3ab2cf5d8852f877894cdae6ec222f6ef797e556a0483c6b4ef6a4d85d1f3951078cb7dbc6fe4c4082892b86beecb00018053c93783a114ecc3c82c02f2d52c03d1dd9724b4142f4c001615759e53ef6c570c06a380e4013b0578f5bdd4e7cdc6ecdf27ef92e7c1d995edcf59bb3f854557d386f4d8b5fe739977f00d5e7dd860268a4d20ad2e5bd254ca5e42d86bc337af1fc6f563efc9b4102ae8648726e3901af43eece8ce7cabb7034a0,0000000000000100b9dac3183770b45775ccdec091ec371dabe5b8f97aa263d8aa7e691e4ab3ac5ed857727f2d6aff4c71f3e6d18fda214e5b9f350ffc7b6cf3058b9026e76500000000000000002b6a2952534b424c4f434b3ab8cd324bc76909044815ec24b5047a840931d451c7ade0eadb5148140079e4de00000000
rsk,0000000000000000000098d9f82cd465d4a1e55fabb659d1df2464648f796777,7988463,72440186c3f36ae1b61a8bda4c412205e88aec5ba8af72546ffbb649b07db936,1757679218,merged_mining_header_match,,ce7864a8b5bf360b01099502a163810cec845d4a,9f6c0b374614db9960198f04c1441951585bca9bc7ade0eadb5148150079e4ef,1,0,7988465,8bdef471840c06c74b1a626cba0022cc5dce60255ff080cf6fcebe2d1c160ca8849f947a86eb171e0997df6098ee5ea1e562ce0e4074828d1a2ba17bf416a08e8498903697a5916e9fccd7a8cf66d2f7d71a8d1d8c910565db2fbe2c91a05a788422592226bd91ecec9de857508d7dcba5429cc170370a47428c41b45bcedd4e0b599e4c4b63031d0607b0b8e47fb1de23883bbff9ea3185bb7d6cd2aba1fc6489e0eefe0e840a0d670998240827b14adaab8b846d888658a723af6ff226c94d1442a4994af1bbf02c6ca6cee409fc8390dde03413c61f13233e59751d555e7e94223a44991ce62affb3c8f534f1b15fe60f527fc89cc181647a59b89559304c319ed5d6094a39d2a94395e9139210610942721e2dd3dc04540d99275387b2567d0b39e26d13030b65605db08359a35170413bd7c1c6a89b8c2e5e1329a7c4f8e02e0e54c6944a0ddc89598283deb6f902fd50b8a170f2942f1323fb088b8c799a329a1206c3fe058f0c866d914522e3f06dcbbdf491a9441b6e4489c55480b2,00000000000001006caba7441514ae140e734ac40c5d9953d12f25b72faf481b0c962a42a128da18eabce631c7dff92c947ae6d18fda214e5b9f350ffc7b6cf3058b9026e76500000000000000002b6a2952534b424c4f434b3a9f6c0b374614db9960198f04c1441951585bca9bc7ade0eadb5148150079e4ef00000000
rsk,000000000000000000013cad1d0d9a4d168c0b2dbae847fa8a2c3ba0704252c0,7988663,1e47a68135dad95b5cbf20123117c21a7ed167d8bd2da841421af204935a77e9,1757684125,merged_mining_header_match,,ce7864a8b5bf360b01099502a163810cec845d4a,da889a39570b006f1069c7da0aa7cdeff14f294b98bb72c7ade0ea1c0079e5b7,1,0,7988666,37bdec177a515a192e93e8213a3f2bb97ffea2f256214bd30d848d9097b8a9bf90feaed29cf1896fda10590ef21383725c14ff390e8550bd5be274281b905f9f9cda6f856356439685d5cac48d5a97e6764eb056926deda7644d686ce473b9fbc65f33bd3c0151cd760d2450f5a289aac57617302771c1db67b2f21946db52827d5301010fcb0e373cc8f29a593a2a555a6c757178cdc630d0e40a701ad29d0ce283ad31e2a23c87fc3afff04e98232594d775552d319a259de4b687bb6c5fee46f872c0b4700fd100a7bd5928f9b1de8b85bcd50a5f0007dae1286ed27b4bd892161ca80b96571dd8d1fc75f7b6157d73b6f84f2603bfa26d2a42b7ceb42456191f877b085e830310bedb9d636d8ad318b0316571d5b66425cf5b7e45f54d6fb6ad2547f3d182e2c5a8689e5505d4ec1197da8f640e60672cdf8a2e18b3e45f0baa8a75f2ac7f6fea9d302d6ddf070f860d83aeba2494990fc1214c8fcc692cf5b8271ac1c48182a31f38fa2f36ce0d75d723b2883791b1dec4cf266705fcd5,00000000000001007d26355b25b3c7ee8d5b6378d4f6fbc322752d28af5e1b45bddf41f9d270fbf4eabce631c7dff92c947ae6d18fda214e5b9f350ffc7b6cf3058b9026e76500000000000000002b6a2952534b424c4f434b3ada889a39570b006f1069c7da0aa7cdeff14f294b98bb72c7ade0ea1c0079e5b700000000
rsk,00000000000000000000a4a5644ce7e315feeeb1c586903c077993bb5f7825a2,7988708,c1d2b166ccc3185fe97e74c55a5a8e57661b07e682282e95a85c598e6985deae,1757685479,merged_mining_header_match,,ce7864a8b5bf360b01099502a163810cec845d4a,fcf2ad5c9bc0d436efeb9b4f2b25da5c1251e019fd98bb72c7ade0160079e5e4,1,1,7988710,724ab6b81999fed848ead25653a65278d7cbde674e55686dd6dc5aed6daac87b1157b8759b208bfd8a328989b2d84a28fab99b7828969091a436644583490c84bf2fc914ad2bf9676d91c41f7e1b3c00914ac2e4954221a4e71c3bac41fc054ff4b5c681b7144cc8ded704c02805f239ba0cd8326cfd9edbc6697783583456cd5749ffac4738363e8ecafb951462c76563e122c499f63708fbc93b25acad2bfae8d4474ed78822274bb5f005c3c85a9b43bd02fdded524e6d83712ceef0f8cb1bfaf41e941d95808344dc18284a00931551d512bb880c293a0779af06ed46adcfa5bceaeffded284bcd0da2f32809b7da945e4962040ed7721fabf43bc94b96f61013c617d4a339bc8f9b11b92a63eb304a64a99c42e0ce51e449bea615bf7b322574f1f6ac36ca68d58d67cb095a41a3dec5392aef411fbd90625b1c0e593153fffa7ed7ceea2c0641e4b6e83c1b245f8a79636591ec553ea9b928b9ad5df3cc2ad212501c598ed31f5abb5d6eca6b1bc4dbba3773cbd1204c663d6460dfe9b,0000000000000100c69843bc1b8be443ab7505a3f0180bc8e13d29cba1dc7c798405edf90101589d2429db23696291f2c038e6d18fda214e5b9f350ffc7b6cf3058b9026e76500000000000000002b6a2952534b424c4f434b3afcf2ad5c9bc0d436efeb9b4f2b25da5c1251e019fd98bb72c7ade0160079e5e400000000
rsk,00000000000000000000da93111cbcb0c7cf9f9f55d592494aee2507fd84f755,8050967,8345622f1111173832bef54bd52afe12659dce6c597e8491bfbe8ca5f38bae00,1759238695,merged_mining_header_match,,0fd9b9b567a459c6c9645ab0847785aef13dfe1b,cc8e385bef5bff421cba04162b3f546dc3a586a27505ef23d0cb3e14007ad917,1,0,8050972,ee80eaccf31706ee0d677f3c62055208bd923328e9de127b52a7d569459fb048a47e994d9445bc67d6fe689de33018ad4d6633ada7d99bbcfa7a74978c836f9e5dfc5acd44e59e804d819b5886510fdb41abc6510a5ed0764c66bfb8f3c645b0a73946dc457380b528c83b5bc362c5ab0a8285e9d7813d673a6f76912d277f22e6cd6106261d6bad9e32af2ec2372b8a99a55b23ad49fdef61e8bad16e3ba75c944c7e56b1fb3cb65e9520c6aae34383c06da443eca110e903b6a358b5d4b57d0107271d5813add0010652cbe327790810c314cae3be8ad65093719135b8488354f2c27a47f5f855affcaba8d74ebf60e3106103dcf92ce75511421d17a83a87b17ebe4f426e59e937644aca00ac17ff39045f4fd1a28e71d044205f327fa32dc48aa99eb95e5721d6bc840ab3a79b7d5eded892c76514472af521fff7e2c4d07e10d1ec11524a306c212d421a7cc5cd68dbff64952f30cf2f5455fb08fc17b57e536c89159dff0833c55fb83535574ec7c030b17aa4a20172ed483f96df1d1e,0000000000000100b31b8f6843f881fa79e5f698346e1fadd5efbd05ade4c39fec7394f8558aa76a7d344e1a42fdb272bb15d6210000000000000000126a10455853415401120f080304111f12001300000000000000002b6a2952534b424c4f434b3acc8e385bef5bff421cba04162b3f546dc3a586a27505ef23d0cb3e14007ad9170000000000000000296a277379733276cdd93889cd9b293104fe12f340dc21ec81673bd484bf1cab3ff759975fa89432200000000000
rsk,00000000000000000001c00858518e76172820d693a190fdb290ceb011a999be,8061064,d4fcc0d89c674a260c5bff1b45347a3f2991fd31ffb58c8c74e96debe71fca88,1759489047,merged_mining_header_match,,4e5dabc28e4a0f5e5b19fcb56b28c5a1989352c1,13082e8ca8859e1d39c35f90de3c174b0a94a74da5eca81c1ec1f316007b0088,1,0,8061066,952a57fa55a0b4dee171ebf1336fc1642deeda571966798b50cc2f162f713e801536869fcd919e190592c352083645a550f06d1e39d3d528bb233d24b230746307bf8989822bbcba7bf0a7910f1411952df484ae1f62f94c2ecea795afbd4a0413f1d96ec92203c09a73cf41091513b11cae08f59dcc58b21857afe21ff315bf9323329aef75d125a865e152b9139de05175037a81ea8b7be086807685c645ae02abf638b1df1718e7982d96c25d1350ff2d708b3d37647ad3249cff6c1be5a7401374d8c29218fca4a333230fe3987c35a26d7a45f6763efc8eba5843b9f650076a963c2dc65959153f7193663f5476621a1d026ddafa428795a97a074fd9e05c4131e465c22d9d561d0806fcc6414cdc2a2f54cfd90927b451366576a7e3a60e116d5ab2139b0c7d316e162a169998f1c6fc3dda8caaaa775241961b08b3e6b92f8bd41d65d0d9cff3477e53c65903306c2b12c9abcbf7cc5500508d6a3e44a1dec3fd06e2c60ee02cad983acac5520884ef8b59c179ec4df0d1c1d3afcfeb3742bc5f262d6526c2f98a155f83a0d59c649585dcc1150397020fe34a627605,0000000000000140681669fd6825a5cd7eb065aabb8c9ab1cdd852908a4b9153511110aa8f8d1fe993b17a212f6813f3128428be7222d70639200000000000000000002b6a2952534b424c4f434b3a13082e8ca8859e1d39c35f90de3c174b0a94a74da5eca81c1ec1f316007b008800000000
rsk,0000000000000000000076ad6d232e239fd76cedf54b4204f5e28e1a51f4b27f,8090132,fd4bb3d3c268fb988f8e2a6b8c05f8c082ff42425b0bae758d8976694e37b84a,1760217684,merged_mining_header_match,,ce7864a8b5bf360b01099502a163810cec845d4a,a752781ec581180ea7be4804f4d65accc2a369e25c0a081559066715007b7214,0,,,4b29658d39468065449c9e54cadf1306217c5448e232f868387ef950ffd603fcf8ab040102d35639b610771504829658054eefb4c42ea5b993e7a94885fbef756bca87602c04b66d469deab930d62ed9a774c518f2d96a3fc12aab9a1ff96d4fa9fc113b2b3f668db188223a5b44e1f1432d4f7201eb831f94885f312265492d07e876d8b984fdaa04410907167c3c510d1f9cbc4c3d0eb6642912d6dfe004ae1f41ef17b6a80b8133f3acac44ad0baac2637d8dd5c6fb5fff37f041a850b9b9668a20047448efec45ca2359f658705b43a7734f2ef22dbaca3f00c3eb8007c7814ac9d7ccff8f39f04883ef88d40cabbd0667b73e0003f5ef2f3723c107e14772426a2fc84c12f56655277858b461ea9f5863c3756a65a2e0cef2c3a12942b371c4490553eb961f375c6b448b1274214df54070ff7228d8def7371c5fc48c8b5f43a3ba7aa6ab943b5f565ee6d84c581ddb22ce14f3c6f10c34ab10c0a9aac4bc5b3467cce9caaec2a96996cd73d85fff814fd528fce5f86e121c706d40a24d,00000000000001004882532b19828a3080eb483e0081d60468991a5c9d5bf269202bcf2be4c6d3c401ad67ad0f32129ab431e6d18fda214e5b9f350ffc7b6cf3058b9026e76500000000000000002b6a2952534b424c4f434b3aa752781ec581180ea7be4804f4d65accc2a369e25c0a081559066715007b721400000000
rsk,000000000000000000010ce6f68b556b016057c0459abf1693475d830bba7402,8098940,b1493d243f95f1c6f4f5431a51d630a49b16ba07eb185666bce51c2725cc4aa8,1760438545,merged_mining_header_match,,ce7864a8b5bf360b01099502a163810cec845d4a,9649a0e21f56f6b35c0c0d012e5d33c1aaa7706af5fee4cba6a00e0f007b947c,1,0,8098942,a182e27eb3c17b4b8249f6cfeaf973ed6b69530c69360aed2e282dbada8f672f4052083e5c5a8516d79abdd52b2e29b954816dc599b7e4a1c25d6458f0785de1cef78ec5dca0e7f3a7432768ff705b4cd1edfa55d3d1c6c1a23623ce93a7d9c070c29d3d408b19b97ac86aa308e89770b4e274d1c0da0085cf32a8e36bbf21e615080d5dfab102587eb3d4cc5071d08eb948ff3ab71ad195283185aa5ee6212d825ff231710870b30ff6c27b3f99af0b6fb211f2412d6203ddbe72a5351755784373bb290b07130e6aeb426a5975e10b8a8be3717d94d1e06bc7f8e84ac22e8729486394a078d62504929ae99954d77dec3411345efa6f19be15d6ede06d2838dafa61ac2f0ac44fa8ceb48108f44b21c530da45af07199f8556f76f5572a54f54bf68927f3e72c7d4cef021e75c036a8cc4e20389725fef3bf978cd7299393cc8bde5e467bbd28388759fbebbb1b21504c98d8c880038fffb81d82306e79fdb9753a310cb95ffaa6452a10fe5f9d52099e4cd88ad15b4647726577a1486d815b9be0bd10f56446edc513f438ffe2a9e82dcadf74f9e43494c9ca9a40d8aa2e6,0000000000000100a7c670dd46cf54cc4e45d606f123fe0f0752c0909b87fb4e064a4b93d85c9cd9d857727f2d6aff4c71f3e6d18fda214e5b9f350ffc7b6cf3058b9026e76500000000000000002b6a2952534b424c4f434b3a9649a0e21f56f6b35c0c0d012e5d33c1aaa7706af5fee4cba6a00e0f007b947c00000000
rsk,00000000000000000000e913a4d8ffd03f1f71bac13a9f45fc63bd2e67f17369,8125851,2b81304676b53dd7e9bb3022fe09f6d7be00bbc7c41da5033d1898108ba1c79c,1761112599,merged_mining_header_match,,ce7864a8b5bf360b01099502a163810cec845d4a,67552cafabe9026d319c0117e597764073633de2844dda772d84b611007bfd9b,1,1,8125855,b721d79b3a3de3e31a2ab039a7ffc60e14296678e2ce0efbfc0c33aa95f06a23c8eee7ecb2da12ed0b361fad06854e02a43120c0779edeef6b5faaca9c0c4f0cdfe764330f9d57e507cbaefa3995320e1187e5d2030fffdc155d03390d3de2397ac50f45dfc8bee24f63604149d1e1a347bc19d755f191a4fa7a41bd26b651ce3b79d51e76998c1cddac288f972a4f2bbc395ed171c68ab27aaf824bb4b2ceee8e1bbaebcd7d9893f329f9c3a535183979a781e7cda15e13908e2b12ad98a3eb0ba8ae401484477f037eecfe685440421d73ad41aba947ee1f84bc4829b49eaea8d4defb1004bb532e474f2fe2ad3f52986c9597f1da15bb3a919e83fc23b07f08a063b55c553d4f325d5b11386e92df1bf012dc249f93a00cda060b24e07bdb98fec27cbb0d26a8c0c382913830153804930b5c6819a337b445e6cc7ddd3cda437cbe74cbe404174b493594340a32d2a07bd8a523d7230a6ac9f22f1bd034dc011a972f648f588e278bf1531fb661e4b76173a168ff9362e464ee3d9c9bd83e8aa55cabf749d2d9db755403928af954f344dc5be4aaa6f92baf18ee9ef1ecac,0000000000000100dd1d4e3852d8ad8a1adab0b1b25850041041ff61a56866ddc5b74b68a88062d901ad67ad0f32129ab431e6d18fda214e5b9f350ffc7b6cf3058b9026e76500000000000000002b6a2952534b424c4f434b3a67552cafabe9026d319c0117e597764073633de2844dda772d84b611007bfd9b00000000
rsk,000000000000000000016041b632a4e06b41d2e80c54703d6b755019171444de,8140142,d9895e8ecd43ca1318922c07ac639d62fcaffb439efa642f363e56ce004610b9,1761468840,merged_mining_header_match,,ce7864a8b5bf360b01099502a163810cec845d4a,d860c4fe642dd1c3ec87efe55c8594c51039bae13773e8afcf56d215007c356e,1,0,8140144,d77da61eb321720bc2059a75ca5f3b5daf1b19925bb092b56373a2fdcbff30a3b6ba463533a35183ccd21bd07506a5fadc22c1457caca6276718670030722e03b303fe6e40cef795f05d3945eb4f95edb597e92a3fae2cf8039eb7f2fb8545d476fda0e26681aeb05d6edc12fbb0178efeafcd4d1703631ceac4abcee16cb2c28cb59064a597827bd97fd8af60f1d68162bf0e99cab442771b6d6eddd7db11b03ac5f4da3a18a0141026a06747cebcdc1966bafa63180bc6924262f88193b78d520d57fa682a33ee210160d37584a6f9d11a601954b50ffaa489f96a2b7368aa3ecea18e084f03001a100061fdba4c4e675f0ee29d4e57dd4651e6b18825ce17aeddb4e62dd7a21a20c7fd689eadbaed29241940f6f6d7898682c842ec90dbdc9f1f58e0d5ce4383fff9c94e337bec81296418dd452b84eceb05c210f2075defbe7649db21e8b427d9007713ce0829b157aac8409aae4c765fac3c46b6df7907c5ada790d52477f04f9dabc6055c705f60f23f9b90fd2e7037499f9442c9c3d46ba19470389c38a604a1f6cfe991f8e73a9ad1e3c47bb1614f5f009d094faebb,0000000000000100144a3f04ed82b350306f3dd635457e79666cf84dfbe00df8d8b09dfddb7f33bed857727f2d6aff4c71f3e6d18fda214e5b9f350ffc7b6cf3058b9026e76500000000000000002b6a2952534b424c4f434b3ad860c4fe642dd1c3ec87efe55c8594c51039bae13773e8afcf56d215007c356e00000000
rsk,00000000000000000000bccb5f64ade927a8654956913a9e17adaf301f5e74ba,8149310,8f8e9832af6cc83f17f713d96c7e9a90dbc45df9533e7e33bc3a9cb39dc4ba98,1761698126,merged_mining_header_match,,ce7864a8b5bf360b01099502a163810cec845d4a,2dcacf3a32544123e1a5a22b312f0a0b48586cb9d5d602663751e616007c593e,1,1,8149312,18ab29df3c801d056e8b739ff5812d62e604964d448cc32713aa6fc1e7ad8693babc632b1edfbfa39b6efe36a4425ac64c13f9abd7f1a9d1cf98909dfb5e8787eb4b803b0ef932abecd7a6cce185709fad671226242e7a7c04bab2508a7054d34aaee213764793309d305f8c6d638efc3b4e3e1f25896b23c5c8838595f554509e56668af3e6eec65fab2570f9014129ab2ee94f581a90d98cb931e56eb06613336753c38ee3516a75adb2f2cdf32879fbbfd25fa0426fe73ae175356396e87687be557f2aed0e83b17d51ad13203bf4885bddb1c4b13b53c8e4e65a1253a0b38bdfff7b90720aaba5023e914ce802e0e6d6eafa42e1c7adaf58fe4e3ef8287db6b349e2400e15ca0920b506c538caa79365f0896ee19737ffa1aeb1d74167c726bd0f0bdacc7c83949a3a17e1f2955f315660de08aec0573384643a580c261f7720cce748f7481fa47c10fd7f10828e38563856b6026fb7b0a523fcf3a640c252fb55ee0ea28cb9f9943e6682f2cec260f89b73be0fdfa6e5df344adaf62174,00000000000001000d69b98976a740942e30711d18612dc1ede583cd6f2bf49f392c8dc5442395db817a36c94733812e591ce6d18fda214e5b9f350ffc7b6cf3058b9026e76500000000000000002b6a2952534b424c4f434b3a2dcacf3a32544123e1a5a22b312f0a0b48586cb9d5d602663751e616007c593e00000000
rsk,0000000000000000000079d5bbefeca4a1fc69b3490123490725d1f5b3684976,8166690,df42c4ac5f27d409e0388cc868e11fa4cc73430ecaf7da3504ec3fda300af49d,1762134307,merged_mining_header_match,,4e5dabc28e4a0f5e5b19fcb56b28c5a1989352c1,4cece6acace2f29ff056a77f009d5beec8f706f3d08b7d8ca6d7e111007c9d22,1,0,8166692,ac38adfe3eb182205b84e87c907ad47ab0c6708e28421a237fd6208534f89f12e95f44cbfad14daff9106897418258899f818586020fac6645c8992549b8afebb7a7c89a455dd1437e59f9c3742bd92c58327011a558d7e119a8596e0c10fa84c551ff35b129961edde1c1a5984bade76fc4279b88e0db2ca7de843fb605e65291a8097218df9f0a65bb20718b02696cb8becbc588abd1962bedf713cb5b0f7437d9126b8e0c0c628b5d505bfa410cafd705c1fc4077217f51b6c19f89303673063b401a5bbe7d1bc0279f857c5debca3d544cf8d5a8f7b1d7b6a70f1effb5ccae2b3fa41eaff67733f3a8d55453d8f2e398ab49632b5b634bd0cb35da8718b934a2a7891fbe1d6e020e1ccf084341dc570e7c83b18e69213b3a489fea42120231fa31a166d0a8c76641aa28fa5edb2ee9fef013b267d698c2269e4a8f4ff7c1dbec98305fde50bb4ccbd70a83c2ede51f226a06914ad1aba4f6267a7ec615aacbbaf82f0ab2edc2160fcadc3de534d0da633076ba747f512169f00914874ab3e6d115f2215e3cb0b2872fac016129c194274a9483b8c72b01fa2d36f498ae87,0000000000000180eca80c27ebb636af258ad115a6a0370afa835182b57befdef614143b5fce137400000000002b6a2952534b424c4f434b3a4cece6acace2f29ff056a77f009d5beec8f706f3d08b7d8ca6d7e111007c9d2200000000
rsk,00000000000000000000dd01ce16d1df19646a0533ed9b5ba69a576585790c4f,8194209,04e882615c055469846976c54d57142cad598cfa3239dad7b342cd64b3757cb6,1762818201,merged_mining_header_match,,93293a100338f54242f05652e137a52e0acdccf0,350b8d7a5c658469e67ca0c548799b41bfcfdcc933935c91f890b317007d08a1,1,1,8194212,757dbb16b22085e1713b20146726e703e2c997b1af2cbfc5fa3fda3a999f02154fd8e525e3bd051bbd0ef17bf550204df710fad0df968342a27868b91e7938bba70ae2373e92d8b04edc62f49d64161103fc80456a29f2dda560a3c95f6b0c530e78c24e02ee30cc273a6f9e0ffd0b37092e67a55e62761ab9d7b9d052e001af829ef8bb47f216daca27be5120d52f849aa1932145f3c7cde45778179159bc7d5c14a69d0de7ddbdff74111269f8ca13a30709e06dd56b394b78729ff8ef2d43bbd7cdd5b7f38ff046823c188726fdf7420a34c0768a50d04e55bb4c0a71eb3197a2a612a313b7491079a6bb3a0178daf4940fda3c1bdb7f42b9647fffe0e39f10cc59cb2ab14409e923a9aa66371e9d4de2cab44c40a950b687a5b681a37416538d6ce07ec7fb9952dc971ef9b62340839ccd86935d3db219f1c5620e030329c5cc6779e390cecc7b77dcb5870cc8370817e6434b81e9eb64fe03a47027824efee8e77622b376d52c38451d35b1924b8f3c3c7972f1f927f4f3d83cd75a3c14,00000000000001403c76110f42fa0b5a656c87ba82a90f2fe8297d1394e739be2e205a7613df48cc2b6a2952534b424c4f434b3a350b8d7a5c658469e67ca0c548799b41bfcfdcc933935c91f890b317007d08a10000000000000000266a24aa21a9ed8cc61634e4eb3eae46f850eee1d08addb2329bf69b67ab8560c62e33d2d30edd00000000
rsk,0000000000000000000199dc74f0c7d25adc618618ee00db80884b347253c264,8242581,18e27cc6693f255246f21320426e0ff5a76aa02648c563a9bee5f256503912dc,1764021928,merged_mining_header_match,,4e5dabc28e4a0f5e5b19fcb56b28c5a1989352c1,86499abc17e3b29a49658ba3335e54c353242303aa457af95a50b917007dc595,1,0,8242582,48c0da97e3fbda81b90cf8a113da9544d2d4750875ea588fbd56ed2dd3ed26514c708d5744c5a8c20ee71a20ec40992a11cac3313ee7c91929069d7834957f3be90e3061633e536aa958715dca1f66ba76455cc56b81d11ec10a7a644581440072ace06fcf7388a4ff2229f49d15c5bc9fe32921a3fef8758c45039dab9bdcc16054d14185bb7b00382a85db2ee10cb11db801c432cd2ed9b6af2bcc3f1087d96c2936ceac15510a92e18ff01194b5666868d38003e78719bda447c0b37dad6af3ff3d488f11e933e36f42f8cf1606153e6b5368700793052bafdb8cdf9a8d033a1c68d4f1cbbe01e17d3089c35ceff61552e7d77d4fbad49634f8ddfb7a891751f7756cca89d375247ae5a7fe24aab9851d04331cb6c2c0c4e03e27391366c542076718512d7b22e86bd7bc380e65c7589995318d1382cbfda7e2b988d3c014f6bc9e33735836d053df3649a285e83d929aeb798c1e7740fc6552e38cad932e8d1632515ac20e4df987d0ce51c4cb7bba71345425d44801a84cc58afa5f92d2,0000000000000180478c72517cb4beb588af70fd86325618ebed317170dbba7d13eaa66e8417c949000000002b6a2952534b424c4f434b3a86499abc17e3b29a49658ba3335e54c353242303aa457af95a50b917007dc59500000000
rsk,00000000000000000000d24443bd1f55c2c571d99d79fc541f920fcc1643e974,8253001,6168a089e378858f994ff3a55d1f8e3c92d7eac26ce768751d49ed98f714b990,1764278929,merged_mining_header_match,,ce7864a8b5bf360b01099502a163810cec845d4a,019834b776705db1bfd06fe62a526128c937a44a65efb5b162ac7a16007dee49,1,0,8253003,94a43a6099189eb96bc04567854a742070b3a4a46061b487bced3405d9317341bda4b589584590d675333f158ed78df0ed6336a80266fd26ea718fd785a31c03ee9e9bbb1eff52cf2d24a8bc31a849a9224705a24d6c868864ebcf61c0388c156cdb04f57406e06dd873c0e2f0776f2391b023a2670bc36dc3e6670be6e62b17924a0abea9afbf0f8a8b630e61679c4252a099dfe5d348bb0f477ee4aacef6d5fc0e8eca6ce85152060df0eb99d31c4fbef0ce0b073e855313aef9a4d2cec7814a2afd32f2e80ca2b6d2117d9ca5f19a0f8b8497f02f82437426f47773746cd888796a8c2d1d1dfe462a6d274a7c8165b706121309f79f5d952b9cdd876785298ae6c3b080f083fb7d55616121890ab4808a20675941590b32ba8819dd3a0065ccfb4fc5cecac5af9a11d1f0dd7acf554986cf1bd9704bcdd2ddcb43c2058d85beac195bcb5c29c987e4c4d7cf9b81b28294798b3fb4d65f12103dfa86c498ff4e20fb280171a9e3c96db0e8dc7a2278160e082d3d01a0a59d6e6c2219a87586c228bdace068b612c014cb78862ddb4082a41388f76d4d3f41712818ae1a5417,0000000000000100c7d02b3e02663898a3d3d5061819289c80cc48be62cdfada51771a5b7c3bf8602f5820ea81ff7ab5c85ae6d18fda214e5b9f350ffc7b6cf3058b9026e76500000000000000002b6a2952534b424c4f434b3a019834b776705db1bfd06fe62a526128c937a44a65efb5b162ac7a16007dee4900000000
rsk,0000000000000000000080824aaf3e9614116f4c5901b89220e515babed61b69,8256351,7e9e7177e2883ad43fecfc60874f019deeb981193c6db2b7cc4617c1f51fceb9,1764361948,merged_mining_header_match,,4e5dabc28e4a0f5e5b19fcb56b28c5a1989352c1,e234a1341ad7b7c91aca5691693a0f7dc369700a1cfb521a56919312007dfb5f,0,,,f5af284734cb76d2296d931e8abdd620c7a29285dfdbb97ad294b94fefa4815809605afa00e2df85478e0f037324ce70d70832bfb0663f51cc85abdb37bf9a429ec00e8cde43ca021d3804e4fc526897a89585fccb29ccfd54c9d36237f6a4fd65c91e6bffb00560e491a5ffeb9343d8cebbe077b7359452ff94e246828489c9cdb182367b8e2d273afc6aa792abd80bccd3e54898b565d2e0f0d2f7f7152b60107b1f354529fdffacfc245675d9cd8116ab3a097346f530496371f92b0cc59e442afc70c52ce8685e3299ffd4137699a36767c31fe9dee0e0c04d050dd6051a0d68ec1a0a76991aaf37472361a8d3ee7bf4bd250f9955a2182f01002e70edb55177ad2911ec17b24156c638418d41335fa7c4d825d9736f3cceb8a3454d3af40cf009bf1147033476712ec1c338576d3a9ed8b3efb9d3ca1f4bdc74fa63836b90aecc73dcecdd410c20199b78d7cd6ae39036e05cac3dd10a70a3e0f59f69e0d3890d2716d6ace8da701449e699e6bc7f2535d42f4985f1d012c44028acbbf6def0e2967573f8948a6af8013fe62d92b3e3bc6aecd7d3068e27f99ba9fb533b,00000000000001400fa9f7e7022f3f1828e0112a1464bf8be27ec5ab0b1526d26d2efedd1701ed470f0e0e0b041f12001300000000000000002b6a2952534b424c4f434b3ae234a1341ad7b7c91aca5691693a0f7dc369700a1cfb521a56919312007dfb5f00000000
rsk,00000000000000000001d8e793ea5d96636d5531502b2dd3f289905c674aad19,8266985,794eb8323b94900c3357e26c5a6936892a548fd33ca981952f2170717a3c9609,1764625383,merged_mining_header_match,,4e5dabc28e4a0f5e5b19fcb56b28c5a1989352c1,8dcef469e2c68652b4a7f8b90bbd51c52593e62d713df5c2515ecb13007e24e9,0,,,214d43bd87c3693ad6cf5959d01c893b046c2a506822c487905fe15faa99ce03e9d538ae4c2c6717da71a17ef777a750463d20b7e3f81967cdeec871a131a7b7264dd195fca8501ac2dff9bd2767e68e1d372815797e4af57bffcdb1d722ee9c185640d2bf7cf4d0e5abd883dfc788c696b26866b28fe53423e9d9c2826dcfdaf6c7d2a6c1de04486f465174e715411b7eb8bc0e27fedb9579608c440d2ec1dc3a685d24e8ab4e997cfbd19b83f93a1112d508f7161b025e992443e56fc8577adf05a72da3d865afe9a2b90aba80a96597295410b7f78221ff37d78463737d1d929c058bdb3f14a1a643d5e09cc2fdf2c4ff546fa1a4d272aadadb8629392f8d68e5633014d34a4ffc379e417244ab2fec1ea14c8010998451273bdfca5e548a51522a656c3895a42ee0e2c1a470f94f51c848b4d6069ff55748f21bb4cf21cb0ba2dff2f274b2a27ba46c7ac83fa1a40415d44de8814dfe52690b24f7960160bd8987a4eb318b344c7cf5fab64239fa2597d173e862c7b0a501acf1feefcce0,0000000000000180ff3ff3284b217eb61b3e6a0fb86da1f970b467b575b386dc8e5482528fcde41f0000000000002b6a2952534b424c4f434b3a8dcef469e2c68652b4a7f8b90bbd51c52593e62d713df5c2515ecb13007e24e900000000
rsk,000000000000000000010a516b693679cbd0f9c07e3d385e8b7033684428c515,8302094,183cf7635da3803db016fe440a84cbf78e21f6271f33de2b120fe3c799d0e3be,1765491301,merged_mining_header_match,,12d3178a62ef1f520944534ed04504609f7307a1,9b1bca641ca06120bf9b7ef17ad1768273cc9b623d8618bcf52de115007eae0e,1,1,8302096,895eff38f93198d67d862aa3774b52d3bc3f96bac504447e5535c94b6fa6e589f5d83f8d897f274560d3a0707a11c2f3b4cb072125b17a5533e5e95bb7d5d488a0a2997c0f6b32b13815c430cd1b64462b70bcfd0865fbb5a05cd1a5a70fc5cb2e7caafba8f99503473bc106d4e95077857e6bb8069091ab02e7046dabee64cdb03a195607c876e95a244da5aa6b52b384ab841f2969b24bddf201d6d132ec1e009ec390aa20c0f990560c958e501a85052d00e4485df4d4b05e09cb97c00174b69fbd10173e1916f57fdfbdce6d8935b5625fa184c6af0b5f945cb948dcce10360e45582bf169f383784d1d2a975ccdf9f848f32260a1d0a426b62eb90a7890bd870c76a80f6800be04faf1fde0ff420d3d73e305e7aeb7f49b9f75343364c342678797f58f9b95cad639e051c7c6e4b0655ad9f3bcf7d2e2561f6cbf4bd70e,000000000000018003ac3b58bb7aac586037505c80003dc695ae114b616006cd2d839fee1c596d76e30a002276f127ac00000000000000002c6a4c2952534b424c4f434b3a9b1bca641ca06120bf9b7ef17ad1768273cc9b623d8618bcf52de115007eae0e0000000000000000296a277379730f2df757ac53c482d4df58c7b75ba8aba69e4e05324a475355063c175667f2907ad320004a15cc40
rsk,00000000000000000001a730346529e9f1f9d21ef5d7077989cebeb16cea369a,8305992,9b70e957e33ef6440618f00e7708dacb0e0be1cc1761fa90b637bad329c6a2e6,1765586754,merged_mining_header_match,,ce7864a8b5bf360b01099502a163810cec845d4a,94609566a6a4ac28aa1a19c6e7669760f02e8071e5baac2ce624001a007ebd48,0,,,e02efb3e815d571208905e697c56bca8b883086a2974a371fbb356342f493c218010206acc7858777a0f54c3ea19c6542a1d2782a76c1811eaf8d5659d258bc90ed7ffc7105fb5750a262f2a119f187806908439ee454917b09f0e529ce66e1dd800e24b46bfc33ac91bc01acdaa6fed0cd9f8cdd76c3fcf0bff6c41de3dcdee35f5143b2a61c6241fb5f0750d5c398986cdd9662c5699221d4ad9a0fe6bb26c03b4f7480a5339ac918de3e522a887c4e56a399b64b1eaf2c3f1b717ce0a0f1d3859328e7f18be0fac77cb8376096eaaf649099484ecf388eff1d27c5f086f00671ad92bd24265d267d809d2965e28739d5e684a50ac76033d0c16c8204ed1384b9241db110fd67fd4e260070f62807e1f1271aa4f7a4cc2a3bc5269171a9c65a9b37d0e009623347f4d5e6a5094256a4fe6cd1adca1f71ebe6afd8b3411ae4764d4687bf3277d3feac7d8078622460a013219c8e48a1f38c5e28245c95b01bff71814ad9656c6360877c0c2d263235d202337d93c12dc080bcb8648173430de,00000000000001005cd1c4538f1728eadae632c6a75ba6b8f5939a6793d04881daecdd02df228ae9bdcb79979c691a8fd90de6d18fda214e5b9f350ffc7b6cf3058b9026e76500000000000000002b6a2952534b424c4f434b3a94609566a6a4ac28aa1a19c6e7669760f02e8071e5baac2ce624001a007ebd4800000000
rsk,0000000000000000000106d44ba2bf023f2ca7c78a3aa3bb016ce4e7c252925e,8354685,86bbd416cd8ceaf064405fcbbb36ccf8109ef8e31da7a3d1d2ad35e88dfa1133,1766782882,merged_mining_header_match,,ce7864a8b5bf360b01099502a163810cec845d4a,a8aa956db22cdaf466e5a8c8c1f8c1ce83aed96b37036050c22cdb1e007f7b7d,1,1,8354687,d14d78497fd675e1786a3c69d6c9438a40eb2c3a75d933d2345b2fc43638042c15c8baa7a4a9dba00f9a2e39e1fea5fd2477f407d8c4a81d10a9995261f55151677b06f7d80b3fc1d2fbb70ad964fdcc318b6765cd0bbb1b837536d938832fe1fe09132ecab814f0f8f433dcc695574aac551c2f6e66432e2fb5f37fb92132ae8c3a6b04e74e8f793116faf090be1093d8cbe3ab565d39aa99a2b9c71d5b868598c03c2adbd3a459aca1c0b9a041da92aecfc3029f948d6f4b62946563b548be44b037d934c3ed2038b691b60f054c4f7e3309c7883cd8842750f7879f5c87b48a7a33df5c78b3bab25d3aba09e682362c150bd5a58f4f1f9c771bbcc2174b86b306f242766be5866e3afab0461a00a083bf2ad184a6b6ddbb11af6af196f5c491163e7f2a481399f1671efbca74a282013db3ab971a5fbeb68a8b4e1d986d027ed49e56b4cd625d5b09efe559b78768e8b14b416d86364d03be3546b869ad1c82e9e8f20b3e8ab483ddc2fe249578472fe95b9049f2940d87fe56bc52ddcb20,0000000000000100e74e5fa6c1a4f819568faf0c63e44ed1a810c9d69c94a2fd37512de684a6ba3dc5cbb769e2186bb30e56e6d18fda214e5b9f350ffc7b6cf3058b9026e76500000000000000002b6a2952534b424c4f434b3aa8aa956db22cdaf466e5a8c8c1f8c1ce83aed96b37036050c22cdb1e007f7b7d00000000
rsk,00000000000000000000ce3c48560dca496bc7605799e35b60ea3d8391921dcb,8355058,6cdb03e52c3184d494cc7bc62d427f36b5cc6810ddf595ad7f4b29fcfec83adc,1766792084,merged_mining_header_match,,4e5dabc28e4a0f5e5b19fcb56b28c5a1989352c1,4c6d83e8817b9a1979470651e8af017ceaa57c85cd1f2196368f370d007f7cf2,1,0,8355060,1338d86da5d49bad554a107a2ba200bdc2291f20d4c415cdbd470d3d847a57b60ebb8f6fc101a66ae02b6b3c0626dfc81ab7d1a8aae836032671d5d5dc1dcb294b042a8f77452813c0adc4299a9d8856d0d4063205d4a31b2a217685021f96fb39af3ba1becb383846003ddfdf5c1c8717145f80c6c494b334fb1ba9a432bf4ac9b59876f83df43f676f9bd325d1dd4b7def20dbe17a3ef30e83de64050b5c444ec1b6aec53029ad50e00d3be10c5047e54f5840f19a58eb0b3bed14eb63fa8e10fe513bdf7936f1a1346c65a9adea4854846b412efdad135e1051f59f9ca59846865a7edb1a7b1908abafc783ead4b0ecbbb925db7525e8ae52797fc91176113336bfd646c8571f1183de44accd62c8f2d2e5b6f8463e21f086bbf83b7496995dba1bbf29c0ea4f663d8565d6f458c06a1f9ffa52425936b6e58f966d221161583f324862f1b3a9824cd3b7f0a6edd0e7342b66da431f9ecb6623c0d3e39c330edac0ef95e4f2d4014d7c2c3ee41c60727531b615a5892341e89a95a0639cb3,0000000000000140fb924c2d382b17c1cad023ea6509064154885f31c31550dd1dca41b3b01d37f40f0e0e0b041f12001300000000000000002b6a2952534b424c4f434b3a4c6d83e8817b9a1979470651e8af017ceaa57c85cd1f2196368f370d007f7cf200000000
rsk,0000000000000000000145610c4a50efe6f65c1efeca68f7ee02165b01fa05e5,8360690,485aad55c57f23d136018639b622a84d221a7f5615b5388d6d05087e3bd2d8de,1766932145,merged_mining_header_match,,93293a100338f54242f05652e137a52e0acdccf0,169efb62a63efea6662beb4dd1e29006d84b36b2ebbe3c62c820971a007f92f2,1,1,8360692,b4d7f9cd0ddf2acea52c86c18745e224b843b7ff4ffa98c447d7746952e6576e3a972f6aa8b4364600d74ad2e12b67bb8bfbc4e88d453ab79acea3bea77b1ed51108594ee5d371100f17f5b0d60131b85040c79c97880404403d8017735e0421b3d0e6db119c60bc48ec7c6171e0e63c7d0555299921cd308560482d410522ad95055331f0175ac73c25778d517127ca43e304d8a0a94479d1a416c987c9f8bf8adc559b0e1ec10093b5d7f56f7851cd29617dac96d3d0cb044482ed52ba01fab5ac0e2cd7ec2d02e55b3c6bcffbc20bc494d9335b2e4fd2fcab0b74464b08a655122fc01ccabfe2917dc92164ef1c193b842559e4ed4366e302340244507fa4cc2199801ef32842919cc6e0f4bb01f4e154350fece7ec72b8e15618e83163e5eaf3fafd87829631f0f8776ce96dc79edf8d1accdb7f01b865f88116ac747a2abb5101f667dfb2984c359a1cd8df8c8cb17634633230cb91f04f5c1e0d710ec3,0000000000000140ddfba85c02fc1663396cbffd848ea01918b4b02c78cead8714ce4dd6f9ed7b856a2952534b424c4f434b3a169efb62a63efea6662beb4dd1e29006d84b36b2ebbe3c62c820971a007f92f20000000000000000266a24aa21a9ed70583924ea523bfb3852c71238aa3832efbb7d071df0831763de7607ae8f390c00000000
rsk,0000000000000000000119a34526f1991c18c034a9d36c8309326f91ddec4f34,8382108,c52bd9978e17ffa1690855201d5f4d74c6fafe8b44dfc30dd2d69aaeb515bb77,1767457343,merged_mining_header_match,,ce7864a8b5bf360b01099502a163810cec845d4a,4be4377bd85b67e2b5b2a93d999184cdd925512f187b21438d4f9b18007fe69c,1,0,8382109,e695ea497b94194bf17ddd838d4f83b62d976272fafe955825a79e1aefdb97cf34392a11ccf5cde5092f952bd21482d89e6968fbdbad29b2c5e90bb9e7224ac9b7d58d9ca62270594a0bb669c57d1a5a208367335f4252e294d41e19ac3b6e8108a34ea7132ac458d2361f324e5ef36a0930e5da237057d198a1ec5e07e148fcda1c6ecfdcf1174255097d63625680aadf65b4a9f0b06f2f1e8c8b0b05217d3a9b7d7edf8b4200b0421555b3be24bbdf2ad2818d396729a126cf0bb5c87d4531f43034ea61affa635fb7e59d7fc3f2dd4225f23b590426c0fce9399762f2b3d4e30823eda2ebea18e15b16c243d65800378e218845bc3c2fd4dee7e438e92f1aa5faf3e1f1aa2d9f05a3ac1977a107be08d5e48dfff3380633a3b6c36945b253bece94e08fc96003a0c5a9d0f18adbce484e371576a5d9cd2c2dd0cb63ee16125d18fd8ddad640e17d50b4b76d0b4a992ead5d5994324c3d62637d7ce46dcc1f4ba5e866f8ccfa5063b6ba21d8071766183299923d2d43cd98caf856a74bf937,0000000000000100460da7e947506d2caf0e8889061354c387584407c21c930c7e523dcac9720a0b01ad67ad0f32129ab431e6d18fda214e5b9f350ffc7b6cf3058b9026e76500000000000000002b6a2952534b424c4f434b3a4be4377bd85b67e2b5b2a93d999184cdd925512f187b21438d4f9b18007fe69c00000000
rsk,0000000000000000000062ec312763a6e9ea3da4a511fb66200c25edb7f4dcbf,8402006,866d8db72eeaf9d95258cc12f73b965ef3677f80e813a07ee082e4f6a148e426,1767945932,merged_mining_header_match,,5aee2975e2ed688f231ccb40e20ee6c10a98d507,895213a2ec79a8ad00d8e016de6fd38585a807c943ae0f9b62d87d1100803456,1,1,8402007,6c2e21f23a15d40201a68ee7993436f5466c6f327388d8758713949e79228a4b79194deb98afea606076efc060d34746508201a8814a2e9d92cb08bef633359b3ea3397466ae65d80c72007e524d3ffa243337b4d6bff9984b09a79a9579c573ed69d7cf061bbe3093dde5de2f7da4a94ac279753bef4a7685a03d345181353e08e25782211df0162a278b09c9448d9fda8cf512c5a73cd3001d0dcfd0a379b93c3d63f31415bcbc7aeefa8c8584e5bf95a0fc24bc24ce4e85ffb79129a39bf0efe269cd2ee882ecb3d0b4a700a701df1c7950c20748909aa78da7118e205a5859980d406984946140c573dcaf4a83b2856a04305b9c3e071a49c3f5ee4e3b67355b2c3e3f0172b5ddc8c7d9df76f598ffd7482db71faca5ac20182cc7faca0ec3c2baef20b54560544205446bcae2350e73021166cf6f2df9da69cfeecdbc4a78b27c73c866d9594a713e8fb2439688842e46f66d7f95ed37c00a51a76c8e93a0a9fd433c3ac90f1cc8bc0b5102bf9bd5081d4a37917c964a294cd37000267c,0000000000000180bba1e369904a42a68464b5d582d5cb2072227ef551912138b54ff5213637a2f6210000000000000000002b6a2952534b424c4f434b3a895213a2ec79a8ad00d8e016de6fd38585a807c943ae0f9b62d87d110080345600000000
rsk,000000000000000000000e4ebec77f59d39c77c2f59f131f9cefc411cf934068,8417109,82f5d9e2981b143d84737567f370b1b0df75691b06e1760bad1ea95e38e735c2,1768322744,merged_mining_header_match,,ce7864a8b5bf360b01099502a163810cec845d4a,95038f1e154e8a28369f177002689102c529dca4d9b4bd33b85ed21a00806f55,1,0,8417111,aa2ad55fc787eae64f931f50dc186f34ba734f91be95c4c3420937dab3cb15065bc6fade4d2b9e4dec16cd6db0cbf0f01e4af9cd50dd636f127850ffbabaa5c4f43eb85bb6c2170aa32140c8f1f7deb349049ab8ac6f6f96619af9bade951ebc37296615c0e8ee8532d42da931a5dea0b39d681a54d9754fee87be14def8b2a119abee59816734aa2503b8b5ef3ce09ce4da2ff8e4b9402b80dc9b6ce3386134f999859e45f1c5a8d7175219e5306c7825ea819fe1d01b5e23b0889ec21fcef55f0fcaaad737c2bd2985228d36390b61cc710cd7f9ba6c24ce680e1f44a3ce0db16082f57653b061ca2545d389eacc2b2dc0bc71f1dca108fc088bb77bd9d99dc4cc5b91af13af494f1a001f6b1b27c5d154285ecfcd605cda0fb67c858afb34ba299941ca6500cea6d81cda5c533fe3d8720affa460784530d8d5ff8d668bf7f88b7a9784026abc52e8fe6595e7e61e9a1d066d92324dff2da47c82a67cc5f87df5c7a8a759a57c362e933e55c8d2365ed75688ac77c5f7c420289ee386aae2,00000000000001004b021b66d0361c2f970dc92b45c484567b5ebefd358de8d4b7ace59eec1e5a3a01ad67ad0f32129ab431e6d18fda214e5b9f350ffc7b6cf3058b9026e76500000000000000002b6a2952534b424c4f434b3a95038f1e154e8a28369f177002689102c529dca4d9b4bd33b85ed21a00806f5500000000
rsk,00000000000000000001303228bfd32d30bb5747068ed90fc72f3523968b0efc,8465998,928b78cd83a87d544f257bebce0549e7446e675b14db8c08884c7bb02d4dd608,1769532745,merged_mining_header_match,,ce7864a8b5bf360b01099502a163810cec845d4a,f579730a1a8509963210c53f88792a63c225383edd23bba9e6d98b1700812e4e,1,1,8466001,7b82da2cca8dcea61dff55d99f106a4a822fa41953c6d5045f4a8ff93f92e4d937ba80a55e9c7b974875461884344aad4b6f7b2c8b022291f2a96fe5c0d80fa7e58812ed638f33f85c838e291e0089d090929c847bccc63db600bc367441219f7ff256147c8ff25da17a06b2518dea30e127e86785d15e8631962bdcc4d24729dfc86c11df93881bea671f07742fd5aec89b48c486f426538d24828fd5acf7731c5bf28dd25c8f3dd1bfe731d8eaca3c769adbb3c0555954c209db1de988027e1aa8f492b77f08b35a9c364c2936652494e8ccb782f4631d8089a609412525f2650e4391371c29c97d6f79c1217b2a752f0a4d7aef12e0948bc4946fb5e6ebbb28e26a17c9a57771cdb86de46f38a2d4512cd003462e6fd766b9910408788d5bec6244be9ac0801b28776e15feed10a0c21a973ed5a68d94747659a0ed1cb75e108d7666256a5299459849fb8e19ba6bb6371325b564f4b7f51a7825d66f5a3b33cda8ee412a502836168aa06f50bc4f426b4227b7bebeea842897e0994cb6bd,00000000000001000a82708b555edd4b753819b58afe4eb11927ee8d8277e4495336f9299f3e34dbeabce631c7dff92c947ae6d18fda214e5b9f350ffc7b6cf3058b9026e76500000000000000002b6a2952534b424c4f434b3af579730a1a8509963210c53f88792a63c225383edd23bba9e6d98b1700812e4e00000000
rsk,000000000000000000012d79a920b6cb1b5987c424461a6d177643f968fb5428,8523027,6122629fe5a3f81390d433509ae8cfd5cc3e68a41ef5c8ab9c828e396f70c8ec,1770959967,merged_mining_header_match,,ce7864a8b5bf360b01099502a163810cec845d4a,b37712743aeb449bc72675177e489673aa3a8aa611108531e052841000820d13,1,0,8523030,22440cb2948abe26fadefc450fed01d59512ccc39eedafbc0596d1a69d65421adacd1099e09b4394d5003f94a67fee05e67cdc5f7281e57df33165cb067b82544d0c84d38ec3f46387eb54a72d97cf2c4d531735165f9a8f0777ea96f864a9cc01a6ed8c222e4c7e07498ffeedafdbe8a8c203dce43df92f0e26fff7ab2b8eae1a1389e402b32493e30b3f8a4b07b9effe185997f4c258c6a11a0b7092382cc29e714684893dc8d3b5e1ca44d04f0f1b1092102246b1890f38b0d3622b1a1d6d6c56ec0e849d2e2823d66f06345d8bcdb6cd7694b65856cfa6a91ea21e0be91e832a1633f5db7232857d55c289d638f10cabf317c9790e21fdaadce5541837c3b75aa9ff4ba00e0e49f4f7c719f01d4b324029156c3036ca65b7aeab48ce75e18ab24c09afc32f1f400907a7bbb0acced29bdf1f73a3325511213fcc0bee878de9a13764b44b3058ae15b0ba8e0f91e76a190ef517083501f766b1cf2e1d8c31f9221f3064dfdbfe16f1955c913020c5b077dbb2b2ed415b22e79c906dd16557,00000000000001004325c09815e0616e3b58c832b1bb2bd0ee3b43fc9f4e0e9bcca8774f90122fbb2429db23696291f2c038e6d18fda214e5b9f350ffc7b6cf3058b9026e76500000000000000002b6a2952534b424c4f434b3ab37712743aeb449bc72675177e489673aa3a8aa611108531e052841000820d1300000000
rsk,00000000000000000000db6bbdd51d2648b16d1058496916a5db631e120a7802,8536057,224786ca1894613251ce92f71a9c9b82096fed48d4f332bbc9b3b17c901492a7,1771284431,merged_mining_header_match,,ce7864a8b5bf360b01099502a163810cec845d4a,1b4c5f2986e5cd32107b9b5b54c89de2fe49d5f120b8537c467ce40d00823ff9,1,0,8536059,220c882c18850c4975170ea266b1397d81a428d6289ed63b0592a1580a323d495e69800132a35609b092c6ab477bfa77bb15fbdad842bb4d07b8a093b6972cdcc8a94498d10d9ff5e1691612e2e50f81779819839ef91445896735b162c6ea138fce6f3e2e0d07d75c9f1e2fbf1bac2e68cc98d374f13d2df74c03d31c5f2078119871d0e5ebe611e20ee819a1a6b1cdc4049234be8f2b1f0ad8fb8e167abf5291c3f0ca1fe1f8ace7e373137ae31a0c9eeac9778f61841257a38d1bb86cb5223449b2c10cf07f45b32faa0d8b4d8d2695b0a6c66252b971564385e75844db830de84bbde64b84a26152afafd677f0b23031fb12c71bfc103ebbd4ecfcfaa69c227c28588bd10436e48ebe62be8a5cc5543554b0a6764247c2187ab8cd8da2f7194e51581aeab470f681ad136cdb8631a4655673c2c38f351cfb4211422e96383eb6e971f9023eb5a1342e8f664bbd6c7c4150d42c093c6333c8c8b760becd0c,0000000000000100e787d3dc699141ea3b4991828b601f9617ea6e7e284975d40805cc31925d4dfdeabce631c7dff92c947ae6d18fda214e5b9f350ffc7b6cf3058b9026e76500000000000000002b6a2952534b424c4f434b3a1b4c5f2986e5cd32107b9b5b54c89de2fe49d5f120b8537c467ce40d00823ff900000000
rsk,00000000000000000000d32629446e8dd1934051c01166eb367c4eb3881d546c,8579354,4d08ebed3c9b8161370700fb7f74aca068355604ab1a4020afc46f22672a7322,1772370120,merged_mining_header_match,,12d3178a62ef1f520944534ed04504609f7307a1,7e50e51b54d9562133a6cac7e122333a0987ff49588db77110714c130082e91a,1,0,8579356,452fb7bfedca54490638d99c75a8c7cabc577adaad1b76ddc13d4b3727213f6c1db77c5dff2431a05decaa82bf9effe45e00b5c5cdd84c32598df030354ab171d1ddacccea2e452033a3bb1d56ed562c78cf202932d9b123a06b20385979e47ce0be62d2c87291aa893986fb9fa329a9f266ca7d44d232883ede2bb3c1b261bf2ed9ae3844459c224f91130b0e810f2ad39c7d4493821ce5d73e2e6beb2504295f1eb5cba0ad4d0496757b4565fcc8c844b9f1d97968b9d6ef510eac23e1bc97044ccd68982e55d7deda1a397de5bbb5da7409446f014eb1906f1a4dbbccefdd75c133d7d46eb3833bc2fe7c998185fb90ea3bd218ca3fabf16bedd409bcc1f6ec9523fe0bdab7a934d104be05b1bbae3401789694f8577b4815967b0a2e6c5ed4a3ce1de67affd587ddd906593b10864c11215012a1cf35a0c898b834ca60aeed7e93bbf5e734a42829206cb52c26824acc03910e55fa618310e2edf4bbbf3bfb376d7e4d3defa2afe2ce3d0213670ab74e52846ee6cde0ed876bb18819a2eb,000000000000018084cc688425d5ba28c55845b5b6fdb27e026fb9ada28615e2699eb67200e8c7ae55a3ec24e523b4dc00000000000000002c6a4c2952534b424c4f434b3a7e50e51b54d9562133a6cac7e122333a0987ff49588db77110714c130082e91a0000000000000000296a277379733e01009ca3a6254ef5bb92df91fafe392c1d29ccc8cf74871f88d7a071f0479182842100382d8b40
rsk,00000000000000000000402133fb9264779be7729e75e4fcbb808948b81631c6,8586593,8fd00219d7be89fdba50544d59b29a9f2d6f40b6913603210e66ed0a9629c1cc,1772550266,merged_mining_header_match,,12d3178a62ef1f520944534ed04504609f7307a1,2db628eef95cffb0093844fa1e43fc7d2ab8c89ec1a3ad9b73d3e11900830561,1,0,8586595,00ea4f365c6ff4e2e6a27d52068b914ca6c1c318ed496c7bc2026bf5522d208b1b83f068a4af62f3eaeef1f9f77d1a8eb85ff712ac678647823b84e2463cbdd29b99522e995ea2d9fbdb39d7766a67884f4967ef0376a15a76628477b6fc9f8ec92302481e65bcc937b71de11a4dfba0e9fe5b73f3f6d412b0ac0ef58c4e90589213e4070c40e195d771c9bf245be1bf1c318e388522655d5c712dfac96a6fc3a595c20b3ae855f017381115bf69b3e88b77d8504d240489714bf4d57671e594d980dbb1766e63c8dc8b5a8cd2df0de9f99505568df66a731cd92ee15ad97f9cf02ebe65c67cee7bb6ddedae12a45043fe7393dd54cc60b43f705cff0b7082f93485c669e31c33f95d0254d22cf16637011a55cb5d25c117f7b4cb091d5efd73186cb8d8a3dfe4a8df87d7442e057f8c797303b5ef1568d70b7dbbc84956622d940ae02fbbd3632a5bcc43ce3d1a61c3909ab191c85f8f69d1a85433ebd9e11d0f1451ff4703e69a5abfa799b4b56ed0abcf6a880f16425726db05fd3708e4a8,00000000000001807075923f3421616aac3938e7c0417725f0e802879a835294c395097d550224a351cf4f90eb5365de00000000000000002c6a4c2952534b424c4f434b3a2db628eef95cffb0093844fa1e43fc7d2ab8c89ec1a3ad9b73d3e119008305610000000000000000296a27737973d99c93d1871948fcd6879e46ae8d5bb6ef8e092e4cf674ac4d4bfa0ad8501eb01e892100947f1342
rsk,0000000000000000000086eb14324aec5dd5751057b154c4a43061ff3d4347b9,8650043,4a2645fb14928d85ad496e0271f4e658f71ab56bb9eb3ccaa2c9767a033fc3a2,1774133749,merged_mining_header_match,,ce7864a8b5bf360b01099502a163810cec845d4a,1c33ee215d3477715fe5987625b7f3af5bf204963ab32e8d5dfc5e160083fd3b,1,0,8650045,325478072ae63376118fb3fddeae8d11c894ebb979a80f784e3e8f70832113bfb88403bdde554c231a1df1782f808b7a7896bea90d37fd29b14057150c406588a9b690e829b4d3410c910dbffc0413c5cb0e87cbfc2a5bf2200dab9aa69a04328f3660b791b4ac601d791ef735b9fc1c6391e934cbbd8dd961c5db8d8d84c401945d5062a002c76957ed9076b586e8a737ea8315645d5b3dee2ea65d4f6e01835bfd75ed937bcf69fe4a6538f625a0455139c97068948debe33e87fe0cab6624dec390aae7e7d67cca5c43552f7ef167751e6f1889bd95942a9bbcec6740d23075c3891b6767a37adec51fafa9f2d07336ff4e2a8119acae5168c85d928230525b342ba1c1ab48901c323fcee127d91e805ba31ff8a13d27ed3254a9037ae14cf55f0268ee129dfec042a7f8d395ea20c06bdd9079b7f01e986fa95497fa38419bb84906e29e5eaf1d41b639309b27e0facf187d98d56823a89a5074811c74c011a7fbc430012d204313ae644a3aeeeaa34aa92c6dccd8b765bb913b42bf962d,0000000000000100ecf9a75be30896bdce08b2d461d2b991b2c20dd36a9d0a08276f3bcf95a2f312eabce631c7dff92c947ae6d18fda214e5b9f350ffc7b6cf3058b9026e76500000000000000002b6a2952534b424c4f434b3a1c33ee215d3477715fe5987625b7f3af5bf204963ab32e8d5dfc5e160083fd3b00000000
rsk,000000000000000000000d9e7bcda8dc4e4787923f20d5af3584405838d3e0a2,8733653,7a0056b7ebbcfdde2dbea950d4702b221ad917c06fcbd478f7968b2c9f63fdb9,1776210848,merged_mining_header_match,,ce7864a8b5bf360b01099502a163810cec845d4a,a3c49e8fae61f42f283661020159e8950ab6a9e34205ba96cf806d16008543d5,0,,,57e2cca694d99627277c30cb81f658293e5b999f6ee4a3679de84fb6d0f751db82ee52a2799cae3d2fd50d97190bd9df11eaac2040edcdbbf602476482ae1b9b6c4045de6ac21e9ccfe90fddc07a96716eb63d0390a9049c67abfb530c5e3bf428a933bd04d3c7e779db49095843bc807e2e713929ffe5309655c4ba6d86ba5190b4051b67b0a8f41ddcacc9709c3612ef197a9da0f7cd667d16cbd21e824afc0faa2bd780dc02734bebfc7a9b75f83729594334c4357928e8875c8595388861dd1bc975d7b46d9296393398c74e09585388916a128beeef54ceb8ee4bfd26416d3af4cd4775ad1e18f7dd09359c7c771d9bcc88836d632acbf79cbeb09018d6de09604dc06c0b089b00db75db7847ca8e3f2908afeec1ba44136b1ad8eeb11af7071e2f810d1461bca2167ad64cc5cd2ded1a121d5a872b11390d6b1c3ceeda98cba6e6e17dd95708edae5e1fb78404cf6890f0e0768208f6e7d33ee7c2d448c35d8adea1cebe156e1262cd16c6c561fa56b88ad71f02921a891d5aaa8682386903dead469cfbce046edd601f17f67f8a94e9e1c61881982ffd27040c9b0180,0000000000000100101535265e645dbd091d815b26457a174e38a9ef5a5851f8e49f061e97aef1042429db23696291f2c038e6d18fda214e5b9f350ffc7b6cf3058b9026e76500000000000000002b6a2952534b424c4f434b3aa3c49e8fae61f42f283661020159e8950ab6a9e34205ba96cf806d16008543d500000000
rsk,00000000000000000001d8438112e755297f50dff74b262a6da94c9d2337d422,8753674,9055c6053fff3e8536eb6a9f73560bd73a16197e0767bcce568588c12bc21105,1776707817,merged_mining_header_match,,b9237bce6b0364cf0ca9c74b55b7526d380d4bee,5031cc94008bd08649b2a3baa376d325331572d82a7c30ac9753b3150085920a,1,1,8753676,4b2db90751d715313b8e61948da60922363d75beeac0ab9d9189dd9bf89fb568e8f57f4b352cfb53d708f7fcd195fc86c44166520d4c0485f0c22bad61401d7ddfb9fdd1e542d2d28586911f13d2002de86ee720988c228a148425af666a8f4bad6f261f33f4f7a76f847d212a3d2a83b43bcd7c97842248594a79686906bd6faf070859097156c2195b4674bc5851bc85632f9848489cd000037257b6ddcdb995f94ae31cfc82fe27ba50392388fc3c58f0a646fdaa92e848b68a6cf05b632d7a6dfb8840cfd3df381a3df0b5d9198fad51323a879215fe9eb811559f9754a58092b2714d6ca643af0e7d51045130260c8328a9a84e353332516fbe40e62bbc30e3f37e11865e4b9621b357d3ef29bf44b691837a914b360690925f17e69203f4b517c02c1ee2142b81e65ef586f4fb0c0a82cd8c81d2f8b7695bdce795b0836309c91b5a2dd3d47a24480bdeb19473ce760729ddd9d5eb1f4405fd4d0ea96419ec60e960bb4f85235208538f4eaa7a9c7832e6e8cdeadd80423895ecc1534d,000000000000014049eb767ed991c50e47863894f9a291528634f8d026331af21760bc35799b28190000002b6a2952534b424c4f434b3a5031cc94008bd08649b2a3baa376d325331572d82a7c30ac9753b3150085920a0000000000000000266a24aa21a9edaa56b7e7f4573a8503cc69e152fa640d06d2031da0bbc7c16ebf1ee9d805423600000000
rsk,00000000000000000002025f816747d832a7e71f8b75da9d0b534e72c2dbea41,8761403,7b0ba39be01aee2ae7c6da02b5214d1c14ba04805659da45092ea8ca1716e1d4,1776896485,merged_mining_header_match,,ce7864a8b5bf360b01099502a163810cec845d4a,7b09e19f847ebe834b327c2ec11bc57d6e79f8e8765a79e5ae7f42180085b03b,0,,,1dfcd14332bd1e89a31a6665a7cace350e036ec941d081e21e08396c3bf49adec5762b848c0b02fefb4d26e74533cd913ccec340fe7e56a144d86ce6a62ced142644e0a972aba03176e84c9493486d6e89691d9d6bc9a159acf900703a75fc28c24d5e39eb428d2bc4136ae018819dd7885dc7d71b997308cecc95d17c791341afa0bc505b3e24218f62989554bb7e2be92aad4d99c5b16c10a001cd34606bb541d6554452267889f029f4e2600d5c91f1ac623d01acd2cdb675ed7fce6c7e745dc36a36c54fc734999080d5d69d166128059101a43531142440f83b950d6af15838dedab95badbca4668113b51f5ec610f20f5f9b5b05480c2ad0a75e13b9a3df503829749a75d281204b0b1a7fd3e4742329d5236b6b5248a0ec3790b4307afc25aa068ec32f553688868e3e2bee2b25de7ed4d5d44ddf7a95e51eb300d4d0211cbb098bcdd7e10245a529960403ed04c23e5435e25bb023da97309de5624a,00000000000001006e6b05aed356123dd0d27cccffed6f63cd39748f27c4cea956d24fba361fad99eabce631c7dff92c947ae6d18fda214e5b9f350ffc7b6cf3058b9026e76500000000000000002b6a2952534b424c4f434b3a7b09e19f847ebe834b327c2ec11bc57d6e79f8e8765a79e5ae7f42180085b03b00000000
rsk,00000000000000000000e2ea2b4b3b594a6806d35319b85bc12c418dbbe2b566,8767494,4b1316e69d8f85d6a8182637b95c8031a7980d7cce561072416e9124e5514ca8,1777048660,merged_mining_header_match,,4e5dabc28e4a0f5e5b19fcb56b28c5a1989352c1,ff34ac874dc4e7a9da71fd79e0cca67d73404007aeedd9610e9eb1150085c806,1,0,8767496,243c19615c67a57bb2609576e9efb50db9aafddba870183b030ff745d8b68f9ff25307df9adcdf9f83cf819152ed211972a178d82534296c5053306d8bf2e8ee62264ffaf0a57fa47b8ba03cef3487d70fb08f51352952dcc75538ddc5fb92afc8a8f4724d46c5043040c559f146283ff658217c4e779643f07fc5e108e03885df2ccdd35662893b00cbd182e305a09c3a6df368f25781b80b866b2702eabcb682da09a0e054646c2f91003c63607825f6e4ff44bdec43df4496d091ed4bf9e23556b31b71325fe30aabe5906653533b280005073d1cdacb0b563d80a67609976398114abab8ed382bb5843dea8539c8a8387c16a2b92b049fabd2420ff0634fa9e231561cc9e2d7f4e43df7dcb69439a2964065253484868e8353bc99e5af3cd5d7340a71d10efe6c4eae5f66aae69ff19989d7f4fac05ddc2732c208df4857ab2d54bbb4283edaa33776844570ee3e4a4b22ddf165b08f136e130ceeae96379a2fd4f8dfef672d15604cfd26334a58723197b7a400708c46d0a410408866a0ea8053ff9f122a0d25f8e8ae0598058edb1c4321946fc3a1c624f4cc5435c8c9,000000000000018063dc75a4cee5456fb61dc581076bd78fffec270b88f4c47e955b9f0ea808ab950000002b6a2952534b424c4f434b3aff34ac874dc4e7a9da71fd79e0cca67d73404007aeedd9610e9eb1150085c80600000000
rsk,000000000000000000017633af638bdca1b80e820beb127af077e3b119a1906e,8781809,b313190a29896ad2b32167ab6f536fd0f0af09c995c4841bb80f3e617aa615b9,1777399816,merged_mining_header_match,,12d3178a62ef1f520944534ed04504609f7307a1,98bd778dbcf583c3f4e779b01355919a54379e63b85ac033df696b110085fff1,1,1,8781811,f43d857dde9afa4b6f9d42d723094727a3a59918fc663e5c77ffcf092b6d4bb762b93d4d0a366859bba7ca711649877db44900465b6312fecd5787c6b6aad20b6aabb40844a0dbb274331f2fcc56421a8a73f936de5b0500dc846b3b5f9242dc9cdc5e696b88afdb4a021042324a5520ada96b4f1458a6846fa6180fe13324041a73363f8c0570a9216d0eb8d061a8807d757805e1e24e6dbd7453a1589e7efd21f0aea695012dea2bcb8c93e389bfd4bda4c4cdac612819ce46758e5757c691015e373021037ce759135ad85899e9f1a040f7ce3b372bc20f2ffad53eda0d832db9447a9e3b602260aff86aca73e15fa36e50062bb12b8eb8046e3bebdda147e4e5985982753af1c63c172ff09527e1d338d26066e773f4ce0b459d7a3479fee11e4af6c40277250bfff8f95c1b5e51e0e4491e6ce05af613a47a16a40646c231e1b2efa81db8147e076fc407e8efdc732f01b1b0d435fcc8e1454f184bdeea0ce32a5be3544dbaf9bece388fe31518210f68d80613d090c1e72cee060c2da7,00000000000001807d451ed636c760fb966675f8fe0b8dc4712957ff25a33946171147ed6e76782985691d6f0fbb749300000000000000002c6a4c2952534b424c4f434b3a98bd778dbcf583c3f4e779b01355919a54379e63b85ac033df696b110085fff10000000000000000296a277379738bbad434bd72d40fcabb4ac4408ad15d428f9cb601c9b8bef326a0c0ce842b199c052200b8830440
rsk,00000000000000000000d2d5e9921302d07911ad35d2d9253028a0fcc3d5b151,8804527,c3d43839a01853bdd59350625a3850e8af444f4b4ad3b62f0caadf59e6c79d18,1777964140,merged_mining_header_match,,ce7864a8b5bf360b01099502a163810cec845d4a,fbd61f0c15a0716c1a63bc92772cc1a49452af8140f390757bc13f11008658af,1,1,8804528,8148f0cd199e1bc4b793d8d3dda4e8c79414fbc104e890c4e531ebdb2b0a2c2cb16a3341046039e5d099a4d012cdd539b905c38e68dbffbd4328c0855e977734f78be1ee944ad8fb5c674fdff6204a2cfc5c4c949889da3ae5cf3904217cf8d7f00c381c2c68bca4ecd3ab82e8044400f390415127b515d2bc9bddcdf0d06bcac2dfcb65409978d77043790b48f9f72f4de3d0d484a39217e417d77719b8fec8b633a8bab77bcbd9910f3082147565dddaae1275094e285e56732a40110f6ac600ab1440e207e82354e909d6b87c29adf07b44d61df4666f1737ca516652c4da56964eaa6de1cd3b9ca172e11edd1c22bad0ce328b78eb88311ee55218ab6508c979eb9f88a190270cf8497e6c6af7c341c86071b5d6bcc46c95790488a4667b64732cc0715d1cd76f706fc34228130bb16d7e71b821602b1aea4c2aea1937df5d870c2050b9a646b0e1947241f07d212b9464d1f5feb5f11aeff9014e4ecfbf3db1224a50b99d2ecb0f348954434ec99d8f8481c097ceb3b5f12001415f98baeb8328add86b779bf0f59d83e0d1d7a2b4868d9f9e194d3864af07a80ca7f521,00000000000001007930a73832691db2dff8d1e98985ecfed3e18f7dbff74488860fc757fe3aa11dc5cbb769e2186bb30e56e6d18fda214e5b9f350ffc7b6cf3058b9026e76500000000000000002b6a2952534b424c4f434b3afbd61f0c15a0716c1a63bc92772cc1a49452af8140f390757bc13f11008658af00000000
rsk,00000000000000000001a5b179eb18647077ad78072ab0a171dd4686d4058069,8832910,c4cb6839f96e3a0c49e8cf0aa15d25b4508c622c4bbb56dc9faab05e2baefa56,1778669280,merged_mining_header_match,,ce7864a8b5bf360b01099502a163810cec845d4a,6c727dcb2ad77e9af6750aab45fb871269c38ebcce57a2c084ba4e120086c78e,1,2,8832912,657ef003dfde91412b1b56edab15fc9c8896d2c0fa11a9f827a6d41928d60093892d035cc5c05375edaa90a35cae9d02f8a05916e96266e0c0850d8c33cc77fe7382acf95974be882e803347f8ac2f6b9e7a435a411429ee0746e6794b5dc46e0077dacf9723d71235a0399b4798b0e26ea03d1555df945a4669c56cf54e5819c495d7f032a5f1d6471da86ecd01d481e11a42bed016dc3d4c08748825b709ffcc1aa0fd499a821993019a1abd1363f6be07a71ed7147fb71368f5d8eb601a82f7eb184c7af721b784fbfb5c9a4ab85bddf6c58905902b2ee1410cf5798a281041a67f54dd55757844a256680a4c528d478085be2864787676698e271b4a0c70964ccfe7376d7078abdbcc94a6b8f171825f15f50a8bc0433b1fd5f138a47bd3597a70ebaf8029ed5b451a75c9818ddd6f1dc234bafaf5d1d578ab3133f19a5f7d0cdd697fb66a8696433b51827f75ff558305ef690147bfb5df0abb340d214cc075917f35d05d8f6a344420e082d39888e2b478f60a665e5588ec00b37cbb28,0000000000000100df197101a03e20328a1fc796ff13268aa9522f0672600ec44922b59d2cda7dd0eabce631c7dff92c947ae6d18fda214e5b9f350ffc7b6cf3058b9026e76500000000000000002b6a2952534b424c4f434b3a6c727dcb2ad77e9af6750aab45fb871269c38ebcce57a2c084ba4e120086c78e00000000
